size_bytes,t_waking_s,pid,waker_cpu,target_cpu,waking_to_ipi,ipi_to_idle_exit,idle_exit_to_wakeup,wakeup_to_switch,switch_to_user,waking_to_running_ns,waking_to_user_ns
4,597578.796098183,1231928,1,0,653,2649,2675,1152,,7129,
4,597579.321307167,1231932,0,1,4682,,,2707,,8136,
4,597579.743507105,1231932,0,1,499,,,1660,,2405,
4,597579.868331580,1231928,1,0,,,,459,,4191,
4,597579.884328336,1231928,1,0,,,,266,,1090,
4,597580.003333056,1231932,0,1,293,,,1066,,3615,
4,597580.252343357,1231928,1,0,264,6140,3513,1602,,11519,
4,597580.443344714,1231932,0,1,882,13091,2682,2410,,19065,
4,597580.502114471,1231932,0,1,1151,3591,770,727,,6239,
4,597580.507342629,1231932,0,1,469,5478,1985,1156,,9088,
4,597580.533724099,1231932,0,1,274,,,593,,2898,
4,597580.556077453,1231932,0,1,545,,,352,,1954,
4,597580.571340236,1231932,0,1,239,2016,1014,818,,4087,
4,597580.699346184,1231932,0,1,244,1198,4840,2326,,8608,
4,597580.700345006,1231928,1,0,260,9338,2508,1534,,13640,
4,597580.700360654,1231932,0,1,,,,297,,1102,
4,597580.700362785,1231932,0,1,315,1378,637,617,,2947,
4,597580.763340132,1231928,1,0,1256,,,1443,,2933,
4,597581.021439567,1231928,1,0,1092,,,1453,,2743,
4,597581.021570088,1231928,1,0,725,,,2416,,51883,
16,597582.176784220,1231947,1,0,1137,2457,2684,1378,,7656,
16,597582.289057957,1231949,0,1,6042,,,1854,,8572,
16,597582.289927628,1231949,0,1,1932,,,1305,,3420,
16,597582.290813255,1231949,0,1,1065,,,1167,,2391,
16,597582.292421550,1231949,0,1,212,,,3193,,52224,
16,597582.301726314,1231949,0,1,697,,,627,,4351,
16,597582.303689411,1231949,0,1,332,,,501,,2105,
16,597582.326407963,1231949,0,1,229,,,3718,,56960,
16,597582.335594870,1231949,0,1,2385,,,600,,5257,
16,597582.337355366,1231949,0,1,220,,,538,,1961,
16,597582.346356092,1231949,0,1,186,,,649,,3358,
16,597582.354806559,1231949,0,1,1360,,,787,,3786,
16,597582.355100466,1231949,0,1,232,,,397,,2548,
16,597582.355354635,1231949,0,1,200,5473,794,1230,,7697,
16,597582.356732407,1231949,0,1,194,,,363,,1729,
16,597582.419555585,1231949,0,1,2036,,,386,,3894,
16,597582.419694138,1231949,0,1,225,,,362,,1537,
16,597582.427367975,1231949,0,1,252,5434,2071,1108,,8865,
16,597582.439356001,1231949,0,1,173,,,613,,2737,
16,597582.461396509,1231949,0,1,,,,339,,2195,
16,597582.462071074,1231949,0,1,324,5157,818,752,,7051,
16,597582.463094912,1231949,0,1,196,3231,755,521,,4703,
16,597582.463355095,1231949,0,1,165,1267,588,632,,2652,
16,597582.463487490,1231949,0,1,209,,,495,,1793,
16,597582.463588650,1231949,0,1,168,,,343,,2152,
16,597582.463707741,1231949,0,1,172,,,942,,2080,
16,597582.463841620,1231949,0,1,188,,,326,,1589,
16,597582.552873881,1231949,0,1,321,,,494,,2891,
16,597582.553329857,1231949,0,1,226,,,356,,1819,
16,597582.553477903,1231949,0,1,216,,,363,,1529,
16,597582.553686389,1231949,0,1,175,,,362,,1474,
16,597582.598234721,1231949,0,1,1545,846,634,571,,3596,
16,597582.644356189,1231949,0,1,1210,1132,631,433,,3406,
16,597582.644733472,1231949,0,1,214,,,715,,2719,
16,597582.651359600,1231949,0,1,305,,,519,,2199,
16,597582.695370384,1231949,0,1,1031,,,524,,2736,
16,597582.696642608,1231949,0,1,655,,,531,,2650,
16,597582.696915542,1231949,0,1,357,,,540,,2132,
16,597582.697071980,1231949,0,1,266,,,494,,1786,
16,597582.703360967,1231949,0,1,828,,,517,,2681,
16,597582.705358781,1231949,0,1,836,,,496,,2900,
16,597582.723005328,1231949,0,1,1159,,,653,,2835,
16,597582.735894031,1231949,0,1,,,,235,,1626,
16,597582.736786346,1231949,0,1,266,,,946,,2307,
16,597582.737360714,1231949,0,1,,,387,218,,930,
16,597582.780960239,1231949,0,1,4285,,,1823,,6543,
16,597582.796884745,1231949,0,1,1979,,,807,,2972,
16,597582.797360260,1231949,0,1,849,,,911,,1934,
16,597582.798123749,1231949,0,1,992,,,1023,,2218,
16,597582.798458402,1231949,0,1,1033,,,1027,,2246,
16,597582.820939152,1231949,0,1,2264,,,1408,,3852,
16,597582.821308855,1231949,0,1,2274,,,874,,3336,
16,597582.821975901,1231949,0,1,2148,,,1359,,3687,
16,597582.822372896,1231949,0,1,1307,,,796,,2279,
16,597582.822829090,1231949,0,1,2415,,,1163,,3755,
16,597582.823389192,1231949,0,1,1277,,,762,,2208,
16,597582.823422051,1231949,0,1,1045,,,789,,2020,
16,597582.823733701,1231949,0,1,879,,,1126,,2188,
16,597582.824887410,1231949,0,1,991,,,1262,,2474,
16,597582.921717993,1231949,0,1,2110,,,1220,,3529,
16,597582.921761845,1231949,0,1,1093,,,1189,,2506,
16,597582.924325862,1231949,0,1,,,,334,,2014,
16,597582.924879073,1231949,0,1,268,,,437,,1561,
16,597582.929430511,1231949,0,1,,,,285,,1851,
16,597582.969356315,1231949,0,1,,,,380,,1657,
16,597582.976732845,1231949,0,1,198,1110,613,423,,2344,
16,597582.978361325,1231949,0,1,297,1059,1015,387,,2758,
16,597582.979363100,1231949,0,1,219,,,567,,1663,
16,597582.981370105,1231949,0,1,901,,,522,,2307,
16,597582.984361582,1231949,0,1,233,,,509,,1794,
16,597582.996258752,1231949,0,1,1206,,,530,,2585,
16,597582.996582524,1231949,0,1,284,,,502,,1808,
16,597582.997370101,1231949,0,1,232,,,697,,1781,
16,597583.004497569,1231949,0,1,,,,256,,1536,
16,597583.020217053,1231949,0,1,836,,,524,,2222,
16,597583.044261130,1231949,0,1,432,,,411,,1740,
16,597583.044360474,1231949,0,1,233,,,535,,1694,
16,597583.126255649,1231949,0,1,,,1047,661,,2265,
16,597583.137813404,1231949,0,1,1201,,,398,,2508,
16,597583.195372621,1231949,0,1,232,797,746,521,,2296,
16,597583.199191559,1231949,0,1,1263,,,382,,2762,
16,597583.200364370,1231949,0,1,613,,,514,,2845,
16,597583.209294619,1231949,0,1,683,,,344,,2394,
16,597583.220363404,1231949,0,1,220,,,336,,1816,
16,597583.220730386,1231949,0,1,212,,,557,,1940,
16,597583.237875312,1231949,0,1,924,,,536,,2609,
16,597583.238168313,1231949,0,1,759,,,339,,2327,
16,597583.238772758,1231949,0,1,955,,,457,,3118,
16,597583.239055446,1231949,0,1,319,,,468,,1826,
16,597583.239984876,1231949,0,1,687,,,336,,2382,
16,597583.240071980,1231949,0,1,639,1123,650,582,,2994,
16,597583.240161742,1231949,0,1,238,,,330,,1375,
16,597583.240365154,1231949,0,1,193,,,327,,1385,
16,597583.240777441,1231949,0,1,1473,,,328,,2736,
16,597583.241243795,1231949,0,1,214,,,320,,1567,
16,597583.241364889,1231949,0,1,273,,,467,,1915,
16,597583.241549334,1231949,0,1,252,,,320,,1578,
16,597583.242770837,1231949,0,1,334,,,346,,2138,
16,597583.244363588,1231949,0,1,166,,,486,,2058,
16,597583.253365241,1231949,0,1,835,,,338,,2171,
16,597583.259375806,1231949,0,1,233,782,871,543,,2429,
16,597583.262023232,1231949,0,1,970,,,357,,2759,
16,597583.304360856,1231949,0,1,441,,,1686,,3548,
16,597583.309545456,1231949,0,1,287,,,357,,1880,
16,597583.309727195,1231949,0,1,215,,,339,,1728,
16,597583.323378199,1231949,0,1,234,786,834,531,,2385,
16,597583.339156423,1231949,0,1,708,,,508,,2689,
16,597583.343705093,1231949,0,1,810,,,460,,2309,
16,597583.371133589,1231949,0,1,268,,,445,,1928,
16,597583.371503458,1231949,0,1,1094,,,477,,2652,
16,597583.372366630,1231949,0,1,185,,,324,,1310,
16,597583.373217693,1231949,0,1,196,,,330,,1350,
16,597583.401377607,1231949,0,1,463,787,1166,747,,3163,
16,597583.404365990,1231949,0,1,200,2138,865,530,,3733,
16,597583.405769645,1231949,0,1,987,,,512,,2855,
16,597583.407165853,1231949,0,1,1161,,,481,,3016,
16,597583.438430205,1231949,0,1,691,,,476,,2120,
16,597583.439384149,1231949,0,1,181,,,501,,1740,
16,597583.448822811,1231949,0,1,255,,,462,,2013,
16,597583.449366422,1231949,0,1,260,1115,641,339,,2355,
16,597583.515383828,1231949,0,1,224,780,743,533,,2280,
16,597583.553199571,1231949,0,1,1010,1024,610,375,,3019,
16,597583.561300668,1231949,0,1,209,,,354,,1446,
16,597583.562170550,1231949,0,1,,,,251,,2132,
16,597583.563091771,1231949,0,1,259,1112,543,364,,2278,
16,597583.617481652,1231949,0,1,,,,239,,1811,
16,597583.636894501,1231949,0,1,,,,249,,1554,
16,597583.643113983,1231949,0,1,,,,218,,1436,
16,597583.646858158,1231949,0,1,1391,1112,648,625,,3776,
16,597583.650050123,1231949,0,1,303,1271,581,483,,2638,
16,597583.650222447,1231949,0,1,362,1011,934,525,,2832,
16,597583.661117251,1231949,0,1,,,,214,,1445,
16,597583.661205235,1231949,0,1,248,4428,1305,634,,6615,
16,597583.662369617,1231949,0,1,175,2983,753,524,,4435,
16,597583.664370052,1231949,0,1,276,,,365,,1461,
16,597583.701197834,1231949,0,1,,,,222,,2124,
16,597583.705508107,1231949,0,1,849,2633,1123,737,,5342,
16,597583.706618416,1231949,0,1,228,2540,723,643,,4134,
16,597583.708378714,1231947,1,0,681,,,1488,,2413,
16,597583.708749660,1231949,0,1,,,,259,,1672,
16,597583.710144709,1231949,0,1,,,,219,,1915,
16,597583.718279069,1231949,0,1,,,,254,,1641,
16,597583.721368846,1231949,0,1,328,,,542,,1765,
16,597583.756821446,1231949,0,1,,,,226,,1757,
16,597583.757087277,1231949,0,1,287,,,622,,2072,
16,597583.757410912,1231949,0,1,198,,,784,,2123,
16,597583.759235000,1231949,0,1,275,,,668,,1991,
16,597583.759470904,1231949,0,1,184,,,680,,1854,
16,597583.760372067,1231949,0,1,,,433,236,,965,
16,597583.819370463,1231949,0,1,,,,230,,1781,
16,597583.825916139,1231949,0,1,1040,,,499,,2938,
16,597583.836379269,1231947,1,0,542,,,31317,,32034,
16,597583.836412074,1231949,0,1,,,501,239,,1001,
16,597583.838371899,1231949,0,1,,,,223,,2034,
16,597583.840369942,1231949,0,1,191,1053,617,503,,2364,
16,597583.856063437,1231949,0,1,915,1046,606,543,,3110,
16,597583.856374014,1231949,0,1,,,,214,,1271,
16,597583.857648760,1231949,0,1,218,1049,685,334,,2286,
16,597583.859427682,1231949,0,1,704,854,936,351,,2845,
16,597583.860038331,1231949,0,1,852,1123,655,614,,3244,
16,597583.860167177,1231949,0,1,281,,,645,,1858,
16,597583.920014078,1231949,0,1,,,,222,,2612,
16,597583.920064259,1231949,0,1,251,1410,626,514,,2801,
16,597583.921191809,1231949,0,1,269,1248,584,460,,2561,
16,597583.922062117,1231949,0,1,287,1519,575,494,,2875,
16,597583.922460499,1231949,0,1,181,2254,704,331,,3470,
16,597583.957689700,1231949,0,1,,,,220,,1587,
16,597583.959226999,1231949,0,1,253,1450,535,506,,2744,
16,597583.960770171,1231949,0,1,210,2440,924,543,,4117,
16,597583.960917716,1231949,0,1,183,2513,717,346,,3759,
16,597583.963386690,1231949,0,1,279,,,542,,1989,
16,597583.967896138,1231949,0,1,169,,,355,,1369,
16,597583.968024543,1231949,0,1,195,,,508,,1750,
16,597583.968073660,1231949,0,1,218,,,479,,1622,
16,597583.968257601,1231949,0,1,194,,,513,,1677,
16,597583.968335912,1231949,0,1,216,,,475,,1534,
16,597583.968479891,1231949,0,1,210,,,502,,1569,
16,597583.970565760,1231949,0,1,212,,,507,,1717,
16,597583.976276646,1231949,0,1,507,,,529,,1984,
16,597584.001557591,1231949,0,1,385,,,359,,2267,
16,597584.001771756,1231949,0,1,180,,,521,,1593,
16,597584.020372831,1231949,0,1,219,2442,1075,386,,4122,
16,597584.027397799,1231949,0,1,194,13915,3321,2091,,19521,
16,597584.058606675,1231949,0,1,,,,458,,2927,
16,597584.058862474,1231949,0,1,233,1840,646,598,,3317,
16,597584.122972785,1231949,0,1,,,,360,,2468,
16,597584.123123746,1231949,0,1,297,1272,611,399,,2579,
16,597584.123271029,1231949,0,1,259,1052,609,587,,2507,
16,597584.147736850,1231949,0,1,292,,,446,,1625,
16,597584.152649458,1231949,0,1,253,,,414,,1862,
16,597584.152709127,1231949,0,1,267,1134,574,375,,2350,
16,597584.152796118,1231949,0,1,290,1022,693,367,,2372,
16,597584.152972104,1231949,0,1,190,1010,632,385,,2217,
16,597584.153517980,1231949,0,1,278,1112,561,354,,2305,
16,597584.189375379,1231949,0,1,,,,277,,902,
16,597584.194865507,1231949,0,1,314,,,357,,1580,
16,597584.195105520,1231949,0,1,223,1199,790,889,,3101,
16,597584.221705556,1231949,0,1,2190,,,1437,,3811,
16,597584.222244843,1231949,0,1,1272,,,962,,2442,
16,597584.222376785,1231949,0,1,1260,,,779,,2266,
16,597584.222491115,1231949,0,1,799,,,1054,,2083,
16,597584.222711413,1231949,0,1,857,,,746,,1776,
16,597584.227376363,1231949,0,1,,,,307,,1121,
16,597584.237376126,1231949,0,1,217,968,636,520,,2341,
16,597584.237882319,1231949,0,1,,,,248,,1174,
16,597584.238061330,1231949,0,1,313,1300,530,379,,2522,
16,597584.238145464,1231949,0,1,,,,225,,1504,
16,597584.246375789,1231949,0,1,229,1199,631,603,,2662,
16,597584.248377524,1231949,0,1,243,799,632,454,,2128,
16,597584.295993660,1231949,0,1,218,,,583,,2554,
16,597584.296527743,1231949,0,1,253,,,393,,1736,
16,597584.296667621,1231949,0,1,175,,,393,,2539,
16,597584.296799831,1231949,0,1,625,,,333,,2736,
16,597584.296867074,1231949,0,1,209,,,365,,1628,
16,597584.301925608,1231949,0,1,559,,,478,,3002,
16,597584.305216278,1231949,0,1,417,,,733,,3445,
16,597584.306410978,1231949,0,1,253,,,687,,2551,
16,597584.309379873,1231949,0,1,224,,,1034,,2570,
16,597584.310273533,1231949,0,1,461,,,545,,2085,
16,597584.314244290,1231949,0,1,463,,,469,,2203,
16,597584.314312534,1231949,0,1,254,,,670,,2397,
16,597584.316348942,1231949,0,1,328,,,434,,1583,
16,597584.317201616,1231949,0,1,273,,,347,,1676,
16,597584.319927652,1231949,0,1,395,,,546,,2054,
16,597584.320590009,1231949,0,1,427,,,629,,2002,
16,597584.321178083,1231949,0,1,337,,,486,,1766,
16,597584.330079220,1231949,0,1,270,,,512,,1924,
16,597584.331381063,1231949,0,1,,,462,270,,1070,
16,597584.334377337,1231949,0,1,226,,,318,,1785,
16,597584.336430802,1231949,0,1,1052,,,489,,2680,
16,597584.336653802,1231949,0,1,223,,,324,,1913,
16,597584.338348102,1231949,0,1,989,,,363,,2618,
16,597584.338377496,1231949,0,1,175,,,323,,1802,
16,597584.341216904,1231949,0,1,665,,,347,,2110,
16,597584.372380607,1231949,0,1,248,,,936,,2641,
16,597584.376379477,1231949,0,1,,,438,279,,1031,
16,597584.411378715,1231949,0,1,310,,,506,,1786,
16,597584.462268798,1231949,0,1,1176,,,372,,2932,
16,597584.463492363,1231949,0,1,278,,,537,,1887,
16,597584.465433943,1231949,0,1,,,408,274,,1025,
16,597584.483770623,1231949,0,1,,,,243,,2126,
16,597584.506215054,1231949,0,1,350,,,495,,1918,
16,597584.533772166,1231949,0,1,266,402,738,542,,1948,
16,597584.539382165,1231949,0,1,251,856,679,408,,2194,
16,597584.563380533,1231949,0,1,173,,,493,,2168,
16,597584.564144524,1231949,0,1,1054,,,549,,3570,
16,597584.564256550,1231949,0,1,226,,,597,,1960,
16,597584.605934020,1231947,1,0,723,,,7438,,8526,
64,597585.539710535,1231978,1,0,1285,3239,2936,1301,,8761,
64,597585.632592885,1231980,0,1,3251,,,962,,8160,
64,597585.662164500,1231980,0,1,1558,,,390,,4161,
64,597585.680955424,1231980,0,1,1434,,,370,,3585,
64,597585.681086732,1231980,0,1,247,,,426,,1669,
64,597585.742859709,1231980,0,1,531,,,600,,2614,
64,597585.743166937,1231980,0,1,438,,,644,,2203,
64,597585.837278614,1231980,0,1,3288,,,2850,,6320,
64,597585.967316908,1231980,0,1,2125,,,1239,,3569,
64,597586.010830921,1231980,0,1,1798,,,1256,,3264,
64,597586.011135779,1231980,0,1,1089,,,944,,2214,
64,597586.012849322,1231980,0,1,1866,,,1063,,3110,
64,597586.013825618,1231980,0,1,1326,,,775,,2310,
64,597586.041433301,1231980,0,1,2994,,,1747,,4958,
64,597586.215578978,1231980,0,1,2396,,,918,,3522,
64,597586.231782642,1231980,0,1,2773,,,890,,3841,
64,597586.251115480,1231980,0,1,1950,,,1075,,3282,
64,597586.251158492,1231980,0,1,930,,,1007,,2140,
64,597586.261665125,1231980,0,1,1504,,,927,,2627,
64,597586.267400106,1231980,0,1,894,,,949,,2044,
64,597586.268521772,1231980,0,1,1177,,,913,,2266,
64,597586.268584188,1231980,0,1,940,,,1545,,2682,
64,597586.290182259,1231980,0,1,2096,,,906,,3520,
64,597586.290289354,1231980,0,1,943,,,968,,2110,
64,597586.290346836,1231980,0,1,1064,,,903,,2181,
64,597586.290400197,1231980,0,1,1374,,,611,,2224,
64,597586.291811307,1231980,0,1,521,,,788,,3483,
64,597586.291923879,1231980,0,1,232,,,485,,1959,
64,597586.292600092,1231978,1,0,850,,,24676,,25771,
64,597586.292754805,1231978,1,0,504,,,3250,,3978,
256,597586.913818721,1231991,1,0,1147,2265,3048,1437,,7897,
256,597586.971449061,1231994,0,1,3049,,,916,,7627,
256,597587.036494736,1231994,0,1,212,,,2918,,58003,
256,597587.036559153,1231991,1,0,1202,5936,2241,1258,,10637,
256,597587.108253070,1231991,1,0,282,902,771,765,,2720,
256,597587.108350145,1231991,1,0,301,812,837,627,,2577,
1024,597588.287338346,1232018,1,0,936,3317,2396,1092,,7741,
1024,597588.287769509,1232018,1,0,495,1800,1085,857,,4237,
1024,597588.288030307,1232018,1,0,246,1055,581,403,,2285,
1024,597588.288171043,1232018,1,0,218,1166,582,423,,2389,
1024,597588.288327336,1232018,1,0,265,962,626,417,,2270,
1024,597588.288596075,1232018,1,0,220,1223,575,501,,2519,
1024,597588.288795030,1232018,1,0,340,1107,651,430,,2528,
1024,597588.288958808,1232018,1,0,213,850,704,479,,2246,
1024,597588.289217886,1232018,1,0,236,1096,635,443,,2410,
1024,597588.289534416,1232018,1,0,246,1231,1090,703,,3270,
1024,597588.290161748,1232018,1,0,267,1045,613,416,,2341,
1024,597588.290362772,1232018,1,0,211,1044,621,390,,2266,
1024,597588.290659788,1232018,1,0,313,992,631,465,,2401,
1024,597588.290773159,1232018,1,0,243,957,590,388,,2178,
1024,597588.291011210,1232018,1,0,177,994,641,388,,2200,
1024,597588.291113278,1232018,1,0,267,951,600,401,,2219,
1024,597588.291372030,1232018,1,0,225,746,604,417,,1992,
1024,597588.291659780,1232018,1,0,286,975,732,449,,2442,
1024,597588.291808404,1232018,1,0,221,820,640,420,,2101,
1024,597588.292022057,1232018,1,0,244,1046,668,430,,2388,
1024,597588.292110804,1232018,1,0,,,,275,,1173,
1024,597588.292226327,1232018,1,0,337,1045,615,398,,2395,
1024,597588.292349235,1232018,1,0,198,774,1069,677,,2718,
1024,597588.293042129,1232018,1,0,1023,1201,626,410,,3260,
1024,597588.293256466,1232018,1,0,337,1010,602,415,,2364,
1024,597588.293499233,1232018,1,0,226,822,888,761,,2697,
1024,597588.293747189,1232018,1,0,241,1277,684,495,,2697,
1024,597588.294086994,1232018,1,0,212,1066,596,525,,2399,
1024,597588.294456257,1232018,1,0,186,1193,573,617,,2569,
1024,597588.294740425,1232018,1,0,297,1094,608,594,,2593,
1024,597588.295021925,1232018,1,0,212,782,605,583,,2182,
1024,597588.295077387,1232018,1,0,309,855,617,371,,2152,
1024,597588.295221276,1232018,1,0,322,1015,559,375,,2271,
1024,597588.295397896,1232018,1,0,328,1101,894,395,,2718,
1024,597588.295637169,1232018,1,0,399,1164,637,351,,2551,
1024,597588.296050746,1232018,1,0,291,1115,969,610,,2985,
1024,597588.296300758,1232018,1,0,209,1233,877,571,,2890,
1024,597588.296584586,1232018,1,0,290,1265,584,617,,2756,
1024,597588.296879444,1232018,1,0,223,791,648,595,,2257,
1024,597588.297206428,1232018,1,0,181,1049,594,349,,2173,
1024,597588.297734164,1232018,1,0,289,1139,667,406,,2501,
1024,597588.297940497,1232018,1,0,293,997,803,413,,2506,
1024,597588.298124201,1232018,1,0,182,,,538,,1956,
1024,597588.299034205,1232018,1,0,231,1191,678,494,,2594,
1024,597588.299347835,1232018,1,0,216,997,806,400,,2419,
1024,597588.299449157,1232018,1,0,353,1342,625,445,,2765,
1024,597588.299974487,1232018,1,0,,,,301,,1988,
1024,597588.300119032,1232018,1,0,,,4641,721,,8480,
1024,597588.300506947,1232018,1,0,3584,,,2598,,6452,
1024,597588.300940419,1232018,1,0,3429,,,1365,,5001,
1024,597588.301083754,1232018,1,0,1788,,,956,,2958,
1024,597588.301187977,1232018,1,0,2824,,,1190,,4281,
1024,597588.301286008,1232018,1,0,2058,,,1555,,3862,
1024,597588.301382385,1232018,1,0,564,1538,708,619,,3429,
1024,597588.301848639,1232018,1,0,783,1647,991,902,,4323,
1024,597588.302745912,1232018,1,0,443,1607,945,598,,3593,
1024,597588.303486839,1232018,1,0,361,1842,573,380,,3156,
1024,597588.303930474,1232018,1,0,270,1577,702,522,,3071,
1024,597588.304418229,1232018,1,0,302,1277,581,2966,,5126,
1024,597588.304606142,1232018,1,0,243,3702,743,648,,5336,
1024,597588.305005428,1232018,1,0,237,,,585,,1935,
1024,597588.305108959,1232018,1,0,267,2030,619,626,,3542,
1024,597588.305311145,1232018,1,0,172,,,361,,1570,
1024,597588.305687597,1232018,1,0,237,2623,730,617,,4207,
1024,597588.306153957,1232018,1,0,218,1841,719,563,,3341,
1024,597588.306345136,1232018,1,0,194,1797,723,551,,3265,
1024,597588.306614356,1232018,1,0,234,2458,602,532,,3826,
1024,597588.307071823,1232018,1,0,248,1219,590,404,,2461,
1024,597588.307335365,1232018,1,0,286,1162,691,600,,2739,
1024,597588.307484175,1232018,1,0,232,1852,896,635,,3615,
1024,597588.307651317,1232018,1,0,232,1446,805,571,,3054,
1024,597588.307905485,1232018,1,0,271,1481,907,690,,3349,
1024,597588.308730415,1232018,1,0,214,1577,808,604,,3203,
1024,597588.309230592,1232018,1,0,294,1126,613,407,,2440,
1024,597588.309400429,1232018,1,0,,,,297,,1076,
1024,597588.309480132,1232018,1,0,322,1599,1046,735,,3702,
1024,597588.310104941,1232018,1,0,209,1235,1264,575,,3283,
1024,597588.310257835,1232018,1,0,193,1354,819,574,,2940,
1024,597588.310498761,1232018,1,0,488,1847,904,816,,4055,
1024,597588.311152926,1232018,1,0,180,1215,619,523,,2537,
1024,597588.311423880,1232018,1,0,235,1091,1019,682,,3027,
1024,597588.312165910,1232018,1,0,617,1109,971,412,,3109,
1024,597588.312263260,1232018,1,0,,,,216,,1085,
1024,597588.312311325,1232018,1,0,,,,215,,897,
1024,597588.312387086,1232018,1,0,181,1504,625,373,,2683,
1024,597588.312783048,1232018,1,0,191,,,480,,1626,
1024,597588.313138197,1232018,1,0,1291,1506,839,541,,4177,
1024,597588.313545318,1232018,1,0,275,1800,767,746,,3588,
1024,597588.314168002,1232018,1,0,193,,,327,,2182,
1024,597588.314345499,1232018,1,0,253,1755,582,353,,2943,
1024,597588.314609174,1232018,1,0,234,1206,613,371,,2424,
1024,597588.314946933,1232018,1,0,316,1043,610,386,,2355,
1024,597588.315653545,1232018,1,0,287,1122,670,587,,2666,
1024,597588.316116533,1232018,1,0,202,1776,945,583,,3506,
1024,597588.316659094,1232018,1,0,193,1261,648,599,,2701,
1024,597588.317086356,1232018,1,0,236,1117,627,584,,2564,
1024,597588.317348569,1232018,1,0,317,1345,703,543,,2908,
1024,597588.317730731,1232018,1,0,212,1377,643,819,,3051,
1024,597588.318008614,1232018,1,0,298,1098,843,383,,2622,
1024,597588.318397143,1232018,1,0,203,1028,623,388,,2242,
1024,597588.318851223,1232018,1,0,,,,300,,1875,
1024,597588.319190182,1232018,1,0,198,1558,864,935,,3555,
1024,597588.319418514,1232018,1,0,229,1111,646,2486,,4472,
1024,597588.319462277,1232018,1,0,293,2460,641,659,,4053,
1024,597588.319622215,1232018,1,0,314,1641,981,660,,3596,
1024,597588.320085337,1232018,1,0,213,2037,688,618,,3556,
1024,597588.320395970,1232018,1,0,,,,235,,972,
1024,597588.320769276,1232018,1,0,227,2669,747,510,,4153,
1024,597588.321033610,1232018,1,0,,,,219,,1587,
1024,597588.321235624,1232018,1,0,295,,,358,,1845,
1024,597588.321396942,1232018,1,0,228,,,412,,2187,
1024,597588.321657199,1232018,1,0,181,,,516,,2076,
1024,597588.321955147,1232018,1,0,200,,,493,,2294,
1024,597588.322158975,1232018,1,0,191,,,542,,1711,
1024,597588.322265872,1232018,1,0,176,,,336,,2338,
1024,597588.322475198,1232018,1,0,203,,,346,,1533,
1024,597588.322606332,1232018,1,0,182,,,334,,1458,
1024,597588.322668476,1232018,1,0,387,2566,570,669,,4192,
1024,597588.323083104,1232018,1,0,190,,,360,,1825,
1024,597588.323405269,1232018,1,0,199,,,748,,2166,
1024,597588.323535067,1232018,1,0,212,,,335,,1517,
1024,597588.323701002,1232018,1,0,181,,,574,,1835,
1024,597588.323882195,1232018,1,0,191,,,490,,1702,
1024,597588.324082503,1232018,1,0,1021,,,461,,2744,
1024,597588.324443682,1232018,1,0,181,,,331,,1481,
1024,597588.324853358,1232018,1,0,178,,,458,,1849,
1024,597588.325073214,1232018,1,0,196,,,501,,1733,
1024,597588.325262065,1232018,1,0,166,,,529,,1651,
1024,597588.325394451,1232018,1,0,283,1294,968,360,,2905,
1024,597588.325641981,1232018,1,0,210,,,321,,1431,
1024,597588.325694061,1232018,1,0,354,1532,742,577,,3205,
1024,597588.325950699,1232018,1,0,180,,,344,,1395,
1024,597588.326141068,1232018,1,0,178,,,599,,2249,
1024,597588.326308723,1232018,1,0,285,,,584,,1756,
1024,597588.326423898,1232018,1,0,198,,,570,,1858,
1024,597588.326594911,1232018,1,0,188,,,315,,1930,
1024,597588.326774170,1232018,1,0,209,,,526,,1790,
1024,597588.327071111,1232018,1,0,206,,,540,,2606,
1024,597588.327383444,1232018,1,0,262,,,494,,1848,
1024,597588.327540239,1232018,1,0,200,,,328,,1906,
1024,597588.328054180,1232018,1,0,288,,,367,,1604,
1024,597588.328215440,1232018,1,0,184,,,330,,1493,
1024,597588.328422499,1232018,1,0,179,1652,776,617,,3224,
1024,597588.328951213,1232018,1,0,228,2069,735,756,,3788,
1024,597588.329507274,1232018,1,0,205,,,499,,2013,
1024,597588.329598019,1232018,1,0,227,1826,836,703,,3592,
1024,597588.329955546,1232018,1,0,1273,1963,886,774,,4896,
1024,597588.330985249,1232018,1,0,273,1815,844,1035,,3967,
1024,597588.331385993,1232018,1,0,369,1220,678,397,,2664,
1024,597588.331634433,1232018,1,0,206,1709,872,810,,3597,
1024,597588.332137333,1232018,1,0,194,1192,645,388,,2419,
1024,597588.332604711,1232018,1,0,214,1865,1198,755,,4032,
1024,597588.333478072,1232018,1,0,332,1685,773,824,,3614,
1024,597588.334177801,1232018,1,0,288,1130,799,535,,2752,
1024,597588.334938977,1232018,1,0,,,,324,,1803,
1024,597588.335234920,1232018,1,0,240,1211,646,765,,2862,
1024,597588.335564062,1232018,1,0,,,,333,,1314,
1024,597588.335957951,1232018,1,0,315,1689,767,559,,3330,
1024,597588.336506970,1232018,1,0,280,1791,813,618,,3502,
1024,597588.337163183,1232018,1,0,233,856,616,449,,2154,
1024,597588.337389667,1232018,1,0,211,1187,833,678,,2909,
1024,597588.337596908,1232018,1,0,280,,,578,,1899,
1024,597588.337868830,1232018,1,0,300,1478,1019,632,,3429,
1024,597588.338399586,1232018,1,0,,,,225,,2017,
1024,597588.338456546,1232018,1,0,266,1077,973,439,,2755,
1024,597588.338643578,1232018,1,0,294,1157,866,494,,2811,
1024,597588.338946913,1232018,1,0,,,,234,,900,
1024,597588.339335993,1232018,1,0,241,1070,630,411,,2352,
1024,597588.339628346,1232018,1,0,238,1246,646,390,,2520,
1024,597588.339835171,1232018,1,0,180,1276,587,577,,2620,
1024,597588.339993175,1232018,1,0,192,1091,561,548,,2392,
1024,597588.340327295,1232018,1,0,200,1378,922,562,,3062,
1024,597588.340544094,1232018,1,0,201,1359,612,660,,2832,
1024,597588.341075504,1232018,1,0,225,1207,623,558,,2613,
1024,597588.341416452,1232018,1,0,213,1006,594,394,,2207,
1024,597588.341748161,1232018,1,0,,,,286,,1556,
1024,597588.341846666,1232018,1,0,230,1153,658,392,,2433,
1024,597588.342075545,1232018,1,0,228,1628,769,516,,3141,
1024,597588.342507328,1232018,1,0,186,,,564,,1953,
1024,597588.342673939,1232018,1,0,310,1532,568,562,,2972,
1024,597588.342888112,1232018,1,0,211,1251,626,461,,2549,
1024,597588.343189192,1232018,1,0,215,1119,946,493,,2773,
1024,597588.343378006,1232018,1,0,212,1306,654,511,,2683,
1024,597588.343483433,1232018,1,0,298,1284,619,351,,2552,
1024,597588.343779662,1232018,1,0,273,1078,644,358,,2353,
1024,597588.343971202,1232018,1,0,285,1113,1039,669,,3106,
1024,597588.344312220,1232018,1,0,193,1816,824,588,,3421,
1024,597588.344862930,1232018,1,0,295,1314,670,552,,2831,
1024,597588.345143554,1232018,1,0,,,,227,,840,
1024,597588.345263019,1232018,1,0,302,1080,792,359,,2533,
1024,597588.345527684,1232018,1,0,309,,,379,,1550,
1024,597588.345697272,1232018,1,0,322,1303,620,353,,2598,
1024,597588.345832392,1232018,1,0,311,994,639,370,,2314,
1024,597588.345966733,1232018,1,0,,,,278,,1052,
1024,597588.345987444,1232018,1,0,,,,218,,870,
1024,597588.346030774,1232018,1,0,257,1220,862,617,,2956,
1024,597588.346449133,1232018,1,0,278,1187,833,651,,2949,
1024,597588.346728636,1232018,1,0,180,1254,587,591,,2612,
1024,597588.347070314,1232018,1,0,,,,234,,920,
1024,597588.347203409,1232018,1,0,365,1059,610,386,,2420,
1024,597588.347308498,1232018,1,0,304,1093,630,411,,2438,
1024,597588.347682658,1232018,1,0,526,1558,741,416,,3241,
1024,597588.347850508,1232018,1,0,281,1081,651,351,,2364,
1024,597588.348088023,1232018,1,0,200,1323,626,563,,2712,
1024,597588.348537969,1232018,1,0,,,,218,,979,
1024,597588.348764723,1232018,1,0,190,1238,587,520,,2535,
1024,597588.349127731,1232018,1,0,218,1303,628,674,,2823,
1024,597588.349361246,1232018,1,0,206,,,533,,1750,
1024,597588.349446754,1232018,1,0,261,1205,632,466,,2564,
1024,597588.350000305,1232018,1,0,263,1120,741,428,,2552,
1024,597588.350842655,1232018,1,0,314,1149,579,375,,2417,
1024,597588.351423077,1232018,1,0,206,1102,679,585,,2572,
1024,597588.351796260,1232018,1,0,,,,225,,2183,
1024,597588.352017867,1232018,1,0,233,1206,920,504,,2863,
1024,597588.352152099,1232018,1,0,229,1027,1057,585,,2898,
1024,597588.352656973,1232018,1,0,1291,1301,659,567,,3818,
1024,597588.352766438,1232018,1,0,241,1294,588,520,,2643,
1024,597588.352906489,1232018,1,0,,,,215,,879,
1024,597588.353053328,1232018,1,0,224,1058,733,369,,2384,
1024,597588.353381566,1232018,1,0,181,1072,586,366,,2205,
1024,597588.353830836,1232018,1,0,251,1328,1435,524,,3538,
1024,597588.354093059,1232018,1,0,195,1281,815,555,,2846,
1024,597588.354224557,1232018,1,0,,,,210,,886,
1024,597588.354250524,1232018,1,0,242,1075,623,636,,2576,
1024,597588.354755033,1232018,1,0,988,1229,639,541,,3397,
1024,597588.355070353,1232018,1,0,207,1073,877,431,,2588,
1024,597588.355665657,1232018,1,0,308,1636,671,489,,3104,
1024,597588.355865473,1232018,1,0,188,1104,618,407,,2317,
1024,597588.356045328,1232018,1,0,235,792,1035,515,,2577,
1024,597588.356119305,1232018,1,0,241,796,729,549,,2315,
4096,597589.653231838,1232028,1,0,1368,1948,2599,1103,,7018,
4096,597589.661325230,1232028,1,0,345,1398,857,516,,3116,
4096,597589.666452884,1232028,1,0,361,2731,1103,643,,4838,
4096,597589.672250559,1232028,1,0,271,,,632,,2123,
4096,597589.673631161,1232028,1,0,,,,292,,1111,
4096,597589.676464555,1232028,1,0,,,,266,,891,
4096,597589.679164182,1232028,1,0,,,,329,,4392,
4096,597589.682706576,1232028,1,0,511,4991,1658,811,,7971,
4096,597589.682764662,1232028,1,0,194,,,1867,,42419,
16384,597591.005034845,1232041,1,0,1365,2434,2898,1195,,7892,
16384,597591.005827087,1232041,1,0,449,1187,1543,1368,,4547,
16384,597591.009458342,1232041,1,0,612,1120,1626,1913,,5271,
16384,597591.011611713,1232041,1,0,646,1084,1485,1250,,4465,
16384,597591.012455053,1232044,0,1,972,,,995,,5637,
16384,597591.012464053,1232041,1,0,254,879,766,495,,2394,
16384,597591.012621983,1232041,1,0,270,1106,698,444,,2518,
16384,597591.014687470,1232041,1,0,474,1116,970,455,,3015,
16384,597591.020776328,1232041,1,0,1592,,,2275,,8173,
16384,597591.020786901,1232044,0,1,790,,,1028,,3554,
16384,597591.020972823,1232041,1,0,599,1121,714,439,,2873,
16384,597591.021747073,1232041,1,0,378,971,890,420,,2659,
16384,597591.023294564,1232041,1,0,935,1616,990,566,,4107,
16384,597591.024035457,1232041,1,0,,,,489,,2468,
16384,597591.025001861,1232041,1,0,725,1411,1109,902,,4147,
16384,597591.027741091,1232041,1,0,,,,470,,2307,
16384,597591.028924916,1232041,1,0,,,,939,,3323,
16384,597591.029550495,1232041,1,0,,,981,1209,,2747,
16384,597591.029805011,1232041,1,0,,,,513,,2250,
16384,597591.030358928,1232041,1,0,,,568,235,,1343,
16384,597591.030996061,1232041,1,0,,,518,289,,1366,
16384,597591.032458016,1232041,1,0,,,653,326,,1309,
16384,597591.032550186,1232041,1,0,,,380,237,,970,
16384,597591.032704740,1232041,1,0,235,796,757,449,,2237,
65536,597592.369705898,1232052,1,0,1557,3403,2834,1327,,9121,
65536,597592.369723636,1232054,0,1,1103,2868,3777,1166,,8914,
65536,597592.369797077,1232052,1,0,646,2765,2878,1014,,7303,
65536,597592.369813398,1232054,0,1,715,2938,2740,801,,7194,
65536,597592.369886902,1232052,1,0,649,2755,2838,964,,7206,
65536,597592.369902356,1232054,0,1,221,737,675,502,,2135,
65536,597592.369914468,1232052,1,0,196,737,667,479,,2079,
65536,597592.369924276,1232054,0,1,310,749,691,387,,2137,
65536,597592.369936817,1232052,1,0,225,761,698,442,,2126,
65536,597592.369946848,1232054,0,1,215,771,668,393,,2047,
65536,597592.369959543,1232052,1,0,212,759,699,494,,2164,
65536,597592.369969203,1232054,0,1,188,724,656,405,,1973,
65536,597592.369981045,1232052,1,0,199,734,694,527,,2154,
65536,597592.369990763,1232054,0,1,234,729,654,393,,2010,
65536,597592.370001825,1232052,1,0,187,742,630,410,,1969,
65536,597592.370011194,1232054,0,1,199,733,663,540,,2135,
65536,597592.370022949,1232052,1,0,272,747,662,423,,2104,
65536,597592.370032625,1232054,0,1,203,721,669,403,,1996,
65536,597592.370044506,1232052,1,0,207,735,698,429,,2069,
65536,597592.370054406,1232054,0,1,206,726,696,428,,2056,
65536,597592.370065944,1232052,1,0,214,733,637,430,,2014,
65536,597592.370075525,1232054,0,1,199,736,665,373,,1973,
65536,597592.370087063,1232052,1,0,290,742,633,438,,2103,
65536,597592.370096823,1232054,0,1,288,755,653,377,,2073,
65536,597592.370108418,1232052,1,0,213,738,632,440,,2023,
65536,597592.370118420,1232054,0,1,190,750,662,405,,2007,
65536,597592.370130033,1232052,1,0,196,739,633,370,,1938,
65536,597592.370139525,1232054,0,1,184,732,724,382,,2022,
65536,597592.370151088,1232052,1,0,192,734,631,432,,1989,
65536,597592.370160760,1232054,0,1,207,729,682,407,,2025,
65536,597592.370172318,1232052,1,0,193,724,664,458,,2039,
65536,597592.370182318,1232054,0,1,195,729,863,430,,2217,
65536,597592.370193894,1232052,1,0,193,739,635,392,,1959,
65536,597592.370203202,1232054,0,1,203,724,654,400,,1981,
65536,597592.370214679,1232052,1,0,199,735,629,425,,1988,
65536,597592.370223784,1232054,0,1,238,868,651,480,,2237,
65536,597592.370235386,1232052,1,0,234,790,623,397,,2044,
65536,597592.370245096,1232054,0,1,239,739,699,393,,2070,
65536,597592.370256268,1232052,1,0,239,789,643,364,,2035,
65536,597592.370265806,1232054,0,1,211,774,724,441,,2150,
65536,597592.370278041,1232052,1,0,206,760,670,408,,2044,
65536,597592.370287719,1232054,0,1,209,760,742,405,,2116,
65536,597592.370299808,1232052,1,0,211,745,628,388,,1972,
65536,597592.370309248,1232054,0,1,202,779,830,455,,2266,
65536,597592.370320950,1232052,1,0,199,759,637,367,,1962,
65536,597592.370330339,1232054,0,1,212,752,868,569,,2401,
65536,597592.370342561,1232052,1,0,211,754,668,392,,2025,
65536,597592.370352081,1232054,0,1,222,875,723,469,,2289,
65536,597592.370364187,1232052,1,0,301,750,650,384,,2085,
65536,597592.370373600,1232054,0,1,252,753,728,442,,2175,
65536,597592.370385417,1232052,1,0,210,752,630,403,,1995,
65536,597592.370394961,1232054,0,1,194,744,717,458,,2113,
65536,597592.370406655,1232052,1,0,208,757,657,391,,2013,
65536,597592.370416768,1232054,0,1,231,750,722,555,,2258,
65536,597592.370428686,1232052,1,0,208,960,658,445,,2271,
65536,597592.370438573,1232054,0,1,212,731,657,390,,1990,
65536,597592.370449429,1232052,1,0,174,765,627,383,,1949,
65536,597592.370458903,1232054,0,1,189,733,672,393,,1987,
65536,597592.370473015,1232052,1,0,230,725,899,581,,2435,
65536,597592.370482985,1232054,0,1,307,732,718,414,,2171,
65536,597592.370494515,1232052,1,0,290,738,715,375,,2118,
65536,597592.370503666,1232054,0,1,234,734,721,384,,2073,
65536,597592.370514708,1232052,1,0,211,731,634,352,,1928,
65536,597592.370523801,1232054,0,1,208,745,667,378,,1998,
65536,597592.370535537,1232052,1,0,187,731,657,398,,1973,
65536,597592.370544732,1232054,0,1,204,737,781,465,,2187,
65536,597592.370556371,1232052,1,0,230,737,632,405,,2004,
65536,597592.370565755,1232054,0,1,205,738,663,413,,2019,
65536,597592.370576701,1232052,1,0,209,729,651,473,,2062,
65536,597592.370586106,1232054,0,1,214,738,688,415,,2055,
65536,597592.370597843,1232052,1,0,195,734,649,402,,1980,
65536,597592.370607108,1232054,0,1,215,732,644,363,,1954,
65536,597592.370618017,1232052,1,0,235,740,657,411,,2043,
65536,597592.370627220,1232054,0,1,195,735,671,418,,2019,
65536,597592.370637769,1232052,1,0,209,736,677,402,,2024,
65536,597592.370646396,1232054,0,1,205,729,694,363,,1991,
65536,597592.370656869,1232052,1,0,214,731,628,404,,1977,
65536,597592.370665913,1232054,0,1,188,742,659,424,,2013,
65536,597592.370676501,1232052,1,0,192,730,648,440,,2010,
65536,597592.370685406,1232054,0,1,195,738,670,370,,1973,
65536,597592.370695647,1232052,1,0,307,734,622,454,,2117,
65536,597592.370703656,1232054,0,1,175,767,615,385,,1942,
65536,597592.370713533,1232052,1,0,193,740,633,389,,1955,
65536,597592.370721810,1232054,0,1,204,816,713,391,,2124,
65536,597592.370731998,1232052,1,0,257,729,642,383,,2011,
65536,597592.370740782,1232054,0,1,172,730,760,378,,2040,
65536,597592.370750753,1232052,1,0,226,759,642,540,,2167,
65536,597592.370758827,1232054,0,1,205,738,642,368,,1953,
65536,597592.370768775,1232052,1,0,178,733,642,394,,1947,
65536,597592.370777015,1232054,0,1,178,739,708,418,,2043,
65536,597592.370786936,1232052,1,0,180,735,622,382,,1919,
65536,597592.370795085,1232054,0,1,195,724,638,461,,2018,
65536,597592.370804959,1232052,1,0,201,825,654,404,,2084,
65536,597592.370813057,1232054,0,1,210,774,661,363,,2008,
65536,597592.370822792,1232052,1,0,196,755,641,400,,1992,
65536,597592.370830756,1232054,0,1,204,728,677,363,,1972,
65536,597592.370840255,1232052,1,0,206,735,638,436,,2015,
65536,597592.370848662,1232054,0,1,186,739,651,413,,1989,
65536,597592.370858646,1232052,1,0,213,759,687,446,,2105,
65536,597592.370866910,1232054,0,1,222,865,653,514,,2254,
65536,597592.370877804,1232052,1,0,211,811,699,414,,2135,
65536,597592.370886401,1232054,0,1,193,776,717,406,,2092,
65536,597592.370896936,1232052,1,0,245,779,697,422,,2143,
65536,597592.370905428,1232054,0,1,218,778,719,470,,2185,
65536,597592.370916456,1232052,1,0,208,776,699,484,,2167,
65536,597592.370925139,1232054,0,1,219,771,711,397,,2098,
65536,597592.370935630,1232052,1,0,229,776,703,415,,2123,
65536,597592.370944119,1232054,0,1,217,794,721,501,,2233,
65536,597592.370954921,1232052,1,0,209,775,689,426,,2099,
65536,597592.370963701,1232054,0,1,200,774,719,454,,2147,
65536,597592.370974167,1232052,1,0,216,780,718,428,,2142,
65536,597592.370982521,1232054,0,1,212,770,718,396,,2096,
65536,597592.370993198,1232052,1,0,220,821,693,399,,2133,
65536,597592.371001845,1232054,0,1,223,871,718,421,,2233,
65536,597592.371012832,1232052,1,0,293,771,719,424,,2207,
65536,597592.371021441,1232054,0,1,238,776,939,496,,2449,
65536,597592.371032292,1232052,1,0,219,767,734,519,,2239,
65536,597592.371041258,1232054,0,1,194,777,708,397,,2076,
65536,597592.371051827,1232052,1,0,221,775,708,458,,2162,
65536,597592.371060704,1232054,0,1,215,762,723,428,,2128,
65536,597592.371071252,1232052,1,0,212,780,688,414,,2094,
65536,597592.371080539,1232054,0,1,194,751,702,380,,2027,
65536,597592.371090641,1232052,1,0,189,765,694,394,,2042,
65536,597592.371099311,1232054,0,1,217,754,691,417,,2079,
65536,597592.371109821,1232052,1,0,195,860,648,458,,2161,
65536,597592.371117987,1232054,0,1,249,761,656,365,,2031,
65536,597592.371127424,1232052,1,0,210,746,633,375,,1964,
65536,597592.371135754,1232054,0,1,,,,619,,1893,
65536,597592.371145516,1232052,1,0,225,744,844,405,,2218,
65536,597592.371153918,1232054,0,1,660,,,2047,,2915,
65536,597592.371165229,1232052,1,0,219,778,842,411,,2250,
65536,597592.371173874,1232054,0,1,416,,,1094,,1705,
65536,597592.371184397,1232052,1,0,226,769,748,444,,2187,
65536,597592.371192879,1232054,0,1,220,771,822,462,,2275,
65536,597592.371203521,1232052,1,0,325,758,699,398,,2180,
65536,597592.371212038,1232054,0,1,265,744,683,423,,2115,
65536,597592.371222357,1232052,1,0,196,915,696,430,,2237,
65536,597592.371231165,1232054,0,1,193,772,734,433,,2132,
65536,597592.371241570,1232052,1,0,186,759,687,416,,2048,
65536,597592.371249873,1232054,0,1,251,792,667,370,,2080,
65536,597592.371260251,1232052,1,0,206,782,714,420,,2122,
65536,597592.371268909,1232054,0,1,186,761,632,370,,1949,
65536,597592.371278427,1232052,1,0,290,729,630,416,,2065,
65536,597592.371286483,1232054,0,1,199,725,774,368,,2066,
65536,597592.371295974,1232052,1,0,186,722,659,384,,1951,
65536,597592.371303997,1232054,0,1,188,729,632,364,,1913,
65536,597592.371313560,1232052,1,0,185,734,623,407,,1949,
65536,597592.371321516,1232054,0,1,201,738,671,382,,1992,
65536,597592.371330890,1232052,1,0,220,787,630,358,,1995,
65536,597592.371338973,1232054,0,1,172,748,638,372,,1930,
65536,597592.371348413,1232052,1,0,266,752,709,500,,2227,
65536,597592.371356602,1232054,0,1,386,731,907,363,,2387,
65536,597592.371366342,1232052,1,0,176,741,654,355,,1926,
65536,597592.371374413,1232054,0,1,290,751,663,380,,2084,
65536,597592.371383960,1232052,1,0,178,726,620,428,,1952,
65536,597592.371392207,1232054,0,1,202,730,641,368,,1941,
65536,597592.371467038,1232052,1,0,377,65,3178,577,,4197,
65536,597592.371477461,1232054,0,1,237,738,778,444,,2197,
65536,597592.371486926,1232052,1,0,217,723,658,465,,2063,
65536,597592.371494905,1232054,0,1,178,720,650,386,,1934,
65536,597592.371504643,1232052,1,0,373,747,632,360,,2112,
65536,597592.371512802,1232054,0,1,189,739,673,363,,1964,
65536,597592.371522220,1232052,1,0,178,746,638,420,,1982,
65536,597592.371530325,1232054,0,1,190,755,650,419,,2014,
65536,597592.371539904,1232052,1,0,184,751,627,367,,1929,
65536,597592.371547829,1232054,0,1,203,748,688,418,,2057,
65536,597592.371557382,1232052,1,0,200,730,629,398,,1957,
65536,597592.371565228,1232054,0,1,197,747,619,366,,1929,
65536,597592.371574933,1232052,1,0,184,724,617,372,,1897,
65536,597592.371582855,1232054,0,1,197,738,661,382,,1978,
65536,597592.371592260,1232052,1,0,207,741,653,395,,1996,
65536,597592.371600772,1232054,0,1,175,734,657,393,,1959,
65536,597592.371610250,1232052,1,0,184,738,624,378,,1924,
65536,597592.371618408,1232054,0,1,193,727,653,391,,1964,
65536,597592.371628056,1232052,1,0,177,741,1121,414,,2453,
65536,597592.371636789,1232054,0,1,177,733,620,384,,1914,
65536,597592.371646191,1232052,1,0,169,734,625,360,,1888,
65536,597592.371654090,1232054,0,1,197,740,669,416,,2022,
65536,597592.371663612,1232052,1,0,195,723,646,413,,1977,
65536,597592.371671720,1232054,0,1,178,732,629,382,,1921,
65536,597592.371681079,1232052,1,0,189,723,628,409,,1949,
65536,597592.371689443,1232054,0,1,222,752,690,387,,2051,
65536,597592.371698956,1232052,1,0,199,742,633,383,,1957,
65536,597592.371706800,1232054,0,1,234,734,1098,376,,2442,
65536,597592.371716824,1232052,1,0,183,728,641,381,,1933,
65536,597592.371724815,1232054,0,1,201,744,752,361,,2058,
65536,597592.371734115,1232052,1,0,207,737,718,431,,2093,
65536,597592.371742447,1232054,0,1,205,732,648,371,,1956,
65536,597592.371752103,1232052,1,0,175,729,629,421,,1954,
65536,597592.371759806,1232054,0,1,190,726,703,401,,2020,
65536,597592.371769168,1232052,1,0,195,716,625,379,,1915,
65536,597592.371777258,1232054,0,1,232,728,636,554,,2150,
65536,597592.371787165,1232052,1,0,210,717,656,406,,1989,
65536,597592.371795292,1232054,0,1,281,719,749,383,,2132,
65536,597592.371804979,1232052,1,0,215,719,632,412,,1978,
65536,597592.371813223,1232054,0,1,198,765,632,410,,2005,
65536,597592.371823014,1232052,1,0,170,734,628,438,,1970,
65536,597592.371830742,1232054,0,1,205,790,656,410,,2061,
65536,597592.371840101,1232052,1,0,196,736,657,395,,1984,
65536,597592.371848202,1232054,0,1,220,731,717,373,,2041,
65536,597592.371857790,1232052,1,0,184,735,630,367,,1916,
65536,597592.371865842,1232054,0,1,205,740,679,398,,2022,
65536,597592.371875354,1232052,1,0,194,735,628,378,,1935,
65536,597592.371883424,1232054,0,1,182,755,698,533,,2168,
65536,597592.371893089,1232052,1,0,178,733,622,380,,1913,
65536,597592.371901292,1232054,0,1,216,733,697,484,,2130,
65536,597592.371910896,1232052,1,0,193,765,624,380,,1962,
65536,597592.371918861,1232054,0,1,196,732,619,381,,1928,
65536,597592.371928210,1232052,1,0,171,738,629,359,,1897,
65536,597592.371936543,1232054,0,1,370,747,693,450,,2260,
65536,597592.371946311,1232052,1,0,174,722,667,399,,1962,
65536,597592.371954813,1232054,0,1,194,735,619,371,,1919,
65536,597592.371964256,1232052,1,0,183,726,629,381,,1919,
65536,597592.371972659,1232054,0,1,332,719,666,431,,2148,
65536,597592.371982370,1232052,1,0,192,737,644,405,,1978,
65536,597592.371990688,1232054,0,1,177,743,675,364,,1959,
65536,597592.372000180,1232052,1,0,175,738,620,432,,1965,
65536,597592.372007920,1232054,0,1,211,739,774,409,,2133,
65536,597592.372017412,1232052,1,0,240,726,672,385,,2023,
65536,597592.372025399,1232054,0,1,187,719,626,370,,1902,
65536,597592.372034996,1232052,1,0,211,734,629,462,,2036,
65536,597592.372043000,1232054,0,1,183,747,651,420,,2001,
65536,597592.372052347,1232052,1,0,205,740,625,410,,1980,
65536,597592.372060201,1232054,0,1,185,803,615,391,,1994,
65536,597592.372069947,1232052,1,0,184,730,623,464,,2001,
65536,597592.372077842,1232054,0,1,320,742,694,435,,2191,
65536,597592.372087634,1232052,1,0,303,734,662,402,,2101,
65536,597592.372095797,1232054,0,1,204,750,713,361,,2028,
65536,597592.372105508,1232052,1,0,175,833,635,414,,2057,
65536,597592.372113694,1232054,0,1,200,780,711,454,,2145,
65536,597592.372123535,1232052,1,0,219,748,661,387,,2015,
65536,597592.372132936,1232054,0,1,202,722,628,448,,2000,
65536,597592.372144098,1232052,1,0,188,730,679,593,,2190,
65536,597592.372150832,1232054,0,1,176,731,658,376,,1941,
65536,597592.372161820,1232052,1,0,203,734,639,424,,2000,
65536,597592.372168137,1232054,0,1,273,729,662,384,,2048,
65536,597592.372179546,1232052,1,0,202,741,666,434,,2043,
65536,597592.372186202,1232054,0,1,190,766,703,420,,2079,
65536,597592.372197830,1232052,1,0,202,756,737,434,,2129,
65536,597592.372208110,1232054,0,1,209,763,695,430,,2097,
65536,597592.372218809,1232052,1,0,204,744,635,384,,1967,
65536,597592.372225438,1232054,0,1,205,770,794,453,,2222,
65536,597592.372237036,1232052,1,0,209,766,687,423,,2085,
65536,597592.372243623,1232054,0,1,220,757,704,416,,2097,
65536,597592.372254806,1232052,1,0,216,747,645,376,,1984,
65536,597592.372261718,1232054,0,1,183,766,707,402,,2058,
65536,597592.372273202,1232052,1,0,214,738,662,405,,2019,
65536,597592.372279603,1232054,0,1,184,751,717,464,,2116,
65536,597592.372291406,1232052,1,0,209,737,649,387,,1982,
65536,597592.372298364,1232054,0,1,241,743,713,450,,2147,
65536,597592.372309895,1232052,1,0,208,751,711,412,,2082,
65536,597592.372316823,1232054,0,1,203,742,697,485,,2127,
65536,597592.372327903,1232052,1,0,210,752,664,550,,2176,
65536,597592.372334856,1232054,0,1,241,741,704,444,,2130,
65536,597592.372346528,1232052,1,0,223,754,661,377,,2015,
65536,597592.372353136,1232054,0,1,209,773,698,438,,2118,
65536,597592.372364700,1232052,1,0,210,739,625,382,,1956,
65536,597592.372377704,1232054,0,1,207,746,683,448,,2084,
65536,597592.372388505,1232052,1,0,270,735,663,361,,2029,
65536,597592.372394944,1232054,0,1,176,724,646,473,,2019,
65536,597592.372406093,1232052,1,0,193,739,656,392,,1980,
65536,597592.372412738,1232054,0,1,214,743,645,371,,1973,
65536,597592.372423960,1232052,1,0,289,754,722,405,,2170,
65536,597592.372430574,1232054,0,1,208,733,636,379,,1956,
65536,597592.372441571,1232052,1,0,187,740,702,398,,2027,
65536,597592.372448517,1232054,0,1,214,724,665,396,,1999,
65536,597592.372459737,1232052,1,0,192,721,644,371,,1928,
65536,597592.372466704,1232054,0,1,230,550,641,5437,,6858,
65536,597592.372482809,1232052,1,0,248,729,1189,545,,2711,
65536,597592.372490084,1232054,0,1,334,745,760,439,,2278,
65536,597592.372501428,1232052,1,0,186,719,657,411,,1973,
65536,597592.372508039,1232054,0,1,180,738,730,398,,2046,
65536,597592.372519108,1232052,1,0,193,737,629,376,,1935,
65536,597592.372525464,1232054,0,1,246,734,677,420,,2077,
65536,597592.372536533,1232052,1,0,197,728,656,404,,1985,
65536,597592.372543111,1232054,0,1,176,736,632,364,,1908,
65536,597592.372554402,1232052,1,0,235,729,653,390,,2007,
65536,597592.372561023,1232054,0,1,192,731,636,412,,1971,
65536,597592.372571667,1232052,1,0,189,721,622,421,,1953,
65536,597592.372578388,1232054,0,1,239,727,657,381,,2004,
65536,597592.372589348,1232052,1,0,287,720,624,376,,2007,
65536,597592.372596206,1232054,0,1,199,740,643,393,,1975,
65536,597592.372607264,1232052,1,0,191,735,674,427,,2027,
65536,597592.372613860,1232054,0,1,241,728,626,370,,1965,
65536,597592.372625113,1232052,1,0,190,727,658,410,,1985,
65536,597592.372632218,1232054,0,1,204,737,629,404,,1974,
65536,597592.372643478,1232052,1,0,201,731,664,389,,1985,
65536,597592.372650262,1232054,0,1,180,740,697,578,,2195,
65536,597592.372661621,1232052,1,0,180,721,660,402,,1963,
65536,597592.372668535,1232054,0,1,197,737,654,402,,1990,
65536,597592.372679674,1232052,1,0,185,736,672,434,,2027,
65536,597592.372686656,1232054,0,1,208,741,650,441,,2040,
65536,597592.372697964,1232052,1,0,214,726,652,431,,2023,
65536,597592.372738685,1232054,0,1,237,845,687,486,,2255,
65536,597592.372749156,1232052,1,0,194,720,664,428,,2006,
65536,597592.372756748,1232054,0,1,170,732,624,395,,1921,
65536,597592.372767634,1232052,1,0,196,726,646,406,,1974,
65536,597592.372777018,1232054,0,1,272,727,639,397,,2035,
65536,597592.372788491,1232052,1,0,197,722,632,406,,1957,
65536,597592.372797869,1232054,0,1,187,733,653,447,,2020,
65536,597592.372809339,1232052,1,0,194,718,647,373,,1932,
65536,597592.372818775,1232054,0,1,188,813,653,425,,2079,
65536,597592.372830169,1232052,1,0,185,737,878,370,,2170,
65536,597592.372839721,1232054,0,1,194,740,656,390,,1980,
65536,597592.372851117,1232052,1,0,193,743,632,381,,1949,
65536,597592.372860630,1232054,0,1,205,735,626,391,,1957,
65536,597592.372871789,1232052,1,0,199,733,655,408,,1995,
65536,597592.372881283,1232054,0,1,203,735,667,439,,2044,
65536,597592.372892889,1232052,1,0,187,741,643,482,,2053,
65536,597592.372902652,1232054,0,1,288,732,642,375,,2037,
65536,597592.372991715,1232052,1,0,271,833,762,475,,2341,
65536,597592.373001302,1232054,0,1,207,735,871,427,,2240,
65536,597592.373013179,1232052,1,0,186,741,742,363,,2032,
65536,597592.373022928,1232054,0,1,207,737,715,421,,2080,
65536,597592.373033858,1232052,1,0,199,739,668,449,,2055,
65536,597592.373043498,1232054,0,1,187,736,655,467,,2045,
65536,597592.373055059,1232052,1,0,198,802,662,356,,2018,
65536,597592.373064785,1232054,0,1,210,726,759,390,,2085,
65536,597592.373076198,1232052,1,0,185,730,621,462,,1998,
65536,597592.373086240,1232054,0,1,207,826,670,400,,2103,
65536,597592.373097930,1232052,1,0,185,735,621,441,,1982,
65536,597592.373107252,1232054,0,1,198,754,681,406,,2039,
65536,597592.373118774,1232052,1,0,209,804,634,375,,2022,
65536,597592.373128282,1232054,0,1,225,755,719,427,,2126,
65536,597592.373140306,1232052,1,0,292,768,635,367,,2062,
65536,597592.373149789,1232054,0,1,236,813,809,438,,2296,
65536,597592.373161430,1232052,1,0,209,756,672,390,,2027,
65536,597592.373171149,1232054,0,1,201,762,720,420,,2103,
65536,597592.373182797,1232052,1,0,214,754,661,377,,2006,
65536,597592.373192539,1232054,0,1,197,759,722,458,,2136,
65536,597592.373204271,1232052,1,0,224,753,669,395,,2041,
65536,597592.373214010,1232054,0,1,197,758,721,434,,2110,
65536,597592.373225854,1232052,1,0,228,745,655,382,,2010,
65536,597592.373235318,1232054,0,1,199,759,707,535,,2200,
65536,597592.373246726,1232052,1,0,218,754,717,420,,2109,
65536,597592.373256099,1232054,0,1,212,755,711,454,,2132,
65536,597592.373267498,1232052,1,0,219,760,634,408,,2021,
65536,597592.373277012,1232054,0,1,390,759,709,426,,2284,
65536,597592.373289088,1232052,1,0,218,761,703,370,,2052,
65536,597592.373299108,1232054,0,1,193,749,714,450,,2106,
65536,597592.373311192,1232052,1,0,301,760,642,371,,2074,
65536,597592.373321323,1232054,0,1,198,777,714,441,,2130,
65536,597592.373333044,1232052,1,0,221,737,638,409,,2005,
65536,597592.373342069,1232054,0,1,326,735,646,364,,2071,
65536,597592.373353496,1232052,1,0,189,723,647,381,,1940,
65536,597592.373363036,1232054,0,1,219,735,731,601,,2286,
65536,597592.373374830,1232052,1,0,188,759,699,388,,2034,
65536,597592.373383853,1232054,0,1,180,731,656,396,,1963,
65536,597592.373395031,1232052,1,0,208,741,656,409,,2014,
65536,597592.373405074,1232054,0,1,201,738,640,388,,1967,
65536,597592.373416097,1232052,1,0,196,734,625,379,,1934,
65536,597592.373424058,1232054,0,1,179,732,645,361,,1917,
65536,597592.373434882,1232052,1,0,208,735,656,405,,2004,
65536,597592.373443530,1232054,0,1,210,728,629,412,,1979,
65536,597592.373453803,1232052,1,0,206,732,651,369,,1958,
65536,597592.373462373,1232054,0,1,200,752,646,373,,1971,
65536,597592.373474981,1232052,1,0,232,741,719,424,,2116,
65536,597592.373483235,1232054,0,1,224,745,815,412,,2196,
65536,597592.373494659,1232052,1,0,197,822,732,386,,2137,
65536,597592.373502869,1232054,0,1,281,747,630,388,,2046,
65536,597592.373512765,1232052,1,0,207,729,648,363,,1947,
65536,597592.373520908,1232054,0,1,278,735,773,435,,2221,
65536,597592.373530991,1232052,1,0,313,736,716,403,,2168,
65536,597592.373539250,1232054,0,1,258,728,643,381,,2010,
65536,597592.373548754,1232052,1,0,206,741,687,373,,2007,
65536,597592.373579368,1232054,0,1,258,744,676,524,,2202,
65536,597592.373588261,1232052,1,0,184,743,633,414,,1974,
65536,597592.373594244,1232054,0,1,185,737,650,385,,1957,
65536,597592.373604929,1232052,1,0,198,730,712,428,,2068,
65536,597592.373611086,1232054,0,1,203,742,729,384,,2058,
65536,597592.373622098,1232052,1,0,187,727,661,372,,1947,
65536,597592.373628245,1232054,0,1,190,762,701,368,,2021,
65536,597592.373638940,1232052,1,0,196,735,703,420,,2054,
65536,597592.373645072,1232054,0,1,213,725,630,388,,1956,
65536,597592.373656202,1232052,1,0,184,774,659,368,,1985,
65536,597592.373662166,1232054,0,1,186,732,639,390,,1947,
65536,597592.373673268,1232052,1,0,179,738,627,383,,1927,
65536,597592.373679313,1232054,0,1,230,723,635,426,,2014,
65536,597592.373690466,1232052,1,0,189,727,645,417,,1978,
65536,597592.373696454,1232054,0,1,185,725,651,379,,1940,
65536,597592.373707403,1232052,1,0,179,758,624,427,,1988,
65536,597592.373713471,1232054,0,1,201,734,639,440,,2014,
65536,597592.373724305,1232052,1,0,190,742,654,375,,1961,
65536,597592.373730177,1232054,0,1,244,727,654,379,,2004,
65536,597592.373741341,1232052,1,0,198,734,659,401,,1992,
65536,597592.373747387,1232054,0,1,198,723,691,361,,1973,
65536,597592.373758483,1232052,1,0,200,742,631,402,,1975,
65536,597592.373764631,1232054,0,1,181,722,657,370,,1930,
65536,597592.373775623,1232052,1,0,192,731,621,401,,1945,
65536,597592.373781905,1232054,0,1,205,792,638,378,,2013,
65536,597592.373792751,1232052,1,0,186,729,652,379,,1946,
65536,597592.373798183,1232054,0,1,179,733,625,362,,1899,
65536,597592.373809098,1232052,1,0,358,727,691,393,,2169,
65536,597592.373815499,1232054,0,1,210,743,633,413,,1999,
65536,597592.373826453,1232052,1,0,186,720,644,376,,1926,
65536,597592.373832184,1232054,0,1,170,734,663,406,,1973,
65536,597592.373843222,1232052,1,0,183,731,619,401,,1934,
65536,597592.373849339,1232054,0,1,208,747,646,392,,1993,
65536,597592.373860026,1232052,1,0,211,743,682,376,,2012,
65536,597592.373865987,1232054,0,1,183,739,629,376,,1927,
65536,597592.373876954,1232052,1,0,177,744,646,377,,1944,
65536,597592.373883212,1232054,0,1,210,734,647,410,,2001,
65536,597592.373894006,1232052,1,0,212,740,621,398,,1971,
65536,597592.373899743,1232054,0,1,177,747,680,414,,2018,
65536,597592.373910945,1232052,1,0,198,731,619,407,,1955,
65536,597592.373916852,1232054,0,1,225,734,652,384,,1995,
65536,597592.373927510,1232052,1,0,193,741,700,568,,2202,
65536,597592.373933505,1232054,0,1,182,739,630,354,,1905,
65536,597592.373944629,1232052,1,0,197,723,676,409,,2005,
65536,597592.373950488,1232054,0,1,236,726,642,404,,2008,
65536,597592.373961663,1232052,1,0,188,742,658,422,,2010,
65536,597592.373967648,1232054,0,1,214,738,635,409,,1996,
65536,597592.373978309,1232052,1,0,206,730,683,427,,2046,
65536,597592.373984465,1232054,0,1,193,727,629,448,,1997,
65536,597592.373995447,1232052,1,0,199,728,651,408,,1986,
65536,597592.374001028,1232054,0,1,182,738,694,565,,2179,
65536,597592.374012359,1232052,1,0,207,726,664,375,,1972,
65536,597592.374018290,1232054,0,1,217,749,630,390,,1986,
65536,597592.374029303,1232052,1,0,188,737,772,367,,2064,
65536,597592.374035139,1232054,0,1,180,727,632,390,,1929,
65536,597592.374046229,1232052,1,0,202,718,619,373,,1912,
65536,597592.374052232,1232054,0,1,187,722,660,409,,1978,
65536,597592.374063414,1232052,1,0,198,721,643,391,,1953,
65536,597592.374069109,1232054,0,1,218,729,639,403,,1989,
65536,597592.374079948,1232052,1,0,187,735,627,431,,1980,
65536,597592.374086166,1232054,0,1,197,725,625,435,,1982,
65536,597592.374097501,1232052,1,0,192,728,661,375,,1956,
65536,597592.374103339,1232054,0,1,186,724,628,368,,1906,
65536,597592.374114350,1232052,1,0,177,734,656,378,,1945,
65536,597592.374120756,1232054,0,1,215,729,641,407,,1992,
65536,597592.374132190,1232052,1,0,177,737,627,374,,1915,
65536,597592.374138080,1232054,0,1,178,806,653,439,,2076,
65536,597592.374148848,1232052,1,0,195,740,631,407,,1973,
65536,597592.374154892,1232054,0,1,205,727,629,441,,2002,
65536,597592.374166197,1232052,1,0,206,731,701,383,,2021,
65536,597592.374172361,1232054,0,1,178,728,643,394,,1943,
65536,597592.374183063,1232052,1,0,184,730,654,400,,1968,
65536,597592.374189234,1232054,0,1,214,742,668,544,,2168,
65536,597592.374200554,1232052,1,0,191,817,640,363,,2011,
65536,597592.374206572,1232054,0,1,182,724,724,412,,2042,
65536,597592.374217505,1232052,1,0,204,719,630,381,,1934,
65536,597592.374223616,1232054,0,1,193,813,633,366,,2005,
65536,597592.374234634,1232052,1,0,248,739,656,374,,2017,
65536,597592.374240520,1232054,0,1,163,734,618,365,,1880,
65536,597592.374251629,1232052,1,0,185,734,685,449,,2053,
65536,597592.374259038,1232054,0,1,195,731,636,426,,1988,
65536,597592.374270251,1232052,1,0,185,734,656,394,,1969,
65536,597592.374277667,1232054,0,1,182,744,625,379,,1930,
65536,597592.374289079,1232052,1,0,175,734,650,401,,1960,
65536,597592.374296359,1232054,0,1,211,727,664,390,,1992,
65536,597592.374307353,1232052,1,0,237,781,647,372,,2037,
65536,597592.374314929,1232054,0,1,184,746,629,387,,1946,
65536,597592.374325874,1232052,1,0,190,753,658,405,,2006,
65536,597592.374332452,1232054,0,1,547,724,647,393,,2311,
65536,597592.374342953,1232052,1,0,203,722,632,467,,2024,
65536,597592.374349524,1232054,0,1,205,730,677,378,,1990,
65536,597592.374359799,1232052,1,0,206,727,632,380,,1945,
65536,597592.374366891,1232054,0,1,218,742,637,412,,2009,
65536,597592.374377519,1232052,1,0,191,729,671,409,,2000,
65536,597592.374384408,1232054,0,1,217,747,625,365,,1954,
65536,597592.374394921,1232052,1,0,305,742,651,418,,2116,
65536,597592.374401630,1232054,0,1,216,736,625,368,,1945,
65536,597592.374411467,1232052,1,0,230,733,647,423,,2033,
65536,597592.374418239,1232054,0,1,166,726,630,402,,1924,
65536,597592.374428207,1232052,1,0,179,726,656,431,,1992,
65536,597592.374434637,1232054,0,1,195,730,687,417,,2029,
65536,597592.374444461,1232052,1,0,197,731,624,425,,1977,
65536,597592.374451460,1232054,0,1,188,729,640,379,,1936,
65536,597592.374461406,1232052,1,0,191,735,626,405,,1957,
65536,597592.374470530,1232054,0,1,224,,,1603,,3482,
65536,597592.374482030,1232052,1,0,288,819,725,520,,2352,
65536,597592.374489712,1232054,0,1,204,733,657,479,,2073,
65536,597592.374499795,1232052,1,0,195,737,714,384,,2030,
65536,597592.374506630,1232054,0,1,217,737,665,485,,2104,
65536,597592.374516216,1232052,1,0,195,727,642,380,,1944,
65536,597592.374522970,1232054,0,1,186,728,745,364,,2023,
65536,597592.374532760,1232052,1,0,177,724,674,585,,2160,
65536,597592.374539849,1232054,0,1,193,728,630,406,,1957,
65536,597592.374549446,1232052,1,0,200,731,710,360,,2001,
65536,597592.374556420,1232054,0,1,175,763,653,399,,1990,
65536,597592.374566136,1232052,1,0,189,727,621,407,,1944,
65536,597592.374572585,1232054,0,1,212,737,648,382,,1979,
65536,597592.374582009,1232052,1,0,196,741,628,403,,1968,
65536,597592.374587940,1232054,0,1,195,740,645,367,,1947,
65536,597592.374597559,1232052,1,0,182,738,663,398,,1981,
65536,597592.374604060,1232054,0,1,197,735,956,451,,2339,
65536,597592.374614007,1232052,1,0,191,723,626,362,,1902,
65536,597592.374620716,1232054,0,1,177,731,656,382,,1946,
65536,597592.374630777,1232052,1,0,198,757,640,375,,1970,
65536,597592.374637538,1232054,0,1,190,731,654,407,,1982,
65536,597592.374647029,1232052,1,0,194,726,624,401,,1945,
65536,597592.374654622,1232054,0,1,187,729,659,366,,1941,
65536,597592.374664371,1232052,1,0,187,728,932,464,,2311,
65536,597592.374672593,1232054,0,1,208,752,675,404,,2039,
65536,597592.374682419,1232052,1,0,404,739,629,368,,2140,
65536,597592.374690139,1232054,0,1,178,733,641,363,,1915,
65536,597592.374700080,1232052,1,0,191,740,630,400,,1961,
65536,597592.374706490,1232054,0,1,191,703,629,384,,1907,
65536,597592.374715919,1232052,1,0,178,736,631,372,,1917,
65536,597592.374722507,1232054,0,1,198,760,646,366,,1970,
65536,597592.374731968,1232052,1,0,183,731,620,364,,1898,
65536,597592.374738422,1232054,0,1,207,747,629,359,,1942,
65536,597592.374747667,1232052,1,0,188,742,645,381,,1956,
65536,597592.374754578,1232054,0,1,183,726,649,364,,1922,
65536,597592.374764056,1232052,1,0,183,739,625,411,,1958,
65536,597592.374770417,1232054,0,1,218,729,675,438,,2060,
65536,597592.374779805,1232052,1,0,186,736,631,378,,1931,
65536,597592.374786412,1232054,0,1,183,736,657,364,,1940,
65536,597592.374796179,1232052,1,0,188,763,624,367,,1942,
65536,597592.374826474,1232054,0,1,298,734,750,398,,2180,
65536,597592.374833792,1232052,1,0,220,741,705,374,,2040,
65536,597592.374840487,1232054,0,1,212,745,628,422,,2007,
65536,597592.374850266,1232052,1,0,182,721,755,369,,2027,
65536,597592.374856644,1232054,0,1,201,727,807,359,,2094,
65536,597592.374866145,1232052,1,0,292,724,636,405,,2057,
65536,597592.374872855,1232054,0,1,204,725,647,421,,1997,
65536,597592.374882449,1232052,1,0,190,722,625,356,,1893,
65536,597592.374889382,1232054,0,1,192,717,637,360,,1906,
65536,597592.374898841,1232052,1,0,194,724,714,414,,2046,
65536,597592.374906065,1232054,0,1,208,735,696,376,,2015,
65536,597592.374915772,1232052,1,0,320,721,628,360,,2029,
65536,597592.374922948,1232054,0,1,176,733,640,379,,1928,
65536,597592.374932253,1232052,1,0,202,721,630,391,,1944,
65536,597592.374939535,1232054,0,1,202,746,669,414,,2031,
65536,597592.374949162,1232052,1,0,193,718,736,370,,2017,
65536,597592.374956323,1232054,0,1,187,742,626,361,,1916,
65536,597592.374965808,1232052,1,0,177,728,633,432,,1970,
65536,597592.374972353,1232054,0,1,238,739,670,396,,2043,
65536,597592.374981951,1232052,1,0,200,737,619,371,,1927,
65536,597592.374988431,1232054,0,1,208,729,627,363,,1927,
65536,597592.374997851,1232052,1,0,202,745,644,431,,2022,
65536,597592.375004196,1232054,0,1,195,729,659,413,,1996,
65536,597592.375013978,1232052,1,0,199,723,658,365,,1945,
65536,597592.375021082,1232054,0,1,185,734,623,367,,1909,
65536,597592.375030520,1232052,1,0,201,731,663,486,,2081,
65536,597592.375037212,1232054,0,1,181,738,695,408,,2022,
65536,597592.375046768,1232052,1,0,213,727,631,490,,2061,
65536,597592.375053299,1232054,0,1,174,738,619,394,,1925,
65536,597592.375062729,1232052,1,0,200,734,641,399,,1974,
65536,597592.375070704,1232054,0,1,190,753,703,446,,2092,
65536,597592.375080514,1232052,1,0,184,746,626,398,,1954,
65536,597592.375087391,1232054,0,1,181,730,625,380,,1916,
65536,597592.375096716,1232052,1,0,195,726,661,373,,1955,
65536,597592.375103368,1232054,0,1,216,738,723,470,,2147,
65536,597592.375113324,1232052,1,0,222,731,628,433,,2014,
65536,597592.375119970,1232054,0,1,202,744,628,402,,1976,
65536,597592.375129327,1232052,1,0,203,734,735,376,,2048,
65536,597592.375136036,1232054,0,1,200,748,710,415,,2073,
65536,597592.375145813,1232052,1,0,195,730,624,387,,1936,
65536,597592.375153333,1232054,0,1,187,750,640,364,,1941,
65536,597592.375162847,1232052,1,0,191,720,636,410,,1957,
65536,597592.375170169,1232054,0,1,206,727,662,402,,1997,
65536,597592.375179757,1232052,1,0,184,729,674,368,,1955,
65536,597592.375185953,1232054,0,1,186,740,656,381,,1963,
65536,597592.375195233,1232052,1,0,201,722,727,410,,2060,
65536,597592.375201217,1232054,0,1,213,741,652,410,,2016,
65536,597592.375210765,1232052,1,0,251,738,642,354,,1985,
65536,597592.375218589,1232054,0,1,181,732,622,376,,1911,
65536,597592.375228113,1232052,1,0,193,725,644,359,,1921,
65536,597592.375235855,1232054,0,1,198,754,684,356,,1992,
65536,597592.375245539,1232052,1,0,207,731,631,370,,1939,
65536,597592.375253448,1232054,0,1,183,725,655,410,,1973,
65536,597592.375263271,1232052,1,0,191,735,633,386,,1945,
65536,597592.375271381,1232054,0,1,214,724,682,363,,1983,
65536,597592.375281364,1232052,1,0,181,730,648,404,,1963,
65536,597592.375289464,1232054,0,1,181,747,645,424,,1997,
65536,597592.375298952,1232052,1,0,190,747,655,395,,1987,
65536,597592.375306757,1232054,0,1,212,733,659,376,,1980,
65536,597592.375316526,1232052,1,0,261,843,729,460,,2293,
65536,597592.375324886,1232054,0,1,186,802,632,375,,1995,
65536,597592.375334736,1232052,1,0,514,733,733,399,,2379,
65536,597592.375343352,1232054,0,1,211,737,668,415,,2031,
65536,597592.375353210,1232052,1,0,197,726,652,382,,1957,
65536,597592.375360985,1232054,0,1,179,732,628,369,,1908,
65536,597592.375370312,1232052,1,0,195,733,728,380,,2036,
65536,597592.375378542,1232054,0,1,216,742,692,408,,2058,
65536,597592.375388414,1232052,1,0,189,735,615,370,,1909,
65536,597592.375396453,1232054,0,1,182,755,622,361,,1920,
65536,597592.375405795,1232052,1,0,321,853,822,468,,2464,
65536,597592.375414360,1232054,0,1,212,739,643,386,,1980,
65536,597592.375424144,1232052,1,0,186,735,676,371,,1968,
65536,597592.375432186,1232054,0,1,237,742,633,375,,1987,
65536,597592.375441714,1232052,1,0,358,914,797,458,,2527,
65536,597592.375450448,1232054,0,1,207,713,674,399,,1993,
65536,597592.375460007,1232052,1,0,373,737,832,388,,2330,
65536,597592.375470833,1232054,0,1,221,730,681,478,,2110,
65536,597592.375481358,1232052,1,0,241,744,778,434,,2197,
65536,597592.375490019,1232054,0,1,223,758,651,385,,2017,
65536,597592.375500584,1232052,1,0,185,751,809,391,,2136,
65536,597592.375509127,1232054,0,1,219,753,788,462,,2222,
65536,597592.375519663,1232052,1,0,197,747,827,444,,2215,
65536,597592.375528195,1232054,0,1,195,738,665,366,,1964,
65536,597592.375538451,1232052,1,0,272,882,710,400,,2264,
65536,597592.375546891,1232054,0,1,220,778,651,354,,2003,
65536,597592.375557181,1232052,1,0,214,764,686,414,,2078,
65536,597592.375565620,1232054,0,1,219,767,642,381,,2009,
65536,597592.375576697,1232052,1,0,200,857,848,445,,2350,
65536,597592.375585644,1232054,0,1,200,765,657,376,,1998,
65536,597592.375647030,1232052,1,0,305,777,1058,516,,2656,
65536,597592.375656102,1232054,0,1,196,755,775,421,,2147,
65536,597592.375666888,1232052,1,0,299,759,729,541,,2328,
65536,597592.375675542,1232054,0,1,211,753,940,399,,2303,
65536,597592.375686142,1232052,1,0,186,771,681,417,,2055,
65536,597592.375694637,1232054,0,1,202,745,659,386,,1992,
65536,597592.375704977,1232052,1,0,190,749,746,479,,2164,
65536,597592.375713305,1232054,0,1,200,765,634,368,,1967,
65536,597592.375723399,1232052,1,0,192,751,713,418,,2074,
65536,597592.375731870,1232054,0,1,205,735,652,399,,1991,
65536,597592.375742591,1232052,1,0,209,743,773,513,,2238,
65536,597592.375750848,1232054,0,1,187,713,655,370,,1925,
65536,597592.375760237,1232052,1,0,607,741,652,383,,2383,
65536,597592.375768626,1232054,0,1,195,745,659,416,,2015,
65536,597592.375778404,1232052,1,0,199,734,738,400,,2071,
65536,597592.375786974,1232054,0,1,300,831,743,443,,2317,
65536,597592.375797354,1232052,1,0,529,757,766,476,,2528,
65536,597592.375806562,1232054,0,1,327,743,777,415,,2262,
65536,597592.375817328,1232052,1,0,310,765,707,448,,2230,
65536,597592.375826218,1232054,0,1,310,741,625,442,,2118,
65536,597592.375836582,1232052,1,0,220,868,685,450,,2223,
65536,597592.375844941,1232054,0,1,198,743,668,388,,1997,
65536,597592.375855290,1232052,1,0,218,758,705,435,,2116,
65536,597592.375863874,1232054,0,1,200,835,730,426,,2191,
65536,597592.375874176,1232052,1,0,193,882,747,415,,2237,
65536,597592.375882714,1232054,0,1,318,737,664,378,,2097,
65536,597592.375892491,1232052,1,0,418,925,719,428,,2490,
65536,597592.375901483,1232054,0,1,183,741,624,456,,2004,
65536,597592.375911100,1232052,1,0,174,739,652,382,,1947,
65536,597592.375919087,1232054,0,1,310,763,665,412,,2150,
65536,597592.375928860,1232052,1,0,189,725,629,420,,1963,
65536,597592.375937723,1232054,0,1,265,740,622,365,,1992,
65536,597592.375947274,1232052,1,0,202,733,620,378,,1933,
65536,597592.375955913,1232054,0,1,183,732,643,401,,1959,
65536,597592.375965595,1232052,1,0,193,737,682,390,,2002,
65536,597592.375974340,1232054,0,1,192,736,734,364,,2026,
65536,597592.375983697,1232052,1,0,180,736,630,364,,1910,
65536,597592.375992290,1232054,0,1,203,742,667,511,,2123,
65536,597592.376002507,1232052,1,0,188,723,627,438,,1976,
65536,597592.376010372,1232054,0,1,201,745,625,361,,1932,
65536,597592.376019547,1232052,1,0,185,719,648,370,,1922,
65536,597592.376028114,1232054,0,1,221,836,734,518,,2309,
65536,597592.376038227,1232052,1,0,205,742,644,391,,1982,
65536,597592.376046462,1232054,0,1,189,746,620,365,,1920,
65536,597592.376055935,1232052,1,0,349,717,643,381,,2090,
65536,597592.376064417,1232054,0,1,292,728,668,421,,2109,
65536,597592.376074431,1232052,1,0,197,727,669,440,,2033,
65536,597592.376083247,1232054,0,1,317,825,718,410,,2270,
65536,597592.376093061,1232052,1,0,409,731,665,563,,2368,
65536,597592.376102467,1232054,0,1,298,745,645,418,,2106,
65536,597592.376112276,1232052,1,0,272,727,623,405,,2027,
65536,597592.376120597,1232054,0,1,256,837,623,386,,2102,
65536,597592.376130028,1232052,1,0,188,756,705,426,,2075,
65536,597592.376138334,1232054,0,1,190,729,723,382,,2024,
65536,597592.376147767,1232052,1,0,237,743,662,385,,2027,
65536,597592.376155844,1232054,0,1,181,739,630,393,,1943,
65536,597592.376165409,1232052,1,0,177,735,644,367,,1923,
65536,597592.376173491,1232054,0,1,210,727,648,444,,2029,
65536,597592.376183117,1232052,1,0,196,776,635,393,,2000,
65536,597592.376191185,1232054,0,1,196,729,630,367,,1922,
65536,597592.376200613,1232052,1,0,177,729,650,386,,1942,
65536,597592.376209021,1232054,0,1,196,747,720,408,,2071,
65536,597592.376218569,1232052,1,0,191,735,629,419,,1974,
65536,597592.376226895,1232054,0,1,201,733,682,390,,2006,
65536,597592.376236464,1232052,1,0,182,734,691,680,,2287,
65536,597592.376244686,1232054,0,1,188,747,653,405,,1993,
65536,597592.376254197,1232052,1,0,199,723,649,382,,1953,
65536,597592.376262197,1232054,0,1,232,746,621,386,,1985,
65536,597592.376271499,1232052,1,0,169,728,629,349,,1875,
65536,597592.376279565,1232054,0,1,286,735,735,385,,2141,
65536,597592.376289644,1232052,1,0,214,727,729,419,,2089,
65536,597592.376297820,1232054,0,1,189,722,620,364,,1895,
65536,597592.376306972,1232052,1,0,334,720,762,362,,2178,
65536,597592.376315332,1232054,0,1,231,732,646,439,,2048,
65536,597592.376324964,1232052,1,0,193,724,629,404,,1950,
65536,597592.376333035,1232054,0,1,218,744,753,379,,2094,
65536,597592.376342737,1232052,1,0,175,725,799,375,,2074,
65536,597592.376351252,1232054,0,1,215,757,676,398,,2046,
65536,597592.376360899,1232052,1,0,205,858,636,388,,2087,
65536,597592.376369218,1232054,0,1,188,751,625,380,,1944,
65536,597592.376378417,1232052,1,0,191,725,637,365,,1918,
65536,597592.376386103,1232054,0,1,220,732,683,412,,2047,
65536,597592.376395988,1232052,1,0,194,744,619,385,,1942,
65536,597592.376403386,1232054,0,1,183,738,627,369,,1917,
65536,597592.376412731,1232052,1,0,187,759,741,362,,2049,
65536,597592.376420745,1232054,0,1,194,737,658,389,,1978,
65536,597592.376430451,1232052,1,0,201,738,635,413,,1987,
65536,597592.376437804,1232054,0,1,180,741,631,451,,2003,
65536,597592.376447403,1232052,1,0,188,746,634,363,,1931,
65536,597592.376453803,1232054,0,1,212,729,627,422,,1990,
65536,597592.376463346,1232052,1,0,208,737,632,410,,1987,
65536,597592.376472312,1232054,0,1,216,,,1591,,3896,
65536,597592.376483574,1232052,1,0,313,730,875,486,,2404,
65536,597592.376490635,1232054,0,1,206,736,868,520,,2330,
65536,597592.376500563,1232052,1,0,186,735,645,395,,1961,
65536,597592.376507658,1232054,0,1,204,736,620,409,,1969,
65536,597592.376517338,1232052,1,0,269,735,625,467,,2096,
65536,597592.376524950,1232054,0,1,198,733,674,390,,1995,
65536,597592.376534569,1232052,1,0,183,729,629,383,,1924,
65536,597592.376542135,1232054,0,1,174,800,620,411,,2005,
65536,597592.376551394,1232052,1,0,176,734,625,418,,1953,
65536,597592.376558916,1232054,0,1,183,736,689,364,,1972,
65536,597592.376568573,1232052,1,0,278,734,713,429,,2154,
65536,597592.376576088,1232054,0,1,223,729,622,391,,1965,
65536,597592.376585478,1232052,1,0,181,758,620,362,,1921,
65536,597592.376593048,1232054,0,1,218,723,674,370,,1985,
65536,597592.376602826,1232052,1,0,207,734,725,381,,2047,
65536,597592.376610675,1232054,0,1,184,736,675,370,,1965,
65536,597592.376620088,1232052,1,0,182,732,640,373,,1927,
65536,597592.376628090,1232054,0,1,204,732,655,432,,2023,
65536,597592.376637783,1232052,1,0,191,725,773,369,,2058,
65536,597592.376645425,1232054,0,1,512,718,630,355,,2215,
65536,597592.376655091,1232052,1,0,327,711,682,422,,2142,
65536,597592.376662950,1232054,0,1,198,741,664,427,,2030,
65536,597592.376672627,1232052,1,0,210,736,716,460,,2122,
65536,597592.376679699,1232054,0,1,194,732,654,363,,1943,
65536,597592.376689327,1232052,1,0,177,734,634,359,,1904,
65536,597592.376696333,1232054,0,1,180,734,655,380,,1949,
65536,597592.376706010,1232052,1,0,200,735,632,430,,1997,
65536,597592.376713792,1232054,0,1,192,738,619,377,,1926,
65536,597592.376723269,1232052,1,0,194,734,724,411,,2063,
65536,597592.376730701,1232054,0,1,196,770,626,377,,1969,
65536,597592.376740311,1232052,1,0,193,737,624,375,,1929,
65536,597592.376748157,1232054,0,1,177,729,629,372,,1907,
65536,597592.376757727,1232052,1,0,210,735,646,390,,1981,
65536,597592.376765450,1232054,0,1,209,725,630,382,,1946,
65536,597592.376775038,1232052,1,0,194,735,622,367,,1918,
65536,597592.376782370,1232054,0,1,186,744,625,368,,1923,
65536,597592.376792058,1232052,1,0,209,744,611,388,,1952,
65536,597592.376798660,1232054,0,1,206,717,648,382,,1953,
65536,597592.376808325,1232052,1,0,195,767,694,417,,2073,
65536,597592.376815494,1232054,0,1,193,742,623,374,,1932,
65536,597592.376824879,1232052,1,0,198,732,654,424,,2008,
65536,597592.376832565,1232054,0,1,203,733,629,392,,1957,
65536,597592.376842177,1232052,1,0,194,732,733,526,,2185,
65536,597592.376849847,1232054,0,1,198,736,624,365,,1923,
65536,597592.376858997,1232052,1,0,201,735,771,493,,2200,
65536,597592.376867048,1232054,0,1,202,734,629,430,,1995,
65536,597592.376876715,1232052,1,0,194,807,742,366,,2109,
65536,597592.376884710,1232054,0,1,162,732,759,362,,2015,
65536,597592.376894272,1232052,1,0,299,729,653,380,,2061,
65536,597592.376902400,1232054,0,1,219,731,650,358,,1958,
65536,597592.376912499,1232052,1,0,200,972,625,385,,2182,
65536,597592.376920959,1232054,0,1,185,732,625,385,,1927,
65536,597592.376930323,1232052,1,0,197,840,801,370,,2208,
65536,597592.376938599,1232054,0,1,314,718,688,382,,2102,
65536,597592.376948543,1232052,1,0,177,721,730,392,,2020,
65536,597592.376956758,1232054,0,1,188,723,627,415,,1953,
65536,597592.376966393,1232052,1,0,255,744,645,399,,2043,
65536,597592.376974383,1232054,0,1,211,722,672,363,,1968,
65536,597592.376983829,1232052,1,0,177,741,734,376,,2028,
65536,597592.376992160,1232054,0,1,192,743,677,371,,1983,
65536,597592.377001672,1232052,1,0,187,737,660,366,,1950,
65536,597592.377009705,1232054,0,1,208,722,654,411,,1995,
65536,597592.377019818,1232052,1,0,193,737,618,391,,1939,
65536,597592.377027794,1232054,0,1,182,741,631,375,,1929,
65536,597592.377037344,1232052,1,0,203,726,758,407,,2094,
65536,597592.377045265,1232054,0,1,208,778,661,418,,2065,
65536,597592.377054821,1232052,1,0,190,737,629,454,,2010,
65536,597592.377062988,1232054,0,1,182,736,620,368,,1906,
65536,597592.377072780,1232052,1,0,286,740,640,417,,2083,
65536,597592.377080954,1232054,0,1,201,730,680,435,,2046,
65536,597592.377090501,1232052,1,0,189,737,625,452,,2003,
65536,597592.377098551,1232054,0,1,181,751,620,360,,1912,
65536,597592.377107660,1232052,1,0,198,735,671,396,,2000,
65536,597592.377115718,1232054,0,1,196,734,665,751,,2346,
65536,597592.377125647,1232052,1,0,186,846,684,372,,2088,
65536,597592.377133972,1232054,0,1,192,736,621,372,,1921,
65536,597592.377143579,1232052,1,0,192,739,623,397,,1951,
65536,597592.377152122,1232054,0,1,210,740,651,388,,1989,
65536,597592.377162594,1232052,1,0,182,726,645,363,,1916,
65536,597592.377170394,1232054,0,1,193,736,664,415,,2008,
65536,597592.377179996,1232052,1,0,253,736,671,373,,2033,
65536,597592.377187956,1232054,0,1,214,732,650,385,,1981,
65536,597592.377197409,1232052,1,0,220,723,617,499,,2059,
65536,597592.377205463,1232054,0,1,191,744,647,381,,1963,
65536,597592.377214926,1232052,1,0,301,719,647,774,,2441,
65536,597592.377223308,1232054,0,1,219,729,760,439,,2147,
65536,597592.377233327,1232052,1,0,190,724,626,452,,1992,
65536,597592.377241544,1232054,0,1,224,731,630,364,,1949,
65536,597592.377251058,1232052,1,0,194,719,678,374,,1965,
65536,597592.377259191,1232054,0,1,200,730,623,392,,1945,
65536,597592.377268640,1232052,1,0,207,733,623,366,,1929,
65536,597592.377276601,1232054,0,1,190,747,628,389,,1954,
65536,597592.377285890,1232052,1,0,205,736,702,369,,2012,
65536,597592.377293653,1232054,0,1,205,730,683,392,,2010,
65536,597592.377303318,1232052,1,0,204,723,668,394,,1989,
65536,597592.377311378,1232054,0,1,181,740,631,386,,1938,
65536,597592.377320988,1232052,1,0,200,724,751,373,,2048,
65536,597592.377329114,1232054,0,1,193,752,675,371,,1991,
65536,597592.377338831,1232052,1,0,209,859,649,403,,2120,
65536,597592.377346954,1232054,0,1,211,762,632,364,,1969,
65536,597592.377356214,1232052,1,0,195,722,720,430,,2067,
65536,597592.377364327,1232054,0,1,199,731,676,394,,2000,
65536,597592.377374035,1232052,1,0,199,806,782,453,,2240,
65536,597592.377382412,1232054,0,1,168,737,638,388,,1931,
65536,597592.377391635,1232052,1,0,416,733,690,371,,2210,
65536,597592.377400010,1232054,0,1,190,733,700,376,,1999,
65536,597592.377409660,1232052,1,0,223,737,617,398,,1975,
65536,597592.377446366,1232054,0,1,305,765,653,435,,2158,
65536,597592.377454383,1232052,1,0,585,809,663,431,,2488,
65536,597592.377463068,1232054,0,1,217,733,649,370,,1969,
65536,597592.377477152,1232052,1,0,212,725,676,402,,2015,
65536,597592.377485151,1232054,0,1,293,745,728,390,,2156,
65536,597592.377496871,1232052,1,0,183,728,622,410,,1943,
65536,597592.377504870,1232054,0,1,209,740,661,423,,2033,
65536,597592.377516593,1232052,1,0,203,746,654,407,,2010,
65536,597592.377524362,1232054,0,1,182,749,616,372,,1919,
65536,597592.377535850,1232052,1,0,189,741,654,356,,1940,
65536,597592.377543703,1232054,0,1,200,730,626,412,,1968,
65536,597592.377555116,1232052,1,0,186,738,674,386,,1984,
65536,597592.377562936,1232054,0,1,204,739,622,363,,1928,
65536,597592.377574483,1232052,1,0,334,730,643,406,,2113,
65536,597592.377582398,1232054,0,1,197,729,643,389,,1958,
65536,597592.377593836,1232052,1,0,345,818,641,380,,2184,
65536,597592.377602392,1232054,0,1,209,783,634,362,,1988,
65536,597592.377613087,1232052,1,0,205,732,624,353,,1914,
65536,597592.377620599,1232054,0,1,193,741,666,403,,2003,
65536,597592.377632094,1232052,1,0,192,734,720,498,,2144,
65536,597592.377639648,1232054,0,1,228,741,645,399,,2013,
65536,597592.377650793,1232052,1,0,197,751,648,365,,1961,
65536,597592.377658391,1232054,0,1,175,735,636,383,,1929,
65536,597592.377669773,1232052,1,0,191,735,622,401,,1949,
65536,597592.377677834,1232054,0,1,219,721,721,396,,2057,
65536,597592.377689122,1232052,1,0,268,728,654,405,,2055,
65536,597592.377697031,1232054,0,1,217,730,626,382,,1955,
65536,597592.377708525,1232052,1,0,201,725,671,419,,2016,
65536,597592.377717151,1232054,0,1,408,737,621,365,,2131,
65536,597592.377728358,1232052,1,0,190,749,745,387,,2071,
65536,597592.377736881,1232054,0,1,211,736,652,388,,1987,
65536,597592.377748164,1232052,1,0,242,736,671,393,,2042,
65536,597592.377756231,1232054,0,1,178,734,627,383,,1922,
65536,597592.377767395,1232052,1,0,195,735,688,408,,2026,
65536,597592.377774974,1232054,0,1,195,731,636,380,,1942,
65536,597592.377786257,1232052,1,0,193,719,665,419,,1996,
65536,597592.377793584,1232054,0,1,205,753,669,532,,2159,
65536,597592.377805060,1232052,1,0,183,734,825,413,,2155,
65536,597592.377813413,1232054,0,1,198,755,649,354,,1956,
65536,597592.377824494,1232052,1,0,175,724,654,393,,1946,
65536,597592.377833042,1232054,0,1,207,755,628,385,,1975,
65536,597592.377844099,1232052,1,0,186,729,745,363,,2023,
65536,597592.377852135,1232054,0,1,191,734,656,425,,2006,
65536,597592.377863439,1232052,1,0,195,731,619,393,,1938,
65536,597592.377871230,1232054,0,1,208,743,637,384,,1972,
65536,597592.377882644,1232052,1,0,214,735,650,405,,2004,
65536,597592.377890354,1232054,0,1,216,733,634,421,,2004,
65536,597592.377901586,1232052,1,0,361,745,721,376,,2203,
65536,597592.377909918,1232054,0,1,192,732,649,385,,1958,
65536,597592.377920972,1232052,1,0,201,726,674,402,,2003,
65536,597592.377929024,1232054,0,1,189,745,660,379,,1973,
65536,597592.377940268,1232052,1,0,292,717,993,395,,2397,
65536,597592.377948619,1232054,0,1,262,737,668,357,,2024,
65536,597592.377959825,1232052,1,0,328,729,655,443,,2155,
65536,597592.377968078,1232054,0,1,226,766,630,380,,2002,
65536,597592.377979861,1232052,1,0,213,759,716,526,,2214,
65536,597592.377987920,1232054,0,1,198,749,633,366,,1946,
65536,597592.378000108,1232052,1,0,221,756,694,495,,2166,
65536,597592.378008613,1232054,0,1,225,746,674,357,,2002,
65536,597592.378020632,1232052,1,0,186,776,776,415,,2153,
65536,597592.378028949,1232054,0,1,200,754,637,379,,1970,
65536,597592.378041037,1232052,1,0,186,754,714,437,,2091,
65536,597592.378049652,1232054,0,1,217,743,669,361,,1990,
65536,597592.378061970,1232052,1,0,207,755,713,434,,2109,
65536,597592.378070312,1232054,0,1,193,738,627,385,,1943,
65536,597592.378082452,1232052,1,0,215,750,723,445,,2133,
65536,597592.378091048,1232054,0,1,230,765,647,387,,2029,
65536,597592.378103408,1232052,1,0,224,748,754,413,,2139,
65536,597592.378112155,1232054,0,1,195,740,647,387,,1969,
65536,597592.378124393,1232052,1,0,195,756,794,529,,2274,
65536,597592.378133136,1232054,0,1,197,763,662,379,,2001,
65536,597592.378144941,1232052,1,0,230,771,686,459,,2146,
65536,597592.378152990,1232054,0,1,189,745,657,409,,2000,
65536,597592.378165365,1232052,1,0,202,763,715,486,,2166,
65536,597592.378173826,1232054,0,1,213,794,638,372,,2017,
65536,597592.378186214,1232052,1,0,234,748,699,453,,2134,
65536,597592.378194774,1232054,0,1,186,747,631,392,,1956,
65536,597592.378207181,1232052,1,0,191,755,694,441,,2081,
65536,597592.378215618,1232054,0,1,210,745,668,412,,2035,
65536,597592.378227849,1232052,1,0,214,743,730,434,,2121,
65536,597592.378236491,1232054,0,1,202,751,639,376,,1968,
65536,597592.378248655,1232052,1,0,273,747,747,477,,2244,
65536,597592.378256876,1232054,0,1,208,730,620,388,,1946,
65536,597592.378268397,1232052,1,0,215,726,677,386,,2004,
65536,597592.378276636,1232054,0,1,194,750,673,383,,2000,
65536,597592.378287964,1232052,1,0,212,720,652,433,,2017,
65536,597592.378296328,1232054,0,1,308,736,642,402,,2088,
65536,597592.378308276,1232052,1,0,227,834,733,425,,2219,
65536,597592.378317503,1232054,0,1,197,740,630,378,,1945,
65536,597592.378366679,1232052,1,0,212,767,723,415,,2117,
65536,597592.378374786,1232054,0,1,202,756,682,470,,2110,
65536,597592.378386752,1232052,1,0,185,730,672,377,,1964,
65536,597592.378395139,1232054,0,1,207,729,659,374,,1969,
65536,597592.378406587,1232052,1,0,206,726,757,408,,2097,
65536,597592.378415297,1232054,0,1,199,745,747,482,,2173,
65536,597592.378426399,1232052,1,0,302,737,650,377,,2066,
65536,597592.378435366,1232054,0,1,192,740,628,367,,1927,
65536,597592.378446872,1232052,1,0,188,720,699,405,,2012,
65536,597592.378455570,1232054,0,1,183,736,628,405,,1952,
65536,597592.378467134,1232052,1,0,202,220,679,2000,,3101,
65536,597592.378477316,1232054,0,1,212,716,669,388,,1985,
65536,597592.378488681,1232052,1,0,205,723,645,479,,2052,
65536,597592.378497908,1232054,0,1,201,726,672,405,,2004,
65536,597592.378508872,1232052,1,0,299,741,755,507,,2302,
65536,597592.378517714,1232054,0,1,185,724,636,438,,1983,
65536,597592.378528611,1232052,1,0,216,736,680,470,,2102,
65536,597592.378537166,1232054,0,1,183,732,825,372,,2112,
65536,597592.378548448,1232052,1,0,195,742,663,431,,2031,
65536,597592.378556960,1232054,0,1,212,723,664,367,,1966,
65536,597592.378568402,1232052,1,0,204,733,874,462,,2273,
65536,597592.378577842,1232054,0,1,208,730,676,367,,1981,
65536,597592.378589107,1232052,1,0,241,729,667,390,,2027,
65536,597592.378598086,1232054,0,1,202,741,626,424,,1993,
65536,597592.378609379,1232052,1,0,198,728,657,370,,1953,
65536,597592.378618027,1232054,0,1,189,739,671,371,,1970,
65536,597592.378629579,1232052,1,0,190,736,633,395,,1954,
65536,597592.378637994,1232054,0,1,205,729,667,383,,1984,
65536,597592.378649317,1232052,1,0,211,737,737,400,,2085,
65536,597592.378658225,1232054,0,1,199,754,726,381,,2060,
65536,597592.378669906,1232052,1,0,173,727,698,495,,2093,
65536,597592.378678803,1232054,0,1,188,726,628,371,,1913,
65536,597592.378690357,1232052,1,0,304,731,717,404,,2156,
65536,597592.378699164,1232054,0,1,184,739,617,376,,1916,
65536,597592.378710398,1232052,1,0,188,721,733,374,,2016,
65536,597592.378719426,1232054,0,1,,,,563,,1483,
65536,597592.378730117,1232052,1,0,359,730,665,485,,2239,
65536,597592.378739176,1232054,0,1,451,,,1686,,2564,
65536,597592.378751594,1232052,1,0,197,742,803,424,,2166,
65536,597592.378759810,1232054,0,1,432,,,995,,1596,
65536,597592.378770492,1232052,1,0,260,729,659,431,,2079,
65536,597592.378778391,1232054,0,1,446,,,834,,1459,
65536,597592.378788205,1232052,1,0,226,904,672,382,,2184,
65536,597592.378796153,1232054,0,1,475,,,900,,1564,
65536,597592.378806161,1232052,1,0,200,737,697,406,,2040,
65536,597592.378813752,1232054,0,1,438,,,969,,1605,
65536,597592.378823963,1232052,1,0,182,744,677,371,,1974,
65536,597592.378832082,1232054,0,1,485,,,925,,1589,
65536,597592.378842478,1232052,1,0,188,731,722,516,,2157,
65536,597592.378850269,1232054,0,1,234,749,801,432,,2216,
65536,597592.378860916,1232052,1,0,191,744,657,417,,2009,
65536,597592.378868538,1232054,0,1,227,739,659,439,,2064,
65536,597592.378878414,1232052,1,0,208,730,641,521,,2100,
65536,597592.378886129,1232054,0,1,245,771,650,441,,2107,
65536,597592.378896489,1232052,1,0,176,742,641,380,,1939,
65536,597592.378904289,1232054,0,1,241,735,727,536,,2239,
65536,597592.378914284,1232052,1,0,201,736,628,394,,1959,
65536,597592.378921842,1232054,0,1,182,735,637,381,,1935,
65536,597592.378931811,1232052,1,0,192,834,622,363,,2011,
65536,597592.378939004,1232054,0,1,196,755,643,409,,2003,
65536,597592.378949307,1232052,1,0,204,736,718,399,,2057,
65536,597592.378956919,1232054,0,1,183,735,674,396,,1988,
65536,597592.378967189,1232052,1,0,251,758,655,368,,2032,
65536,597592.378974223,1232054,0,1,196,758,656,455,,2065,
65536,597592.378984179,1232052,1,0,209,741,623,411,,1984,
65536,597592.378991364,1232054,0,1,197,773,645,365,,1980,
65536,597592.379001020,1232052,1,0,177,736,683,365,,1961,
65536,597592.379008420,1232054,0,1,217,737,728,657,,2339,
65536,597592.379018332,1232052,1,0,265,739,658,412,,2074,
65536,597592.379025897,1232054,0,1,198,741,668,389,,1996,
65536,597592.379035629,1232052,1,0,189,741,659,372,,1961,
65536,597592.379042725,1232054,0,1,186,748,625,411,,1970,
65536,597592.379052603,1232052,1,0,197,735,625,405,,1962,
65536,597592.379060470,1232054,0,1,218,735,668,371,,1992,
65536,597592.379070150,1232052,1,0,237,729,623,355,,1944,
65536,597592.379077657,1232054,0,1,196,727,755,386,,2064,
65536,597592.379087100,1232052,1,0,193,736,921,407,,2257,
65536,597592.379094238,1232054,0,1,313,730,678,366,,2087,
65536,597592.379104298,1232052,1,0,183,726,621,369,,1899,
65536,597592.379110939,1232054,0,1,207,722,665,374,,1968,
65536,597592.379120549,1232052,1,0,200,726,626,410,,1962,
65536,597592.379127456,1232054,0,1,198,739,649,407,,1993,
65536,597592.379137114,1232052,1,0,179,731,620,376,,1906,
65536,597592.379145076,1232054,0,1,206,728,685,375,,1994,
65536,597592.379154527,1232052,1,0,207,720,710,383,,2020,
65536,597592.379162407,1232054,0,1,209,714,618,373,,1914,
65536,597592.379172044,1232052,1,0,193,803,619,425,,2040,
65536,597592.379178594,1232054,0,1,253,728,691,384,,2056,
65536,597592.379188190,1232052,1,0,203,738,644,392,,1977,
65536,597592.379194923,1232054,0,1,220,728,632,396,,1976,
65536,597592.379204571,1232052,1,0,181,738,647,393,,1959,
65536,597592.379211251,1232054,0,1,197,756,636,367,,1956,
65536,597592.379220919,1232052,1,0,200,739,629,377,,1945,
65536,597592.379227574,1232054,0,1,197,722,639,362,,1920,
65536,597592.379237114,1232052,1,0,175,734,626,431,,1966,
65536,597592.379244824,1232054,0,1,179,737,669,410,,1995,
65536,597592.379254236,1232052,1,0,192,738,707,494,,2131,
65536,597592.379261714,1232054,0,1,180,737,674,366,,1957,
65536,597592.379271179,1232052,1,0,186,734,648,398,,1966,
65536,597592.379278488,1232054,0,1,202,730,636,414,,1982,
65536,597592.379290859,1232052,1,0,187,742,909,390,,2228,
65536,597592.379298999,1232054,0,1,177,746,616,399,,1938,
65536,597592.379309082,1232052,1,0,186,789,799,381,,2155,
65536,597592.379315530,1232054,0,1,200,743,656,419,,2018,
65536,597592.379325062,1232052,1,0,185,736,630,382,,1933,
65536,597592.379332508,1232054,0,1,215,748,648,412,,2023,
65536,597592.379342093,1232052,1,0,201,738,623,378,,1940,
65536,597592.379349709,1232054,0,1,207,737,673,367,,1984,
65536,597592.379359026,1232052,1,0,203,740,635,451,,2029,
65536,597592.379366861,1232054,0,1,200,739,650,388,,1977,
65536,597592.379376599,1232052,1,0,181,748,649,384,,1962,
65536,597592.379384525,1232054,0,1,204,732,641,410,,1987,
65536,597592.379393907,1232052,1,0,323,731,630,436,,2120,
65536,597592.379402164,1232054,0,1,211,741,639,401,,1992,
65536,597592.379412002,1232052,1,0,461,730,621,387,,2199,
65536,597592.379420501,1232054,0,1,200,726,650,416,,1992,
65536,597592.379429970,1232052,1,0,198,749,629,428,,2004,
65536,597592.379437830,1232054,0,1,203,735,677,396,,2011,
65536,597592.379447541,1232052,1,0,192,734,647,389,,1962,
65536,597592.379454767,1232054,0,1,197,743,626,403,,1969,
65536,597592.379464449,1232052,1,0,194,742,632,515,,2083,
65536,597592.379472777,1232054,0,1,759,,,1654,,2622,
65536,597592.379483765,1232052,1,0,209,729,686,414,,2038,
65536,597592.379491833,1232054,0,1,497,,,1305,,2280,
65536,597592.379502138,1232052,1,0,298,742,702,505,,2247,
65536,597592.379511150,1232054,0,1,472,,,975,,1635,
65536,597592.379521086,1232052,1,0,257,803,660,406,,2126,
65536,597592.379529509,1232054,0,1,172,755,746,422,,2095,
65536,597592.379539119,1232052,1,0,185,756,633,406,,1980,
65536,597592.379546850,1232054,0,1,185,742,647,376,,1950,
65536,597592.379556561,1232052,1,0,187,744,626,559,,2116,
65536,597592.379564165,1232054,0,1,180,743,701,431,,2055,
65536,597592.379573688,1232052,1,0,190,740,621,425,,1976,
65536,597592.379581845,1232054,0,1,189,744,654,368,,1955,
65536,597592.379591691,1232052,1,0,185,749,678,414,,2026,
65536,597592.379599763,1232054,0,1,197,726,657,425,,2005,
65536,597592.379609142,1232052,1,0,205,743,768,474,,2190,
65536,597592.379617620,1232054,0,1,205,745,655,380,,1985,
65536,597592.379627589,1232052,1,0,185,740,649,395,,1969,
65536,597592.379635759,1232054,0,1,202,744,647,428,,2021,
65536,597592.379645256,1232052,1,0,208,735,649,376,,1968,
65536,597592.379653579,1232054,0,1,185,749,624,363,,1921,
65536,597592.379663305,1232052,1,0,200,736,644,386,,1966,
65536,597592.379671812,1232054,0,1,183,730,639,419,,1971,
65536,597592.379681179,1232052,1,0,189,733,624,448,,1994,
65536,597592.379689806,1232054,0,1,207,743,651,405,,2006,
65536,597592.379699379,1232052,1,0,209,736,622,374,,1941,
65536,597592.379707892,1232054,0,1,188,741,655,406,,1990,
65536,597592.379717209,1232052,1,0,220,734,629,406,,1989,
65536,597592.379725326,1232054,0,1,197,743,708,447,,2095,
65536,597592.379735085,1232052,1,0,178,746,722,463,,2109,
65536,597592.379743511,1232054,0,1,221,745,671,424,,2061,
65536,597592.379753118,1232052,1,0,204,746,624,406,,1980,
65536,597592.379761148,1232054,0,1,203,744,651,366,,1964,
65536,597592.379770647,1232052,1,0,175,736,779,440,,2130,
65536,597592.379778686,1232054,0,1,217,731,625,427,,2000,
65536,597592.379788385,1232052,1,0,189,738,632,431,,1990,
65536,597592.379796584,1232054,0,1,216,771,737,404,,2128,
65536,597592.379806300,1232052,1,0,181,754,658,357,,1950,
65536,597592.379814677,1232054,0,1,171,736,673,416,,1996,
65536,597592.379824092,1232052,1,0,188,733,631,406,,1958,
65536,597592.379833150,1232054,0,1,246,723,649,419,,2037,
65536,597592.379842591,1232052,1,0,184,737,692,371,,1984,
65536,597592.379851491,1232054,0,1,208,748,639,415,,2010,
65536,597592.379860872,1232052,1,0,188,745,653,401,,1987,
65536,597592.379869426,1232054,0,1,290,727,752,504,,2273,
65536,597592.379879405,1232052,1,0,233,734,625,372,,1964,
65536,597592.379887398,1232054,0,1,209,740,660,467,,2076,
65536,597592.379896793,1232052,1,0,184,732,633,447,,1996,
65536,597592.379905464,1232054,0,1,211,1007,643,379,,2240,
65536,597592.379915301,1232052,1,0,206,742,653,379,,1980,
65536,597592.379923757,1232054,0,1,190,754,737,419,,2100,
65536,597592.379933209,1232052,1,0,196,746,633,386,,1961,
65536,597592.379941725,1232054,0,1,197,752,640,390,,1979,
65536,597592.379951512,1232052,1,0,191,738,628,370,,1927,
65536,597592.379959148,1232054,0,1,188,736,651,448,,2023,
65536,597592.379968585,1232052,1,0,193,732,624,420,,1969,
65536,597592.379976095,1232054,0,1,192,739,674,361,,1966,
65536,597592.379985520,1232052,1,0,195,737,653,379,,1964,
65536,597592.379994313,1232054,0,1,193,868,608,455,,2124,
65536,597592.380003597,1232052,1,0,198,739,640,434,,2011,
65536,597592.380012331,1232054,0,1,204,746,619,358,,1927,
65536,597592.380021718,1232052,1,0,221,737,627,381,,1966,
65536,597592.380030003,1232054,0,1,193,761,660,404,,2018,
65536,597592.380039654,1232052,1,0,257,934,633,401,,2225,
65536,597592.380047780,1232054,0,1,192,742,689,380,,2003,
65536,597592.380057263,1232052,1,0,178,733,699,364,,1974,
65536,597592.380064953,1232054,0,1,183,728,660,385,,1956,
65536,597592.380074244,1232052,1,0,195,738,724,408,,2065,
65536,597592.380082158,1232054,0,1,219,739,650,361,,1969,
65536,597592.380091675,1232052,1,0,181,733,625,354,,1893,
65536,597592.380099272,1232054,0,1,180,743,678,422,,2023,
65536,597592.380108858,1232052,1,0,189,735,662,615,,2201,
65536,597592.380117333,1232054,0,1,189,751,621,560,,2121,
65536,597592.380126966,1232052,1,0,205,743,655,378,,1981,
65536,597592.380134960,1232054,0,1,204,742,805,411,,2162,
65536,597592.380144429,1232052,1,0,213,737,667,408,,2025,
65536,597592.380152869,1232054,0,1,205,740,677,512,,2134,
65536,597592.380162764,1232052,1,0,179,743,623,366,,1911,
65536,597592.380194230,1232054,0,1,340,752,771,550,,2413,
65536,597592.380203014,1232052,1,0,327,743,683,406,,2159,
65536,597592.380209030,1232054,0,1,201,742,642,415,,2000,
65536,597592.380220681,1232052,1,0,189,746,643,390,,1968,
65536,597592.380226814,1232054,0,1,241,732,638,383,,1994,
65536,597592.380238860,1232052,1,0,184,735,769,354,,2042,
65536,597592.380244657,1232054,0,1,188,744,666,380,,1978,
65536,597592.380256048,1232052,1,0,193,744,645,429,,2011,
65536,597592.380261836,1232054,0,1,168,737,637,437,,1979,
65536,597592.380273247,1232052,1,0,181,740,626,384,,1931,
65536,597592.380278902,1232054,0,1,190,735,675,365,,1965,
65536,597592.380290372,1232052,1,0,192,730,630,384,,1936,
65536,597592.380296249,1232054,0,1,182,738,644,409,,1973,
65536,597592.380307527,1232052,1,0,249,746,660,449,,2104,
65536,597592.380313514,1232054,0,1,203,740,653,363,,1959,
65536,597592.380324813,1232052,1,0,225,741,744,384,,2094,
65536,597592.380330823,1232054,0,1,184,734,641,383,,1942,
65536,597592.380342496,1232052,1,0,208,743,786,419,,2156,
65536,597592.380348138,1232054,0,1,200,741,638,445,,2024,
65536,597592.380358842,1232052,1,0,188,759,639,454,,2040,
65536,597592.380364675,1232054,0,1,188,745,798,424,,2155,
65536,597592.380376401,1232052,1,0,183,744,630,444,,2001,
65536,597592.380382282,1232054,0,1,197,719,639,364,,1919,
65536,597592.380393599,1232052,1,0,200,730,679,401,,2010,
65536,597592.380399404,1232054,0,1,192,737,626,428,,1983,
65536,597592.380410847,1232052,1,0,192,737,641,395,,1965,
65536,597592.380416233,1232054,0,1,196,742,666,430,,2034,
65536,597592.380426952,1232052,1,0,194,739,630,380,,1943,
65536,597592.380433046,1232054,0,1,173,828,762,510,,2273,
65536,597592.380444525,1232052,1,0,177,736,645,420,,1978,
65536,597592.380450129,1232054,0,1,204,739,633,412,,1988,
65536,597592.380461342,1232052,1,0,212,745,635,450,,2042,
65536,597592.380469858,1232054,0,1,238,,,993,,3645,
65536,597592.380482642,1232052,1,0,191,736,777,421,,2125,
65536,597592.380488902,1232054,0,1,175,742,631,421,,1969,
65536,597592.380500110,1232052,1,0,196,742,646,376,,1960,
65536,597592.380506152,1232054,0,1,171,738,620,380,,1909,
65536,597592.380517258,1232052,1,0,210,739,623,377,,1949,
65536,597592.380522837,1232054,0,1,196,738,664,438,,2036,
65536,597592.380534112,1232052,1,0,205,731,647,428,,2011,
65536,597592.380540539,1232054,0,1,340,751,621,437,,2149,
65536,597592.380551672,1232052,1,0,197,744,652,421,,2014,
65536,597592.380557565,1232054,0,1,203,737,636,394,,1970,
65536,597592.380568709,1232052,1,0,201,744,670,432,,2047,
65536,597592.380575077,1232054,0,1,203,740,624,404,,1971,
65536,597592.380586601,1232052,1,0,181,743,617,441,,1982,
65536,597592.380592366,1232054,0,1,192,730,655,379,,1956,
65536,597592.380603740,1232052,1,0,179,744,619,397,,1939,
65536,597592.380609930,1232054,0,1,175,741,638,375,,1929,
65536,597592.380620870,1232052,1,0,192,735,645,364,,1936,
65536,597592.380626953,1232054,0,1,196,746,642,453,,2037,
65536,597592.380638150,1232052,1,0,201,745,665,398,,2009,
65536,597592.380644110,1232054,0,1,180,728,632,354,,1894,
65536,597592.380655203,1232052,1,0,192,739,705,385,,2021,
65536,597592.380661110,1232054,0,1,200,732,677,391,,2000,
65536,597592.380672607,1232052,1,0,192,731,626,404,,1953,
65536,597592.380678692,1232054,0,1,211,743,626,443,,2023,
65536,597592.380689617,1232052,1,0,267,732,633,417,,2049,
65536,597592.380695959,1232054,0,1,198,739,657,431,,2025,
65536,597592.380707737,1232052,1,0,203,745,658,420,,2026,
65536,597592.380714381,1232054,0,1,172,755,651,399,,1977,
65536,597592.380725826,1232052,1,0,191,740,633,395,,1959,
65536,597592.380732022,1232054,0,1,193,742,621,632,,2188,
65536,597592.380743573,1232052,1,0,274,732,731,567,,2304,
65536,597592.380750464,1232054,0,1,184,736,625,363,,1908,
65536,597592.380761782,1232052,1,0,194,734,680,540,,2148,
65536,597592.380768167,1232054,0,1,217,724,819,436,,2196,
65536,597592.380780295,1232052,1,0,192,730,628,423,,1973,
65536,597592.380786536,1232054,0,1,252,753,645,375,,2025,
65536,597592.380797454,1232052,1,0,268,733,634,423,,2058,
65536,597592.380803788,1232054,0,1,250,731,645,427,,2053,
65536,597592.380814775,1232052,1,0,206,741,648,381,,1976,
65536,597592.380821059,1232054,0,1,179,733,638,363,,1913,
65536,597592.380831959,1232052,1,0,213,754,634,445,,2046,
65536,597592.380838665,1232054,0,1,195,754,652,422,,2023,
65536,597592.380849824,1232052,1,0,195,742,649,406,,1992,
65536,597592.380856338,1232054,0,1,186,740,634,377,,1937,
65536,597592.380867365,1232052,1,0,179,738,669,441,,2027,
65536,597592.380873987,1232054,0,1,205,735,636,426,,2002,
65536,597592.380885262,1232052,1,0,209,734,625,428,,1996,
65536,597592.380891402,1232054,0,1,175,742,647,368,,1932,
65536,597592.380902710,1232052,1,0,170,745,632,389,,1936,
65536,597592.380909284,1232054,0,1,193,739,711,443,,2086,
65536,597592.380920732,1232052,1,0,260,735,682,414,,2091,
65536,597592.380926785,1232054,0,1,189,746,639,430,,2004,
65536,597592.380938136,1232052,1,0,204,733,651,413,,2001,
65536,597592.380944803,1232054,0,1,238,758,637,421,,2054,
65536,597592.380956013,1232052,1,0,229,733,632,381,,1975,
65536,597592.380963187,1232054,0,1,176,740,649,373,,1938,
65536,597592.381018777,1232052,1,0,376,771,812,598,,2557,
65536,597592.381027261,1232054,0,1,194,744,638,399,,1975,
65536,597592.381037001,1232052,1,0,199,743,645,367,,1954,
65536,597592.381042965,1232054,0,1,193,742,656,375,,1966,
65536,597592.381052236,1232052,1,0,186,808,730,445,,2169,
65536,597592.381059073,1232054,0,1,209,743,639,427,,2018,
65536,597592.381068974,1232052,1,0,203,741,623,385,,1952,
65536,597592.381075507,1232054,0,1,180,728,644,421,,1973,
65536,597592.381084715,1232052,1,0,316,734,621,356,,2027,
65536,597592.381092438,1232054,0,1,265,761,652,373,,2051,
65536,597592.381102371,1232052,1,0,195,735,683,635,,2248,
65536,597592.381110244,1232054,0,1,189,753,694,404,,2040,
65536,597592.381119627,1232052,1,0,384,740,633,371,,2128,
65536,597592.381127477,1232054,0,1,200,747,612,389,,1948,
65536,597592.381137021,1232052,1,0,194,732,619,420,,1965,
65536,597592.381144849,1232054,0,1,192,735,654,417,,1998,
65536,597592.381154305,1232052,1,0,185,736,636,393,,1950,
65536,597592.381162025,1232054,0,1,219,734,627,410,,1990,
65536,597592.381171648,1232052,1,0,213,758,631,576,,2178,
65536,597592.381179818,1232054,0,1,188,750,649,391,,1978,
65536,597592.381189217,1232052,1,0,180,732,721,367,,2000,
65536,597592.381196508,1232054,0,1,191,732,775,503,,2201,
65536,597592.381206419,1232052,1,0,331,740,660,404,,2135,
65536,597592.381214678,1232054,0,1,199,848,798,479,,2324,
65536,597592.381224483,1232052,1,0,198,739,795,387,,2119,
65536,597592.381232992,1232054,0,1,455,751,671,386,,2263,
65536,597592.381243043,1232052,1,0,390,738,664,379,,2171,
65536,597592.381251318,1232054,0,1,220,771,749,447,,2187,
65536,597592.381261138,1232052,1,0,177,745,619,366,,1907,
65536,597592.381269290,1232054,0,1,306,855,756,544,,2461,
65536,597592.381279553,1232052,1,0,621,869,729,451,,2670,
65536,597592.381288272,1232054,0,1,314,748,662,479,,2203,
65536,597592.381298157,1232052,1,0,264,739,758,452,,2213,
65536,597592.381306106,1232054,0,1,265,742,752,414,,2173,
65536,597592.381315862,1232052,1,0,189,736,624,426,,1975,
65536,597592.381323772,1232054,0,1,185,735,703,641,,2264,
65536,597592.381333232,1232052,1,0,184,740,630,386,,1940,
65536,597592.381341420,1232054,0,1,207,849,751,424,,2231,
65536,597592.381351278,1232052,1,0,203,742,626,481,,2052,
65536,597592.381359218,1232054,0,1,317,745,637,375,,2074,
65536,597592.381368731,1232052,1,0,453,731,629,412,,2225,
65536,597592.381377189,1232054,0,1,200,737,657,422,,2016,
65536,597592.381387128,1232052,1,0,201,736,610,390,,1937,
65536,597592.381394649,1232054,0,1,183,740,648,396,,1967,
65536,597592.381404056,1232052,1,0,179,723,747,370,,2019,
65536,597592.381411926,1232054,0,1,200,744,636,399,,1979,
65536,597592.381421797,1232052,1,0,197,734,630,423,,1984,
65536,597592.381429528,1232054,0,1,182,763,667,402,,2014,
65536,597592.381438869,1232052,1,0,293,737,650,353,,2033,
65536,597592.381446538,1232054,0,1,320,730,672,417,,2139,
65536,597592.381456238,1232052,1,0,213,726,620,376,,1935,
65536,597592.381463926,1232054,0,1,190,745,647,544,,2126,
65536,597592.381475690,1232052,1,0,318,726,753,404,,2201,
65536,597592.381483281,1232054,0,1,219,740,776,405,,2140,
65536,597592.381493272,1232052,1,0,168,755,640,364,,1927,
65536,597592.381501329,1232054,0,1,186,892,624,376,,2078,
65536,597592.381510719,1232052,1,0,183,737,655,397,,1972,
65536,597592.381518692,1232054,0,1,286,743,703,406,,2138,
65536,597592.381528593,1232052,1,0,320,758,612,399,,2089,
65536,597592.381536667,1232054,0,1,181,769,614,396,,1960,
65536,597592.381546022,1232052,1,0,196,750,682,462,,2090,
65536,597592.381553505,1232054,0,1,209,762,649,425,,2045,
65536,597592.381563433,1232052,1,0,411,851,716,433,,2411,
65536,597592.381571670,1232054,0,1,302,733,648,353,,2036,
65536,597592.381581249,1232052,1,0,206,736,629,395,,1966,
65536,597592.381588414,1232054,0,1,275,734,713,364,,2086,
65536,597592.381597941,1232052,1,0,189,730,688,365,,1972,
65536,597592.381605585,1232054,0,1,227,721,627,363,,1938,
65536,597592.381614978,1232052,1,0,212,737,645,496,,2090,
65536,597592.381622556,1232054,0,1,240,754,693,381,,2068,
65536,597592.381632392,1232052,1,0,261,783,667,401,,2112,
65536,597592.381639547,1232054,0,1,182,739,623,392,,1936,
65536,597592.381648763,1232052,1,0,215,733,664,384,,1996,
65536,597592.381656297,1232054,0,1,215,743,766,423,,2147,
65536,597592.381666238,1232052,1,0,200,736,672,414,,2022,
65536,597592.381673153,1232054,0,1,182,735,623,386,,1926,
65536,597592.381682488,1232052,1,0,182,740,625,376,,1923,
65536,597592.381689544,1232054,0,1,196,759,649,379,,1983,
65536,597592.381699276,1232052,1,0,299,728,636,461,,2124,
65536,597592.381706879,1232054,0,1,195,733,623,373,,1924,
65536,597592.381716272,1232052,1,0,202,741,655,385,,1983,
65536,597592.381723702,1232054,0,1,215,741,650,413,,2019,
65536,597592.381733364,1232052,1,0,197,842,624,380,,2043,
65536,597592.381741055,1232054,0,1,214,743,625,362,,1944,
65536,597592.381750590,1232052,1,0,185,731,739,366,,2021,
65536,597592.381758233,1232054,0,1,199,733,779,416,,2127,
65536,597592.381767955,1232052,1,0,197,740,620,430,,1987,
65536,597592.381775751,1232054,0,1,201,751,626,358,,1936,
65536,597592.381785134,1232052,1,0,189,736,649,414,,1988,
65536,597592.381792508,1232054,0,1,206,739,649,420,,2014,
65536,597592.381801998,1232052,1,0,360,723,786,415,,2284,
65536,597592.381809651,1232054,0,1,186,727,637,368,,1918,
65536,597592.381819173,1232052,1,0,193,744,626,430,,1993,
65536,597592.381826223,1232054,0,1,204,736,737,440,,2117,
65536,597592.381835936,1232052,1,0,178,739,634,448,,1999,
65536,597592.381843422,1232054,0,1,217,752,625,386,,1980,
65536,597592.381853041,1232052,1,0,171,726,653,393,,1943,
65536,597592.381860352,1232054,0,1,202,729,634,432,,1997,
65536,597592.381869960,1232052,1,0,213,744,637,409,,2003,
65536,597592.381877758,1232054,0,1,196,738,639,363,,1936,
65536,597592.381887059,1232052,1,0,185,739,649,367,,1940,
65536,597592.381893567,1232054,0,1,205,733,682,424,,2044,
65536,597592.381903476,1232052,1,0,192,731,631,475,,2029,
65536,597592.381910222,1232054,0,1,196,729,619,360,,1904,
65536,597592.381919377,1232052,1,0,209,729,662,371,,1971,
65536,597592.381926830,1232054,0,1,192,746,1021,446,,2405,
65536,597592.381936988,1232052,1,0,288,735,792,525,,2340,
65536,597592.381944394,1232054,0,1,239,730,628,393,,1990,
65536,597592.381953628,1232052,1,0,181,720,666,451,,2018,
65536,597592.381960963,1232054,0,1,210,743,655,413,,2021,
65536,597592.381970862,1232052,1,0,197,747,632,412,,1988,
65536,597592.381978464,1232054,0,1,190,758,655,371,,1974,
65536,597592.381987886,1232052,1,0,183,745,678,392,,1998,
65536,597592.381995156,1232054,0,1,197,774,672,438,,2081,
65536,597592.382004826,1232052,1,0,193,750,617,406,,1966,
65536,597592.382012444,1232054,0,1,173,737,635,371,,1916,
65536,597592.382021810,1232052,1,0,191,733,667,386,,1977,
65536,597592.382028639,1232054,0,1,293,758,774,489,,2314,
65536,597592.382038503,1232052,1,0,200,733,630,440,,2003,
65536,597592.382045754,1232054,0,1,200,740,629,383,,1952,
65536,597592.382055032,1232052,1,0,220,738,656,373,,1987,
65536,597592.382062306,1232054,0,1,208,746,666,430,,2050,
65536,597592.382072226,1232052,1,0,457,741,632,407,,2237,
65536,597592.382080187,1232054,0,1,185,756,626,365,,1932,
65536,597592.382089556,1232052,1,0,182,740,727,370,,2019,
65536,597592.382097031,1232054,0,1,213,742,631,424,,2010,
65536,597592.382106693,1232052,1,0,220,724,627,415,,1986,
65536,597592.382114411,1232054,0,1,180,744,652,397,,1973,
65536,597592.382123960,1232052,1,0,191,764,616,382,,1953,
65536,597592.382130997,1232054,0,1,210,745,755,413,,2123,
65536,597592.382140472,1232052,1,0,196,742,629,526,,2093,
65536,597592.382147718,1232054,0,1,201,735,654,389,,1979,
65536,597592.382157235,1232052,1,0,175,743,657,378,,1953,
65536,597592.382164950,1232054,0,1,201,742,683,401,,2027,
65536,597592.382175047,1232052,1,0,195,711,628,395,,1929,
65536,597592.382182173,1232054,0,1,191,735,774,445,,2145,
65536,597592.382191726,1232052,1,0,172,742,650,379,,1943,
65536,597592.382199313,1232054,0,1,213,728,683,406,,2030,
65536,597592.382209030,1232052,1,0,177,737,849,418,,2181,
65536,597592.382216799,1232054,0,1,191,738,626,361,,1916,
65536,597592.382226099,1232052,1,0,216,731,710,385,,2042,
65536,597592.382233789,1232054,0,1,257,741,655,462,,2115,
65536,597592.382243703,1232052,1,0,195,749,630,418,,1992,
65536,597592.382251027,1232054,0,1,227,749,623,550,,2149,
65536,597592.382260567,1232052,1,0,182,735,688,369,,1974,
65536,597592.382267459,1232054,0,1,206,748,640,417,,2011,
65536,597592.382276985,1232052,1,0,196,747,678,448,,2069,
65536,597592.382284398,1232054,0,1,289,744,713,400,,2146,
65536,597592.382294065,1232052,1,0,280,737,685,435,,2137,
65536,597592.382301056,1232054,0,1,332,751,696,411,,2190,
65536,597592.382311002,1232052,1,0,198,734,636,421,,1989,
65536,597592.382318541,1232054,0,1,200,747,623,362,,1932,
65536,597592.382327890,1232052,1,0,203,745,687,410,,2045,
65536,597592.382335220,1232054,0,1,200,777,643,393,,2013,
65536,597592.382345125,1232052,1,0,181,874,747,378,,2180,
65536,597592.382352569,1232054,0,1,193,842,631,365,,2031,
65536,597592.382361984,1232052,1,0,196,741,642,395,,1974,
65536,597592.382369113,1232054,0,1,208,735,658,419,,2020,
65536,597592.382378652,1232052,1,0,416,737,635,467,,2255,
65536,597592.382386370,1232054,0,1,187,724,816,383,,2110,
65536,597592.382395957,1232052,1,0,195,730,655,352,,1932,
65536,597592.382403173,1232054,0,1,199,738,652,364,,1953,
65536,597592.382412849,1232052,1,0,199,734,717,406,,2056,
65536,597592.382419890,1232054,0,1,205,731,683,442,,2061,
65536,597592.382429207,1232052,1,0,311,738,631,379,,2059,
65536,597592.382436235,1232054,0,1,220,737,698,377,,2032,
65536,597592.382445769,1232052,1,0,193,724,623,430,,1970,
65536,597592.382452803,1232054,0,1,183,730,634,427,,1974,
65536,597592.382462085,1232052,1,0,197,734,622,384,,1937,
65536,597592.382473445,1232054,0,1,236,744,828,391,,2199,
65536,597592.382483497,1232052,1,0,299,725,758,376,,2158,
65536,597592.382490197,1232054,0,1,189,740,665,395,,1989,
65536,597592.382499456,1232052,1,0,185,728,656,472,,2041,
65536,597592.382506196,1232054,0,1,204,740,645,430,,2019,
65536,597592.382515789,1232052,1,0,187,761,834,521,,2303,
65536,597592.382523048,1232054,0,1,189,759,657,442,,2047,
65536,597592.382532413,1232052,1,0,177,738,630,458,,2003,
65536,597592.382539609,1232054,0,1,221,753,646,417,,2037,
65536,597592.382549463,1232052,1,0,188,741,624,371,,1924,
65536,597592.382556203,1232054,0,1,176,745,652,386,,1959,
65536,597592.382565698,1232052,1,0,185,743,631,409,,1968,
65536,597592.382571665,1232054,0,1,234,738,642,415,,2029,
65536,597592.382581217,1232052,1,0,195,746,633,390,,1964,
65536,597592.382588346,1232054,0,1,247,926,648,381,,2202,
65536,597592.382597745,1232052,1,0,178,743,620,392,,1933,
65536,597592.382604666,1232054,0,1,179,750,623,406,,1958,
65536,597592.382614250,1232052,1,0,215,752,627,423,,2017,
65536,597592.382621638,1232054,0,1,172,735,658,413,,1978,
65536,597592.382631117,1232052,1,0,188,753,611,360,,1912,
65536,597592.382638289,1232054,0,1,187,737,618,458,,2000,
65536,597592.382648046,1232052,1,0,201,742,629,359,,1931,
65536,597592.382655452,1232054,0,1,209,733,666,362,,1970,
65536,597592.382665021,1232052,1,0,183,732,749,375,,2039,
65536,597592.382672275,1232054,0,1,203,741,662,420,,2026,
65536,597592.382681864,1232052,1,0,201,747,655,393,,1996,
65536,597592.382688176,1232054,0,1,230,735,747,368,,2080,
65536,597592.382697531,1232052,1,0,185,733,627,389,,1934,
65536,597592.382705150,1232054,0,1,185,737,642,423,,1987,
65536,597592.382715167,1232052,1,0,317,751,714,423,,2205,
65536,597592.382749093,1232054,0,1,198,742,645,433,,2018,
65536,597592.382757289,1232052,1,0,185,738,673,365,,1961,
65536,597592.382762974,1232054,0,1,212,743,648,416,,2019,
65536,597592.382774234,1232052,1,0,203,745,649,381,,1978,
65536,597592.382780193,1232054,0,1,185,758,615,380,,1938,
65536,597592.382791527,1232052,1,0,198,740,648,400,,1986,
65536,597592.382797319,1232054,0,1,182,744,629,396,,1951,
65536,597592.382808751,1232052,1,0,199,741,685,426,,2051,
65536,597592.382814896,1232054,0,1,237,730,630,373,,1970,
65536,597592.382826147,1232052,1,0,193,743,636,380,,1952,
65536,597592.382831600,1232054,0,1,191,729,857,455,,2232,
65536,597592.382842747,1232052,1,0,210,720,641,402,,1973,
65536,597592.382848327,1232054,0,1,201,744,631,460,,2036,
65536,597592.382859643,1232052,1,0,189,731,743,478,,2141,
65536,597592.382865233,1232054,0,1,193,732,687,425,,2037,
65536,597592.382877027,1232052,1,0,198,755,735,426,,2114,
65536,597592.382883274,1232054,0,1,199,751,631,371,,1952,
65536,597592.382894639,1232052,1,0,207,774,699,442,,2122,
65536,597592.382900746,1232054,0,1,211,749,669,412,,2041,
65536,597592.382913025,1232052,1,0,207,756,917,451,,2331,
65536,597592.382919184,1232054,0,1,213,744,625,363,,1945,
65536,597592.382930977,1232052,1,0,189,761,716,424,,2090,
65536,597592.382936943,1232054,0,1,209,764,1004,414,,2391,
65536,597592.382949759,1232052,1,0,190,769,742,426,,2127,
65536,597592.382956359,1232054,0,1,214,769,680,383,,2046,
65536,597592.382968351,1232052,1,0,198,754,709,428,,2089,
65536,597592.382974895,1232054,0,1,202,754,647,399,,2002,
65536,597592.382986904,1232052,1,0,265,769,747,437,,2218,
65536,597592.382993464,1232054,0,1,188,756,654,379,,1977,
65536,597592.383005340,1232052,1,0,211,760,962,466,,2399,
65536,597592.383011891,1232054,0,1,189,748,784,357,,2078,
65536,597592.383024197,1232052,1,0,217,757,709,469,,2152,
65536,597592.383030557,1232054,0,1,179,761,625,383,,1948,
65536,597592.383042419,1232052,1,0,185,754,799,464,,2202,
65536,597592.383048370,1232054,0,1,209,757,647,403,,2016,
65536,597592.383060801,1232052,1,0,198,763,714,416,,2091,
65536,597592.383067112,1232054,0,1,197,757,629,363,,1946,
65536,597592.383079139,1232052,1,0,204,747,699,452,,2102,
65536,597592.383085420,1232054,0,1,203,764,637,444,,2048,
65536,597592.383097384,1232052,1,0,205,764,707,471,,2147,
65536,597592.383103962,1232054,0,1,205,752,655,397,,2009,
65536,597592.383115619,1232052,1,0,208,755,756,447,,2166,
65536,597592.383122158,1232054,0,1,201,806,654,408,,2069,
65536,597592.383134064,1232052,1,0,208,755,707,443,,2113,
65536,597592.383140380,1232054,0,1,203,752,659,361,,1975,
65536,597592.383152573,1232052,1,0,199,975,711,444,,2329,
65536,597592.383159360,1232054,0,1,197,762,637,411,,2007,
65536,597592.383170484,1232052,1,0,226,738,651,377,,1992,
65536,597592.383176271,1232054,0,1,212,743,624,380,,1959,
65536,597592.383187851,1232052,1,0,203,746,642,454,,2045,
65536,597592.383193671,1232054,0,1,192,726,629,403,,1950,
65536,597592.383205183,1232052,1,0,187,764,817,418,,2186,
65536,597592.383211773,1232054,0,1,215,761,671,431,,2078,
65536,597592.383223889,1232052,1,0,308,764,693,444,,2209,
65536,597592.383230528,1232054,0,1,277,757,680,437,,2151,
65536,597592.383242576,1232052,1,0,194,876,749,457,,2276,
65536,597592.383249281,1232054,0,1,219,760,697,388,,2064,
65536,597592.383261608,1232052,1,0,202,777,778,451,,2208,
65536,597592.383268276,1232054,0,1,224,751,653,392,,2020,
65536,597592.383280180,1232052,1,0,452,791,763,458,,2464,
65536,597592.383287162,1232054,0,1,205,766,645,363,,1979,
65536,597592.383299480,1232052,1,0,215,778,709,479,,2181,
65536,597592.383305886,1232054,0,1,361,752,725,383,,2221,
65536,597592.383318244,1232052,1,0,229,772,720,463,,2184,
65536,597592.383324723,1232054,0,1,215,749,658,399,,2021,
65536,597592.383337186,1232052,1,0,222,770,779,589,,2360,
65536,597592.383344400,1232054,0,1,281,751,637,420,,2089,
65536,597592.383355791,1232052,1,0,212,827,670,550,,2259,
65536,597592.383362414,1232054,0,1,185,759,642,396,,1982,
65536,597592.383373995,1232052,1,0,196,744,637,476,,2053,
65536,597592.383380193,1232054,0,1,205,748,683,399,,2035,
65536,597592.383391002,1232052,1,0,208,738,640,407,,1993,
65536,597592.383397356,1232054,0,1,196,750,643,437,,2026,
65536,597592.383409081,1232052,1,0,210,730,749,426,,2115,
65536,597592.383414904,1232054,0,1,235,771,657,381,,2044,
65536,597592.383426381,1232052,1,0,223,736,703,435,,2097,
65536,597592.383432775,1232054,0,1,183,751,656,447,,2037,
65536,597592.383444317,1232052,1,0,257,739,733,595,,2324,
65536,597592.383451152,1232054,0,1,182,749,652,372,,1955,
65536,597592.383462489,1232052,1,0,204,842,750,460,,2256,
65536,597592.383470644,1232054,0,1,215,743,685,430,,2073,
65536,597592.383481596,1232052,1,0,311,756,741,393,,2201,
65536,597592.383488239,1232054,0,1,198,765,813,395,,2171,
65536,597592.383500081,1232052,1,0,202,762,766,393,,2123,
65536,597592.383506823,1232054,0,1,233,732,639,475,,2079,
65536,597592.383518073,1232052,1,0,211,749,733,447,,2140,
65536,597592.383524645,1232054,0,1,208,748,647,423,,2026,
65536,597592.383535684,1232052,1,0,185,838,665,420,,2108,
65536,597592.383543402,1232054,0,1,228,744,644,406,,2022,
65536,597592.383591372,1232052,1,0,295,849,907,538,,2589,
65536,597592.383599513,1232054,0,1,222,766,668,370,,2026,
65536,597592.383610993,1232052,1,0,202,768,691,416,,2077,
65536,597592.383618631,1232054,0,1,186,752,653,399,,1990,
65536,597592.383629839,1232052,1,0,190,732,680,416,,2018,
65536,597592.383637042,1232054,0,1,219,851,696,461,,2227,
65536,597592.383648990,1232052,1,0,204,744,732,434,,2114,
65536,597592.383656779,1232054,0,1,171,752,651,384,,1958,
65536,597592.383668237,1232052,1,0,202,743,631,438,,2014,
65536,597592.383675888,1232054,0,1,192,730,634,453,,2009,
65536,597592.383687761,1232052,1,0,193,748,817,445,,2203,
65536,597592.383695223,1232054,0,1,189,744,900,386,,2219,
65536,597592.383707179,1232052,1,0,294,749,636,432,,2111,
65536,597592.383714600,1232054,0,1,213,741,654,405,,2013,
65536,597592.383725976,1232052,1,0,254,736,648,435,,2073,
65536,597592.383733641,1232054,0,1,197,739,621,378,,1935,
65536,597592.383745045,1232052,1,0,192,749,629,436,,2006,
65536,597592.383752628,1232054,0,1,201,767,635,357,,1960,
65536,597592.383763803,1232052,1,0,187,732,675,388,,1982,
65536,597592.383771539,1232054,0,1,186,736,651,392,,1965,
65536,597592.383782929,1232052,1,0,187,738,764,399,,2088,
65536,597592.383790719,1232054,0,1,182,738,743,389,,2052,
65536,597592.383801957,1232052,1,0,194,738,645,379,,1956,
65536,597592.383809330,1232054,0,1,266,786,628,513,,2193,
65536,597592.383820505,1232052,1,0,189,727,698,553,,2167,
65536,597592.383828717,1232054,0,1,187,737,634,406,,1964,
65536,597592.383840395,1232052,1,0,211,735,704,377,,2027,
65536,597592.383848442,1232054,0,1,191,737,654,444,,2026,
65536,597592.383859691,1232052,1,0,212,743,631,505,,2091,
65536,597592.383868092,1232054,0,1,191,748,643,362,,1944,
65536,597592.383879884,1232052,1,0,201,741,628,400,,1970,
65536,597592.383887516,1232054,0,1,175,742,663,392,,1972,
65536,597592.383898821,1232052,1,0,187,743,635,456,,2021,
65536,597592.383906378,1232054,0,1,213,747,729,383,,2072,
65536,597592.383917968,1232052,1,0,291,746,661,398,,2096,
65536,597592.383925369,1232054,0,1,197,732,642,458,,2029,
65536,597592.383936851,1232052,1,0,196,742,675,425,,2038,
65536,597592.383944528,1232054,0,1,175,829,822,517,,2343,
65536,597592.383956241,1232052,1,0,317,715,685,439,,2156,
65536,597592.383962977,1232054,0,1,198,731,642,388,,1959,
65536,597592.383973867,1232052,1,0,291,725,703,430,,2149,
65536,597592.383981076,1232054,0,1,193,728,636,402,,1959,
65536,597592.383991232,1232052,1,0,252,730,629,376,,1987,
65536,597592.383998301,1232054,0,1,200,730,765,444,,2139,
65536,597592.384008732,1232052,1,0,195,733,634,422,,1984,
65536,597592.384015603,1232054,0,1,200,730,644,357,,1931,
65536,597592.384026133,1232052,1,0,211,745,670,465,,2091,
65536,597592.384033364,1232054,0,1,312,744,769,371,,2196,
65536,597592.384043756,1232052,1,0,192,744,657,436,,2029,
65536,597592.384050759,1232054,0,1,202,733,636,456,,2027,
65536,597592.384061497,1232052,1,0,197,735,664,392,,1988,
65536,597592.384068302,1232054,0,1,180,759,628,350,,1917,
65536,597592.384078077,1232052,1,0,308,747,641,364,,2060,
65536,597592.384085204,1232054,0,1,216,740,665,377,,1998,
65536,597592.384095211,1232052,1,0,188,732,633,382,,1935,
65536,597592.384101984,1232054,0,1,227,843,642,371,,2083,
65536,597592.384112063,1232052,1,0,346,866,715,441,,2368,
65536,597592.384119499,1232054,0,1,214,738,664,389,,2005,
65536,597592.384129573,1232052,1,0,187,734,1319,436,,2676,
65536,597592.384137373,1232054,0,1,175,744,627,351,,1897,
65536,597592.384147028,1232052,1,0,257,755,718,411,,2141,
65536,597592.384154214,1232054,0,1,204,738,690,465,,2097,
65536,597592.384164273,1232052,1,0,271,730,656,388,,2045,
65536,597592.384171390,1232054,0,1,171,757,661,353,,1942,
65536,597592.384181469,1232052,1,0,181,736,629,430,,1976,
65536,597592.384188648,1232054,0,1,278,769,632,354,,2033,
65536,597592.384198679,1232052,1,0,201,719,631,523,,2074,
65536,597592.384205917,1232054,0,1,203,753,752,415,,2123,
65536,597592.384215587,1232052,1,0,178,738,653,360,,1929,
65536,597592.384222700,1232054,0,1,179,738,616,439,,1972,
65536,597592.384232321,1232052,1,0,192,729,621,401,,1943,
65536,597592.384238876,1232054,0,1,182,740,678,373,,1973,
65536,597592.384248578,1232052,1,0,190,866,629,419,,2104,
65536,597592.384255669,1232054,0,1,201,740,619,431,,1991,
65536,597592.384265048,1232052,1,0,208,727,622,425,,1982,
65536,597592.384271879,1232054,0,1,177,743,660,385,,1965,
65536,597592.384281426,1232052,1,0,184,739,626,362,,1911,
65536,597592.384288424,1232054,0,1,208,738,669,384,,1999,
65536,597592.384298284,1232052,1,0,193,736,653,406,,1988,
65536,597592.384305218,1232054,0,1,181,741,653,359,,1934,
65536,597592.384314835,1232052,1,0,201,839,634,372,,2046,
65536,597592.384322033,1232054,0,1,190,789,660,418,,2057,
65536,597592.384331624,1232052,1,0,210,966,806,424,,2406,
65536,597592.384339350,1232054,0,1,194,743,712,383,,2032,
65536,597592.384349180,1232052,1,0,190,741,711,486,,2128,
65536,597592.384355584,1232054,0,1,204,736,674,457,,2071,
65536,597592.384365599,1232052,1,0,203,733,625,625,,2186,
65536,597592.384372245,1232054,0,1,176,733,664,392,,1965,
65536,597592.384381736,1232052,1,0,283,749,625,445,,2102,
65536,597592.384388242,1232054,0,1,203,732,686,391,,2012,
65536,597592.384398156,1232052,1,0,212,748,634,390,,1984,
65536,597592.384404674,1232054,0,1,184,744,663,416,,2007,
65536,597592.384414238,1232052,1,0,178,843,648,559,,2228,
65536,597592.384421590,1232054,0,1,413,776,691,420,,2300,
65536,597592.384431808,1232052,1,0,581,743,631,384,,2339,
65536,597592.384439476,1232054,0,1,179,744,669,450,,2042,
65536,597592.384449317,1232052,1,0,184,729,727,376,,2016,
65536,597592.384456108,1232054,0,1,218,736,650,398,,2002,
65536,597592.384465663,1232052,1,0,192,737,713,2517,,4159,
65536,597592.384474767,1232054,0,1,194,864,702,375,,2135,
65536,597592.384484082,1232052,1,0,266,760,690,410,,2126,
65536,597592.384491321,1232054,0,1,211,741,671,395,,2018,
65536,597592.384501121,1232052,1,0,309,739,621,377,,2046,
65536,597592.384508152,1232054,0,1,198,739,649,380,,1966,
65536,597592.384517557,1232052,1,0,197,751,646,418,,2012,
65536,597592.384524559,1232054,0,1,274,854,657,420,,2205,
65536,597592.384534372,1232052,1,0,206,768,621,394,,1989,
65536,597592.384541225,1232054,0,1,271,739,769,374,,2153,
65536,597592.384550716,1232052,1,0,195,730,626,433,,1984,
65536,597592.384557722,1232054,0,1,191,732,652,412,,1987,
65536,597592.384567418,1232052,1,0,187,735,617,380,,1919,
65536,597592.384574093,1232054,0,1,208,733,652,370,,1963,
65536,597592.384583573,1232052,1,0,188,744,632,383,,1947,
65536,597592.384590110,1232054,0,1,236,754,670,422,,2082,
65536,597592.384599725,1232052,1,0,185,741,648,375,,1949,
65536,597592.384606874,1232054,0,1,184,739,645,398,,1966,
65536,597592.384616212,1232052,1,0,189,742,708,495,,2134,
65536,597592.384623493,1232054,0,1,204,760,702,390,,2056,
65536,597592.384633201,1232052,1,0,182,830,626,387,,2025,
65536,597592.384640546,1232054,0,1,196,838,647,496,,2177,
65536,597592.384650233,1232052,1,0,173,831,772,575,,2351,
65536,597592.384658155,1232054,0,1,209,744,650,418,,2021,
65536,597592.384667553,1232052,1,0,191,744,683,390,,2008,
65536,597592.384674667,1232054,0,1,182,740,651,368,,1941,
65536,597592.384684182,1232052,1,0,202,755,634,403,,1994,
65536,597592.384690853,1232054,0,1,192,745,651,402,,1990,
65536,597592.384700210,1232052,1,0,202,762,615,360,,1939,
65536,597592.384707063,1232054,0,1,190,731,648,367,,1936,
65536,597592.384716573,1232052,1,0,200,866,626,439,,2131,
65536,597592.384723548,1232054,0,1,203,740,626,408,,1977,
65536,597592.384733117,1232052,1,0,208,721,615,381,,1925,
65536,597592.384739539,1232054,0,1,271,725,656,456,,2108,
65536,597592.384749022,1232052,1,0,185,731,630,426,,1972,
65536,597592.384756325,1232054,0,1,201,739,648,563,,2151,
65536,597592.384766249,1232052,1,0,195,733,622,417,,1967,
65536,597592.384773080,1232054,0,1,201,760,659,374,,1994,
65536,597592.384782292,1232052,1,0,197,731,660,425,,2013,
65536,597592.384789907,1232054,0,1,191,749,680,432,,2052,
65536,597592.384799608,1232052,1,0,187,733,616,400,,1936,
65536,597592.384807123,1232054,0,1,181,748,691,379,,1999,
65536,597592.384816594,1232052,1,0,429,733,661,432,,2255,
65536,597592.384824638,1232054,0,1,200,721,743,564,,2228,
65536,597592.384834663,1232052,1,0,183,723,726,401,,2033,
65536,597592.384841061,1232054,0,1,188,728,667,379,,1962,
65536,597592.384850260,1232052,1,0,195,727,735,426,,2083,
65536,597592.384856644,1232054,0,1,213,731,646,408,,1998,
65536,597592.384866312,1232052,1,0,192,743,696,384,,2015,
65536,597592.384874110,1232054,0,1,186,732,670,361,,1949,
65536,597592.384883381,1232052,1,0,191,727,631,448,,1997,
65536,597592.384890761,1232054,0,1,221,740,737,444,,2142,
65536,597592.384900403,1232052,1,0,212,734,629,372,,1947,
65536,597592.384907576,1232054,0,1,267,911,674,374,,2226,
65536,597592.384917379,1232052,1,0,191,729,631,452,,2003,
65536,597592.384924395,1232054,0,1,184,741,793,423,,2141,
65536,597592.384934134,1232052,1,0,182,753,638,390,,1963,
65536,597592.384941627,1232054,0,1,177,748,634,355,,1914,
65536,597592.384951095,1232052,1,0,181,739,618,432,,1970,
65536,597592.384958398,1232054,0,1,211,751,652,422,,2036,
65536,597592.384968037,1232052,1,0,191,740,644,410,,1985,
65536,597592.384975525,1232054,0,1,185,742,748,364,,2039,
65536,597592.384984967,1232052,1,0,187,731,636,441,,1995,
65536,597592.384991856,1232054,0,1,206,748,676,412,,2042,
65536,597592.385001466,1232052,1,0,187,741,631,367,,1926,
65536,597592.385007637,1232054,0,1,205,763,631,378,,1977,
65536,597592.385017020,1232052,1,0,190,743,652,437,,2022,
65536,597592.385024183,1232054,0,1,182,761,624,416,,1983,
65536,597592.385033812,1232052,1,0,195,731,720,365,,2011,
65536,597592.385040505,1232054,0,1,185,741,656,389,,1971,
65536,597592.385049838,1232052,1,0,195,724,641,409,,1969,
65536,597592.385057421,1232054,0,1,219,745,648,403,,2015,
65536,597592.385067241,1232052,1,0,215,743,629,397,,1984,
65536,597592.385074795,1232054,0,1,196,726,636,390,,1948,
65536,597592.385084115,1232052,1,0,192,744,625,466,,2027,
65536,597592.385091772,1232054,0,1,198,734,753,421,,2106,
65536,597592.385102064,1232052,1,0,186,748,626,410,,1970,
65536,597592.385109532,1232054,0,1,185,729,779,596,,2289,
65536,597592.385119161,1232052,1,0,212,816,637,462,,2127,
65536,597592.385126381,1232054,0,1,208,739,675,430,,2052,
65536,597592.385136090,1232052,1,0,187,731,621,364,,1903,
65536,597592.385143103,1232054,0,1,177,732,674,387,,1970,
65536,597592.385152404,1232052,1,0,204,736,636,437,,2013,
65536,597592.385159695,1232054,0,1,217,740,654,382,,1993,
65536,597592.385169297,1232052,1,0,191,725,677,367,,1960,
65536,597592.385176557,1232054,0,1,181,750,682,384,,1997,
65536,597592.385186043,1232052,1,0,206,727,630,431,,1994,
65536,597592.385193167,1232054,0,1,181,745,638,382,,1946,
65536,597592.385202901,1232052,1,0,189,731,794,400,,2114,
65536,597592.385210100,1232054,0,1,167,735,747,360,,2009,
65536,597592.385219677,1232052,1,0,244,885,790,402,,2321,
65536,597592.385227262,1232054,0,1,191,844,652,391,,2078,
65536,597592.385236992,1232052,1,0,186,750,625,388,,1949,
65536,597592.385244330,1232054,0,1,333,747,690,363,,2133,
65536,597592.385254040,1232052,1,0,191,748,661,414,,2014,
65536,597592.385261667,1232054,0,1,213,740,666,385,,2004,
65536,597592.385271214,1232052,1,0,193,745,624,370,,1932,
65536,597592.385278544,1232054,0,1,177,735,717,391,,2020,
65536,597592.385287964,1232052,1,0,200,738,628,412,,1978,
65536,597592.385295620,1232054,0,1,191,733,677,453,,2054,
65536,597592.385305349,1232052,1,0,230,753,632,394,,2009,
65536,597592.385339847,1232054,0,1,212,762,680,565,,2219,
65536,597592.385348526,1232052,1,0,191,734,783,395,,2103,
65536,597592.385354870,1232054,0,1,218,731,675,380,,2004,
65536,597592.385365930,1232052,1,0,206,760,702,442,,2110,
65536,597592.385372072,1232054,0,1,210,763,650,440,,2063,
65536,597592.385384540,1232052,1,0,207,773,685,479,,2144,
65536,597592.385390617,1232054,0,1,216,761,646,399,,2022,
65536,597592.385402944,1232052,1,0,189,771,751,415,,2126,
65536,597592.385408899,1232054,0,1,194,826,650,368,,2038,
65536,597592.385420982,1232052,1,0,198,786,728,442,,2154,
65536,597592.385427419,1232054,0,1,226,797,643,371,,2037,
65536,597592.385439316,1232052,1,0,196,754,708,432,,2090,
65536,597592.385445544,1232054,0,1,185,771,670,603,,2229,
65536,597592.385457865,1232052,1,0,202,768,726,476,,2172,
65536,597592.385464130,1232054,0,1,193,738,648,408,,1987,
65536,597592.385478838,1232052,1,0,313,759,869,547,,2488,
65536,597592.385485304,1232054,0,1,260,748,671,432,,2111,
65536,597592.385497687,1232052,1,0,212,764,689,452,,2117,
65536,597592.385504062,1232054,0,1,214,760,640,406,,2020,
65536,597592.385515596,1232052,1,0,211,763,708,432,,2114,
65536,597592.385521886,1232054,0,1,219,767,673,421,,2080,
65536,597592.385534151,1232052,1,0,211,750,709,487,,2157,
65536,597592.385540646,1232054,0,1,235,752,660,358,,2005,
65536,597592.385552802,1232052,1,0,220,762,721,423,,2126,
65536,597592.385558943,1232054,0,1,213,765,656,449,,2083,
65536,597592.385571247,1232052,1,0,186,764,720,441,,2111,
65536,597592.385577125,1232054,0,1,197,761,636,366,,1960,
65536,597592.385588301,1232052,1,0,181,748,648,362,,1939,
65536,597592.385594185,1232054,0,1,206,738,632,438,,2014,
65536,597592.385605398,1232052,1,0,180,739,725,382,,2026,
65536,597592.385611205,1232054,0,1,326,745,621,426,,2118,
65536,597592.385622422,1232052,1,0,195,737,635,356,,1923,
65536,597592.385628189,1232054,0,1,184,744,659,399,,1986,
65536,597592.385639538,1232052,1,0,211,731,714,464,,2120,
65536,597592.385645509,1232054,0,1,180,744,648,380,,1952,
65536,597592.385656349,1232052,1,0,229,776,652,447,,2104,
65536,597592.385662009,1232054,0,1,246,723,651,423,,2043,
65536,597592.385673229,1232052,1,0,196,750,651,399,,1996,
65536,597592.385679134,1232054,0,1,200,731,638,381,,1950,
65536,597592.385690382,1232052,1,0,198,738,656,381,,1973,
65536,597592.385696165,1232054,0,1,196,721,637,401,,1955,
65536,597592.385707344,1232052,1,0,186,733,647,398,,1964,
65536,597592.385713447,1232054,0,1,177,768,626,439,,2010,
65536,597592.385725163,1232052,1,0,185,737,694,399,,2015,
65536,597592.385730948,1232054,0,1,221,734,627,390,,1972,
65536,597592.385742186,1232052,1,0,183,726,660,510,,2079,
65536,597592.385748106,1232054,0,1,187,733,621,387,,1928,
65536,597592.385759105,1232052,1,0,309,727,660,417,,2113,
65536,597592.385765302,1232054,0,1,223,743,632,438,,2036,
65536,597592.385776395,1232052,1,0,182,743,666,404,,1995,
65536,597592.385782424,1232054,0,1,187,747,615,387,,1936,
65536,597592.385793770,1232052,1,0,196,847,638,394,,2075,
65536,597592.385799843,1232054,0,1,182,729,625,412,,1948,
65536,597592.385810920,1232052,1,0,206,733,663,387,,1989,
65536,597592.385816757,1232054,0,1,185,739,631,412,,1967,
65536,597592.385827922,1232052,1,0,214,722,654,415,,2005,
65536,597592.385833868,1232054,0,1,201,776,655,407,,2039,
65536,597592.385844904,1232052,1,0,196,735,622,402,,1955,
65536,597592.385850715,1232054,0,1,179,738,674,381,,1972,
65536,597592.385862247,1232052,1,0,200,738,676,409,,2023,
65536,597592.385868315,1232054,0,1,193,744,634,463,,2034,
65536,597592.385879571,1232052,1,0,214,742,655,448,,2059,
65536,597592.385885626,1232054,0,1,169,746,628,418,,1961,
65536,597592.385896677,1232052,1,0,182,736,627,353,,1898,
65536,597592.385902490,1232054,0,1,207,745,666,413,,2031,
65536,597592.385913798,1232052,1,0,181,734,680,385,,1980,
65536,597592.385920411,1232054,0,1,188,733,636,404,,1961,
65536,597592.385931797,1232052,1,0,189,740,665,447,,2041,
65536,597592.385938034,1232054,0,1,263,901,674,436,,2274,
65536,597592.385949581,1232052,1,0,386,737,631,396,,2150,
65536,597592.385956149,1232054,0,1,176,742,815,493,,2226,
65536,597592.385967371,1232052,1,0,191,742,653,381,,1967,
65536,597592.385973465,1232054,0,1,195,730,624,394,,1943,
65536,597592.385984199,1232052,1,0,183,742,657,385,,1967,
65536,597592.385990912,1232054,0,1,181,749,623,415,,1968,
65536,597592.386002105,1232052,1,0,301,735,644,389,,2069,
65536,597592.386008897,1232054,0,1,222,751,634,409,,2016,
65536,597592.386020581,1232052,1,0,280,743,648,378,,2049,
65536,597592.386026945,1232054,0,1,178,732,636,424,,1970,
65536,597592.386038238,1232052,1,0,201,734,659,514,,2108,
65536,597592.386044519,1232054,0,1,188,750,638,386,,1962,
65536,597592.386055833,1232052,1,0,203,734,694,405,,2036,
65536,597592.386062230,1232054,0,1,186,744,621,427,,1978,
65536,597592.386073535,1232052,1,0,189,725,648,375,,1937,
65536,597592.386079722,1232054,0,1,212,779,634,442,,2067,
65536,597592.386091108,1232052,1,0,192,725,682,401,,2000,
65536,597592.386097625,1232054,0,1,206,738,625,388,,1957,
65536,597592.386108539,1232052,1,0,196,729,672,352,,1949,
65536,597592.386114954,1232054,0,1,192,739,631,449,,2011,
65536,597592.386170554,1232052,1,0,208,741,647,522,,2118,
65536,597592.386177172,1232054,0,1,203,728,645,434,,2010,
65536,597592.386187258,1232052,1,0,586,738,668,623,,2615,
65536,597592.386195418,1232054,0,1,211,744,725,366,,2046,
65536,597592.386205163,1232052,1,0,177,758,624,345,,1904,
65536,597592.386211515,1232054,0,1,176,728,676,432,,2012,
65536,597592.386221223,1232052,1,0,204,727,626,378,,1935,
65536,597592.386228118,1232054,0,1,246,738,659,404,,2047,
65536,597592.386237833,1232052,1,0,369,746,621,483,,2219,
65536,597592.386245288,1232054,0,1,175,737,645,364,,1921,
65536,597592.386254951,1232052,1,0,184,715,680,521,,2100,
65536,597592.386261780,1232054,0,1,223,727,695,395,,2040,
65536,597592.386271138,1232052,1,0,196,731,632,438,,1997,
65536,597592.386277571,1232054,0,1,201,739,625,377,,1942,
65536,597592.386287019,1232052,1,0,215,739,745,392,,2091,
65536,597592.386293342,1232054,0,1,194,735,651,388,,1968,
65536,597592.386302820,1232052,1,0,201,788,628,360,,1977,
65536,597592.386309046,1232054,0,1,185,738,642,422,,1987,
65536,597592.386318601,1232052,1,0,199,731,626,399,,1955,
65536,597592.386326200,1232054,0,1,206,740,659,376,,1981,
65536,597592.386335359,1232052,1,0,180,759,777,496,,2212,
65536,597592.386342840,1232054,0,1,167,738,646,366,,1917,
65536,597592.386352441,1232052,1,0,399,729,659,377,,2164,
65536,597592.386359854,1232054,0,1,201,742,747,377,,2067,
65536,597592.386369423,1232052,1,0,178,739,628,364,,1909,
65536,597592.386376241,1232054,0,1,175,742,771,386,,2074,
65536,597592.386385921,1232052,1,0,201,738,707,372,,2018,
65536,597592.386393301,1232054,0,1,192,736,649,387,,1964,
65536,597592.386402889,1232052,1,0,181,732,624,418,,1955,
65536,597592.386410200,1232054,0,1,177,740,746,398,,2061,
65536,597592.386419760,1232052,1,0,169,741,632,363,,1905,
65536,597592.386426752,1232054,0,1,205,742,679,379,,2005,
65536,597592.386436366,1232052,1,0,178,742,698,371,,1989,
65536,597592.386444041,1232054,0,1,189,753,726,467,,2135,
65536,597592.386453484,1232052,1,0,193,740,686,389,,2008,
65536,597592.386460901,1232054,0,1,339,753,664,391,,2147,
65536,597592.386472135,1232052,1,0,227,728,659,398,,2012,
65536,597592.386479503,1232054,0,1,334,963,742,375,,2414,
65536,597592.386489467,1232052,1,0,184,821,725,398,,2128,
65536,597592.386497129,1232054,0,1,221,734,769,422,,2146,
65536,597592.386506792,1232052,1,0,425,743,633,385,,2186,
65536,597592.386514324,1232054,0,1,204,735,624,435,,1998,
65536,597592.386524002,1232052,1,0,205,737,655,374,,1971,
65536,597592.386530998,1232054,0,1,210,715,650,414,,1989,
65536,597592.386540359,1232052,1,0,201,739,619,402,,1961,
65536,597592.386547936,1232054,0,1,180,743,621,353,,1897,
65536,597592.386557472,1232052,1,0,193,747,617,358,,1915,
65536,597592.386564760,1232054,0,1,336,752,834,426,,2348,
65536,597592.386574486,1232052,1,0,317,830,836,463,,2446,
65536,597592.386582412,1232054,0,1,196,737,629,433,,1995,
65536,597592.386591896,1232052,1,0,321,743,766,369,,2199,
65536,597592.386599160,1232054,0,1,196,752,805,443,,2196,
65536,597592.386608787,1232052,1,0,202,746,623,436,,2007,
65536,597592.386615921,1232054,0,1,182,860,631,366,,2039,
65536,597592.386625606,1232052,1,0,179,769,638,354,,1940,
65536,597592.386632567,1232054,0,1,198,727,661,415,,2001,
65536,597592.386642241,1232052,1,0,212,735,658,385,,1990,
65536,597592.386649316,1232054,0,1,186,748,626,405,,1965,
65536,597592.386658756,1232052,1,0,188,745,743,422,,2098,
65536,597592.386665769,1232054,0,1,202,737,688,450,,2077,
65536,597592.386675377,1232052,1,0,205,741,790,406,,2142,
65536,597592.386682293,1232054,0,1,175,733,634,393,,1935,
65536,597592.386691777,1232052,1,0,175,745,628,363,,1911,
65536,597592.386698573,1232054,0,1,206,733,668,595,,2202,
65536,597592.386708480,1232052,1,0,234,742,634,402,,2012,
65536,597592.386715661,1232054,0,1,178,726,625,513,,2042,
65536,597592.386725285,1232052,1,0,178,835,689,434,,2136,
65536,597592.386732811,1232054,0,1,209,731,764,413,,2117,
65536,597592.386742559,1232052,1,0,319,741,647,385,,2092,
65536,597592.386750276,1232054,0,1,282,842,622,401,,2147,
65536,597592.386760577,1232052,1,0,187,743,711,358,,1999,
65536,597592.386767814,1232054,0,1,459,750,626,405,,2240,
65536,597592.386777631,1232052,1,0,467,742,634,439,,2282,
65536,597592.386785083,1232054,0,1,179,737,643,360,,1919,
65536,597592.386794608,1232052,1,0,176,765,726,367,,2034,
65536,597592.386801379,1232054,0,1,297,756,676,417,,2146,
65536,597592.386810842,1232052,1,0,184,732,624,440,,1980,
65536,597592.386817866,1232054,0,1,191,731,680,411,,2013,
65536,597592.386827590,1232052,1,0,201,732,747,398,,2078,
65536,597592.386834353,1232054,0,1,208,750,672,398,,2028,
65536,597592.386843929,1232052,1,0,321,741,730,537,,2329,
65536,597592.386851077,1232054,0,1,201,730,628,375,,1934,
65536,597592.386860359,1232052,1,0,175,741,677,358,,1951,
65536,597592.386867356,1232054,0,1,217,780,625,439,,2061,
65536,597592.386876946,1232052,1,0,199,740,741,447,,2127,
65536,597592.386883008,1232054,0,1,195,738,626,365,,1924,
65536,597592.386893129,1232052,1,0,434,764,692,393,,2283,
65536,597592.386900801,1232054,0,1,221,771,643,410,,2045,
65536,597592.386911199,1232052,1,0,201,763,794,430,,2188,
65536,597592.386918774,1232054,0,1,189,752,742,374,,2057,
65536,597592.386929446,1232052,1,0,264,762,719,467,,2212,
65536,597592.386937077,1232054,0,1,206,763,645,419,,2033,
65536,597592.386947659,1232052,1,0,253,808,691,424,,2176,
65536,597592.386955353,1232054,0,1,182,771,651,371,,1975,
65536,597592.386965911,1232052,1,0,193,769,713,399,,2074,
65536,597592.386973269,1232054,0,1,308,743,664,422,,2137,
65536,597592.386983582,1232052,1,0,193,758,682,483,,2116,
65536,597592.386991665,1232054,0,1,194,753,632,461,,2040,
65536,597592.387002115,1232052,1,0,208,758,692,398,,2056,
65536,597592.387009631,1232054,0,1,219,751,686,426,,2082,
65536,597592.387020225,1232052,1,0,210,879,690,463,,2242,
65536,597592.387027963,1232054,0,1,212,746,632,391,,1981,
65536,597592.387038315,1232052,1,0,192,755,805,414,,2166,
65536,597592.387045608,1232054,0,1,222,748,682,412,,2064,
65536,597592.387055890,1232052,1,0,199,768,686,460,,2113,
65536,597592.387063381,1232054,0,1,217,761,690,418,,2086,
65536,597592.387073797,1232052,1,0,181,752,698,470,,2101,
65536,597592.387080960,1232054,0,1,232,767,712,418,,2129,
65536,597592.387091289,1232052,1,0,215,770,696,465,,2146,
65536,597592.387098738,1232054,0,1,201,754,685,598,,2238,
65536,597592.387109534,1232052,1,0,187,759,712,532,,2190,
65536,597592.387116384,1232054,0,1,206,764,664,491,,2125,
65536,597592.387126530,1232052,1,0,223,763,701,434,,2121,
65536,597592.387133057,1232054,0,1,187,747,624,381,,1939,
65536,597592.387143369,1232052,1,0,304,853,690,436,,2283,
65536,597592.387151122,1232054,0,1,193,751,662,391,,1997,
65536,597592.387160813,1232052,1,0,200,731,753,411,,2095,
65536,597592.387168077,1232054,0,1,270,737,636,482,,2125,
65536,597592.387177694,1232052,1,0,221,733,679,559,,2192,
65536,597592.387185326,1232054,0,1,206,731,658,426,,2021,
65536,597592.387194773,1232052,1,0,195,730,637,436,,1998,
65536,597592.387201914,1232054,0,1,233,723,622,376,,1954,
65536,597592.387211621,1232052,1,0,177,734,658,362,,1931,
65536,597592.387218626,1232054,0,1,209,740,653,445,,2047,
65536,597592.387228326,1232052,1,0,202,733,620,400,,1955,
65536,597592.387235415,1232054,0,1,300,713,643,500,,2156,
65536,597592.387245242,1232052,1,0,196,733,625,368,,1922,
65536,597592.387252240,1232054,0,1,206,730,673,446,,2055,
65536,597592.387261837,1232052,1,0,195,727,631,413,,1966,
65536,597592.387268685,1232054,0,1,179,853,637,345,,2014,
65536,597592.387278435,1232052,1,0,188,728,806,446,,2168,
65536,597592.387285627,1232054,0,1,197,746,681,409,,2033,
65536,597592.387295013,1232052,1,0,395,752,644,393,,2184,
65536,597592.387302448,1232054,0,1,174,738,679,389,,1980,
65536,597592.387312148,1232052,1,0,199,728,622,365,,1914,
65536,597592.387318795,1232054,0,1,216,743,670,389,,2018,
65536,597592.387328289,1232052,1,0,184,744,622,378,,1928,
65536,597592.387335378,1232054,0,1,205,742,618,365,,1930,
65536,597592.387344857,1232052,1,0,182,723,831,437,,2173,
65536,597592.387351926,1232054,0,1,197,737,668,432,,2034,
65536,597592.387361527,1232052,1,0,181,742,620,424,,1967,
65536,597592.387368919,1232054,0,1,175,762,618,386,,1941,
65536,597592.387378683,1232052,1,0,204,744,806,371,,2125,
65536,597592.387385847,1232054,0,1,193,735,762,409,,2099,
65536,597592.387395444,1232052,1,0,238,801,623,402,,2064,
65536,597592.387402674,1232054,0,1,212,743,628,401,,1984,
65536,597592.387412111,1232052,1,0,184,739,642,376,,1941,
65536,597592.387419034,1232054,0,1,216,742,698,430,,2086,
65536,597592.387428777,1232052,1,0,192,737,634,395,,1958,
65536,597592.387435543,1232054,0,1,205,743,627,381,,1956,
65536,597592.387445102,1232052,1,0,180,736,649,432,,1997,
65536,597592.387452290,1232054,0,1,209,751,630,430,,2020,
65536,597592.387462032,1232052,1,0,207,736,634,428,,2005,
65536,597592.387470461,1232054,0,1,204,792,677,389,,2062,
65536,597592.387479985,1232052,1,0,214,746,685,390,,2035,
65536,597592.387487227,1232054,0,1,205,740,695,623,,2263,
65536,597592.387497034,1232052,1,0,197,737,730,401,,2065,
65536,597592.387504371,1232054,0,1,327,835,620,366,,2148,
65536,597592.387514323,1232052,1,0,473,854,740,406,,2473,
65536,597592.387521829,1232054,0,1,335,737,676,364,,2112,
65536,597592.387531515,1232052,1,0,187,747,729,335,,1998,
65536,597592.387538256,1232054,0,1,186,742,629,387,,1944,
65536,597592.387547680,1232052,1,0,194,750,676,420,,2040,
65536,597592.387554376,1232054,0,1,199,731,694,460,,2084,
65536,597592.387564081,1232052,1,0,176,740,620,359,,1895,
65536,597592.387570815,1232054,0,1,353,753,609,355,,2070,
65536,597592.387580418,1232052,1,0,192,735,709,399,,2035,
65536,597592.387586302,1232054,0,1,211,730,817,442,,2200,
65536,597592.387595818,1232052,1,0,178,740,633,407,,1958,
65536,597592.387603027,1232054,0,1,189,743,629,413,,1974,
65536,597592.387612757,1232052,1,0,321,739,734,396,,2190,
65536,597592.387619298,1232054,0,1,230,746,671,528,,2175,
65536,597592.387628874,1232052,1,0,184,729,617,432,,1962,
65536,597592.387635417,1232054,0,1,189,743,625,371,,1928,
65536,597592.387644905,1232052,1,0,199,824,611,407,,2041,
65536,597592.387651923,1232054,0,1,209,737,673,473,,2092,
65536,597592.387661656,1232052,1,0,177,731,720,393,,2021,
65536,597592.387669080,1232054,0,1,222,742,640,369,,1973,
65536,597592.387678980,1232052,1,0,186,732,631,414,,1963,
65536,597592.387685230,1232054,0,1,202,743,676,470,,2091,
65536,597592.387694939,1232052,1,0,218,728,635,365,,1946,
65536,597592.387700701,1232054,0,1,181,736,625,383,,1925,
65536,597592.387710178,1232052,1,0,210,732,633,413,,1988,
65536,597592.387717263,1232054,0,1,218,758,707,377,,2060,
65536,597592.387726637,1232052,1,0,189,751,842,573,,2355,
65536,597592.387733828,1232054,0,1,201,729,645,390,,1965,
65536,597592.387743399,1232052,1,0,184,744,633,423,,1984,
65536,597592.387750339,1232054,0,1,195,732,683,376,,1986,
65536,597592.387760419,1232052,1,0,190,742,786,378,,2096,
65536,597592.387767544,1232054,0,1,197,747,628,374,,1946,
65536,597592.387777025,1232052,1,0,201,823,635,381,,2040,
65536,597592.387784085,1232054,0,1,205,738,667,400,,2010,
65536,597592.387793450,1232052,1,0,168,736,627,407,,1938,
65536,597592.387800373,1232054,0,1,200,,,478,,4441,
65536,597592.387812417,1232052,1,0,221,729,755,389,,2094,
65536,597592.387819729,1232054,0,1,620,,,1432,,2510,
65536,597592.387830213,1232052,1,0,206,740,683,405,,2034,
65536,597592.387837554,1232054,0,1,445,,,866,,1511,
65536,597592.387847254,1232052,1,0,204,751,641,411,,2007,
65536,597592.387881711,1232054,0,1,268,794,1022,498,,2582,
65536,597592.387890427,1232052,1,0,191,751,660,413,,2015,
65536,597592.387896371,1232054,0,1,250,741,655,417,,2063,
65536,597592.387907854,1232052,1,0,185,795,624,398,,2002,
65536,597592.387913770,1232054,0,1,182,743,627,423,,1975,
65536,597592.387925109,1232052,1,0,193,738,678,370,,1979,
65536,597592.387930858,1232054,0,1,182,747,626,410,,1965,
65536,597592.387942459,1232052,1,0,203,734,646,416,,1999,
65536,597592.387947881,1232054,0,1,183,742,667,377,,1969,
65536,597592.387959293,1232052,1,0,193,727,640,415,,1975,
65536,597592.387964963,1232054,0,1,194,740,644,422,,2000,
65536,597592.387975671,1232052,1,0,189,737,653,377,,1956,
65536,597592.387981410,1232054,0,1,351,730,628,363,,2072,
65536,597592.387992551,1232052,1,0,188,738,713,374,,2013,
65536,597592.387998141,1232054,0,1,295,745,637,379,,2056,
65536,597592.388009317,1232052,1,0,204,881,694,390,,2169,
65536,597592.388015400,1232054,0,1,204,728,619,368,,1919,
65536,597592.388026073,1232052,1,0,188,731,620,400,,1939,
65536,597592.388031685,1232054,0,1,181,727,645,416,,1969,
65536,597592.388043011,1232052,1,0,187,730,623,408,,1948,
65536,597592.388048950,1232054,0,1,188,734,635,366,,1923,
65536,597592.388059793,1232052,1,0,196,727,648,383,,1954,
65536,597592.388065348,1232054,0,1,188,738,628,424,,1978,
65536,597592.388077114,1232052,1,0,209,740,664,544,,2157,
65536,597592.388083287,1232054,0,1,177,725,647,361,,1910,
65536,597592.388094489,1232052,1,0,206,736,630,399,,1971,
65536,597592.388100569,1232054,0,1,210,743,660,365,,1978,
65536,597592.388112115,1232052,1,0,269,737,658,379,,2043,
65536,597592.388118133,1232054,0,1,190,759,638,384,,1971,
65536,597592.388129107,1232052,1,0,191,738,666,421,,2016,
65536,597592.388135115,1232054,0,1,214,729,638,455,,2036,
65536,597592.388146515,1232052,1,0,192,730,664,379,,1965,
65536,597592.388152441,1232054,0,1,180,741,647,359,,1927,
65536,597592.388163582,1232052,1,0,187,735,623,466,,2011,
65536,597592.388169046,1232054,0,1,228,735,795,539,,2297,
65536,597592.388180951,1232052,1,0,223,731,943,415,,2312,
65536,597592.388187224,1232054,0,1,184,753,677,366,,1980,
65536,597592.388198402,1232052,1,0,200,745,646,408,,1999,
65536,597592.388204150,1232054,0,1,199,746,679,492,,2116,
65536,597592.388215320,1232052,1,0,206,738,644,419,,2007,
65536,597592.388221259,1232054,0,1,184,763,648,363,,1958,
65536,597592.388231949,1232052,1,0,185,735,642,372,,1934,
65536,597592.388238083,1232054,0,1,177,729,628,437,,1971,
65536,597592.388249127,1232052,1,0,195,739,744,439,,2117,
65536,597592.388255207,1232054,0,1,183,731,653,367,,1934,
65536,597592.388266363,1232052,1,0,282,747,792,410,,2231,
65536,597592.388272869,1232054,0,1,201,742,628,384,,1955,
65536,597592.388283623,1232052,1,0,198,743,666,405,,2012,
65536,597592.388289642,1232054,0,1,197,742,622,361,,1922,
65536,597592.388300707,1232052,1,0,191,746,648,493,,2078,
65536,597592.388306713,1232054,0,1,213,746,779,393,,2131,
65536,597592.388318073,1232052,1,0,197,865,625,407,,2094,
65536,597592.388324090,1232054,0,1,181,761,620,359,,1921,
65536,597592.388335242,1232052,1,0,199,743,652,477,,2071,
65536,597592.388341591,1232054,0,1,200,737,638,362,,1937,
65536,597592.388352371,1232052,1,0,193,737,647,374,,1951,
65536,597592.388358140,1232054,0,1,182,742,625,459,,2008,
65536,597592.388369486,1232052,1,0,185,737,627,414,,1963,
65536,597592.388375604,1232054,0,1,188,768,680,413,,2049,
65536,597592.388386517,1232052,1,0,299,730,624,410,,2063,
65536,597592.388392868,1232054,0,1,174,753,634,383,,1944,
65536,597592.388404101,1232052,1,0,186,744,722,376,,2028,
65536,597592.388410227,1232054,0,1,191,754,678,451,,2074,
65536,597592.388421313,1232052,1,0,199,732,659,379,,1969,
65536,597592.388427136,1232054,0,1,192,737,648,368,,1945,
65536,597592.388438488,1232052,1,0,203,735,674,377,,1989,
65536,597592.388444306,1232054,0,1,209,761,643,358,,1971,
65536,597592.388455497,1232052,1,0,209,738,687,402,,2036,
65536,597592.388461723,1232054,0,1,187,729,639,377,,1932,
65536,597592.388474328,1232052,1,0,217,754,704,453,,2128,
65536,597592.388480803,1232054,0,1,217,730,675,358,,1980,
65536,597592.388491653,1232052,1,0,200,744,640,404,,1988,
65536,597592.388497860,1232054,0,1,189,748,628,371,,1936,
65536,597592.388509089,1232052,1,0,199,873,657,474,,2203,
65536,597592.388515077,1232054,0,1,199,734,640,399,,1972,
65536,597592.388526432,1232052,1,0,178,740,648,392,,1958,
65536,597592.388532413,1232054,0,1,195,735,624,367,,1921,
65536,597592.388543439,1232052,1,0,261,778,703,372,,2114,
65536,597592.388550043,1232054,0,1,266,743,648,375,,2032,
65536,597592.388561231,1232052,1,0,195,849,611,391,,2046,
65536,597592.388567407,1232054,0,1,186,732,625,401,,1944,
65536,597592.388578156,1232052,1,0,192,752,710,552,,2206,
65536,597592.388584356,1232054,0,1,192,728,637,393,,1950,
65536,597592.388596260,1232052,1,0,200,732,676,400,,2008,
65536,597592.388602657,1232054,0,1,182,750,624,381,,1937,
65536,597592.388613708,1232052,1,0,193,730,646,409,,1978,
65536,597592.388620011,1232054,0,1,206,736,636,371,,1949,
65536,597592.388630851,1232052,1,0,191,746,736,401,,2074,
65536,597592.388638151,1232054,0,1,204,740,618,379,,1941,
65536,597592.388684052,1232052,1,0,194,795,690,427,,2106,
65536,597592.388691807,1232054,0,1,188,759,648,510,,2105,
65536,597592.388703394,1232052,1,0,202,740,702,434,,2078,
65536,597592.388710902,1232054,0,1,179,732,650,383,,1944,
65536,597592.388722335,1232052,1,0,184,743,744,428,,2099,
65536,597592.388729964,1232054,0,1,193,727,632,395,,1947,
65536,597592.388741518,1232052,1,0,197,743,1065,425,,2430,
65536,597592.388749570,1232054,0,1,187,729,667,373,,1956,
65536,597592.388760598,1232052,1,0,192,740,643,382,,1957,
65536,597592.388768390,1232054,0,1,204,749,627,362,,1942,
65536,597592.388780065,1232052,1,0,260,741,673,375,,2049,
65536,597592.388787696,1232054,0,1,203,737,640,368,,1948,
65536,597592.388798620,1232052,1,0,198,748,641,393,,1980,
65536,597592.388806665,1232054,0,1,208,745,637,463,,2053,
65536,597592.388818372,1232052,1,0,197,730,773,390,,2090,
65536,597592.388825852,1232054,0,1,190,776,638,428,,2032,
65536,597592.388836427,1232052,1,0,343,735,661,382,,2121,
65536,597592.388844708,1232054,0,1,216,739,724,414,,2093,
65536,597592.388856307,1232052,1,0,203,740,671,373,,1987,
65536,597592.388864360,1232054,0,1,254,743,726,550,,2273,
65536,597592.388876326,1232052,1,0,198,735,677,391,,2001,
65536,597592.388883594,1232054,0,1,174,764,610,364,,1912,
65536,597592.388894617,1232052,1,0,173,739,662,393,,1967,
65536,597592.388902089,1232054,0,1,194,747,664,420,,2025,
65536,597592.388913723,1232052,1,0,177,731,654,355,,1917,
65536,597592.388921153,1232054,0,1,197,738,651,447,,2033,
65536,597592.388932616,1232052,1,0,184,730,631,391,,1936,
65536,597592.388940369,1232054,0,1,231,753,633,406,,2023,
65536,597592.388951594,1232052,1,0,192,740,732,390,,2054,
65536,597592.388959153,1232054,0,1,194,726,704,430,,2054,
65536,597592.388971167,1232052,1,0,207,763,797,377,,2144,
65536,597592.388979440,1232054,0,1,193,727,657,398,,1975,
65536,597592.388991008,1232052,1,0,200,752,703,414,,2069,
65536,597592.388998797,1232054,0,1,202,732,628,413,,1975,
65536,597592.389010303,1232052,1,0,211,825,670,433,,2139,
65536,597592.389018523,1232054,0,1,194,722,658,359,,1933,
65536,597592.389029839,1232052,1,0,206,733,649,402,,1990,
65536,597592.389037420,1232054,0,1,197,729,660,405,,1991,
65536,597592.389048694,1232052,1,0,208,770,637,406,,2021,
65536,597592.389056356,1232054,0,1,188,738,656,366,,1948,
65536,597592.389067701,1232052,1,0,205,739,651,425,,2020,
65536,597592.389074894,1232054,0,1,210,727,728,380,,2045,
65536,597592.389084953,1232052,1,0,202,787,665,396,,2050,
65536,597592.389092123,1232054,0,1,217,738,641,385,,1981,
65536,597592.389102335,1232052,1,0,191,738,662,433,,2024,
65536,597592.389109476,1232054,0,1,216,740,648,531,,2135,
65536,597592.389119800,1232052,1,0,187,749,636,428,,2000,
65536,597592.389126933,1232054,0,1,200,734,683,396,,2013,
65536,597592.389137499,1232052,1,0,190,738,619,394,,1941,
65536,597592.389144318,1232054,0,1,185,734,746,375,,2040,
65536,597592.389154805,1232052,1,0,202,757,775,592,,2326,
65536,597592.389162077,1232054,0,1,183,731,623,409,,1946,
65536,597592.389172075,1232052,1,0,258,760,647,368,,2033,
65536,597592.389179526,1232054,0,1,196,736,651,485,,2068,
65536,597592.389189565,1232052,1,0,291,906,633,445,,2275,
65536,597592.389196600,1232054,0,1,202,746,720,397,,2065,
65536,597592.389206632,1232052,1,0,191,740,641,378,,1950,
65536,597592.389213583,1232054,0,1,191,738,647,366,,1942,
65536,597592.389223398,1232052,1,0,180,732,662,388,,1962,
65536,597592.389230193,1232054,0,1,199,748,627,425,,1999,
65536,597592.389240021,1232052,1,0,344,728,624,382,,2078,
65536,597592.389247538,1232054,0,1,289,745,738,395,,2167,
65536,597592.389257688,1232052,1,0,309,868,899,399,,2475,
65536,597592.389265251,1232054,0,1,184,724,701,412,,2021,
65536,597592.389275554,1232052,1,0,197,735,633,381,,1946,
65536,597592.389282366,1232054,0,1,317,755,647,361,,2080,
65536,597592.389292494,1232052,1,0,437,734,675,404,,2250,
65536,597592.389298878,1232054,0,1,191,737,693,388,,2009,
65536,597592.389308548,1232052,1,0,301,842,629,369,,2141,
65536,597592.389315461,1232054,0,1,225,720,640,377,,1962,
65536,597592.389325322,1232052,1,0,296,734,720,395,,2145,
65536,597592.389332278,1232054,0,1,184,737,647,450,,2018,
65536,597592.389341996,1232052,1,0,188,741,684,420,,2033,
65536,597592.389349199,1232054,0,1,210,739,647,356,,1952,
65536,597592.389359154,1232052,1,0,188,734,668,365,,1955,
65536,597592.389366048,1232054,0,1,204,744,623,417,,1988,
65536,597592.389375888,1232052,1,0,302,741,638,501,,2182,
65536,597592.389383694,1232054,0,1,214,743,712,632,,2301,
65536,597592.389393755,1232052,1,0,197,738,661,452,,2048,
65536,597592.389401048,1232054,0,1,279,759,638,446,,2122,
65536,597592.389410913,1232052,1,0,188,753,639,511,,2091,
65536,597592.389418195,1232054,0,1,184,730,650,363,,1927,
65536,597592.389427912,1232052,1,0,206,737,659,395,,1997,
65536,597592.389434320,1232054,0,1,198,737,620,436,,1991,
65536,597592.389443734,1232052,1,0,187,730,626,375,,1918,
65536,597592.389450613,1232054,0,1,201,959,613,391,,2164,
65536,597592.389460459,1232052,1,0,200,738,641,405,,1984,
65536,597592.389466992,1232054,0,1,205,522,665,1456,,2848,
65536,597592.389477250,1232052,1,0,216,753,709,398,,2076,
65536,597592.389484296,1232054,0,1,201,730,780,381,,2092,
65536,597592.389494246,1232052,1,0,268,735,634,363,,2000,
65536,597592.389501530,1232054,0,1,280,771,642,379,,2072,
65536,597592.389511112,1232052,1,0,199,744,633,407,,1983,
65536,597592.389518011,1232054,0,1,222,734,646,386,,1988,
65536,597592.389527713,1232052,1,0,214,745,639,399,,1997,
65536,597592.389533763,1232054,0,1,187,744,646,430,,2007,
65536,597592.389543307,1232052,1,0,190,731,620,397,,1938,
65536,597592.389549417,1232054,0,1,193,736,643,388,,1960,
65536,597592.389558985,1232052,1,0,179,739,657,506,,2081,
65536,597592.389565320,1232054,0,1,186,742,648,400,,1976,
65536,597592.389574525,1232052,1,0,201,741,626,404,,1972,
65536,597592.389581738,1232054,0,1,197,745,636,408,,1986,
65536,597592.389591552,1232052,1,0,179,757,727,381,,2044,
65536,597592.389598741,1232054,0,1,216,736,659,367,,1978,
65536,597592.389608335,1232052,1,0,261,946,681,380,,2268,
65536,597592.389615455,1232054,0,1,190,777,644,362,,1973,
65536,597592.389625075,1232052,1,0,178,731,636,443,,1988,
65536,597592.389631384,1232054,0,1,200,742,672,364,,1978,
65536,597592.389640873,1232052,1,0,210,725,633,409,,1977,
65536,597592.389647734,1232054,0,1,206,737,653,389,,1985,
65536,597592.389658022,1232052,1,0,178,735,653,370,,1936,
65536,597592.389664605,1232054,0,1,199,733,636,365,,1933,
65536,597592.389673863,1232052,1,0,198,839,635,389,,2061,
65536,597592.389680992,1232054,0,1,194,745,645,403,,1987,
65536,597592.389690834,1232052,1,0,189,744,624,365,,1922,
65536,597592.389697488,1232054,0,1,200,731,719,362,,2012,
65536,597592.389706900,1232052,1,0,200,731,634,556,,2121,
65536,597592.389712842,1232054,0,1,207,731,619,390,,1947,
65536,597592.389722346,1232052,1,0,182,744,655,360,,1941,
65536,597592.389729413,1232054,0,1,210,730,652,399,,1991,
65536,597592.389738881,1232052,1,0,190,759,713,406,,2068,
65536,597592.389745849,1232054,0,1,197,729,675,364,,1965,
65536,597592.389755377,1232052,1,0,208,726,645,374,,1953,
65536,597592.389762113,1232054,0,1,205,731,630,385,,1951,
65536,597592.389771490,1232052,1,0,342,740,653,412,,2147,
65536,597592.389778727,1232054,0,1,201,736,648,368,,1953,
65536,597592.389788156,1232052,1,0,294,740,649,371,,2054,
65536,597592.389795386,1232054,0,1,213,738,642,377,,1970,
65536,597592.389805008,1232052,1,0,197,740,628,369,,1934,
65536,597592.389812680,1232054,0,1,212,759,650,377,,1998,
65536,597592.389822272,1232052,1,0,181,744,625,372,,1922,
65536,597592.389829423,1232054,0,1,201,743,690,388,,2022,
65536,597592.389838774,1232052,1,0,186,740,634,384,,1944,
65536,597592.389845127,1232054,0,1,199,759,625,365,,1948,
65536,597592.389854871,1232052,1,0,183,741,627,385,,1936,
65536,597592.389860607,1232054,0,1,243,741,643,476,,2103,
65536,597592.389870228,1232052,1,0,190,735,640,510,,2075,
65536,597592.389877269,1232054,0,1,203,742,681,366,,1992,
65536,597592.389887163,1232052,1,0,171,738,754,507,,2170,
65536,597592.389894319,1232054,0,1,193,741,648,417,,1999,
65536,597592.389903863,1232052,1,0,304,741,632,382,,2059,
65536,597592.389911280,1232054,0,1,191,743,840,380,,2154,
65536,597592.389921421,1232052,1,0,182,738,716,365,,2001,
65536,597592.389928233,1232054,0,1,257,760,759,362,,2138,
65536,597592.389937838,1232052,1,0,302,741,654,383,,2080,
65536,597592.389944956,1232054,0,1,220,761,645,361,,1987,
65536,597592.389954501,1232052,1,0,206,707,670,379,,1962,
65536,597592.389961578,1232054,0,1,201,743,714,589,,2247,
65536,597592.389971031,1232052,1,0,206,735,622,382,,1945,
65536,597592.389977806,1232054,0,1,285,726,749,397,,2157,
65536,597592.389987644,1232052,1,0,190,737,652,381,,1960,
65536,597592.389994548,1232054,0,1,199,727,685,367,,1978,
65536,597592.390004155,1232052,1,0,236,749,651,427,,2063,
65536,597592.390010944,1232054,0,1,198,732,645,362,,1937,
65536,597592.390020242,1232052,1,0,178,735,702,389,,2004,
65536,597592.390027473,1232054,0,1,237,865,649,393,,2144,
65536,597592.390037304,1232052,1,0,290,727,634,407,,2058,
65536,597592.390045025,1232054,0,1,201,840,642,366,,2049,
65536,597592.390055007,1232052,1,0,182,834,659,374,,2049,
65536,597592.390062519,1232054,0,1,180,740,630,419,,1969,
65536,597592.390072038,1232052,1,0,307,732,761,376,,2176,
65536,597592.390080027,1232054,0,1,183,740,643,382,,1948,
65536,597592.390089490,1232052,1,0,193,736,624,378,,1931,
65536,597592.390096871,1232054,0,1,181,743,716,379,,2019,
65536,597592.390106245,1232052,1,0,184,743,707,396,,2030,
65536,597592.390113573,1232054,0,1,192,743,644,394,,1973,
65536,597592.390123219,1232052,1,0,183,729,671,372,,1955,
65536,597592.390130010,1232054,0,1,206,743,648,374,,1971,
65536,597592.390139334,1232052,1,0,186,753,681,395,,2015,
65536,597592.390146304,1232054,0,1,195,756,679,380,,2010,
65536,597592.390155901,1232052,1,0,195,760,621,362,,1938,
65536,597592.390162824,1232054,0,1,288,731,748,417,,2184,
65536,597592.390172198,1232052,1,0,188,743,631,382,,1944,
65536,597592.390179605,1232054,0,1,208,735,663,379,,1985,
65536,597592.390189218,1232052,1,0,174,738,668,375,,1955,
65536,597592.390196385,1232054,0,1,190,731,635,365,,1921,
65536,597592.390205704,1232052,1,0,199,736,628,388,,1951,
65536,597592.390212706,1232054,0,1,223,733,645,402,,2003,
65536,597592.390222336,1232052,1,0,189,750,701,599,,2239,
65536,597592.390230749,1232054,0,1,179,732,641,450,,2002,
65536,597592.390240213,1232052,1,0,222,742,740,521,,2225,
65536,597592.390248388,1232054,0,1,207,748,683,369,,2007,
65536,597592.390258046,1232052,1,0,318,763,654,376,,2111,
65536,597592.390265658,1232054,0,1,283,735,825,623,,2466,
65536,597592.390275874,1232052,1,0,295,736,634,432,,2097,
65536,597592.390282892,1232054,0,1,249,740,654,363,,2006,
65536,597592.390292488,1232052,1,0,185,732,652,366,,1935,
65536,597592.390299536,1232054,0,1,209,739,628,387,,1963,
65536,597592.390308789,1232052,1,0,217,732,663,383,,1995,
65536,597592.390316308,1232054,0,1,195,739,651,366,,1951,
65536,597592.390325816,1232052,1,0,360,726,758,368,,2212,
65536,597592.390333366,1232054,0,1,328,743,762,378,,2211,
65536,597592.390342990,1232052,1,0,209,737,650,422,,2018,
65536,597592.390350192,1232054,0,1,187,742,663,500,,2092,
65536,597592.390360233,1232052,1,0,315,762,760,429,,2266,
65536,597592.390367683,1232054,0,1,234,758,650,438,,2080,
65536,597592.390377548,1232052,1,0,223,765,743,419,,2150,
65536,597592.390385325,1232054,0,1,334,871,743,365,,2313,
65536,597592.390396091,1232052,1,0,194,768,786,413,,2161,
65536,597592.390429102,1232054,0,1,274,761,652,433,,2120,
65536,597592.390437686,1232052,1,0,552,779,764,413,,2508,
65536,597592.390444165,1232054,0,1,312,768,653,396,,2129,
65536,597592.390456350,1232052,1,0,203,764,700,446,,2113,
65536,597592.390462649,1232054,0,1,196,760,638,417,,2011,
65536,597592.390479970,1232052,1,0,272,757,880,480,,2389,
65536,597592.390486538,1232054,0,1,209,751,712,521,,2193,
65536,597592.390499065,1232052,1,0,202,784,690,439,,2115,
65536,597592.390505304,1232054,0,1,192,761,628,436,,2017,
65536,597592.390517166,1232052,1,0,193,762,720,428,,2103,
65536,597592.390523483,1232054,0,1,209,754,767,361,,2091,
65536,597592.390535730,1232052,1,0,266,757,734,460,,2217,
65536,597592.390541990,1232054,0,1,196,747,638,403,,1984,
65536,597592.390554056,1232052,1,0,208,783,695,446,,2132,
65536,597592.390560210,1232054,0,1,207,761,658,421,,2047,
65536,597592.390572375,1232052,1,0,267,759,721,432,,2179,
65536,597592.390578865,1232054,0,1,210,754,643,365,,1972,
65536,597592.390590807,1232052,1,0,359,885,712,400,,2356,
65536,597592.390597324,1232054,0,1,241,767,941,383,,2332,
65536,597592.390609191,1232052,1,0,197,764,688,436,,2085,
65536,597592.390615168,1232054,0,1,184,736,647,357,,1924,
65536,597592.390626550,1232052,1,0,201,744,660,449,,2054,
65536,597592.390632438,1232054,0,1,194,738,645,407,,1984,
65536,597592.390643904,1232052,1,0,210,729,661,403,,2003,
65536,597592.390649529,1232054,0,1,208,726,633,362,,1929,
65536,597592.390660686,1232052,1,0,218,758,740,469,,2185,
65536,597592.390666813,1232054,0,1,217,761,661,409,,2048,
65536,597592.390678605,1232052,1,0,309,767,687,449,,2212,
65536,597592.390684839,1232054,0,1,214,763,634,380,,1991,
65536,597592.390696786,1232052,1,0,187,765,712,445,,2109,
65536,597592.390703095,1232054,0,1,315,743,641,375,,2074,
65536,597592.390715053,1232052,1,0,279,767,713,423,,2182,
65536,597592.390721349,1232054,0,1,216,761,650,368,,1995,
65536,597592.390733290,1232052,1,0,227,765,711,434,,2137,
65536,597592.390739657,1232054,0,1,212,751,655,386,,2004,
65536,597592.390751558,1232052,1,0,183,740,672,384,,1979,
65536,597592.390757325,1232054,0,1,177,742,635,364,,1918,
65536,597592.390768343,1232052,1,0,205,736,821,467,,2229,
65536,597592.390774225,1232054,0,1,200,735,629,386,,1950,
65536,597592.390785486,1232052,1,0,223,873,681,371,,2148,
65536,597592.390791621,1232054,0,1,194,752,629,369,,1944,
65536,597592.390802766,1232052,1,0,191,930,651,406,,2178,
65536,597592.390808738,1232054,0,1,203,749,633,407,,1992,
65536,597592.390819678,1232052,1,0,196,736,656,405,,1993,
65536,597592.390825430,1232054,0,1,184,732,669,362,,1947,
65536,597592.390836581,1232052,1,0,197,733,641,380,,1951,
65536,597592.390842199,1232054,0,1,218,747,627,499,,2091,
65536,597592.390853166,1232052,1,0,196,739,651,377,,1963,
65536,597592.390859357,1232054,0,1,220,732,632,375,,1959,
65536,597592.390870557,1232052,1,0,186,737,741,413,,2077,
65536,597592.390876464,1232054,0,1,207,742,663,407,,2019,
65536,597592.390887636,1232052,1,0,210,736,621,405,,1972,
65536,597592.390893523,1232054,0,1,175,742,642,401,,1960,
65536,597592.390904595,1232052,1,0,324,733,660,430,,2147,
65536,597592.390910488,1232054,0,1,197,738,638,619,,2192,
65536,597592.390922096,1232052,1,0,213,727,687,393,,2020,
65536,597592.390928184,1232054,0,1,189,737,659,364,,1949,
65536,597592.390938668,1232052,1,0,186,746,645,413,,1990,
65536,597592.390944596,1232054,0,1,194,742,622,412,,1970,
65536,597592.390956272,1232052,1,0,188,732,633,374,,1927,
65536,597592.390962157,1232054,0,1,192,769,624,394,,1979,
65536,597592.390973680,1232052,1,0,194,735,652,422,,2003,
65536,597592.390979644,1232054,0,1,191,738,633,422,,1984,
65536,597592.390990822,1232052,1,0,287,736,687,397,,2107,
65536,597592.390997322,1232054,0,1,208,737,659,384,,1988,
65536,597592.391008610,1232052,1,0,299,740,685,413,,2137,
65536,597592.391014830,1232054,0,1,188,749,619,467,,2023,
65536,597592.391026264,1232052,1,0,197,742,680,404,,2023,
65536,597592.391032490,1232054,0,1,173,743,620,377,,1913,
65536,597592.391043472,1232052,1,0,268,745,623,406,,2042,
65536,597592.391049508,1232054,0,1,189,735,667,382,,1973,
65536,597592.391060271,1232052,1,0,205,732,660,412,,2009,
65536,597592.391066663,1232054,0,1,417,735,624,364,,2140,
65536,597592.391077929,1232052,1,0,194,724,649,493,,2060,
65536,597592.391084023,1232054,0,1,206,741,653,413,,2013,
65536,597592.391095053,1232052,1,0,279,736,623,402,,2040,
65536,597592.391101487,1232054,0,1,207,741,680,445,,2073,
65536,597592.391112963,1232052,1,0,331,735,657,378,,2101,
65536,597592.391119323,1232054,0,1,204,746,669,370,,1989,
65536,597592.391130151,1232052,1,0,270,820,630,415,,2135,
65536,597592.391136701,1232054,0,1,181,730,623,360,,1894,
65536,597592.391147551,1232052,1,0,198,732,625,390,,1945,
65536,597592.391153735,1232054,0,1,198,734,682,420,,2034,
65536,597592.391165041,1232052,1,0,198,739,695,478,,2110,
65536,597592.391171690,1232054,0,1,192,733,634,370,,1929,
65536,597592.391182888,1232052,1,0,301,724,670,402,,2097,
65536,597592.391189035,1232054,0,1,213,740,632,363,,1948,
65536,597592.391200087,1232052,1,0,214,739,659,398,,2010,
65536,597592.391206669,1232054,0,1,181,732,655,389,,1957,
65536,597592.391263416,1232052,1,0,236,781,859,508,,2384,
65536,597592.391270827,1232054,0,1,193,750,701,492,,2136,
65536,597592.391282040,1232052,1,0,378,769,798,405,,2350,
65536,597592.391289088,1232054,0,1,190,764,713,407,,2074,
65536,597592.391298973,1232052,1,0,324,754,665,356,,2099,
65536,597592.391306567,1232054,0,1,218,757,694,452,,2121,
65536,597592.391316862,1232052,1,0,204,762,817,460,,2243,
65536,597592.391323907,1232054,0,1,218,757,710,408,,2093,
65536,597592.391333765,1232052,1,0,193,758,921,431,,2303,
65536,597592.391340880,1232054,0,1,183,761,694,421,,2059,
65536,597592.391351099,1232052,1,0,270,888,820,479,,2457,
65536,597592.391358651,1232054,0,1,193,756,733,579,,2261,
65536,597592.391368745,1232052,1,0,195,793,711,393,,2092,
65536,597592.391375183,1232054,0,1,206,757,720,468,,2151,
65536,597592.391385261,1232052,1,0,212,758,648,378,,1996,
65536,597592.391391677,1232054,0,1,198,749,713,424,,2084,
65536,597592.391401322,1232052,1,0,327,760,658,518,,2263,
65536,597592.391407720,1232054,0,1,226,758,697,476,,2157,
65536,597592.391417688,1232052,1,0,222,743,625,385,,1975,
65536,597592.391424316,1232054,0,1,213,766,738,407,,2124,
65536,597592.391434139,1232052,1,0,207,754,656,407,,2024,
65536,597592.391440776,1232054,0,1,218,771,715,543,,2247,
65536,597592.391450633,1232052,1,0,250,901,628,416,,2195,
65536,597592.391458199,1232054,0,1,187,750,702,405,,2044,
65536,597592.391469341,1232052,1,0,236,760,725,416,,2137,
65536,597592.391476715,1232054,0,1,216,756,711,439,,2122,
65536,597592.391486615,1232052,1,0,199,765,626,382,,1972,
65536,597592.391494293,1232054,0,1,189,869,741,402,,2201,
65536,597592.391504105,1232052,1,0,207,752,629,421,,2009,
65536,597592.391511275,1232054,0,1,248,906,715,482,,2351,
65536,597592.391521328,1232052,1,0,434,849,705,478,,2466,
65536,597592.391528931,1232054,0,1,219,766,769,411,,2165,
65536,597592.391538927,1232052,1,0,223,760,660,409,,2052,
65536,597592.391545910,1232054,0,1,219,772,755,391,,2137,
65536,597592.391555563,1232052,1,0,296,760,770,367,,2193,
65536,597592.391562617,1232054,0,1,194,773,725,408,,2100,
65536,597592.391572324,1232052,1,0,192,772,630,353,,1947,
65536,597592.391579670,1232054,0,1,219,754,723,436,,2132,
65536,597592.391589703,1232052,1,0,212,757,626,362,,1957,
65536,597592.391596714,1232054,0,1,195,771,702,531,,2199,
65536,597592.391606396,1232052,1,0,254,753,629,432,,2068,
65536,597592.391614116,1232054,0,1,206,871,790,408,,2275,
65536,597592.391624413,1232052,1,0,236,860,633,381,,2110,
65536,597592.391631967,1232054,0,1,454,771,701,403,,2329,
65536,597592.391641960,1232052,1,0,531,758,645,406,,2340,
65536,597592.391649571,1232054,0,1,205,745,699,686,,2335,
65536,597592.391659635,1232052,1,0,180,743,625,370,,1918,
65536,597592.391667021,1232054,0,1,308,846,732,477,,2363,
65536,597592.391676751,1232052,1,0,447,740,727,412,,2326,
65536,597592.391684641,1232054,0,1,309,749,662,396,,2116,
65536,597592.391694457,1232052,1,0,195,730,626,361,,1912,
65536,597592.391701615,1232054,0,1,271,730,631,384,,2016,
65536,597592.391711057,1232052,1,0,183,732,665,539,,2119,
65536,597592.391718153,1232054,0,1,199,731,749,409,,2088,
65536,597592.391727738,1232052,1,0,185,723,623,372,,1903,
65536,597592.391735169,1232054,0,1,187,842,614,357,,2000,
65536,597592.391744794,1232052,1,0,210,877,733,397,,2217,
65536,597592.391752435,1232054,0,1,328,753,798,427,,2306,
65536,597592.391762326,1232052,1,0,395,738,631,457,,2221,
65536,597592.391770062,1232054,0,1,191,747,653,382,,1973,
65536,597592.391779492,1232052,1,0,206,746,631,430,,2013,
65536,597592.391786953,1232054,0,1,201,770,655,357,,1983,
65536,597592.391796521,1232052,1,0,187,719,638,372,,1916,
65536,597592.391803669,1232054,0,1,189,743,670,391,,1993,
65536,597592.391813387,1232052,1,0,195,740,734,423,,2092,
65536,597592.391820366,1232054,0,1,186,720,639,417,,1962,
65536,597592.391829849,1232052,1,0,184,740,624,367,,1915,
65536,597592.391836992,1232054,0,1,190,734,649,363,,1936,
65536,597592.391846351,1232052,1,0,198,738,660,372,,1968,
65536,597592.391853248,1232054,0,1,189,723,663,405,,1980,
65536,597592.391863138,1232052,1,0,300,737,627,417,,2081,
65536,597592.391869759,1232054,0,1,240,736,655,366,,1997,
65536,597592.391879101,1232052,1,0,189,740,646,392,,1967,
65536,597592.391886276,1232054,0,1,205,871,649,363,,2088,
65536,597592.391896005,1232052,1,0,181,737,793,367,,2078,
65536,597592.391903180,1232054,0,1,193,759,708,363,,2023,
65536,597592.391912779,1232052,1,0,323,742,627,358,,2050,
65536,597592.391920093,1232054,0,1,219,748,656,408,,2031,
65536,597592.391929810,1232052,1,0,200,734,619,370,,1923,
65536,597592.391937161,1232054,0,1,405,850,778,498,,2531,
65536,597592.391947111,1232052,1,0,193,814,633,400,,2040,
65536,597592.391954279,1232054,0,1,312,740,677,393,,2122,
65536,597592.391963953,1232052,1,0,279,736,758,380,,2153,
65536,597592.391971046,1232054,0,1,365,747,680,357,,2149,
65536,597592.391980551,1232052,1,0,171,736,618,372,,1897,
65536,597592.391987377,1232054,0,1,202,757,642,360,,1961,
65536,597592.391996734,1232052,1,0,188,747,647,375,,1957,
65536,597592.392003803,1232054,0,1,197,824,627,376,,2024,
65536,597592.392013491,1232052,1,0,195,745,628,405,,1973,
65536,597592.392020147,1232054,0,1,176,745,645,427,,1993,
65536,597592.392029641,1232052,1,0,175,744,619,356,,1894,
65536,597592.392036469,1232054,0,1,183,735,760,404,,2082,
65536,597592.392046260,1232052,1,0,354,742,627,422,,2145,
65536,597592.392052653,1232054,0,1,212,731,654,460,,2057,
65536,597592.392062313,1232052,1,0,200,734,731,445,,2110,
65536,597592.392069000,1232054,0,1,188,742,662,380,,1972,
65536,597592.392078553,1232052,1,0,182,745,787,394,,2108,
65536,597592.392085565,1232054,0,1,212,735,691,359,,1997,
65536,597592.392095250,1232052,1,0,187,742,630,413,,1972,
65536,597592.392102273,1232054,0,1,523,744,674,358,,2299,
65536,597592.392111996,1232052,1,0,193,739,629,421,,1982,
65536,597592.392119345,1232054,0,1,218,838,643,382,,2081,
65536,597592.392129012,1232052,1,0,202,757,742,367,,2068,
65536,597592.392136017,1232054,0,1,191,726,677,469,,2063,
65536,597592.392145807,1232052,1,0,193,744,633,410,,1980,
65536,597592.392153093,1232054,0,1,251,786,647,417,,2101,
65536,597592.392163034,1232052,1,0,202,733,636,387,,1958,
65536,597592.392170314,1232054,0,1,246,739,696,387,,2068,
65536,597592.392179674,1232052,1,0,182,745,638,434,,1999,
65536,597592.392186962,1232054,0,1,204,737,647,395,,1983,
65536,597592.392196754,1232052,1,0,179,743,636,409,,1967,
65536,597592.392203639,1232054,0,1,170,1042,615,377,,2204,
65536,597592.392213157,1232052,1,0,203,732,629,410,,1974,
65536,597592.392220240,1232054,0,1,198,745,746,407,,2096,
65536,597592.392229856,1232052,1,0,171,738,631,360,,1900,
65536,597592.392236753,1232054,0,1,181,731,749,544,,2205,
65536,597592.392246368,1232052,1,0,192,741,628,414,,1975,
65536,597592.392253143,1232054,0,1,204,732,656,478,,2070,
65536,597592.392262728,1232052,1,0,189,732,624,371,,1916,
65536,597592.392268975,1232054,0,1,187,731,627,357,,1902,
65536,597592.392278347,1232052,1,0,197,735,640,410,,1982,
65536,597592.392284658,1232054,0,1,192,727,648,414,,1981,
65536,597592.392294174,1232052,1,0,196,729,709,530,,2164,
65536,597592.392301208,1232054,0,1,190,733,648,391,,1962,
65536,597592.392310947,1232052,1,0,274,731,819,373,,2197,
65536,597592.392318202,1232054,0,1,185,748,655,382,,1970,
65536,597592.392327685,1232052,1,0,190,750,628,397,,1965,
65536,597592.392335217,1232054,0,1,206,754,649,422,,2031,
65536,597592.392345119,1232052,1,0,187,740,734,371,,2032,
65536,597592.392352297,1232054,0,1,187,742,681,410,,2020,
65536,597592.392361718,1232052,1,0,181,737,622,356,,1896,
65536,597592.392368995,1232054,0,1,187,758,651,374,,1970,
65536,597592.392378184,1232052,1,0,191,738,629,385,,1943,
65536,597592.392385386,1232054,0,1,206,737,649,359,,1951,
65536,597592.392395237,1232052,1,0,178,734,626,354,,1892,
65536,597592.392401959,1232054,0,1,184,741,725,460,,2110,
65536,597592.392411499,1232052,1,0,185,728,622,372,,1907,
65536,597592.392418547,1232054,0,1,219,748,642,372,,1981,
65536,597592.392428291,1232052,1,0,196,863,692,443,,2194,
65536,597592.392435575,1232054,0,1,199,727,647,385,,1958,
65536,597592.392445135,1232052,1,0,576,737,701,440,,2454,
65536,597592.392452888,1232054,0,1,193,733,747,432,,2105,
65536,597592.392462870,1232052,1,0,173,745,714,354,,1986,
65536,597592.392470876,1232054,0,1,341,,,946,,2580,
65536,597592.392480993,1232052,1,0,192,739,695,408,,2034,
65536,597592.392487869,1232054,0,1,215,774,662,384,,2035,
65536,597592.392497200,1232052,1,0,192,724,674,366,,1956,
65536,597592.392504069,1232054,0,1,184,725,647,409,,1965,
65536,597592.392514393,1232052,1,0,206,746,685,456,,2093,
65536,597592.392521556,1232054,0,1,211,741,656,391,,1999,
65536,597592.392531619,1232052,1,0,206,762,696,391,,2055,
65536,597592.392539709,1232054,0,1,206,751,660,411,,2028,
65536,597592.392550211,1232052,1,0,187,762,693,462,,2104,
65536,597592.392557622,1232054,0,1,210,773,771,463,,2217,
65536,597592.392568064,1232052,1,0,209,762,697,422,,2090,
65536,597592.392575883,1232054,0,1,197,733,660,396,,1986,
65536,597592.392586290,1232052,1,0,215,756,700,456,,2127,
65536,597592.392593545,1232054,0,1,253,779,671,384,,2087,
65536,597592.392604188,1232052,1,0,188,758,682,440,,2068,
65536,597592.392611575,1232054,0,1,210,753,678,366,,2007,
65536,597592.392621883,1232052,1,0,193,756,832,434,,2215,
65536,597592.392629717,1232054,0,1,214,762,684,405,,2065,
65536,597592.392640348,1232052,1,0,200,758,691,412,,2061,
65536,597592.392647736,1232054,0,1,202,763,642,372,,1979,
65536,597592.392657927,1232052,1,0,213,766,697,438,,2114,
65536,597592.392665604,1232054,0,1,215,785,752,384,,2136,
65536,597592.392676331,1232052,1,0,233,769,733,507,,2242,
65536,597592.392683992,1232054,0,1,365,768,634,361,,2128,
65536,597592.392694282,1232052,1,0,310,765,688,450,,2213,
65536,597592.392701945,1232054,0,1,201,767,643,409,,2020,
65536,597592.392712269,1232052,1,0,183,744,626,359,,1912,
65536,597592.392719463,1232054,0,1,195,745,667,391,,1998,
65536,597592.392728806,1232052,1,0,189,732,628,398,,1947,
65536,597592.392735742,1232054,0,1,208,734,702,468,,2112,
65536,597592.392745495,1232052,1,0,207,737,788,487,,2219,
65536,597592.392752932,1232054,0,1,188,756,679,382,,2005,
65536,597592.392762174,1232052,1,0,185,747,624,415,,1971,
65536,597592.392769278,1232054,0,1,188,736,651,381,,1956,
65536,597592.392778672,1232052,1,0,196,720,662,359,,1937,
65536,597592.392785115,1232054,0,1,197,734,643,511,,2085,
65536,597592.392794729,1232052,1,0,193,730,689,542,,2154,
65536,597592.392800744,1232054,0,1,193,752,640,400,,1985,
65536,597592.392810140,1232052,1,0,184,743,621,359,,1907,
65536,597592.392817303,1232054,0,1,213,731,651,366,,1961,
65536,597592.392826662,1232052,1,0,189,734,631,631,,2185,
65536,597592.392833502,1232054,0,1,192,758,955,471,,2376,
65536,597592.392843459,1232052,1,0,309,733,628,386,,2056,
65536,597592.392850388,1232054,0,1,221,743,648,377,,1989,
65536,597592.392860287,1232052,1,0,186,741,625,434,,1986,
65536,597592.392866421,1232054,0,1,196,757,654,366,,1973,
65536,597592.392876007,1232052,1,0,253,720,622,358,,1953,
65536,597592.392882229,1232054,0,1,176,734,647,375,,1932,
65536,597592.392891439,1232052,1,0,194,837,1015,388,,2434,
65536,597592.392898738,1232054,0,1,197,737,624,452,,2010,
65536,597592.392908514,1232052,1,0,192,727,658,372,,1949,
65536,597592.392915744,1232054,0,1,178,740,639,366,,1923,
65536,597592.392924909,1232052,1,0,188,730,619,411,,1948,
65536,597592.392932116,1232054,0,1,200,758,652,393,,2003,
65536,597592.392941939,1232052,1,0,221,743,619,379,,1962,
65536,597592.392976223,1232054,0,1,207,762,799,463,,2231,
65536,597592.392984759,1232052,1,0,232,737,838,397,,2204,
65536,597592.392990819,1232054,0,1,206,762,680,404,,2052,
65536,597592.393002110,1232052,1,0,191,739,633,389,,1952,
65536,597592.393007788,1232054,0,1,180,738,619,364,,1901,
65536,597592.393019150,1232052,1,0,186,743,827,449,,2205,
65536,597592.393025136,1232054,0,1,203,743,648,407,,2001,
65536,597592.393036460,1232052,1,0,187,742,662,423,,2014,
65536,597592.393042121,1232054,0,1,183,745,620,364,,1912,
65536,597592.393053385,1232052,1,0,186,1067,646,383,,2282,
65536,597592.393059350,1232054,0,1,202,728,642,437,,2009,
65536,597592.393070360,1232052,1,0,198,732,655,410,,1995,
65536,597592.393076063,1232054,0,1,193,730,625,362,,1910,
65536,597592.393087183,1232052,1,0,194,738,662,457,,2051,
65536,597592.393092967,1232054,0,1,206,748,635,365,,1954,
65536,597592.393103895,1232052,1,0,195,741,647,378,,1961,
65536,597592.393109926,1232054,0,1,198,939,621,395,,2153,
65536,597592.393120635,1232052,1,0,196,732,620,474,,2022,
65536,597592.393126157,1232054,0,1,207,730,651,376,,1964,
65536,597592.393137099,1232052,1,0,205,730,641,401,,1977,
65536,597592.393142676,1232054,0,1,193,752,617,373,,1935,
65536,597592.393153451,1232052,1,0,188,729,671,404,,1992,
65536,597592.393158969,1232054,0,1,201,756,628,542,,2127,
65536,597592.393170701,1232052,1,0,206,729,646,421,,2002,
65536,597592.393176582,1232054,0,1,185,746,662,380,,1973,
65536,597592.393187839,1232052,1,0,191,753,700,416,,2060,
65536,597592.393194104,1232054,0,1,213,744,629,411,,1997,
65536,597592.393205199,1232052,1,0,199,738,646,381,,1964,
65536,597592.393211148,1232054,0,1,194,741,619,399,,1953,
65536,597592.393222140,1232052,1,0,197,721,622,396,,1936,
65536,597592.393227920,1232054,0,1,193,728,645,386,,1952,
65536,597592.393238975,1232052,1,0,217,732,655,373,,1977,
65536,597592.393244919,1232054,0,1,179,733,614,368,,1894,
65536,597592.393256069,1232052,1,0,185,729,649,394,,1957,
65536,597592.393261473,1232054,0,1,174,747,623,399,,1943,
65536,597592.393272895,1232052,1,0,211,726,681,381,,1999,
65536,597592.393278870,1232054,0,1,193,736,626,374,,1929,
65536,597592.393290029,1232052,1,0,195,756,650,526,,2127,
65536,597592.393296060,1232054,0,1,248,724,670,420,,2062,
65536,597592.393307199,1232052,1,0,252,738,655,434,,2079,
65536,597592.393313593,1232054,0,1,238,729,625,423,,2015,
65536,597592.393324594,1232052,1,0,204,755,660,362,,1981,
65536,597592.393330713,1232054,0,1,180,742,660,356,,1938,
65536,597592.393341775,1232052,1,0,202,742,626,380,,1950,
65536,597592.393348005,1232054,0,1,183,731,678,422,,2014,
65536,597592.393359443,1232052,1,0,218,762,657,440,,2077,
65536,597592.393365624,1232054,0,1,200,740,654,371,,1965,
65536,597592.393376702,1232052,1,0,193,741,665,397,,1996,
65536,597592.393382415,1232054,0,1,215,724,619,394,,1952,
65536,597592.393393427,1232052,1,0,187,748,647,380,,1962,
65536,597592.393399070,1232054,0,1,214,734,633,369,,1950,
65536,597592.393410222,1232052,1,0,188,732,708,482,,2110,
65536,597592.393416260,1232054,0,1,185,720,617,381,,1903,
65536,597592.393427206,1232052,1,0,333,735,628,377,,2073,
65536,597592.393433193,1232054,0,1,189,748,663,366,,1966,
65536,597592.393444007,1232052,1,0,183,728,625,382,,1918,
65536,597592.393449718,1232054,0,1,186,743,616,390,,1935,
65536,597592.393460970,1232052,1,0,185,728,660,375,,1948,
65536,597592.393466860,1232054,0,1,205,654,883,1393,,3135,
65536,597592.395848863,1232052,1,0,924,1250,1121,739,,4034,
65536,597592.395858431,1232054,0,1,275,912,1042,659,,2888,
65536,597592.395869357,1232052,1,0,224,773,764,392,,2153,
65536,597592.395876675,1232054,0,1,181,789,739,477,,2186,
65536,597592.395886504,1232052,1,0,197,748,660,359,,1964,
65536,597592.395893565,1232054,0,1,215,789,721,455,,2180,
65536,597592.395904058,1232052,1,0,233,783,707,455,,2178,
65536,597592.395912080,1232054,0,1,220,898,724,403,,2245,
65536,597592.395923048,1232052,1,0,201,886,702,437,,2226,
65536,597592.395930868,1232054,0,1,225,781,708,429,,2143,
65536,597592.395941698,1232052,1,0,364,787,710,454,,2315,
65536,597592.395949659,1232054,0,1,196,793,778,405,,2172,
65536,597592.395960417,1232052,1,0,203,780,760,421,,2164,
65536,597592.395968045,1232054,0,1,219,934,674,380,,2207,
65536,597592.395978632,1232052,1,0,206,785,686,413,,2090,
65536,597592.395986492,1232054,0,1,194,792,651,400,,2037,
65536,597592.395996854,1232052,1,0,196,757,691,436,,2080,
65536,597592.396004718,1232054,0,1,212,763,767,477,,2219,
65536,597592.396015464,1232052,1,0,205,760,684,428,,2077,
65536,597592.396023371,1232054,0,1,203,759,655,366,,1983,
65536,597592.396033587,1232052,1,0,196,920,695,414,,2225,
65536,597592.396041721,1232054,0,1,228,843,629,556,,2256,
65536,597592.396052302,1232052,1,0,210,758,685,446,,2099,
65536,597592.396059909,1232054,0,1,304,759,663,364,,2090,
65536,597592.396070377,1232052,1,0,202,775,681,445,,2103,
65536,597592.396078359,1232054,0,1,228,773,834,433,,2268,
65536,597592.396089272,1232052,1,0,271,770,772,411,,2224,
65536,597592.396097358,1232054,0,1,313,916,647,384,,2260,
65536,597592.396107843,1232052,1,0,193,775,693,409,,2070,
65536,597592.396115638,1232054,0,1,218,757,677,382,,2034,
65536,597592.396126099,1232052,1,0,193,762,749,538,,2242,
65536,597592.396134263,1232054,0,1,282,,,469,,3493,
65536,597592.396146217,1232052,1,0,193,739,642,439,,2013,
65536,597592.396153772,1232054,0,1,677,,,1665,,2528,
65536,597592.396164370,1232052,1,0,198,729,703,394,,2024,
65536,597592.396171709,1232054,0,1,460,,,889,,1523,
65536,597592.396180931,1232052,1,0,173,762,682,413,,2030,
65536,597592.396188204,1232054,0,1,196,758,708,413,,2075,
65536,597592.396197654,1232052,1,0,191,770,751,437,,2149,
65536,597592.396205583,1232054,0,1,198,759,660,365,,1982,
65536,597592.396216167,1232052,1,0,184,773,696,395,,2048,
65536,597592.396223872,1232054,0,1,234,753,791,419,,2197,
65536,597592.396234179,1232052,1,0,197,735,723,415,,2070,
65536,597592.396241810,1232054,0,1,172,742,661,360,,1935,
65536,597592.396251595,1232052,1,0,358,739,650,366,,2113,
65536,597592.396258922,1232054,0,1,195,739,645,429,,2008,
65536,597592.396268233,1232052,1,0,211,743,634,378,,1966,
65536,597592.396275655,1232054,0,1,199,744,650,372,,1965,
65536,597592.396285450,1232052,1,0,178,739,672,362,,1951,
65536,597592.396292481,1232054,0,1,202,736,644,360,,1942,
65536,597592.396301646,1232052,1,0,297,770,777,369,,2213,
65536,597592.396308707,1232054,0,1,179,743,690,360,,1972,
65536,597592.396318187,1232052,1,0,186,734,622,386,,1928,
65536,597592.396325655,1232054,0,1,208,746,649,390,,1993,
65536,597592.396335099,1232052,1,0,198,733,625,422,,1978,
65536,597592.396342594,1232054,0,1,178,759,650,380,,1967,
65536,597592.396352175,1232052,1,0,177,741,705,388,,2011,
65536,597592.396359737,1232054,0,1,192,758,616,375,,1941,
65536,597592.396369058,1232052,1,0,212,745,623,373,,1953,
65536,597592.396376152,1232054,0,1,203,748,671,393,,2015,
65536,597592.396385843,1232052,1,0,184,738,638,394,,1954,
65536,597592.396393027,1232054,0,1,183,765,636,422,,2006,
65536,597592.396402659,1232052,1,0,207,740,622,403,,1972,
65536,597592.396409839,1232054,0,1,176,737,706,488,,2107,
65536,597592.396419417,1232052,1,0,188,740,646,383,,1957,
65536,597592.396426821,1232054,0,1,199,720,660,410,,1989,
65536,597592.396436462,1232052,1,0,200,733,625,406,,1964,
65536,597592.396443876,1232054,0,1,197,758,730,645,,2330,
65536,597592.396453852,1232052,1,0,180,743,628,427,,1978,
65536,597592.396460965,1232054,0,1,217,745,631,409,,2002,
65536,597592.396471966,1232052,1,0,206,,,476,,1662,
65536,597592.396478788,1232054,0,1,204,732,691,417,,2044,
65536,597592.396488491,1232052,1,0,177,744,628,369,,1918,
65536,597592.396494683,1232054,0,1,227,1086,623,356,,2292,
65536,597592.396504388,1232052,1,0,184,750,622,440,,1996,
65536,597592.396511447,1232054,0,1,184,728,759,386,,2057,
65536,597592.396521445,1232052,1,0,190,744,681,376,,1991,
65536,597592.396528634,1232054,0,1,190,738,637,387,,1952,
65536,597592.396538124,1232052,1,0,192,740,638,377,,1947,
65536,597592.396545392,1232054,0,1,279,739,703,434,,2155,
65536,597592.396555314,1232052,1,0,197,741,629,361,,1928,
65536,597592.396562525,1232054,0,1,205,744,634,387,,1970,
65536,597592.396571906,1232052,1,0,183,736,623,358,,1900,
65536,597592.396578724,1232054,0,1,196,736,687,429,,2048,
65536,597592.396588281,1232052,1,0,193,738,626,381,,1938,
65536,597592.396595920,1232054,0,1,199,763,628,392,,1982,
65536,597592.396605303,1232052,1,0,191,734,626,373,,1924,
65536,597592.396612726,1232054,0,1,196,738,672,401,,2007,
65536,597592.396622316,1232052,1,0,183,742,629,408,,1962,
65536,597592.396629880,1232054,0,1,200,741,624,394,,1959,
65536,597592.396639475,1232052,1,0,201,764,626,418,,2009,
65536,597592.396646445,1232054,0,1,208,743,704,487,,2142,
65536,597592.396656210,1232052,1,0,193,732,648,376,,1949,
65536,597592.396663274,1232054,0,1,183,740,620,369,,1912,
65536,597592.396672883,1232052,1,0,205,733,628,407,,1973,
65536,597592.396679849,1232054,0,1,259,738,669,424,,2090,
65536,597592.396689454,1232052,1,0,184,732,715,566,,2197,
65536,597592.396696869,1232054,0,1,195,747,648,359,,1949,
65536,597592.396706223,1232052,1,0,203,739,627,402,,1971,
65536,597592.396712819,1232054,0,1,226,736,656,589,,2207,
65536,597592.396722640,1232052,1,0,203,740,653,386,,1982,
65536,597592.396728883,1232054,0,1,195,737,629,355,,1916,
65536,597592.396738190,1232052,1,0,243,760,632,399,,2034,
65536,597592.396745876,1232054,0,1,193,747,683,436,,2059,
65536,597592.396755782,1232052,1,0,264,719,632,380,,1995,
65536,597592.396763060,1232054,0,1,208,737,630,364,,1939,
65536,597592.396772788,1232052,1,0,202,749,636,438,,2025,
65536,597592.396780452,1232054,0,1,247,736,643,415,,2041,
65536,597592.396790288,1232052,1,0,176,733,760,359,,2028,
65536,597592.396797804,1232054,0,1,221,743,652,375,,1991,
65536,597592.396807266,1232052,1,0,,,,616,,1479,
65536,597592.396814229,1232054,0,1,200,741,711,385,,2037,
65536,597592.396823951,1232052,1,0,576,,,2584,,3406,
65536,597592.396833134,1232054,0,1,195,761,917,434,,2307,
65536,597592.396843082,1232052,1,0,477,,,1164,,1816,
65536,597592.396850348,1232054,0,1,272,744,739,415,,2170,
65536,597592.396860028,1232052,1,0,445,,,1253,,1866,
65536,597592.396867272,1232054,0,1,207,746,827,413,,2193,
65536,597592.396876983,1232052,1,0,464,,,958,,1617,
65536,597592.396883815,1232054,0,1,223,749,724,411,,2107,
65536,597592.396893387,1232052,1,0,243,741,845,462,,2291,
65536,597592.396901223,1232054,0,1,210,758,651,362,,1981,
65536,597592.396910883,1232052,1,0,229,744,652,411,,2036,
65536,597592.396917964,1232054,0,1,180,748,622,366,,1916,
65536,597592.396927667,1232052,1,0,235,809,632,421,,2097,
65536,597592.396935477,1232054,0,1,213,749,650,404,,2016,
65536,597592.396945022,1232052,1,0,185,734,661,389,,1969,
65536,597592.396952464,1232054,0,1,199,761,694,367,,2021,
65536,597592.396962233,1232052,1,0,256,866,850,409,,2381,
65536,597592.396973989,1232054,0,1,237,779,776,624,,2416,
65536,597592.396984707,1232052,1,0,311,821,624,398,,2154,
65536,597592.396992988,1232054,0,1,185,743,650,365,,1943,
65536,597592.397002591,1232052,1,0,198,745,653,371,,1967,
65536,597592.397010173,1232054,0,1,213,822,656,611,,2302,
65536,597592.397019884,1232052,1,0,174,767,651,355,,1947,
65536,597592.397027712,1232054,0,1,168,769,632,367,,1936,
65536,597592.397037662,1232052,1,0,352,734,624,413,,2123,
65536,597592.397045841,1232054,0,1,203,743,680,381,,2007,
65536,597592.397055417,1232052,1,0,186,738,630,381,,1935,
65536,597592.397063103,1232054,0,1,182,744,652,381,,1959,
65536,597592.397072726,1232052,1,0,208,734,619,407,,1968,
65536,597592.397079989,1232054,0,1,202,742,631,436,,2011,
65536,597592.397089462,1232052,1,0,191,742,628,384,,1945,
65536,597592.397096931,1232054,0,1,189,758,664,348,,1959,
65536,597592.397106636,1232052,1,0,187,746,653,391,,1977,
65536,597592.397114179,1232054,0,1,351,743,677,377,,2148,
65536,597592.397123726,1232052,1,0,198,769,671,382,,2020,
65536,597592.397131340,1232054,0,1,327,737,630,400,,2094,
65536,597592.397141229,1232052,1,0,320,746,628,406,,2100,
65536,597592.397149032,1232054,0,1,205,750,659,368,,1982,
65536,597592.397158517,1232052,1,0,214,740,620,360,,1934,
65536,597592.397165240,1232054,0,1,235,743,652,368,,1998,
65536,597592.397174763,1232052,1,0,194,743,632,376,,1945,
65536,597592.397182574,1232054,0,1,206,746,651,380,,1983,
65536,597592.397191960,1232052,1,0,203,740,649,365,,1957,
65536,597592.397199775,1232054,0,1,190,771,611,375,,1947,
65536,597592.397209235,1232052,1,0,198,734,627,395,,1954,
65536,597592.397217207,1232054,0,1,206,745,654,485,,2090,
65536,597592.397227183,1232052,1,0,184,728,629,381,,1922,
65536,597592.397234279,1232054,0,1,198,760,703,536,,2197,
65536,597592.397243960,1232052,1,0,193,727,626,439,,1985,
65536,597592.397251000,1232054,0,1,200,855,676,399,,2130,
65536,597592.397260438,1232052,1,0,192,743,648,386,,1969,
65536,597592.397268245,1232054,0,1,183,743,729,559,,2214,
65536,597592.397277885,1232052,1,0,195,731,630,406,,1962,
65536,597592.397285518,1232054,0,1,205,760,655,382,,2002,
65536,597592.397294745,1232052,1,0,200,739,626,421,,1986,
65536,597592.397302829,1232054,0,1,217,766,734,387,,2104,
65536,597592.397313066,1232052,1,0,200,734,769,566,,2269,
65536,597592.397352180,1232054,0,1,182,741,834,364,,2121,
65536,597592.397360289,1232052,1,0,194,734,639,404,,1971,
65536,597592.397366573,1232054,0,1,189,751,648,400,,1988,
65536,597592.397377832,1232052,1,0,195,738,694,400,,2027,
65536,597592.397384501,1232054,0,1,267,742,891,3051,,4951,
65536,597592.397399282,1232052,1,0,198,754,644,440,,2036,
65536,597592.397406240,1232054,0,1,544,,,1394,,2124,
65536,597592.397418293,1232052,1,0,210,756,679,420,,2065,
65536,597592.397424492,1232054,0,1,392,,,1266,,1834,
65536,597592.397435919,1232052,1,0,211,752,666,411,,2040,
65536,597592.397442525,1232054,0,1,502,,,1214,,1992,
65536,597592.397453976,1232052,1,0,305,770,733,381,,2189,
65536,597592.397460659,1232054,0,1,473,,,692,,1416,
65536,597592.397474388,1232052,1,0,359,774,714,418,,2265,
65536,597592.397481625,1232054,0,1,194,742,883,446,,2265,
65536,597592.397493229,1232052,1,0,332,730,630,401,,2093,
65536,597592.397500319,1232054,0,1,242,742,662,376,,2022,
65536,597592.397511408,1232052,1,0,199,734,670,374,,1977,
65536,597592.397518032,1232054,0,1,198,759,645,364,,1966,
65536,597592.397529557,1232052,1,0,197,739,654,400,,1990,
65536,597592.397536292,1232054,0,1,192,741,618,366,,1917,
65536,597592.397547020,1232052,1,0,384,733,645,393,,2155,
65536,597592.397554003,1232054,0,1,197,744,645,373,,1959,
65536,597592.397565713,1232052,1,0,214,748,669,415,,2046,
65536,597592.397572731,1232054,0,1,205,732,645,368,,1950,
65536,597592.397583722,1232052,1,0,196,740,657,377,,1970,
65536,597592.397591388,1232054,0,1,207,746,656,401,,2010,
65536,597592.397602624,1232052,1,0,185,739,625,449,,1998,
65536,597592.397610416,1232054,0,1,216,737,626,371,,1950,
65536,597592.397621289,1232052,1,0,200,761,646,400,,2007,
65536,597592.397628095,1232054,0,1,174,755,633,444,,2006,
65536,597592.397639386,1232052,1,0,194,733,650,406,,1983,
65536,597592.397646142,1232054,0,1,167,769,641,364,,1941,
65536,597592.397657296,1232052,1,0,191,732,622,419,,1964,
65536,597592.397664188,1232054,0,1,194,737,743,418,,2092,
65536,597592.397675568,1232052,1,0,207,736,732,447,,2122,
65536,597592.397682986,1232054,0,1,173,737,627,388,,1925,
65536,597592.397694497,1232052,1,0,194,732,659,413,,1998,
65536,597592.397701334,1232054,0,1,208,739,687,614,,2248,
65536,597592.397712872,1232052,1,0,197,734,656,436,,2023,
65536,597592.397720401,1232054,0,1,188,749,616,385,,1938,
65536,597592.397731320,1232052,1,0,186,739,703,370,,1998,
65536,597592.397738722,1232054,0,1,186,746,659,402,,1993,
65536,597592.397750045,1232052,1,0,206,738,658,384,,1986,
65536,597592.397757590,1232054,0,1,221,792,622,351,,1986,
65536,597592.397768986,1232052,1,0,195,740,644,449,,2028,
65536,597592.397776068,1232054,0,1,233,741,634,438,,2046,
65536,597592.397787070,1232052,1,0,193,737,647,403,,1980,
65536,597592.397794253,1232054,0,1,203,742,618,390,,1953,
65536,597592.397805713,1232052,1,0,186,748,686,360,,1980,
65536,597592.397812757,1232054,0,1,189,741,641,462,,2033,
65536,597592.397824239,1232052,1,0,189,728,656,382,,1955,
65536,597592.397831573,1232054,0,1,191,740,672,368,,1971,
65536,597592.397842964,1232052,1,0,195,736,625,425,,1981,
65536,597592.397849729,1232054,0,1,186,742,648,407,,1983,
65536,597592.397860693,1232052,1,0,203,738,636,383,,1960,
65536,597592.397867955,1232054,0,1,186,743,658,388,,1975,
65536,597592.397879315,1232052,1,0,197,741,652,444,,2034,
65536,597592.397886821,1232054,0,1,188,741,654,385,,1968,
65536,597592.397897867,1232052,1,0,291,738,623,388,,2040,
65536,597592.397905371,1232054,0,1,187,750,622,398,,1957,
65536,597592.397916775,1232052,1,0,199,762,647,368,,1976,
65536,597592.397924255,1232054,0,1,193,739,626,435,,1993,
65536,597592.397935985,1232052,1,0,217,750,682,431,,2080,
65536,597592.397943460,1232054,0,1,177,743,618,365,,1903,
65536,597592.397954853,1232052,1,0,209,729,649,446,,2033,
65536,597592.397962206,1232054,0,1,212,752,676,383,,2023,
65536,597592.397973367,1232052,1,0,253,739,665,397,,2054,
65536,597592.397980575,1232054,0,1,205,756,625,420,,2006,
65536,597592.397992313,1232052,1,0,207,729,640,414,,1990,
65536,597592.397999895,1232054,0,1,201,734,652,418,,2005,
65536,597592.398010930,1232052,1,0,182,738,623,396,,1939,
65536,597592.398018256,1232054,0,1,183,751,666,387,,1987,
65536,597592.398029591,1232052,1,0,251,758,655,389,,2053,
65536,597592.398036590,1232054,0,1,207,742,631,436,,2016,
65536,597592.398048053,1232052,1,0,206,727,665,417,,2015,
65536,597592.398056054,1232054,0,1,235,758,628,353,,1974,
65536,597592.398067580,1232052,1,0,188,720,647,416,,1971,
65536,597592.398074669,1232054,0,1,206,743,711,408,,2068,
65536,597592.398086074,1232052,1,0,192,740,808,456,,2196,
65536,597592.398093348,1232054,0,1,173,740,622,373,,1908,
65536,597592.398104273,1232052,1,0,199,728,642,375,,1944,
65536,597592.398111691,1232054,0,1,186,745,636,430,,1997,
65536,597592.398123152,1232052,1,0,281,723,657,412,,2073,
65536,597592.398130876,1232054,0,1,176,742,635,382,,1935,
65536,597592.398142232,1232052,1,0,190,729,678,394,,1991,
65536,597592.398149892,1232054,0,1,189,734,656,366,,1945,
65536,597592.398160962,1232052,1,0,192,739,656,418,,2005,
65536,597592.398169452,1232054,0,1,182,741,656,395,,1974,
65536,597592.398223851,1232052,1,0,244,764,738,414,,2160,
65536,597592.398232250,1232054,0,1,183,741,635,472,,2031,
65536,597592.398244259,1232052,1,0,207,740,647,375,,1969,
65536,597592.398253144,1232054,0,1,184,739,648,369,,1940,
65536,597592.398264870,1232052,1,0,187,738,659,376,,1960,
65536,597592.398273575,1232054,0,1,311,748,794,400,,2253,
65536,597592.398285651,1232052,1,0,234,740,646,414,,2034,
65536,597592.398294201,1232054,0,1,199,755,707,475,,2136,
65536,597592.398305286,1232052,1,0,220,738,661,411,,2030,
65536,597592.398314322,1232054,0,1,203,737,636,394,,1970,
65536,597592.398325716,1232052,1,0,194,737,676,394,,2001,
65536,597592.398334511,1232054,0,1,206,744,628,382,,1960,
65536,597592.398345632,1232052,1,0,186,730,654,427,,1997,
65536,597592.398354593,1232054,0,1,188,779,630,378,,1975,
65536,597592.398366437,1232052,1,0,325,720,630,430,,2105,
65536,597592.398374863,1232054,0,1,188,742,673,366,,1969,
65536,597592.398385684,1232052,1,0,184,748,628,383,,1943,
65536,597592.398394336,1232054,0,1,191,756,708,361,,2016,
65536,597592.398405505,1232052,1,0,214,750,648,410,,2022,
65536,597592.398414938,1232054,0,1,275,740,937,454,,2406,
65536,597592.398426842,1232052,1,0,200,755,651,368,,1974,
65536,597592.398435504,1232054,0,1,220,734,630,370,,1954,
65536,597592.398446731,1232052,1,0,200,736,632,398,,1966,
65536,597592.398455684,1232054,0,1,198,739,626,404,,1967,
65536,597592.398467192,1232052,1,0,197,419,671,1598,,2885,
65536,597592.398476920,1232054,0,1,378,728,703,410,,2219,
65536,597592.398488839,1232052,1,0,205,732,639,390,,1966,
65536,597592.398498138,1232054,0,1,215,743,630,403,,1991,
65536,597592.398509460,1232052,1,0,201,740,622,404,,1967,
65536,597592.398518924,1232054,0,1,203,739,650,555,,2147,
65536,597592.398531086,1232052,1,0,183,732,673,409,,1997,
65536,597592.398540616,1232054,0,1,192,748,682,429,,2051,
65536,597592.398552198,1232052,1,0,202,740,657,403,,2002,
65536,597592.398561213,1232054,0,1,174,739,627,370,,1910,
65536,597592.398572492,1232052,1,0,204,757,666,375,,2002,
65536,597592.398581479,1232054,0,1,199,760,647,497,,2103,
65536,597592.398592783,1232052,1,0,202,731,630,437,,2000,
65536,597592.398601718,1232054,0,1,193,740,644,368,,1945,
65536,597592.398612950,1232052,1,0,197,742,658,354,,1951,
65536,597592.398622027,1232054,0,1,202,739,628,387,,1956,
65536,597592.398633245,1232052,1,0,190,745,664,401,,2000,
65536,597592.398641198,1232054,0,1,207,758,771,440,,2176,
65536,597592.398651492,1232052,1,0,196,961,654,370,,2181,
65536,597592.398659422,1232054,0,1,198,732,630,464,,2024,
65536,597592.398669859,1232052,1,0,208,734,617,378,,1937,
65536,597592.398677831,1232054,0,1,198,737,643,366,,1944,
65536,597592.398688302,1232052,1,0,194,734,629,374,,1931,
65536,597592.398696300,1232054,0,1,198,736,632,385,,1951,
65536,597592.398706976,1232052,1,0,187,742,706,664,,2299,
65536,597592.398715358,1232054,0,1,172,743,626,373,,1914,
65536,597592.398725902,1232052,1,0,185,740,649,377,,1951,
65536,597592.398733502,1232054,0,1,192,740,625,419,,1976,
65536,597592.398743355,1232052,1,0,180,743,657,379,,1959,
65536,597592.398751537,1232054,0,1,177,760,628,360,,1925,
65536,597592.398761633,1232052,1,0,270,735,638,489,,2132,
65536,597592.398769714,1232054,0,1,208,728,643,408,,1987,
65536,597592.398779576,1232052,1,0,205,741,660,405,,2011,
65536,597592.398787619,1232054,0,1,180,744,779,369,,2072,
65536,597592.398797457,1232052,1,0,179,735,656,367,,1937,
65536,597592.398805384,1232054,0,1,202,731,651,427,,2011,
65536,597592.398815292,1232052,1,0,203,726,622,377,,1928,
65536,597592.398823004,1232054,0,1,182,747,772,409,,2110,
65536,597592.398832988,1232052,1,0,281,737,631,374,,2023,
65536,597592.398841150,1232054,0,1,315,988,619,381,,2303,
65536,597592.398851662,1232052,1,0,209,759,678,391,,2037,
65536,597592.398859390,1232054,0,1,193,741,660,375,,1969,
65536,597592.398869743,1232052,1,0,212,738,683,418,,2051,
65536,597592.398877341,1232054,0,1,212,745,674,365,,1996,
65536,597592.398887132,1232052,1,0,454,746,691,363,,2254,
65536,597592.398894893,1232054,0,1,203,720,647,379,,1949,
65536,597592.398904575,1232052,1,0,194,752,629,373,,1948,
65536,597592.398912277,1232054,0,1,218,761,645,442,,2066,
65536,597592.398921907,1232052,1,0,297,737,625,417,,2076,
65536,597592.398930015,1232054,0,1,194,744,657,419,,2014,
65536,597592.398939698,1232052,1,0,189,742,626,388,,1945,
65536,597592.398947504,1232054,0,1,217,763,697,385,,2062,
65536,597592.398956599,1232052,1,0,181,725,656,384,,1946,
65536,597592.398964578,1232054,0,1,209,736,689,404,,2038,
65536,597592.398974616,1232052,1,0,191,764,632,381,,1968,
65536,597592.398982415,1232054,0,1,213,739,645,407,,2004,
65536,597592.398991939,1232052,1,0,184,722,646,367,,1919,
65536,597592.399000001,1232054,0,1,279,740,631,362,,2012,
65536,597592.399009877,1232052,1,0,190,729,621,413,,1953,
65536,597592.399017899,1232054,0,1,342,820,617,409,,2188,
65536,597592.399027668,1232052,1,0,186,740,620,372,,1918,
65536,597592.399035755,1232054,0,1,186,741,676,362,,1965,
65536,597592.399045458,1232052,1,0,195,733,620,411,,1959,
65536,597592.399053134,1232054,0,1,210,743,643,433,,2029,
65536,597592.399062667,1232052,1,0,188,748,629,382,,1947,
65536,597592.399070913,1232054,0,1,163,750,681,367,,1961,
65536,597592.399080605,1232052,1,0,183,742,625,386,,1936,
65536,597592.399088554,1232054,0,1,195,733,644,380,,1952,
65536,597592.399097964,1232052,1,0,174,737,647,361,,1919,
65536,597592.399105763,1232054,0,1,173,852,628,361,,2014,
65536,597592.399115285,1232052,1,0,189,757,629,362,,1937,
65536,597592.399122885,1232054,0,1,366,746,632,372,,2116,
65536,597592.399132566,1232052,1,0,309,737,652,361,,2059,
65536,597592.399140930,1232054,0,1,179,747,637,374,,1937,
65536,597592.399150572,1232052,1,0,200,737,636,417,,1990,
65536,597592.399158491,1232054,0,1,204,739,751,376,,2070,
65536,597592.399167987,1232052,1,0,185,764,643,369,,1961,
65536,597592.399175177,1232054,0,1,208,751,625,419,,2003,
65536,597592.399185111,1232052,1,0,191,740,631,445,,2007,
65536,597592.399192316,1232054,0,1,206,732,630,384,,1952,
65536,597592.399201803,1232052,1,0,206,737,662,407,,2012,
65536,597592.399209394,1232054,0,1,169,742,645,413,,1969,
65536,597592.399219085,1232052,1,0,237,772,655,405,,2069,
65536,597592.399226698,1232054,0,1,210,770,742,400,,2122,
65536,597592.399236527,1232052,1,0,203,751,655,367,,1976,
65536,597592.399244693,1232054,0,1,173,752,683,473,,2081,
65536,597592.399254600,1232052,1,0,217,852,637,412,,2118,
65536,597592.399263194,1232054,0,1,219,771,734,546,,2270,
65536,597592.399273133,1232052,1,0,298,911,639,359,,2207,
65536,597592.399281535,1232054,0,1,302,995,856,406,,2559,
65536,597592.399291809,1232052,1,0,226,762,637,404,,2029,
65536,597592.399299222,1232054,0,1,229,766,712,409,,2116,
65536,597592.399308708,1232052,1,0,209,755,665,395,,2024,
65536,597592.399315294,1232054,0,1,178,756,686,401,,2021,
65536,597592.399325089,1232052,1,0,231,748,1133,439,,2551,
65536,597592.399332928,1232054,0,1,213,769,805,456,,2243,
65536,597592.399342841,1232052,1,0,200,750,717,389,,2056,
65536,597592.399350365,1232054,0,1,186,754,890,453,,2283,
65536,597592.399360590,1232052,1,0,226,766,662,428,,2082,
65536,597592.399368410,1232054,0,1,213,760,708,451,,2132,
65536,597592.399378514,1232052,1,0,195,763,642,367,,1967,
65536,597592.399385958,1232054,0,1,199,767,726,423,,2115,
65536,597592.399396073,1232052,1,0,215,750,633,376,,1974,
65536,597592.399403823,1232054,0,1,218,796,737,394,,2145,
65536,597592.399413649,1232052,1,0,186,747,648,368,,1949,
65536,597592.399421167,1232054,0,1,258,736,639,408,,2041,
65536,597592.399430730,1232052,1,0,200,740,621,571,,2132,
65536,597592.399437737,1232054,0,1,198,745,647,391,,1981,
65536,597592.399447161,1232052,1,0,176,728,618,391,,1913,
65536,597592.399454819,1232054,0,1,200,723,669,363,,1955,
65536,597592.399464580,1232052,1,0,205,724,621,426,,1976,
65536,597592.399473627,1232054,0,1,211,739,826,384,,2160,
65536,597592.399483034,1232052,1,0,209,723,676,411,,2019,
65536,597592.399491186,1232054,0,1,219,731,629,387,,1966,
65536,597592.399500934,1232052,1,0,179,740,657,385,,1961,
65536,597592.399509220,1232054,0,1,205,862,651,424,,2142,
65536,597592.399518639,1232052,1,0,179,763,622,381,,1945,
65536,597592.399527003,1232054,0,1,191,787,655,394,,2027,
65536,597592.399536933,1232052,1,0,197,738,620,379,,1934,
65536,597592.399544886,1232054,0,1,202,738,777,447,,2164,
65536,597592.399554542,1232052,1,0,188,744,668,407,,2007,
65536,597592.399562491,1232054,0,1,202,744,659,372,,1977,
65536,597592.399571816,1232052,1,0,190,793,712,363,,2058,
65536,597592.399579235,1232054,0,1,211,757,667,463,,2098,
65536,597592.399588937,1232052,1,0,177,740,670,384,,1971,
65536,597592.399596162,1232054,0,1,203,740,618,466,,2027,
65536,597592.399605628,1232052,1,0,206,736,655,395,,1992,
65536,597592.399613917,1232054,0,1,208,746,644,416,,2014,
65536,597592.399623528,1232052,1,0,204,748,633,390,,1975,
65536,597592.399631443,1232054,0,1,227,730,640,374,,1971,
65536,597592.399640984,1232052,1,0,371,746,630,364,,2111,
65536,597592.399649055,1232054,0,1,204,735,829,445,,2213,
65536,597592.399658768,1232052,1,0,197,736,639,385,,1957,
65536,597592.399666396,1232054,0,1,212,742,641,546,,2141,
65536,597592.399676023,1232052,1,0,230,878,623,396,,2127,
65536,597592.399683835,1232054,0,1,202,773,645,446,,2066,
65536,597592.399693498,1232052,1,0,197,742,625,384,,1948,
65536,597592.399700927,1232054,0,1,202,761,649,428,,2040,
65536,597592.399710531,1232052,1,0,169,716,633,412,,1930,
65536,597592.399717830,1232054,0,1,226,732,632,391,,1981,
65536,597592.399727270,1232052,1,0,275,733,645,403,,2056,
65536,597592.399735120,1232054,0,1,177,726,649,398,,1950,
65536,597592.399744813,1232052,1,0,174,740,648,409,,1971,
65536,597592.399751943,1232054,0,1,208,737,643,381,,1969,
65536,597592.399761209,1232052,1,0,180,740,619,392,,1931,
65536,597592.399769508,1232054,0,1,196,729,769,373,,2067,
65536,597592.399779429,1232052,1,0,196,733,639,391,,1959,
65536,597592.399787643,1232054,0,1,323,725,763,432,,2243,
65536,597592.399797273,1232052,1,0,454,735,634,416,,2239,
65536,597592.399805615,1232054,0,1,298,728,655,385,,2066,
65536,597592.399815455,1232052,1,0,179,730,649,424,,1982,
65536,597592.399823755,1232054,0,1,203,731,665,421,,2020,
65536,597592.399833305,1232052,1,0,199,731,697,429,,2056,
65536,597592.399841610,1232054,0,1,187,720,713,432,,2052,
65536,597592.399851377,1232052,1,0,179,731,623,369,,1902,
65536,597592.399858842,1232054,0,1,205,743,645,414,,2007,
65536,597592.399868341,1232052,1,0,328,731,624,384,,2067,
65536,597592.399875900,1232054,0,1,210,748,672,375,,2005,
65536,597592.399885788,1232052,1,0,162,737,626,385,,1910,
65536,597592.399893372,1232054,0,1,204,741,624,415,,1984,
65536,597592.399902887,1232052,1,0,199,733,629,410,,1971,
65536,597592.399910501,1232054,0,1,291,736,654,365,,2046,
65536,597592.399920240,1232052,1,0,297,735,636,411,,2079,
65536,597592.399928127,1232054,0,1,202,738,628,393,,1961,
65536,597592.399937512,1232052,1,0,190,731,640,388,,1949,
65536,597592.399945398,1232054,0,1,203,744,641,376,,1964,
65536,597592.399955000,1232052,1,0,190,739,630,400,,1959,
65536,597592.399962895,1232054,0,1,211,750,688,385,,2034,
65536,597592.399972551,1232052,1,0,205,726,631,389,,1951,
65536,597592.399981170,1232054,0,1,194,754,794,392,,2134,
65536,597592.399990776,1232052,1,0,184,742,622,369,,1917,
65536,597592.399999358,1232054,0,1,208,752,904,431,,2295,
65536,597592.400009116,1232052,1,0,439,738,643,411,,2231,
65536,597592.400017865,1232054,0,1,184,755,642,386,,1967,
65536,597592.400027436,1232052,1,0,177,744,623,379,,1923,
65536,597592.400060341,1232054,0,1,194,749,715,575,,2233,
65536,597592.400068521,1232052,1,0,176,728,704,431,,2039,
65536,597592.400074593,1232054,0,1,208,741,680,360,,1989,
65536,597592.400085749,1232052,1,0,214,731,644,403,,1992,
65536,597592.400091489,1232054,0,1,175,744,644,381,,1944,
65536,597592.400103066,1232052,1,0,242,725,748,414,,2129,
65536,597592.400108763,1232054,0,1,209,740,746,422,,2117,
65536,597592.400120440,1232052,1,0,312,826,708,374,,2220,
65536,597592.400126269,1232054,0,1,192,734,633,388,,1947,
65536,597592.400137424,1232052,1,0,300,741,621,428,,2090,
65536,597592.400143034,1232054,0,1,201,745,654,367,,1967,
65536,597592.400154402,1232052,1,0,208,749,624,396,,1977,
65536,597592.400160664,1232054,0,1,240,926,625,425,,2216,
65536,597592.400172093,1232052,1,0,257,730,734,394,,2115,
65536,597592.400178048,1232054,0,1,187,738,662,403,,1990,
65536,597592.400189334,1232052,1,0,186,869,653,382,,2090,
65536,597592.400195037,1232054,0,1,180,734,731,398,,2043,
65536,597592.400206216,1232052,1,0,182,764,640,407,,1993,
65536,597592.400212000,1232054,0,1,204,738,660,536,,2138,
65536,597592.400222843,1232052,1,0,181,740,615,373,,1909,
65536,597592.400228305,1232054,0,1,192,723,656,369,,1940,
65536,597592.400239614,1232052,1,0,186,739,658,385,,1968,
65536,597592.400245360,1232054,0,1,212,747,638,472,,2069,
65536,597592.400256823,1232052,1,0,194,741,650,423,,2008,
65536,597592.400262979,1232054,0,1,179,738,639,356,,1912,
65536,597592.400274177,1232052,1,0,191,745,648,393,,1977,
65536,597592.400279680,1232054,0,1,217,743,746,440,,2146,
65536,597592.400290633,1232052,1,0,201,736,619,387,,1943,
65536,597592.400296251,1232054,0,1,173,748,619,422,,1962,
65536,597592.400307534,1232052,1,0,258,733,635,394,,2020,
65536,597592.400313324,1232054,0,1,252,738,677,407,,2074,
65536,597592.400324569,1232052,1,0,182,726,622,394,,1924,
65536,597592.400330277,1232054,0,1,183,737,622,353,,1895,
65536,597592.400341251,1232052,1,0,192,739,648,432,,2011,
65536,597592.400346999,1232054,0,1,199,725,728,409,,2061,
65536,597592.400358407,1232052,1,0,245,747,687,385,,2064,
65536,597592.400364461,1232054,0,1,190,731,621,380,,1922,
65536,597592.400375650,1232052,1,0,194,734,649,411,,1988,
65536,597592.400381453,1232054,0,1,218,740,675,361,,1994,
65536,597592.400392794,1232052,1,0,197,739,647,374,,1957,
65536,597592.400398573,1232054,0,1,195,731,694,473,,2093,
65536,597592.400410091,1232052,1,0,197,734,623,407,,1961,
65536,597592.400416211,1232054,0,1,194,758,646,430,,2028,
65536,597592.400427057,1232052,1,0,260,734,732,422,,2148,
65536,597592.400433041,1232054,0,1,194,754,631,393,,1972,
65536,597592.400444528,1232052,1,0,193,757,663,431,,2044,
65536,597592.400450220,1232054,0,1,211,742,625,472,,2050,
65536,597592.400461195,1232052,1,0,195,731,783,415,,2124,
65536,597592.400469374,1232054,0,1,220,,,1225,,4507,
65536,597592.400483173,1232052,1,0,210,730,748,404,,2092,
65536,597592.400488990,1232054,0,1,197,755,647,437,,2036,
65536,597592.400499965,1232052,1,0,216,746,690,360,,2012,
65536,597592.400506252,1232054,0,1,201,743,672,614,,2230,
65536,597592.400517595,1232052,1,0,193,745,629,458,,2025,
65536,597592.400523370,1232054,0,1,203,749,656,402,,2010,
65536,597592.400535005,1232052,1,0,183,747,732,377,,2039,
65536,597592.400540926,1232054,0,1,175,741,679,442,,2037,
65536,597592.400551633,1232052,1,0,186,745,660,447,,2038,
65536,597592.400557709,1232054,0,1,213,733,634,369,,1949,
65536,597592.400569350,1232052,1,0,,,,421,,2301,
65536,597592.400575994,1232054,0,1,228,737,794,393,,2152,
65536,597592.400587574,1232052,1,0,541,,,1522,,2367,
65536,597592.400594475,1232054,0,1,202,761,679,381,,2023,
65536,597592.400605689,1232052,1,0,450,,,1153,,1776,
65536,597592.400611798,1232054,0,1,206,718,671,390,,1985,
65536,597592.400623262,1232052,1,0,526,,,1032,,1731,
65536,597592.400629603,1232054,0,1,220,744,696,382,,2042,
65536,597592.400640980,1232052,1,0,446,,,1055,,1676,
65536,597592.400647284,1232054,0,1,321,739,695,403,,2158,
65536,597592.400658577,1232052,1,0,438,,,2292,,2906,
65536,597592.400665649,1232054,0,1,649,,,1163,,2004,
65536,597592.400677160,1232052,1,0,488,,,930,,1618,
65536,597592.400683495,1232054,0,1,546,,,994,,1731,
65536,597592.400694558,1232052,1,0,245,754,686,564,,2249,
65536,597592.400701092,1232054,0,1,1625,118,100,866,,2709,
65536,597592.400712912,1232052,1,0,571,,,1421,,2191,
65536,597592.400719599,1232054,0,1,260,741,750,421,,2172,
65536,597592.400731438,1232052,1,0,3272,,,1425,,4975,
65536,597592.400740879,1232054,0,1,206,771,835,478,,2290,
65536,597592.400752593,1232052,1,0,296,770,860,666,,2592,
65536,597592.400759537,1232054,0,1,341,772,826,399,,2338,
65536,597592.400771118,1232052,1,0,415,,,766,,2428,
65536,597592.400778040,1232054,0,1,228,776,718,425,,2147,
65536,597592.400789996,1232052,1,0,230,765,665,459,,2119,
65536,597592.400796765,1232054,0,1,229,768,717,460,,2174,
65536,597592.400808398,1232052,1,0,345,768,774,511,,2398,
65536,597592.400815332,1232054,0,1,186,768,716,456,,2126,
65536,597592.400826818,1232052,1,0,222,756,672,371,,2021,
65536,597592.400833797,1232054,0,1,204,769,688,429,,2090,
65536,597592.400895528,1232052,1,0,241,758,785,398,,2182,
65536,597592.400903493,1232054,0,1,195,788,701,410,,2094,
65536,597592.400914149,1232052,1,0,581,,,1231,,2123,
65536,597592.400922480,1232054,0,1,279,787,1100,413,,2579,
65536,597592.400932957,1232052,1,0,572,,,1120,,1890,
65536,597592.400940447,1232054,0,1,200,765,767,450,,2182,
65536,597592.400950892,1232052,1,0,,,2051,363,,3043,
65536,597592.400960040,1232054,0,1,202,780,1009,514,,2505,
65536,597592.400970225,1232052,1,0,,,1237,431,,1892,
65536,597592.400978385,1232054,0,1,189,756,678,412,,2035,
65536,597592.400988287,1232052,1,0,620,,,1084,,1902,
65536,597592.400996129,1232054,0,1,278,731,684,411,,2104,
65536,597592.401005962,1232052,1,0,386,737,746,586,,2455,
65536,597592.401013573,1232054,0,1,323,826,874,456,,2479,
65536,597592.401023759,1232052,1,0,1147,,,1615,,2962,
65536,597592.401033282,1232054,0,1,707,,,1194,,2096,
65536,597592.401043606,1232052,1,0,250,756,878,834,,2718,
65536,597592.401052792,1232054,0,1,315,767,953,493,,2528,
65536,597592.401062900,1232052,1,0,256,761,718,667,,2402,
65536,597592.401070755,1232054,0,1,554,,,1173,,1905,
65536,597592.401080157,1232052,1,0,206,763,854,533,,2356,
65536,597592.401088276,1232054,0,1,171,749,682,502,,2104,
65536,597592.401098254,1232052,1,0,185,751,688,403,,2027,
65536,597592.401105459,1232054,0,1,167,738,679,362,,1946,
65536,597592.401114965,1232052,1,0,534,,,971,,1741,
65536,597592.401122411,1232054,0,1,1292,,,1553,,3051,
65536,597592.401133315,1232052,1,0,290,760,974,557,,2581,
65536,597592.401140944,1232054,0,1,195,931,753,418,,2297,
65536,597592.401151254,1232052,1,0,523,,,1201,,1910,
65536,597592.401158745,1232054,0,1,188,742,710,387,,2027,
65536,597592.401168385,1232052,1,0,275,,,454,,2464,
65536,597592.401176580,1232054,0,1,165,754,634,417,,1970,
65536,597592.401186110,1232052,1,0,,,1865,639,,3534,
65536,597592.401196266,1232054,0,1,288,,,522,,2116,
65536,597592.401205958,1232052,1,0,329,741,1184,452,,2706,
65536,597592.401214700,1232054,0,1,566,,,1143,,1892,
65536,597592.401224240,1232052,1,0,202,742,866,486,,2296,
65536,597592.401232564,1232054,0,1,617,,,1336,,2125,
65536,597592.401242491,1232052,1,0,524,837,1084,2053,,4498,
65536,597592.401252562,1232054,0,1,192,746,1068,534,,2540,
65536,597592.401262909,1232052,1,0,536,,,1401,,2139,
65536,597592.401271186,1232054,0,1,218,730,831,406,,2185,
65536,597592.401281234,1232052,1,0,642,,,1165,,1994,
65536,597592.401288940,1232054,0,1,317,760,799,457,,2333,
65536,597592.401298691,1232052,1,0,,,1873,605,,3345,
65536,597592.401307773,1232054,0,1,,,1988,517,,3310,
65536,597592.401318777,1232052,1,0,310,731,934,482,,2457,
65536,597592.401327241,1232054,0,1,559,,,1668,,2472,
65536,597592.401337276,1232052,1,0,283,754,803,587,,2427,
65536,597592.401345848,1232054,0,1,446,,,857,,1524,
65536,597592.401355197,1232052,1,0,215,753,819,376,,2163,
65536,597592.401363477,1232054,0,1,,,1921,426,,2912,
65536,597592.401373837,1232052,1,0,221,785,646,428,,2080,
65536,597592.401381670,1232054,0,1,754,,,1518,,2479,
65536,597592.401391708,1232052,1,0,327,761,761,471,,2320,
65536,597592.401400025,1232054,0,1,303,762,919,530,,2514,
65536,597592.401410380,1232052,1,0,193,754,649,405,,2001,
65536,597592.401418388,1232054,0,1,175,740,761,485,,2161,
65536,597592.401428249,1232052,1,0,212,744,643,384,,1983,
65536,597592.401436350,1232054,0,1,255,778,796,552,,2381,
65536,597592.401446265,1232052,1,0,181,741,619,364,,1905,
65536,597592.401454319,1232054,0,1,180,757,649,361,,1947,
65536,597592.401463935,1232052,1,0,308,738,629,470,,2145,
65536,597592.401476946,1232054,0,1,220,736,871,420,,2247,
65536,597592.401486636,1232052,1,0,241,733,717,401,,2092,
65536,597592.401494743,1232054,0,1,201,748,635,359,,1943,
65536,597592.401504333,1232052,1,0,190,746,622,397,,1955,
65536,597592.401512477,1232054,0,1,423,740,638,379,,2180,
65536,597592.401522105,1232052,1,0,216,740,636,353,,1945,
65536,597592.401530016,1232054,0,1,178,748,643,364,,1933,
65536,597592.401539642,1232052,1,0,185,774,688,356,,2003,
65536,597592.401547676,1232054,0,1,205,742,740,381,,2068,
65536,597592.401557038,1232052,1,0,208,748,660,372,,1988,
65536,597592.401565587,1232054,0,1,184,757,626,381,,1948,
65536,597592.401575303,1232052,1,0,194,745,617,378,,1934,
65536,597592.401583009,1232054,0,1,221,731,706,363,,2021,
65536,597592.401592324,1232052,1,0,192,740,668,455,,2055,
65536,597592.401600305,1232054,0,1,190,740,651,375,,1956,
65536,597592.401610058,1232052,1,0,188,780,628,367,,1963,
65536,597592.401618296,1232054,0,1,198,845,639,425,,2107,
65536,597592.401628473,1232052,1,0,206,789,708,407,,2110,
65536,597592.401636318,1232054,0,1,366,814,625,351,,2156,
65536,597592.401646576,1232052,1,0,261,867,750,437,,2315,
65536,597592.401654687,1232054,0,1,212,760,665,409,,2046,
65536,597592.401664970,1232052,1,0,212,774,722,417,,2125,
65536,597592.401673042,1232054,0,1,192,749,637,365,,1943,
65536,597592.401683318,1232052,1,0,193,762,687,398,,2040,
65536,597592.401691469,1232054,0,1,222,746,652,396,,2016,
65536,597592.401701785,1232052,1,0,201,762,712,414,,2089,
65536,597592.401709713,1232054,0,1,199,751,645,386,,1981,
65536,597592.401720168,1232052,1,0,188,787,704,417,,2096,
65536,597592.401728452,1232054,0,1,218,758,643,381,,2000,
65536,597592.401738612,1232052,1,0,220,768,802,418,,2208,
65536,597592.401746871,1232054,0,1,189,755,648,400,,1992,
65536,597592.401757371,1232052,1,0,182,857,711,404,,2154,
65536,597592.401766146,1232054,0,1,223,748,639,393,,2003,
65536,597592.401776403,1232052,1,0,193,766,808,399,,2166,
65536,597592.401784751,1232054,0,1,202,772,720,437,,2131,
65536,597592.401795308,1232052,1,0,191,766,787,477,,2221,
65536,597592.401803489,1232054,0,1,435,755,670,418,,2278,
65536,597592.401813967,1232052,1,0,471,765,851,421,,2508,
65536,597592.401822728,1232054,0,1,197,758,717,384,,2056,
65536,597592.401832434,1232052,1,0,190,741,627,402,,1960,
65536,597592.401840117,1232054,0,1,189,734,678,363,,1964,
65536,597592.401849400,1232052,1,0,185,727,653,378,,1943,
65536,597592.401856936,1232054,0,1,188,780,687,654,,2309,
65536,597592.401867179,1232052,1,0,205,714,647,382,,1948,
65536,597592.401875061,1232054,0,1,198,756,681,390,,2025,
65536,597592.401884359,1232052,1,0,206,739,654,375,,1974,
65536,597592.401891613,1232054,0,1,177,725,649,380,,1931,
65536,597592.401901414,1232052,1,0,188,745,679,377,,1989,
65536,597592.401908483,1232054,0,1,216,725,657,381,,1979,
65536,597592.401917733,1232052,1,0,185,737,699,364,,1985,
65536,597592.401924767,1232054,0,1,179,756,729,359,,2023,
65536,597592.401934737,1232052,1,0,182,732,780,378,,2072,
65536,597592.401942129,1232054,0,1,208,730,674,391,,2003,
65536,597592.401951874,1232052,1,0,199,739,636,373,,1947,
65536,597592.401959035,1232054,0,1,211,896,900,372,,2379,
65536,597592.401968924,1232052,1,0,186,745,696,385,,2012,
65536,597592.401976868,1232054,0,1,276,728,823,461,,2288,
65536,597592.401986607,1232052,1,0,197,744,638,397,,1976,
65536,597592.401994417,1232054,0,1,306,731,646,362,,2045,
65536,597592.402003843,1232052,1,0,203,741,623,365,,1932,
65536,597592.402011674,1232054,0,1,182,729,643,386,,1940,
65536,597592.402020960,1232052,1,0,213,741,625,374,,1953,
65536,597592.402029015,1232054,0,1,193,750,676,394,,2013,
65536,597592.402038669,1232052,1,0,185,733,622,354,,1894,
65536,597592.402046433,1232054,0,1,193,750,666,402,,2011,
65536,597592.402056091,1232052,1,0,213,750,626,366,,1955,
65536,597592.402063327,1232054,0,1,189,736,694,362,,1981,
65536,597592.402072790,1232052,1,0,182,742,650,399,,1973,
65536,597592.402080348,1232054,0,1,207,732,673,409,,2021,
65536,597592.402089795,1232052,1,0,207,749,632,372,,1960,
65536,597592.402097454,1232054,0,1,183,733,669,450,,2035,
65536,597592.402107151,1232052,1,0,187,739,621,357,,1904,
65536,597592.402114786,1232054,0,1,212,740,674,373,,1999,
65536,597592.402124101,1232052,1,0,209,752,625,390,,1976,
65536,597592.402131845,1232054,0,1,197,738,641,552,,2128,
65536,597592.402141473,1232052,1,0,186,737,624,378,,1925,
65536,597592.402148815,1232054,0,1,206,749,653,422,,2030,
65536,597592.402158242,1232052,1,0,201,952,692,606,,2451,
65536,597592.402166010,1232054,0,1,218,734,642,377,,1971,
65536,597592.402175816,1232052,1,0,175,735,710,387,,2007,
65536,597592.402183640,1232054,0,1,213,741,646,386,,1986,
65536,597592.402193102,1232052,1,0,186,740,794,380,,2100,
65536,597592.402200916,1232054,0,1,204,759,649,364,,1976,
65536,597592.402210437,1232052,1,0,172,740,618,358,,1888,
65536,597592.402218046,1232054,0,1,215,743,657,381,,1996,
65536,597592.402227559,1232052,1,0,307,740,627,385,,2059,
65536,597592.402235331,1232054,0,1,261,752,648,356,,2017,
65536,597592.402244950,1232052,1,0,206,747,782,372,,2107,
65536,597592.402253123,1232054,0,1,206,767,739,411,,2123,
65536,597592.402262820,1232052,1,0,250,770,789,413,,2222,
65536,597592.402270438,1232054,0,1,206,777,754,520,,2257,
65536,597592.402280520,1232052,1,0,191,759,659,407,,2016,
65536,597592.402288140,1232054,0,1,212,757,708,434,,2111,
65536,597592.402297892,1232052,1,0,215,774,731,379,,2099,
65536,597592.402305450,1232054,0,1,188,759,724,422,,2093,
65536,597592.402315321,1232052,1,0,593,765,652,372,,2382,
65536,597592.402323482,1232054,0,1,261,753,881,499,,2394,
65536,597592.402333964,1232052,1,0,314,767,648,369,,2098,
65536,597592.402341556,1232054,0,1,209,761,717,483,,2170,
65536,597592.402351495,1232052,1,0,199,758,626,355,,1938,
65536,597592.402359101,1232054,0,1,212,747,696,455,,2110,
65536,597592.402369140,1232052,1,0,238,755,635,391,,2019,
65536,597592.402376995,1232054,0,1,186,750,731,459,,2126,
65536,597592.402387066,1232052,1,0,199,758,728,358,,2043,
65536,597592.402394480,1232054,0,1,236,748,745,465,,2194,
65536,597592.402404197,1232052,1,0,211,753,636,362,,1962,
65536,597592.402412072,1232054,0,1,201,786,696,403,,2086,
65536,597592.402422331,1232052,1,0,199,758,637,393,,1987,
65536,597592.402430335,1232054,0,1,321,755,874,588,,2538,
65536,597592.402440629,1232052,1,0,232,739,637,385,,1993,
65536,597592.402448487,1232054,0,1,274,755,706,411,,2146,
65536,597592.402458398,1232052,1,0,201,738,650,378,,1967,
65536,597592.402466113,1232054,0,1,210,831,738,2459,,4238,
65536,597592.402477716,1232052,1,0,189,731,683,430,,2033,
65536,597592.402485791,1232054,0,1,185,742,685,366,,1978,
65536,597592.402495319,1232052,1,0,186,736,627,356,,1905,
65536,597592.402502985,1232054,0,1,185,745,671,415,,2016,
65536,597592.402512598,1232052,1,0,213,748,633,388,,1982,
65536,597592.402519842,1232054,0,1,197,736,722,361,,2016,
65536,597592.402529642,1232052,1,0,197,746,629,394,,1966,
65536,597592.402537366,1232054,0,1,277,819,810,524,,2430,
65536,597592.402547333,1232052,1,0,201,871,697,394,,2163,
65536,597592.402554939,1232054,0,1,529,738,764,381,,2412,
65536,597592.402564999,1232052,1,0,469,743,659,425,,2296,
65536,597592.402572783,1232054,0,1,197,731,677,537,,2142,
65536,597592.402582545,1232052,1,0,217,735,633,448,,2033,
65536,597592.402589487,1232054,0,1,173,761,654,377,,1965,
65536,597592.402599044,1232052,1,0,193,738,634,373,,1938,
65536,597592.402606270,1232054,0,1,256,732,648,444,,2080,
65536,597592.402615751,1232052,1,0,211,739,629,420,,1999,
65536,597592.402623062,1232054,0,1,181,744,652,369,,1946,
65536,597592.402632960,1232052,1,0,304,740,784,385,,2213,
65536,597592.402640525,1232054,0,1,211,734,708,412,,2065,
65536,597592.402649915,1232052,1,0,190,741,626,362,,1919,
65536,597592.402657623,1232054,0,1,174,727,647,388,,1936,
65536,597592.402667730,1232052,1,0,198,800,778,404,,2180,
65536,597592.402703068,1232054,0,1,194,759,773,564,,2290,
65536,597592.402711660,1232052,1,0,193,730,647,399,,1969,
65536,597592.402717548,1232054,0,1,208,744,665,382,,1999,
65536,597592.402728955,1232052,1,0,266,724,632,394,,2016,
65536,597592.402734643,1232054,0,1,200,734,621,461,,2016,
65536,597592.402745971,1232052,1,0,203,743,768,377,,2091,
65536,597592.402752002,1232054,0,1,186,740,655,404,,1985,
65536,597592.402763184,1232052,1,0,192,735,662,369,,1958,
65536,597592.402769164,1232054,0,1,182,750,629,362,,1923,
65536,597592.402780245,1232052,1,0,197,740,740,406,,2083,
65536,597592.402786017,1232054,0,1,197,750,665,366,,1978,
65536,597592.402797179,1232052,1,0,244,915,654,439,,2252,
65536,597592.402803400,1232054,0,1,203,736,678,393,,2010,
65536,597592.402814563,1232052,1,0,198,734,658,409,,1999,
65536,597592.402820351,1232054,0,1,193,736,631,385,,1945,
65536,597592.402831316,1232052,1,0,196,723,653,450,,2022,
65536,597592.402837318,1232054,0,1,212,763,640,400,,2015,
65536,597592.402848071,1232052,1,0,204,724,623,368,,1919,
65536,597592.402854050,1232054,0,1,176,746,653,421,,1996,
65536,597592.402865028,1232052,1,0,194,729,631,438,,1992,
65536,597592.402871415,1232054,0,1,193,745,683,383,,2004,
65536,597592.402882227,1232052,1,0,196,730,685,374,,1985,
65536,597592.402888116,1232054,0,1,179,780,620,367,,1946,
65536,597592.402899577,1232052,1,0,200,732,650,411,,1993,
65536,597592.402905927,1232054,0,1,205,753,907,423,,2288,
65536,597592.402917562,1232052,1,0,198,744,625,419,,1986,
65536,597592.402923296,1232054,0,1,201,726,654,388,,1969,
65536,597592.402934282,1232052,1,0,207,747,635,435,,2024,
65536,597592.402940635,1232054,0,1,204,738,624,455,,2021,
65536,597592.402951648,1232052,1,0,176,741,730,410,,2057,
65536,597592.402957811,1232054,0,1,179,738,631,381,,1929,
65536,597592.402969250,1232052,1,0,207,740,670,377,,1994,
65536,597592.402975683,1232054,0,1,178,732,625,386,,1921,
65536,597592.402986751,1232052,1,0,203,754,649,420,,2026,
65536,597592.402992597,1232054,0,1,348,749,669,702,,2468,
65536,597592.403004281,1232052,1,0,297,742,656,420,,2115,
65536,597592.403010765,1232054,0,1,202,754,623,420,,1999,
65536,597592.403021972,1232052,1,0,298,832,690,387,,2207,
65536,597592.403028777,1232054,0,1,195,761,639,396,,1991,
65536,597592.403039733,1232052,1,0,194,737,647,432,,2010,
65536,597592.403046501,1232054,0,1,192,740,640,378,,1950,
65536,597592.403057204,1232052,1,0,182,740,625,396,,1943,
65536,597592.403064134,1232054,0,1,198,742,652,382,,1974,
65536,597592.403075329,1232052,1,0,200,728,691,409,,2028,
65536,597592.403081985,1232054,0,1,192,744,621,399,,1956,
65536,597592.403093181,1232052,1,0,192,750,681,473,,2096,
65536,597592.403099555,1232054,0,1,179,738,755,372,,2044,
65536,597592.403110739,1232052,1,0,307,743,643,407,,2100,
65536,597592.403117004,1232054,0,1,189,728,636,374,,1927,
65536,597592.403128579,1232052,1,0,199,737,617,359,,1912,
65536,597592.403134517,1232054,0,1,184,742,676,361,,1963,
65536,597592.403145908,1232052,1,0,208,731,625,425,,1989,
65536,597592.403152482,1232054,0,1,208,752,634,415,,2009,
65536,597592.403164063,1232052,1,0,232,822,1014,429,,2497,
65536,597592.403170965,1232054,0,1,179,750,655,372,,1956,
65536,597592.403182019,1232052,1,0,200,734,726,442,,2102,
65536,597592.403188576,1232054,0,1,188,748,656,401,,1993,
65536,597592.403200251,1232052,1,0,204,739,769,559,,2271,
65536,597592.403207001,1232054,0,1,183,732,697,386,,1998,
65536,597592.403218141,1232052,1,0,280,757,631,445,,2113,
65536,597592.403224848,1232054,0,1,203,731,635,407,,1976,
65536,597592.403236286,1232052,1,0,204,730,650,407,,1991,
65536,597592.403242505,1232054,0,1,202,788,632,429,,2051,
65536,597592.403253880,1232052,1,0,202,744,705,453,,2104,
65536,597592.403260396,1232054,0,1,239,743,658,403,,2043,
65536,597592.403271757,1232052,1,0,191,743,677,404,,2015,
65536,597592.403278112,1232054,0,1,208,851,638,367,,2064,
65536,597592.403289379,1232052,1,0,204,840,676,473,,2193,
65536,597592.403296142,1232054,0,1,214,741,657,366,,1978,
65536,597592.403307735,1232052,1,0,249,837,625,367,,2078,
65536,597592.403314136,1232054,0,1,191,738,736,370,,2035,
65536,597592.403325030,1232052,1,0,184,737,729,398,,2048,
65536,597592.403331579,1232054,0,1,172,743,628,357,,1900,
65536,597592.403343092,1232052,1,0,201,737,755,509,,2202,
65536,597592.403349191,1232054,0,1,203,737,639,392,,1971,
65536,597592.403360550,1232052,1,0,179,834,642,526,,2181,
65536,597592.403367218,1232054,0,1,186,739,666,398,,1989,
65536,597592.403378404,1232052,1,0,178,734,666,382,,1960,
65536,597592.403385034,1232054,0,1,176,740,619,362,,1897,
65536,597592.403395876,1232052,1,0,323,953,711,415,,2402,
65536,597592.403402754,1232054,0,1,219,768,624,388,,1999,
65536,597592.403413795,1232052,1,0,413,736,637,415,,2201,
65536,597592.403420590,1232054,0,1,207,750,645,350,,1952,
65536,597592.403432065,1232052,1,0,218,860,633,379,,2090,
65536,597592.403438769,1232054,0,1,200,746,622,394,,1962,
65536,597592.403450202,1232052,1,0,196,734,650,387,,1967,
65536,597592.403456908,1232054,0,1,200,740,631,379,,1950,
65536,597592.403469729,1232052,1,0,207,773,702,489,,2171,
65536,597592.403477221,1232054,0,1,209,723,704,404,,2040,
65536,597592.403528012,1232052,1,0,244,780,872,386,,2282,
65536,597592.403536260,1232054,0,1,189,754,678,421,,2042,
65536,597592.403547782,1232052,1,0,209,743,676,357,,1985,
65536,597592.403555649,1232054,0,1,183,724,627,444,,1978,
65536,597592.403567009,1232052,1,0,179,726,672,378,,1955,
65536,597592.403575282,1232054,0,1,190,730,620,399,,1939,
65536,597592.403586712,1232052,1,0,196,728,634,379,,1937,
65536,597592.403594767,1232054,0,1,202,734,646,395,,1977,
65536,597592.403606029,1232052,1,0,274,733,633,403,,2043,
65536,597592.403614155,1232054,0,1,288,737,632,390,,2047,
65536,597592.403625817,1232052,1,0,200,746,782,375,,2103,
65536,597592.403634143,1232054,0,1,191,732,633,363,,1919,
65536,597592.403645751,1232052,1,0,197,736,737,406,,2076,
65536,597592.403653784,1232054,0,1,197,733,660,419,,2009,
65536,597592.403665219,1232052,1,0,222,731,693,700,,2346,
65536,597592.403673266,1232054,0,1,184,743,814,523,,2264,
65536,597592.403685123,1232052,1,0,206,862,636,434,,2138,
65536,597592.403693229,1232054,0,1,204,774,661,436,,2075,
65536,597592.403704288,1232052,1,0,329,754,665,358,,2106,
65536,597592.403712998,1232054,0,1,237,740,632,365,,1974,
65536,597592.403724159,1232052,1,0,264,751,659,392,,2066,
65536,597592.403732608,1232054,0,1,192,732,658,417,,1999,
65536,597592.403743837,1232052,1,0,203,742,736,424,,2105,
65536,597592.403752207,1232054,0,1,222,883,634,645,,2384,
65536,597592.403764414,1232052,1,0,197,761,728,545,,2231,
65536,597592.403773537,1232054,0,1,206,769,719,430,,2124,
65536,597592.403786400,1232052,1,0,271,764,825,560,,2420,
65536,597592.403794990,1232054,0,1,198,739,636,409,,1982,
65536,597592.403807196,1232052,1,0,190,760,724,541,,2215,
65536,597592.403816449,1232054,0,1,208,752,663,405,,2028,
65536,597592.403829382,1232052,1,0,199,767,749,413,,2128,
65536,597592.403838030,1232054,0,1,192,759,650,388,,1989,
65536,597592.403849984,1232052,1,0,210,763,827,435,,2235,
65536,597592.403858711,1232054,0,1,221,754,742,411,,2128,
65536,597592.403871184,1232052,1,0,328,764,694,414,,2200,
65536,597592.403880151,1232054,0,1,193,761,666,401,,2021,
65536,597592.403892608,1232052,1,0,318,759,901,421,,2399,
65536,597592.403901635,1232054,0,1,288,772,686,382,,2128,
65536,597592.403914321,1232052,1,0,192,861,708,456,,2217,
65536,597592.403922542,1232054,0,1,199,755,631,419,,2004,
65536,597592.403934252,1232052,1,0,201,757,778,453,,2189,
65536,597592.403941957,1232054,0,1,196,761,944,396,,2297,
65536,597592.403952869,1232052,1,0,180,739,638,384,,1941,
65536,597592.403960297,1232054,0,1,197,744,646,414,,2001,
65536,597592.403970788,1232052,1,0,171,738,626,376,,1911,
65536,597592.403977809,1232054,0,1,182,749,631,400,,1962,
65536,597592.403988229,1232052,1,0,186,730,628,403,,1947,
65536,597592.403995801,1232054,0,1,206,728,705,466,,2105,
65536,597592.404006413,1232052,1,0,191,742,707,406,,2046,
65536,597592.404013769,1232054,0,1,211,826,630,350,,2017,
65536,597592.404024073,1232052,1,0,256,759,763,371,,2149,
65536,597592.404031409,1232054,0,1,211,736,666,437,,2050,
65536,597592.404041745,1232052,1,0,191,731,634,420,,1976,
65536,597592.404048805,1232054,0,1,187,742,625,368,,1922,
65536,597592.404058804,1232052,1,0,751,754,662,424,,2591,
65536,597592.404066980,1232054,0,1,184,755,636,412,,1987,
65536,597592.404076836,1232052,1,0,191,738,619,372,,1920,
65536,597592.404083902,1232054,0,1,173,849,637,420,,2079,
65536,597592.404094316,1232052,1,0,188,744,622,422,,1976,
65536,597592.404101942,1232054,0,1,510,735,710,400,,2355,
65536,597592.404112329,1232052,1,0,526,755,633,405,,2319,
65536,597592.404119957,1232054,0,1,317,751,619,378,,2065,
65536,597592.404130281,1232052,1,0,214,737,679,410,,2040,
65536,597592.404137670,1232054,0,1,206,733,752,415,,2106,
65536,597592.404147665,1232052,1,0,204,732,655,385,,1976,
65536,597592.404155346,1232054,0,1,226,732,621,511,,2090,
65536,597592.404165380,1232052,1,0,303,727,667,390,,2087,
65536,597592.404172901,1232054,0,1,220,751,672,404,,2047,
65536,597592.404182686,1232052,1,0,206,736,626,357,,1925,
65536,597592.404190143,1232054,0,1,183,741,621,519,,2064,
65536,597592.404200093,1232052,1,0,316,728,634,408,,2086,
65536,597592.404207528,1232054,0,1,198,733,683,440,,2054,
65536,597592.404217108,1232052,1,0,188,724,716,407,,2035,
65536,597592.404225136,1232054,0,1,199,768,671,617,,2255,
65536,597592.404235410,1232052,1,0,199,732,686,407,,2024,
65536,597592.404242958,1232054,0,1,192,738,737,480,,2147,
65536,597592.404252851,1232052,1,0,192,731,642,407,,1972,
65536,597592.404260165,1232054,0,1,169,735,625,361,,1890,
65536,597592.404269944,1232052,1,0,198,727,736,389,,2050,
65536,597592.404277169,1232054,0,1,203,734,675,394,,2006,
65536,597592.404286870,1232052,1,0,215,729,624,418,,1986,
65536,597592.404294552,1232054,0,1,187,745,751,387,,2070,
65536,597592.404304475,1232052,1,0,184,738,636,420,,1978,
65536,597592.404311991,1232054,0,1,216,741,667,408,,2032,
65536,597592.404321563,1232052,1,0,204,737,678,567,,2186,
65536,597592.404328462,1232054,0,1,178,718,948,377,,2221,
65536,597592.404338387,1232052,1,0,201,755,656,393,,2005,
65536,597592.404346115,1232054,0,1,203,863,670,411,,2147,
65536,597592.404356096,1232052,1,0,305,745,710,363,,2123,
65536,597592.404363606,1232054,0,1,192,861,630,441,,2124,
65536,597592.404373503,1232052,1,0,235,738,643,389,,2005,
65536,597592.404380908,1232054,0,1,210,745,650,452,,2057,
65536,597592.404390673,1232052,1,0,193,735,623,355,,1906,
65536,597592.404397917,1232054,0,1,203,829,638,420,,2090,
65536,597592.404407857,1232052,1,0,203,749,654,408,,2014,
65536,597592.404415555,1232054,0,1,205,835,759,445,,2244,
65536,597592.404425459,1232052,1,0,217,740,641,504,,2102,
65536,597592.404432816,1232054,0,1,186,755,640,369,,1950,
65536,597592.404442275,1232052,1,0,193,745,621,436,,1995,
65536,597592.404449098,1232054,0,1,218,746,670,496,,2130,
65536,597592.404458565,1232052,1,0,201,737,631,539,,2108,
65536,597592.404465694,1232054,0,1,187,,,431,,6170,
65536,597592.404479307,1232052,1,0,259,727,670,418,,2074,
65536,597592.404486185,1232054,0,1,761,,,2017,,3091,
65536,597592.404497179,1232052,1,0,213,740,795,392,,2140,
65536,597592.404504730,1232054,0,1,498,,,1260,,1935,
65536,597592.404514881,1232052,1,0,213,745,684,393,,2035,
65536,597592.404522776,1232054,0,1,247,1082,824,411,,2564,
65536,597592.404532958,1232052,1,0,390,759,686,411,,2246,
65536,597592.404540790,1232054,0,1,173,742,628,376,,1919,
65536,597592.404550297,1232052,1,0,174,735,651,378,,1938,
65536,597592.404557263,1232054,0,1,204,760,716,522,,2202,
65536,597592.404567020,1232052,1,0,201,736,630,422,,1989,
65536,597592.404574340,1232054,0,1,168,752,622,372,,1914,
65536,597592.404583985,1232052,1,0,206,744,630,392,,1972,
65536,597592.404591845,1232054,0,1,198,733,754,443,,2128,
65536,597592.404601248,1232052,1,0,191,733,633,401,,1958,
65536,597592.404609137,1232054,0,1,254,743,623,360,,1980,
65536,597592.404618717,1232052,1,0,190,756,802,463,,2211,
65536,597592.404626532,1232054,0,1,216,756,651,405,,2028,
65536,597592.404636019,1232052,1,0,244,787,627,432,,2090,
65536,597592.404643420,1232054,0,1,177,738,623,380,,1918,
65536,597592.404653171,1232052,1,0,291,748,725,373,,2137,
65536,597592.404660820,1232054,0,1,193,744,698,435,,2070,
65536,597592.404670641,1232052,1,0,183,740,622,408,,1953,
65536,597592.404677903,1232054,0,1,183,740,629,360,,1912,
65536,597592.404687424,1232052,1,0,304,746,656,381,,2087,
65536,597592.404694355,1232054,0,1,187,741,686,461,,2075,
65536,597592.404704092,1232052,1,0,207,735,730,375,,2047,
65536,597592.404711042,1232054,0,1,287,748,669,421,,2125,
65536,597592.404720819,1232052,1,0,194,748,625,405,,1972,
65536,597592.404727806,1232054,0,1,195,748,654,394,,1991,
65536,597592.404737200,1232052,1,0,244,731,617,409,,2001,
65536,597592.404744231,1232054,0,1,185,733,634,490,,2042,
65536,597592.404753876,1232052,1,0,174,739,629,390,,1932,
65536,597592.404760485,1232054,0,1,191,745,645,401,,1982,
65536,597592.404769867,1232052,1,0,224,755,637,393,,2009,
65536,597592.404777129,1232054,0,1,191,738,654,363,,1946,
65536,597592.404786992,1232052,1,0,190,738,664,369,,1961,
65536,597592.404794200,1232054,0,1,193,739,741,438,,2111,
65536,597592.404803801,1232052,1,0,201,741,686,393,,2021,
65536,597592.404811383,1232054,0,1,195,767,629,365,,1956,
65536,597592.404821109,1232052,1,0,177,750,643,362,,1932,
65536,597592.404828540,1232054,0,1,208,735,667,546,,2156,
65536,597592.404838236,1232052,1,0,469,737,655,390,,2251,
65536,597592.404846105,1232054,0,1,304,739,620,408,,2071,
65536,597592.404855636,1232052,1,0,184,725,716,368,,1993,
65536,597592.404862753,1232054,0,1,205,730,677,411,,2023,
65536,597592.404872347,1232052,1,0,198,745,678,432,,2053,
65536,597592.404879265,1232054,0,1,172,750,621,384,,1927,
65536,597592.404888795,1232052,1,0,187,730,748,374,,2039,
65536,597592.404895993,1232054,0,1,216,757,712,407,,2092,
65536,597592.404905554,1232052,1,0,180,736,637,406,,1959,
65536,597592.404912299,1232054,0,1,413,728,623,469,,2233,
65536,597592.404921968,1232052,1,0,203,747,748,378,,2076,
65536,597592.404929373,1232054,0,1,252,756,844,425,,2277,
65536,597592.404939087,1232052,1,0,211,737,651,432,,2031,
65536,597592.404946656,1232054,0,1,177,734,627,382,,1920,
65536,597592.404956306,1232052,1,0,212,737,651,364,,1964,
65536,597592.404963838,1232054,0,1,217,732,671,444,,2064,
65536,597592.404973310,1232052,1,0,201,737,633,385,,1956,
65536,597592.404981295,1232054,0,1,185,741,617,394,,1937,
65536,597592.404990784,1232052,1,0,195,712,768,384,,2059,
65536,597592.404999193,1232054,0,1,212,737,748,445,,2142,
65536,597592.405008838,1232052,1,0,327,738,655,441,,2161,
65536,597592.405016153,1232054,0,1,210,731,642,407,,1990,
65536,597592.405026171,1232052,1,0,178,735,623,380,,1916,
65536,597592.405032781,1232054,0,1,205,745,686,556,,2192,
65536,597592.405042506,1232052,1,0,187,735,752,391,,2065,
65536,597592.405050236,1232054,0,1,201,747,618,382,,1948,
65536,597592.405060004,1232052,1,0,171,732,652,372,,1927,
65536,597592.405067520,1232054,0,1,214,728,644,424,,2010,
65536,597592.405076934,1232052,1,0,182,733,617,412,,1944,
65536,597592.405084654,1232054,0,1,185,741,623,405,,1954,
65536,597592.405094214,1232052,1,0,191,752,626,376,,1945,
65536,597592.405102015,1232054,0,1,206,743,650,401,,2000,
65536,597592.405111497,1232052,1,0,203,732,674,604,,2213,
65536,597592.405119246,1232054,0,1,174,769,646,359,,1948,
65536,597592.405128523,1232052,1,0,186,824,675,371,,2056,
65536,597592.405136407,1232054,0,1,215,744,638,457,,2054,
65536,597592.405145950,1232052,1,0,192,738,624,376,,1930,
65536,597592.405153253,1232054,0,1,181,754,625,367,,1927,
65536,597592.405162656,1232052,1,0,189,743,643,363,,1938,
65536,597592.405169967,1232054,0,1,214,735,749,384,,2082,
65536,597592.405179463,1232052,1,0,188,741,625,418,,1972,
65536,597592.405186044,1232054,0,1,173,744,711,378,,2006,
65536,597592.405195652,1232052,1,0,295,734,635,365,,2029,
65536,597592.405202872,1232054,0,1,212,725,667,391,,1995,
65536,597592.405212427,1232052,1,0,295,732,628,410,,2065,
65536,597592.405219807,1232054,0,1,197,729,622,361,,1909,
65536,597592.405229311,1232052,1,0,250,732,651,409,,2042,
65536,597592.405236489,1232054,0,1,212,743,646,454,,2055,
65536,597592.405246051,1232052,1,0,207,737,631,401,,1976,
65536,597592.405253172,1232054,0,1,192,732,632,396,,1952,
65536,597592.405262694,1232052,1,0,188,768,614,356,,1926,
65536,597592.405269917,1232054,0,1,207,735,671,424,,2037,
65536,597592.405279619,1232052,1,0,190,739,758,412,,2099,
65536,597592.405286800,1232054,0,1,203,727,657,366,,1953,
65536,597592.405296670,1232052,1,0,173,738,755,373,,2039,
65536,597592.405327639,1232054,0,1,186,748,702,423,,2059,
65536,597592.405335933,1232052,1,0,205,753,648,452,,2058,
65536,597592.405341650,1232054,0,1,174,740,655,380,,1949,
65536,597592.405353359,1232052,1,0,203,864,627,374,,2068,
65536,597592.405359205,1232054,0,1,173,742,632,404,,1951,
65536,597592.405370863,1232052,1,0,187,740,649,409,,1985,
65536,597592.405376369,1232054,0,1,196,742,648,398,,1984,
65536,597592.405387883,1232052,1,0,203,741,642,379,,1965,
65536,597592.405393467,1232054,0,1,183,758,621,402,,1964,
65536,597592.405404825,1232052,1,0,191,740,649,437,,2017,
65536,597592.405410563,1232054,0,1,200,737,651,426,,2014,
65536,597592.405422085,1232052,1,0,213,732,648,426,,2019,
65536,597592.405428083,1232054,0,1,256,790,621,406,,2073,
65536,597592.405439320,1232052,1,0,198,737,676,417,,2028,
65536,597592.405444970,1232054,0,1,193,739,752,480,,2164,
65536,597592.405456683,1232052,1,0,201,736,656,436,,2029,
65536,597592.405462544,1232054,0,1,183,730,640,447,,2000,
65536,597592.405475884,1232052,1,0,217,726,688,419,,2050,
65536,597592.405481791,1232054,0,1,204,733,750,406,,2093,
65536,597592.405492756,1232052,1,0,205,741,622,415,,1983,
65536,597592.405498386,1232054,0,1,184,735,626,418,,1963,
65536,597592.405509718,1232052,1,0,191,737,651,400,,1979,
65536,597592.405515461,1232054,0,1,192,734,631,398,,1955,
65536,597592.405526931,1232052,1,0,200,739,678,653,,2270,
65536,597592.405533113,1232054,0,1,207,836,622,385,,2050,
65536,597592.405544294,1232052,1,0,192,737,653,468,,2050,
65536,597592.405549926,1232054,0,1,264,731,652,437,,2084,
65536,597592.405560707,1232052,1,0,183,740,686,381,,1990,
65536,597592.405566413,1232054,0,1,185,735,634,409,,1963,
65536,597592.405577335,1232052,1,0,206,746,648,402,,2002,
65536,597592.405583018,1232054,0,1,185,737,629,428,,1979,
65536,597592.405593948,1232052,1,0,197,730,641,382,,1950,
65536,597592.405599911,1232054,0,1,177,747,625,530,,2079,
65536,597592.405611122,1232052,1,0,192,731,654,422,,1999,
65536,597592.405617022,1232054,0,1,245,737,633,441,,2056,
65536,597592.405628257,1232052,1,0,203,737,764,384,,2088,
65536,597592.405634009,1232054,0,1,182,745,621,366,,1914,
65536,597592.405645365,1232052,1,0,204,769,770,371,,2114,
65536,597592.405651341,1232054,0,1,205,754,679,423,,2061,
65536,597592.405662476,1232052,1,0,201,734,650,395,,1980,
65536,597592.405668405,1232054,0,1,184,732,626,379,,1921,
65536,597592.405679753,1232052,1,0,194,722,649,377,,1942,
65536,597592.405685960,1232054,0,1,209,737,688,415,,2049,
65536,597592.405697178,1232052,1,0,196,738,628,407,,1969,
65536,597592.405703056,1232054,0,1,193,744,625,416,,1978,
65536,597592.405714226,1232052,1,0,199,742,729,381,,2051,
65536,597592.405720056,1232054,0,1,215,760,629,486,,2090,
65536,597592.405730985,1232052,1,0,212,728,645,409,,1994,
65536,597592.405737104,1232054,0,1,203,740,688,387,,2018,
65536,597592.405747982,1232052,1,0,209,977,625,383,,2194,
65536,597592.405754400,1232054,0,1,241,733,656,433,,2063,
65536,597592.405765120,1232052,1,0,204,754,621,378,,1957,
65536,597592.405770991,1232054,0,1,168,739,618,373,,1898,
65536,597592.405782106,1232052,1,0,198,742,648,455,,2043,
65536,597592.405788053,1232054,0,1,208,732,658,411,,2009,
65536,597592.405799271,1232052,1,0,229,741,627,373,,1970,
65536,597592.405805150,1232054,0,1,182,748,616,434,,1980,
65536,597592.405815862,1232052,1,0,190,746,651,411,,1998,
65536,597592.405821708,1232054,0,1,189,816,683,367,,2055,
65536,597592.405833472,1232052,1,0,210,741,658,417,,2026,
65536,597592.405839695,1232054,0,1,198,727,631,420,,1976,
65536,597592.405850836,1232052,1,0,200,753,652,414,,2019,
65536,597592.405857044,1232054,0,1,191,756,618,464,,2029,
65536,597592.405867987,1232052,1,0,375,731,657,404,,2167,
65536,597592.405874351,1232054,0,1,204,737,658,385,,1984,
65536,597592.405885317,1232052,1,0,206,728,669,405,,2008,
65536,597592.405891249,1232054,0,1,198,727,624,365,,1914,
65536,597592.405902186,1232052,1,0,205,874,731,409,,2219,
65536,597592.405908408,1232054,0,1,188,730,623,411,,1952,
65536,597592.405919112,1232052,1,0,264,744,631,396,,2035,
65536,597592.405924984,1232054,0,1,351,722,677,387,,2137,
65536,597592.405935892,1232052,1,0,290,740,656,392,,2078,
65536,597592.405942505,1232054,0,1,176,737,652,452,,2017,
65536,597592.405953066,1232052,1,0,194,741,664,422,,2021,
65536,597592.405959514,1232054,0,1,198,738,637,379,,1952,
65536,597592.405970440,1232052,1,0,194,756,649,403,,2002,
65536,597592.405977139,1232054,0,1,198,733,735,400,,2066,
65536,597592.405988299,1232052,1,0,294,745,755,401,,2195,
65536,597592.405994622,1232054,0,1,210,772,691,429,,2102,
65536,597592.406005897,1232052,1,0,202,756,653,403,,2014,
65536,597592.406011905,1232054,0,1,191,764,821,429,,2205,
65536,597592.406023662,1232052,1,0,202,768,688,442,,2100,
65536,597592.406030209,1232054,0,1,223,769,693,413,,2098,
65536,597592.406041791,1232052,1,0,188,758,751,408,,2105,
65536,597592.406047977,1232054,0,1,196,767,878,434,,2275,
65536,597592.406059637,1232052,1,0,202,770,682,416,,2070,
65536,597592.406066074,1232054,0,1,218,756,686,412,,2072,
65536,597592.406077471,1232052,1,0,211,763,650,401,,2025,
65536,597592.406084142,1232054,0,1,182,758,683,458,,2081,
65536,597592.406144080,1232052,1,0,385,766,803,429,,2383,
65536,597592.406150956,1232054,0,1,198,771,787,441,,2197,
65536,597592.406161367,1232052,1,0,235,742,630,379,,1986,
65536,597592.406168561,1232054,0,1,211,769,718,433,,2131,
65536,597592.406178702,1232052,1,0,285,748,715,524,,2272,
65536,597592.406186345,1232054,0,1,187,760,692,437,,2076,
65536,597592.406196798,1232052,1,0,500,749,650,388,,2287,
65536,597592.406204203,1232054,0,1,200,760,814,460,,2234,
65536,597592.406214216,1232052,1,0,207,748,653,388,,1996,
65536,597592.406221547,1232054,0,1,180,775,676,418,,2049,
65536,597592.406231401,1232052,1,0,224,740,689,399,,2052,
65536,597592.406238838,1232054,0,1,213,756,725,441,,2135,
65536,597592.406248679,1232052,1,0,203,758,659,428,,2048,
65536,597592.406255965,1232054,0,1,176,756,776,428,,2136,
65536,597592.406265945,1232052,1,0,220,768,634,404,,2026,
65536,597592.406272978,1232054,0,1,185,772,742,412,,2111,
65536,597592.406282679,1232052,1,0,195,735,632,374,,1936,
65536,597592.406289519,1232054,0,1,291,745,624,355,,2015,
65536,597592.406299114,1232052,1,0,220,770,635,385,,2010,
65536,597592.406307127,1232054,0,1,197,760,791,432,,2180,
65536,597592.406316578,1232052,1,0,186,750,636,429,,2001,
65536,597592.406324581,1232054,0,1,179,770,676,409,,2034,
65536,597592.406334572,1232052,1,0,194,738,628,377,,1937,
65536,597592.406342141,1232054,0,1,210,758,765,428,,2161,
65536,597592.406352062,1232052,1,0,198,747,637,394,,1976,
65536,597592.406359161,1232054,0,1,179,761,689,486,,2115,
65536,597592.406369193,1232052,1,0,215,763,631,418,,2027,
65536,597592.406375783,1232054,0,1,210,784,725,408,,2127,
65536,597592.406385618,1232052,1,0,211,764,644,374,,1993,
65536,597592.406392466,1232054,0,1,182,767,681,406,,2036,
65536,597592.406402514,1232052,1,0,418,759,671,371,,2219,
65536,597592.406409443,1232054,0,1,195,779,755,469,,2198,
65536,597592.406419384,1232052,1,0,201,761,633,381,,1976,
65536,597592.406425790,1232054,0,1,181,752,684,425,,2042,
65536,597592.406435812,1232052,1,0,245,786,637,481,,2149,
65536,597592.406442046,1232054,0,1,227,753,750,436,,2166,
65536,597592.406451604,1232052,1,0,235,740,629,378,,1982,
65536,597592.406459838,1232054,0,1,178,746,625,407,,1956,
65536,597592.406470585,1232052,1,0,219,740,725,588,,2272,
65536,597592.406479401,1232054,0,1,228,729,654,523,,2134,
65536,597592.406493466,1232052,1,0,249,754,595,405,,2003,
65536,597592.406601484,1232052,1,0,217,751,816,547,,2331,
262144,597593.741609475,1232069,1,0,1261,2101,3214,1447,,8023,
262144,597593.741624914,1232071,0,1,1308,2875,8641,2242,,15066,
262144,597593.741726468,1232069,1,0,889,2871,3151,1017,,7928,
262144,597593.741742599,1232071,0,1,781,2890,2409,1002,,7082,
262144,597593.741830846,1232069,1,0,634,2758,2839,997,,7228,
262144,597593.741846383,1232071,0,1,727,2753,2500,939,,6919,
262144,597593.741885388,1232069,1,0,850,2740,1881,883,,6354,
262144,597593.741899999,1232071,0,1,818,2785,4660,1289,,9552,
262144,597593.741919990,1232069,1,0,208,759,733,436,,2136,
262144,597593.741929370,1232071,0,1,570,2814,2604,875,,6863,
262144,597593.741946459,1232069,1,0,224,760,720,445,,2149,
262144,597593.741956553,1232071,0,1,802,2873,2588,888,,7151,
262144,597593.741973848,1232069,1,0,192,742,631,371,,1936,
262144,597593.741981847,1232071,0,1,175,724,651,439,,1989,
262144,597593.741991842,1232069,1,0,182,755,724,365,,2026,
262144,597593.741999776,1232071,0,1,212,735,695,420,,2062,
262144,597593.742009560,1232069,1,0,196,735,633,408,,1972,
262144,597593.742017091,1232071,0,1,181,744,653,380,,1958,
262144,597593.742026823,1232069,1,0,178,737,634,394,,1943,
262144,597593.742034223,1232071,0,1,179,728,735,417,,2059,
262144,597593.742044031,1232069,1,0,221,739,629,370,,1959,
262144,597593.742051477,1232071,0,1,186,736,726,413,,2061,
262144,597593.742061341,1232069,1,0,183,731,644,370,,1928,
262144,597593.742068917,1232071,0,1,219,735,628,390,,1972,
262144,597593.742078461,1232069,1,0,215,745,625,393,,1978,
262144,597593.742086329,1232071,0,1,179,750,650,373,,1952,
262144,597593.742095896,1232069,1,0,190,727,640,387,,1944,
262144,597593.742103671,1232071,0,1,225,744,659,421,,2049,
262144,597593.742113665,1232069,1,0,200,723,623,395,,1941,
262144,597593.742121386,1232071,0,1,186,753,652,495,,2086,
262144,597593.742131177,1232069,1,0,185,732,644,463,,2024,
262144,597593.742138965,1232071,0,1,198,823,771,420,,2212,
262144,597593.742149275,1232069,1,0,194,727,640,378,,1939,
262144,597593.742157077,1232071,0,1,274,734,645,376,,2029,
262144,597593.742166812,1232069,1,0,188,731,637,404,,1960,
262144,597593.742174635,1232071,0,1,197,735,764,408,,2104,
262144,597593.742184668,1232069,1,0,187,733,637,356,,1913,
262144,597593.742192693,1232071,0,1,295,986,811,448,,2540,
262144,597593.742202967,1232069,1,0,175,732,659,368,,1934,
262144,597593.742211316,1232071,0,1,271,741,752,381,,2145,
262144,597593.742221441,1232069,1,0,231,736,629,394,,1990,
262144,597593.742229351,1232071,0,1,194,728,690,439,,2051,
262144,597593.742239213,1232069,1,0,181,736,626,393,,1936,
262144,597593.742246968,1232071,0,1,206,742,654,411,,2013,
262144,597593.742256796,1232069,1,0,196,736,630,384,,1946,
262144,597593.742264601,1232071,0,1,189,748,759,370,,2066,
262144,597593.742274470,1232069,1,0,184,738,661,392,,1975,
262144,597593.742282487,1232071,0,1,734,748,671,381,,2534,
262144,597593.742292785,1232069,1,0,194,728,631,412,,1965,
262144,597593.742300512,1232071,0,1,306,739,651,403,,2099,
262144,597593.742310409,1232069,1,0,217,740,630,434,,2021,
262144,597593.742318036,1232071,0,1,196,737,658,398,,1989,
262144,597593.742327724,1232069,1,0,192,729,633,424,,1978,
262144,597593.742336342,1232071,0,1,204,737,663,379,,1983,
262144,597593.742346253,1232069,1,0,250,794,639,377,,2060,
262144,597593.742354322,1232071,0,1,232,750,642,380,,2004,
262144,597593.742363947,1232069,1,0,210,741,650,376,,1977,
262144,597593.742371945,1232071,0,1,181,741,656,383,,1961,
262144,597593.742381561,1232069,1,0,177,732,625,378,,1912,
262144,597593.742389449,1232071,0,1,197,731,681,376,,1985,
262144,597593.742399429,1232069,1,0,197,718,649,433,,1997,
262144,597593.742407165,1232071,0,1,181,737,651,353,,1922,
262144,597593.742416652,1232069,1,0,189,732,629,373,,1923,
262144,597593.742424440,1232071,0,1,245,759,653,402,,2059,
262144,597593.742434339,1232069,1,0,198,734,625,376,,1933,
262144,597593.742441857,1232071,0,1,216,741,684,369,,2010,
262144,597593.742451767,1232069,1,0,319,740,670,373,,2102,
262144,597593.742459930,1232071,0,1,216,726,729,448,,2119,
262144,597593.742470565,1232069,1,0,186,730,639,374,,1929,
262144,597593.742478328,1232071,0,1,481,816,750,435,,2482,
262144,597593.742490044,1232069,1,0,222,743,755,412,,2132,
262144,597593.742498121,1232071,0,1,197,723,698,406,,2024,
262144,597593.742507950,1232069,1,0,222,760,648,386,,2016,
262144,597593.742515655,1232071,0,1,190,736,648,373,,1947,
262144,597593.742525257,1232069,1,0,196,733,632,416,,1977,
262144,597593.742533346,1232071,0,1,197,738,646,381,,1962,
262144,597593.742543318,1232069,1,0,183,738,660,368,,1949,
262144,597593.742551110,1232071,0,1,209,761,659,576,,2205,
262144,597593.742561273,1232069,1,0,184,752,632,409,,1977,
262144,597593.742569170,1232071,0,1,187,732,628,373,,1920,
262144,597593.742578750,1232069,1,0,228,727,645,387,,1987,
262144,597593.742586523,1232071,0,1,185,741,630,363,,1919,
262144,597593.742596475,1232069,1,0,193,738,629,422,,1982,
262144,597593.742604050,1232071,0,1,202,923,648,383,,2156,
262144,597593.742613766,1232069,1,0,200,725,635,364,,1924,
262144,597593.742621481,1232071,0,1,174,745,666,417,,2002,
262144,597593.742631476,1232069,1,0,213,734,659,412,,2018,
262144,597593.742639616,1232071,0,1,196,740,659,373,,1968,
262144,597593.742649270,1232069,1,0,197,709,644,380,,1930,
262144,597593.742656832,1232071,0,1,173,737,771,375,,2056,
262144,597593.742666466,1232069,1,0,191,758,643,395,,1987,
262144,597593.742674309,1232071,0,1,193,740,656,365,,1954,
262144,597593.742684135,1232069,1,0,178,730,659,396,,1963,
262144,597593.742692192,1232071,0,1,255,736,632,423,,2046,
262144,597593.742702041,1232069,1,0,196,729,627,407,,1959,
262144,597593.742709884,1232071,0,1,231,751,631,353,,1966,
262144,597593.742719676,1232069,1,0,198,740,629,359,,1926,
262144,597593.742727189,1232071,0,1,194,733,652,360,,1939,
262144,597593.742736886,1232069,1,0,205,726,630,423,,1984,
262144,597593.742744870,1232071,0,1,194,739,646,387,,1966,
262144,597593.742754737,1232069,1,0,195,726,645,352,,1918,
262144,597593.742762592,1232071,0,1,189,728,648,487,,2052,
262144,597593.742772285,1232069,1,0,188,738,642,403,,1971,
262144,597593.742780262,1232071,0,1,226,740,718,439,,2123,
262144,597593.742790409,1232069,1,0,223,723,675,374,,1995,
262144,597593.742798216,1232071,0,1,188,730,644,377,,1939,
262144,597593.742807806,1232069,1,0,240,726,630,460,,2056,
262144,597593.742815879,1232071,0,1,200,731,665,374,,1970,
262144,597593.742825577,1232069,1,0,192,722,650,420,,1984,
262144,597593.742833299,1232071,0,1,206,741,678,417,,2042,
262144,597593.742843102,1232069,1,0,188,733,666,400,,1987,
262144,597593.742851120,1232071,0,1,211,737,630,413,,1991,
262144,597593.742860835,1232069,1,0,175,759,632,413,,1979,
262144,597593.742869172,1232071,0,1,180,737,642,494,,2053,
262144,597593.742879125,1232069,1,0,182,746,637,411,,1976,
262144,597593.742887119,1232071,0,1,215,740,680,400,,2035,
262144,597593.742896780,1232069,1,0,178,726,637,396,,1937,
262144,597593.742904886,1232071,0,1,179,738,654,378,,1949,
262144,597593.742914599,1232069,1,0,194,734,710,570,,2208,
262144,597593.742922632,1232071,0,1,195,731,651,406,,1983,
262144,597593.742932406,1232069,1,0,172,739,628,380,,1919,
262144,597593.742940035,1232071,0,1,206,749,668,401,,2024,
262144,597593.742949760,1232069,1,0,182,736,624,393,,1935,
262144,597593.742957535,1232071,0,1,193,732,638,427,,1990,
262144,597593.742967231,1232069,1,0,236,714,632,426,,2008,
262144,597593.742974822,1232071,0,1,290,740,654,355,,2039,
262144,597593.742984782,1232069,1,0,195,712,657,400,,1964,
262144,597593.742993005,1232071,0,1,215,740,653,391,,1999,
262144,597593.743002834,1232069,1,0,184,852,652,354,,2042,
262144,597593.743010614,1232071,0,1,181,735,661,386,,1963,
262144,597593.743020274,1232069,1,0,202,718,666,506,,2092,
262144,597593.743028504,1232071,0,1,197,752,635,352,,1936,
262144,597593.743038364,1232069,1,0,190,730,630,360,,1910,
262144,597593.743045962,1232071,0,1,197,740,667,371,,1975,
262144,597593.743055643,1232069,1,0,212,735,647,436,,2030,
262144,597593.743063867,1232071,0,1,203,735,684,401,,2023,
262144,597593.743073935,1232069,1,0,184,715,665,354,,1918,
262144,597593.743081373,1232071,0,1,174,736,632,388,,1930,
262144,597593.743090936,1232069,1,0,220,723,641,396,,1980,
262144,597593.743098820,1232071,0,1,196,722,675,379,,1972,
262144,597593.743108436,1232069,1,0,212,726,641,365,,1944,
262144,597593.743116930,1232071,0,1,216,775,628,364,,1983,
262144,597593.743126860,1232069,1,0,208,725,634,387,,1954,
262144,597593.743135442,1232071,0,1,273,737,660,452,,2122,
262144,597593.743145214,1232069,1,0,180,723,661,391,,1955,
262144,597593.743153154,1232071,0,1,179,754,628,384,,1945,
262144,597593.743162801,1232069,1,0,225,705,640,390,,1960,
262144,597593.743170586,1232071,0,1,215,740,700,438,,2093,
262144,597593.743180479,1232069,1,0,190,733,652,389,,1964,
262144,597593.743188289,1232071,0,1,175,749,830,377,,2131,
262144,597593.743198391,1232069,1,0,191,740,628,404,,1963,
262144,597593.743206058,1232071,0,1,180,736,650,378,,1944,
262144,597593.743215732,1232069,1,0,184,721,628,382,,1915,
262144,597593.743223115,1232071,0,1,198,872,654,364,,2088,
262144,597593.743232904,1232069,1,0,191,730,636,393,,1950,
262144,597593.743240975,1232071,0,1,253,749,734,470,,2206,
262144,597593.743250704,1232069,1,0,187,723,669,427,,2006,
262144,597593.743258682,1232071,0,1,634,731,660,361,,2386,
262144,597593.743269004,1232069,1,0,217,728,741,415,,2101,
262144,597593.743277073,1232071,0,1,199,744,634,405,,1982,
262144,597593.743287136,1232069,1,0,201,731,642,360,,1934,
262144,597593.743298921,1232071,0,1,200,730,652,381,,1963,
262144,597593.743309157,1232069,1,0,196,733,635,375,,1939,
262144,597593.743317341,1232071,0,1,186,720,672,367,,1945,
262144,597593.743327712,1232069,1,0,206,731,646,396,,1979,
262144,597593.743335896,1232071,0,1,188,750,627,403,,1968,
262144,597593.743346480,1232069,1,0,198,814,653,428,,2093,
262144,597593.743355689,1232071,0,1,188,727,623,375,,1913,
262144,597593.743366746,1232069,1,0,207,734,657,441,,2039,
262144,597593.743375519,1232071,0,1,188,728,627,359,,1902,
262144,597593.743386102,1232069,1,0,201,743,636,433,,2013,
262144,597593.743401676,1232071,0,1,208,734,650,425,,2017,
262144,597593.743412635,1232069,1,0,307,828,644,378,,2157,
262144,597593.743420743,1232071,0,1,186,740,742,409,,2077,
262144,597593.743431553,1232069,1,0,309,737,766,461,,2273,
262144,597593.743440491,1232071,0,1,637,736,756,392,,2521,
262144,597593.743451706,1232069,1,0,265,737,722,567,,2291,
262144,597593.743460406,1232071,0,1,175,730,632,408,,1945,
262144,597593.743471638,1232069,1,0,219,729,664,395,,2007,
262144,597593.743479959,1232071,0,1,198,725,622,420,,1965,
262144,597593.743492374,1232069,1,0,209,738,702,431,,2080,
262144,597593.743501219,1232071,0,1,232,731,691,447,,2101,
262144,597593.743512171,1232069,1,0,273,800,626,363,,2062,
262144,597593.743520921,1232071,0,1,226,727,633,374,,1960,
262144,597593.743531827,1232069,1,0,184,737,658,360,,1939,
262144,597593.743540734,1232071,0,1,195,719,648,409,,1971,
262144,597593.743584282,1232069,1,0,308,733,752,374,,2167,
262144,597593.743592970,1232071,0,1,199,780,735,415,,2129,
262144,597593.743603845,1232069,1,0,200,730,688,415,,2033,
262144,597593.743617159,1232071,0,1,221,744,681,394,,2040,
262144,597593.743628145,1232069,1,0,190,735,630,359,,1914,
262144,597593.743634510,1232071,0,1,187,733,655,395,,1970,
262144,597593.743645492,1232069,1,0,189,737,637,370,,1933,
262144,597593.743652282,1232071,0,1,193,736,645,385,,1959,
262144,597593.743663433,1232069,1,0,301,731,659,358,,2049,
262144,597593.743672594,1232071,0,1,193,734,624,418,,1969,
262144,597593.743684057,1232069,1,0,192,740,665,388,,1985,
262144,597593.743691786,1232071,0,1,201,723,627,402,,1953,
262144,597593.743702618,1232069,1,0,189,732,645,361,,1927,
262144,597593.743709929,1232071,0,1,249,906,631,381,,2167,
262144,597593.743720763,1232069,1,0,220,726,646,363,,1955,
262144,597593.743727615,1232071,0,1,186,754,686,369,,1995,
262144,597593.743737604,1232069,1,0,189,724,633,445,,1991,
262144,597593.743745998,1232071,0,1,191,740,655,367,,1953,
262144,597593.743756188,1232069,1,0,203,731,682,395,,2011,
262144,597593.743763914,1232071,0,1,171,732,669,380,,1952,
262144,597593.743774026,1232069,1,0,211,736,626,362,,1935,
262144,597593.743781882,1232071,0,1,197,745,650,398,,1990,
262144,597593.743792111,1232069,1,0,260,737,639,379,,2015,
262144,597593.743799969,1232071,0,1,249,735,664,355,,2003,
262144,597593.743810247,1232069,1,0,222,736,625,399,,1982,
262144,597593.743818158,1232071,0,1,324,741,731,421,,2217,
262144,597593.743828581,1232069,1,0,184,735,684,357,,1960,
262144,597593.743836726,1232071,0,1,187,741,682,359,,1969,
262144,597593.743846655,1232069,1,0,187,735,634,362,,1918,
262144,597593.743854796,1232071,0,1,204,754,668,413,,2039,
262144,597593.743864980,1232069,1,0,184,729,711,352,,1976,
262144,597593.743872504,1232071,0,1,179,741,880,375,,2175,
262144,597593.743882667,1232069,1,0,339,727,753,420,,2239,
262144,597593.743891027,1232071,0,1,247,744,667,375,,2033,
262144,597593.743901255,1232069,1,0,195,739,635,354,,1923,
262144,597593.743908273,1232071,0,1,198,732,654,385,,1969,
262144,597593.743918659,1232069,1,0,173,731,654,395,,1953,
262144,597593.743925178,1232071,0,1,199,734,651,401,,1985,
262144,597593.743935015,1232069,1,0,232,723,667,373,,1995,
262144,597593.743949115,1232071,0,1,230,741,631,356,,1958,
262144,597593.743958570,1232069,1,0,195,726,636,372,,1929,
262144,597593.743966105,1232071,0,1,193,839,661,366,,2059,
262144,597593.743976385,1232069,1,0,288,761,658,382,,2089,
262144,597593.743984393,1232071,0,1,219,722,725,389,,2055,
262144,597593.743994520,1232069,1,0,183,730,657,378,,1948,
262144,597593.744002400,1232071,0,1,224,749,741,371,,2085,
262144,597593.744012090,1232069,1,0,199,725,662,416,,2002,
262144,597593.744019901,1232071,0,1,205,732,655,467,,2059,
262144,597593.744029760,1232069,1,0,195,735,662,421,,2013,
262144,597593.744037871,1232071,0,1,227,736,647,629,,2239,
262144,597593.744047933,1232069,1,0,189,731,632,399,,1951,
262144,597593.744055811,1232071,0,1,244,744,656,403,,2047,
262144,597593.744065836,1232069,1,0,192,727,622,358,,1899,
262144,597593.744072100,1232071,0,1,178,737,638,361,,1914,
262144,597593.744081809,1232069,1,0,191,769,621,401,,1982,
262144,597593.744088211,1232071,0,1,192,727,632,382,,1933,
262144,597593.744097912,1232069,1,0,177,737,623,362,,1899,
262144,597593.744105216,1232071,0,1,175,733,677,406,,1991,
262144,597593.744114911,1232069,1,0,190,723,733,404,,2050,
262144,597593.744123109,1232071,0,1,210,737,644,391,,1982,
262144,597593.744133111,1232069,1,0,175,735,620,398,,1928,
262144,597593.744141101,1232071,0,1,169,715,630,361,,1875,
262144,597593.744150747,1232069,1,0,175,735,650,440,,2000,
262144,597593.744158770,1232071,0,1,192,738,634,386,,1950,
262144,597593.744169135,1232069,1,0,250,863,684,400,,2197,
262144,597593.744177357,1232071,0,1,208,766,799,399,,2172,
262144,597593.744187403,1232069,1,0,243,728,663,397,,2031,
262144,597593.744195264,1232071,0,1,209,729,623,505,,2066,
262144,597593.744205145,1232069,1,0,285,734,711,413,,2143,
262144,597593.744213053,1232071,0,1,176,732,639,388,,1935,
262144,597593.744222582,1232069,1,0,192,728,619,396,,1935,
262144,597593.744230424,1232071,0,1,193,771,622,432,,2018,
262144,597593.744240210,1232069,1,0,191,724,643,492,,2050,
262144,597593.744248131,1232071,0,1,195,751,684,410,,2040,
262144,597593.744258154,1232069,1,0,190,722,629,392,,1933,
262144,597593.744266055,1232071,0,1,179,734,630,381,,1924,
262144,597593.744276023,1232069,1,0,208,722,642,500,,2072,
262144,597593.744283876,1232071,0,1,203,735,645,429,,2012,
262144,597593.744293783,1232069,1,0,220,723,633,430,,2006,
262144,597593.744302022,1232071,0,1,187,726,630,384,,1927,
262144,597593.744311861,1232069,1,0,205,755,636,351,,1947,
262144,597593.744319871,1232071,0,1,263,788,685,446,,2182,
262144,597593.744329947,1232069,1,0,203,765,667,400,,2035,
262144,597593.744337818,1232071,0,1,374,752,689,423,,2238,
262144,597593.744348088,1232069,1,0,313,847,635,410,,2205,
262144,597593.744356227,1232071,0,1,262,764,681,399,,2106,
262144,597593.744366400,1232069,1,0,197,747,639,386,,1969,
262144,597593.744374608,1232071,0,1,212,746,734,403,,2095,
262144,597593.744384627,1232069,1,0,200,754,729,390,,2073,
262144,597593.744392775,1232071,0,1,193,751,769,637,,2350,
262144,597593.744403146,1232069,1,0,198,750,714,497,,2159,
262144,597593.744411503,1232071,0,1,215,766,716,447,,2144,
262144,597593.744421621,1232069,1,0,212,739,630,360,,1941,
262144,597593.744429654,1232071,0,1,194,757,701,408,,2060,
262144,597593.744439862,1232069,1,0,202,831,762,436,,2231,
262144,597593.744448507,1232071,0,1,213,747,702,449,,2111,
262144,597593.744458716,1232069,1,0,304,764,742,364,,2174,
262144,597593.744467183,1232071,0,1,184,760,704,470,,2118,
262144,597593.744477475,1232069,1,0,207,750,692,486,,2135,
262144,597593.744488191,1232071,0,1,301,749,1462,545,,3057,
262144,597593.744499293,1232069,1,0,246,795,683,363,,2087,
262144,597593.744507391,1232071,0,1,180,772,689,425,,2066,
262144,597593.744517306,1232069,1,0,193,743,649,378,,1963,
262144,597593.744525188,1232071,0,1,219,743,670,432,,2064,
262144,597593.744534930,1232069,1,0,226,719,762,486,,2193,
262144,597593.744542784,1232071,0,1,179,729,644,367,,1919,
262144,597593.744552278,1232069,1,0,185,726,678,404,,1993,
262144,597593.744560057,1232071,0,1,237,739,769,409,,2154,
262144,597593.744570089,1232069,1,0,193,713,615,499,,2020,
262144,597593.744578002,1232071,0,1,212,724,641,480,,2057,
262144,597593.744587813,1232069,1,0,201,734,626,411,,1972,
262144,597593.744609535,1232071,0,1,323,754,741,401,,2219,
262144,597593.744619148,1232069,1,0,211,859,643,411,,2124,
262144,597593.744627131,1232071,0,1,180,737,657,381,,1955,
262144,597593.744636750,1232069,1,0,188,728,685,354,,1955,
262144,597593.744644739,1232071,0,1,206,729,629,496,,2060,
262144,597593.744654640,1232069,1,0,310,735,631,375,,2051,
262144,597593.744662771,1232071,0,1,186,831,633,445,,2095,
262144,597593.744672529,1232069,1,0,187,1009,611,493,,2300,
262144,597593.744680879,1232071,0,1,404,742,801,376,,2323,
262144,597593.744690967,1232069,1,0,306,741,688,427,,2162,
262144,597593.744699313,1232071,0,1,200,731,649,455,,2035,
262144,597593.744709252,1232069,1,0,175,741,630,358,,1904,
262144,597593.744717089,1232071,0,1,215,779,646,400,,2040,
262144,597593.744727033,1232069,1,0,239,737,628,378,,1982,
262144,597593.744735254,1232071,0,1,335,820,854,488,,2497,
262144,597593.744745594,1232069,1,0,182,744,679,402,,2007,
262144,597593.744754064,1232071,0,1,436,735,651,428,,2250,
262144,597593.744764126,1232069,1,0,368,732,620,371,,2091,
262144,597593.744772559,1232071,0,1,174,746,666,396,,1982,
262144,597593.744782771,1232069,1,0,179,729,633,462,,2003,
262144,597593.744790511,1232071,0,1,185,722,625,407,,1939,
262144,597593.744800216,1232069,1,0,230,742,612,394,,1978,
262144,597593.744807882,1232071,0,1,183,724,673,365,,1945,
262144,597593.744817724,1232069,1,0,193,730,617,353,,1893,
262144,597593.744825750,1232071,0,1,200,721,700,499,,2120,
262144,597593.744835600,1232069,1,0,189,734,625,395,,1943,
262144,597593.744843398,1232071,0,1,189,732,662,375,,1958,
262144,597593.744853028,1232069,1,0,178,737,625,375,,1915,
262144,597593.744860979,1232071,0,1,291,736,655,396,,2078,
262144,597593.744871000,1232069,1,0,214,724,738,392,,2068,
262144,597593.744879103,1232071,0,1,219,732,642,381,,1974,
262144,597593.744888737,1232069,1,0,222,733,629,360,,1944,
262144,597593.744896682,1232071,0,1,193,731,703,395,,2022,
262144,597593.744906629,1232069,1,0,210,730,728,370,,2038,
262144,597593.744914685,1232071,0,1,177,733,656,375,,1941,
262144,597593.744924259,1232069,1,0,188,721,649,396,,1954,
262144,597593.744932186,1232071,0,1,198,751,857,395,,2201,
262144,597593.744942387,1232069,1,0,205,740,638,375,,1958,
262144,597593.744950225,1232071,0,1,183,756,781,468,,2188,
262144,597593.744960138,1232069,1,0,207,713,620,378,,1918,
262144,597593.744967829,1232071,0,1,211,786,739,447,,2183,
262144,597593.744977822,1232069,1,0,303,734,619,466,,2122,
262144,597593.744986252,1232071,0,1,289,756,712,404,,2161,
262144,597593.744996346,1232069,1,0,198,736,639,358,,1931,
262144,597593.745004468,1232071,0,1,208,750,790,424,,2172,
262144,597593.745014389,1232069,1,0,230,761,637,358,,1986,
262144,597593.745022907,1232071,0,1,211,770,712,403,,2096,
262144,597593.745032822,1232069,1,0,198,749,638,358,,1943,
262144,597593.745040771,1232071,0,1,207,758,708,449,,2122,
262144,597593.745050678,1232069,1,0,203,767,638,379,,1987,
262144,597593.745058651,1232071,0,1,172,762,706,409,,2049,
262144,597593.745068837,1232069,1,0,201,764,741,354,,2060,
262144,597593.745076771,1232071,0,1,199,759,743,450,,2151,
262144,597593.745086809,1232069,1,0,219,754,655,377,,2005,
262144,597593.745094844,1232071,0,1,179,753,711,434,,2077,
262144,597593.745104785,1232069,1,0,192,751,626,373,,1942,
262144,597593.745112804,1232071,0,1,201,758,797,414,,2170,
262144,597593.745122794,1232069,1,0,203,742,638,400,,1983,
262144,597593.745130595,1232071,0,1,181,768,709,406,,2064,
262144,597593.745140443,1232069,1,0,206,950,638,370,,2164,
262144,597593.745148611,1232071,0,1,188,752,651,413,,2004,
262144,597593.745158406,1232069,1,0,185,722,624,450,,1981,
262144,597593.745166157,1232071,0,1,179,731,665,465,,2040,
262144,597593.745175913,1232069,1,0,211,746,629,385,,1971,
262144,597593.745184238,1232071,0,1,192,738,654,407,,1991,
262144,597593.745194210,1232069,1,0,201,734,868,346,,2149,
262144,597593.745202338,1232071,0,1,162,765,652,367,,1946,
262144,597593.745212196,1232069,1,0,176,740,622,348,,1886,
262144,597593.745220517,1232071,0,1,280,737,680,387,,2084,
262144,597593.745315869,1232069,1,0,287,778,675,538,,2278,
262144,597593.745324247,1232071,0,1,231,733,1035,506,,2505,
262144,597593.745334542,1232069,1,0,307,740,662,399,,2108,
262144,597593.745342652,1232071,0,1,225,750,672,395,,2042,
262144,597593.745352729,1232069,1,0,319,741,668,380,,2108,
262144,597593.745360554,1232071,0,1,201,766,653,415,,2035,
262144,597593.745370629,1232069,1,0,198,751,643,412,,2004,
262144,597593.745378590,1232071,0,1,204,759,672,352,,1987,
262144,597593.745388352,1232069,1,0,201,742,655,364,,1962,
262144,597593.745396418,1232071,0,1,185,849,687,366,,2087,
262144,597593.745406370,1232069,1,0,191,731,664,384,,1970,
262144,597593.745414918,1232071,0,1,201,741,670,398,,2010,
262144,597593.745424687,1232069,1,0,327,735,650,372,,2084,
262144,597593.745432837,1232071,0,1,194,844,721,443,,2202,
262144,597593.745443077,1232069,1,0,203,741,652,380,,1976,
262144,597593.745450989,1232071,0,1,212,755,685,451,,2103,
262144,597593.745460826,1232069,1,0,187,746,684,362,,1979,
262144,597593.745468981,1232071,0,1,189,750,653,363,,1955,
262144,597593.745478785,1232069,1,0,192,748,641,406,,1987,
262144,597593.745489891,1232071,0,1,823,,,2403,,3554,
262144,597593.745501431,1232069,1,0,300,838,836,353,,2327,
262144,597593.745509577,1232071,0,1,201,744,732,496,,2173,
262144,597593.745519729,1232069,1,0,263,725,615,360,,1963,
262144,597593.745527592,1232071,0,1,181,712,649,360,,1902,
262144,597593.745537496,1232069,1,0,305,998,623,406,,2332,
262144,597593.745545439,1232071,0,1,207,730,666,369,,1972,
262144,597593.745555089,1232069,1,0,199,733,641,387,,1960,
262144,597593.745563006,1232071,0,1,184,752,649,472,,2057,
262144,597593.745573022,1232069,1,0,213,734,630,361,,1938,
262144,597593.745581105,1232071,0,1,416,741,805,392,,2354,
262144,597593.745591116,1232069,1,0,180,735,641,365,,1921,
262144,597593.745599552,1232071,0,1,190,741,630,367,,1928,
262144,597593.745609276,1232069,1,0,220,729,632,459,,2040,
262144,597593.745617087,1232071,0,1,205,737,676,383,,2001,
262144,597593.745626772,1232069,1,0,187,736,629,353,,1905,
262144,597593.745634454,1232071,0,1,212,746,700,446,,2104,
262144,597593.745644195,1232069,1,0,407,730,639,391,,2167,
262144,597593.745651947,1232071,0,1,190,747,663,413,,2013,
262144,597593.745661773,1232069,1,0,181,728,645,360,,1914,
262144,597593.745669712,1232071,0,1,182,733,748,357,,2020,
262144,597593.745679445,1232069,1,0,194,734,674,375,,1977,
262144,597593.745687430,1232071,0,1,187,737,687,393,,2004,
262144,597593.745697244,1232069,1,0,257,724,672,420,,2073,
262144,597593.745705136,1232071,0,1,270,736,667,403,,2076,
262144,597593.745714947,1232069,1,0,214,734,623,361,,1932,
262144,597593.745722483,1232071,0,1,188,733,645,367,,1933,
262144,597593.745732206,1232069,1,0,186,881,618,367,,2052,
262144,597593.745740499,1232071,0,1,229,758,723,444,,2154,
262144,597593.745750629,1232069,1,0,204,741,622,376,,1943,
262144,597593.745758498,1232071,0,1,190,727,670,361,,1948,
262144,597593.745768423,1232069,1,0,188,728,627,399,,1942,
262144,597593.745776173,1232071,0,1,203,730,767,388,,2088,
262144,597593.745785946,1232069,1,0,195,735,642,387,,1959,
262144,597593.745793955,1232071,0,1,217,729,645,389,,1980,
262144,597593.745803495,1232069,1,0,187,732,641,355,,1915,
262144,597593.745811953,1232071,0,1,259,750,624,523,,2156,
262144,597593.745822111,1232069,1,0,217,727,633,358,,1935,
262144,597593.745830625,1232071,0,1,463,739,657,389,,2248,
262144,597593.745840664,1232069,1,0,194,724,617,392,,1927,
262144,597593.745849118,1232071,0,1,179,738,1097,369,,2383,
262144,597593.745859422,1232069,1,0,192,717,636,346,,1891,
262144,597593.745867519,1232071,0,1,444,820,655,487,,2406,
262144,597593.745877799,1232069,1,0,180,727,679,364,,1950,
262144,597593.745886175,1232071,0,1,381,745,638,350,,2114,
262144,597593.745896343,1232069,1,0,187,725,629,378,,1919,
262144,597593.745904610,1232071,0,1,212,734,657,417,,2020,
262144,597593.745914345,1232069,1,0,207,742,661,414,,2024,
262144,597593.745922568,1232071,0,1,183,736,737,389,,2045,
262144,597593.745932270,1232069,1,0,198,724,628,394,,1944,
262144,597593.745940494,1232071,0,1,205,735,646,388,,1974,
262144,597593.745950346,1232069,1,0,190,729,645,355,,1919,
262144,597593.745958531,1232071,0,1,212,730,740,366,,2048,
262144,597593.745968296,1232069,1,0,221,741,712,405,,2079,
262144,597593.745976440,1232071,0,1,194,739,661,379,,1973,
262144,597593.745986122,1232069,1,0,183,742,628,367,,1920,
262144,597593.746014353,1232071,0,1,178,749,656,429,,2012,
262144,597593.746024154,1232069,1,0,216,739,684,378,,2017,
262144,597593.746030678,1232071,0,1,208,823,672,404,,2107,
262144,597593.746042329,1232069,1,0,171,727,623,377,,1898,
262144,597593.746048613,1232071,0,1,198,742,665,388,,1993,
262144,597593.746059430,1232069,1,0,175,735,632,356,,1898,
262144,597593.746065672,1232071,0,1,212,733,663,381,,1989,
262144,597593.746077224,1232069,1,0,196,779,652,378,,2005,
262144,597593.746084172,1232071,0,1,176,731,628,380,,1915,
262144,597593.746098072,1232069,1,0,221,,,435,,2580,
262144,597593.746104982,1232071,0,1,199,731,846,367,,2143,
262144,597593.746115639,1232069,1,0,606,,,1705,,2568,
262144,597593.746123269,1232071,0,1,217,734,797,405,,2153,
262144,597593.746134152,1232069,1,0,493,,,1055,,1731,
262144,597593.746140681,1232071,0,1,218,740,731,398,,2087,
262144,597593.746151633,1232069,1,0,235,730,937,600,,2502,
262144,597593.746158636,1232071,0,1,353,745,676,364,,2138,
262144,597593.746169477,1232069,1,0,226,736,646,375,,1983,
262144,597593.746175992,1232071,0,1,210,738,632,363,,1943,
262144,597593.746186718,1232069,1,0,198,722,660,364,,1944,
262144,597593.746193472,1232071,0,1,204,746,662,391,,2003,
262144,597593.746204170,1232069,1,0,222,729,633,371,,1955,
262144,597593.746211030,1232071,0,1,210,729,631,377,,1947,
262144,597593.746222120,1232069,1,0,206,737,645,379,,1967,
262144,597593.746228826,1232071,0,1,195,734,651,391,,1971,
262144,597593.746239350,1232069,1,0,194,732,620,440,,1986,
262144,597593.746246197,1232071,0,1,177,766,636,361,,1940,
262144,597593.746256867,1232069,1,0,185,715,645,379,,1924,
262144,597593.746263556,1232071,0,1,184,736,648,425,,1993,
262144,597593.746274215,1232069,1,0,212,755,670,419,,2056,
262144,597593.746281291,1232071,0,1,174,741,639,374,,1928,
262144,597593.746292065,1232069,1,0,204,730,629,412,,1975,
262144,597593.746298809,1232071,0,1,194,730,669,362,,1955,
262144,597593.746309530,1232069,1,0,230,723,638,376,,1967,
262144,597593.746316050,1232071,0,1,178,737,649,374,,1938,
262144,597593.746326535,1232069,1,0,193,717,707,376,,1993,
262144,597593.746333346,1232071,0,1,206,741,627,401,,1975,
262144,597593.746343610,1232069,1,0,189,726,682,380,,1977,
262144,597593.746350245,1232071,0,1,210,719,635,365,,1929,
262144,597593.746360696,1232069,1,0,308,734,735,371,,2148,
262144,597593.746367140,1232071,0,1,219,730,653,391,,1993,
262144,597593.746377407,1232069,1,0,223,795,626,360,,2004,
262144,597593.746383659,1232071,0,1,209,738,635,404,,1986,
262144,597593.746393624,1232069,1,0,175,741,728,360,,2004,
262144,597593.746399906,1232071,0,1,202,741,692,407,,2042,
262144,597593.746410125,1232069,1,0,174,727,624,360,,1885,
262144,597593.746416752,1232071,0,1,189,744,634,348,,1915,
262144,597593.746426943,1232069,1,0,180,743,649,422,,1994,
262144,597593.746433193,1232071,0,1,190,741,636,413,,1980,
262144,597593.746443278,1232069,1,0,203,738,618,362,,1921,
262144,597593.746449765,1232071,0,1,182,726,622,376,,1906,
262144,597593.746459895,1232069,1,0,185,730,622,378,,1915,
262144,597593.746466209,1232071,0,1,193,737,660,387,,1977,
262144,597593.746476269,1232069,1,0,314,728,623,367,,2032,
262144,597593.746482786,1232071,0,1,219,403,670,1825,,3117,
262144,597593.746494276,1232069,1,0,205,737,702,382,,2026,
262144,597593.746501051,1232071,0,1,209,721,673,484,,2087,
262144,597593.746511217,1232069,1,0,212,734,649,400,,1995,
262144,597593.746517492,1232071,0,1,276,756,626,398,,2056,
262144,597593.746527771,1232069,1,0,174,735,690,395,,1994,
262144,597593.746534656,1232071,0,1,204,743,652,420,,2019,
262144,597593.746544642,1232069,1,0,218,738,673,446,,2075,
262144,597593.746551032,1232071,0,1,182,738,632,358,,1910,
262144,597593.746560833,1232069,1,0,181,735,620,361,,1897,
262144,597593.746567174,1232071,0,1,192,756,696,383,,2027,
262144,597593.746577516,1232069,1,0,189,713,633,375,,1910,
262144,597593.746583780,1232071,0,1,235,739,633,376,,1983,
262144,597593.746593739,1232069,1,0,209,726,627,359,,1921,
262144,597593.746599874,1232071,0,1,201,734,656,428,,2019,
262144,597593.746609725,1232069,1,0,201,734,668,402,,2005,
262144,597593.746616005,1232071,0,1,183,742,680,359,,1964,
262144,597593.746625909,1232069,1,0,185,729,651,360,,1925,
262144,597593.746632206,1232071,0,1,203,730,688,419,,2040,
262144,597593.746642223,1232069,1,0,186,749,682,376,,1993,
262144,597593.746648900,1232071,0,1,178,740,638,356,,1912,
262144,597593.746658660,1232069,1,0,188,742,617,398,,1945,
262144,597593.746665063,1232071,0,1,199,739,951,382,,2271,
262144,597593.746675164,1232069,1,0,190,731,644,381,,1946,
262144,597593.746681468,1232071,0,1,202,739,625,367,,1933,
262144,597593.746691270,1232069,1,0,197,744,636,376,,1953,
262144,597593.746697592,1232071,0,1,199,730,685,419,,2033,
262144,597593.746707442,1232069,1,0,207,728,629,396,,1960,
262144,597593.746713886,1232071,0,1,189,736,633,388,,1946,
262144,597593.746723595,1232069,1,0,179,736,648,356,,1919,
262144,597593.746729570,1232071,0,1,204,744,642,400,,1990,
262144,597593.746739172,1232069,1,0,189,725,635,381,,1930,
262144,597593.746745428,1232071,0,1,181,743,636,378,,1938,
262144,597593.746755168,1232069,1,0,188,734,646,374,,1942,
262144,597593.746761457,1232071,0,1,209,725,665,396,,1995,
262144,597593.746771392,1232069,1,0,201,728,758,378,,2065,
262144,597593.746777530,1232071,0,1,176,729,674,603,,2182,
262144,597593.746787619,1232069,1,0,183,731,648,362,,1924,
262144,597593.746793899,1232071,0,1,207,732,684,382,,2005,
262144,597593.746803763,1232069,1,0,198,731,653,411,,1993,
262144,597593.746810321,1232071,0,1,207,737,633,403,,1980,
262144,597593.746820144,1232069,1,0,180,743,633,350,,1906,
262144,597593.746826395,1232071,0,1,198,788,663,409,,2058,
262144,597593.746836246,1232069,1,0,180,737,627,417,,1961,
262144,597593.746842178,1232071,0,1,176,725,681,357,,1939,
262144,597593.746852065,1232069,1,0,215,763,644,357,,1979,
262144,597593.746859117,1232071,0,1,201,741,681,405,,2028,
262144,597593.746868957,1232069,1,0,200,742,630,532,,2104,
262144,597593.746877174,1232071,0,1,234,738,630,397,,1999,
262144,597593.746887108,1232069,1,0,177,741,675,366,,1959,
262144,597593.746893665,1232071,0,1,206,728,675,410,,2019,
262144,597593.746903457,1232069,1,0,426,734,664,399,,2223,
262144,597593.746909935,1232071,0,1,175,728,631,366,,1900,
262144,597593.746919477,1232069,1,0,183,720,623,380,,1906,
262144,597593.746925625,1232071,0,1,195,732,652,367,,1946,
262144,597593.746935454,1232069,1,0,195,739,646,380,,1960,
262144,597593.746941581,1232071,0,1,190,732,631,381,,1934,
262144,597593.746951263,1232069,1,0,492,732,640,373,,2237,
262144,597593.746957574,1232071,0,1,197,741,688,410,,2036,
262144,597593.746967620,1232069,1,0,202,728,621,423,,1974,
262144,597593.746973505,1232071,0,1,186,726,637,369,,1918,
262144,597593.746982997,1232069,1,0,196,722,627,353,,1898,
262144,597593.746988664,1232071,0,1,201,717,695,417,,2030,
262144,597593.746998367,1232069,1,0,177,732,633,427,,1969,
262144,597593.747004179,1232071,0,1,182,742,651,367,,1942,
262144,597593.747013746,1232069,1,0,208,734,631,475,,2048,
262144,597593.747019448,1232071,0,1,203,752,664,404,,2023,
262144,597593.747029336,1232069,1,0,184,722,631,401,,1938,
262144,597593.747035327,1232071,0,1,198,744,642,437,,2021,
262144,597593.747045301,1232069,1,0,172,734,643,352,,1901,
262144,597593.747051683,1232071,0,1,211,728,675,417,,2031,
262144,597593.747061431,1232069,1,0,192,734,630,426,,1982,
262144,597593.747067877,1232071,0,1,177,758,631,366,,1932,
262144,597593.747077629,1232069,1,0,190,737,621,368,,1916,
262144,597593.747084014,1232071,0,1,204,731,680,407,,2022,
262144,597593.747093783,1232069,1,0,203,729,645,388,,1965,
262144,597593.747099976,1232071,0,1,183,749,624,379,,1935,
262144,597593.747109621,1232069,1,0,217,736,864,352,,2169,
262144,597593.747116208,1232071,0,1,206,749,677,421,,2053,
262144,597593.747126009,1232069,1,0,199,731,626,403,,1959,
262144,597593.747132476,1232071,0,1,185,733,687,656,,2261,
262144,597593.747142366,1232069,1,0,201,742,623,375,,1941,
262144,597593.747148705,1232071,0,1,193,745,687,412,,2037,
262144,597593.747158578,1232069,1,0,189,738,619,402,,1948,
262144,597593.747165058,1232071,0,1,183,743,623,358,,1907,
262144,597593.747174726,1232069,1,0,182,728,629,361,,1900,
262144,597593.747180741,1232071,0,1,187,743,673,395,,1998,
262144,597593.747190463,1232069,1,0,209,735,631,414,,1989,
262144,597593.747196444,1232071,0,1,190,706,633,406,,1935,
262144,597593.747206005,1232069,1,0,185,723,625,378,,1911,
262144,597593.747211863,1232071,0,1,214,730,658,447,,2049,
262144,597593.747221781,1232069,1,0,210,740,632,427,,2009,
262144,597593.747228562,1232071,0,1,183,730,734,388,,2035,
262144,597593.747238244,1232069,1,0,179,835,634,373,,2021,
262144,597593.747244744,1232071,0,1,203,754,697,408,,2062,
262144,597593.747254367,1232069,1,0,201,735,636,374,,1946,
262144,597593.747260574,1232071,0,1,179,766,637,372,,1954,
262144,597593.747270262,1232069,1,0,218,727,650,401,,1996,
262144,597593.747276764,1232071,0,1,196,740,690,439,,2065,
262144,597593.747286787,1232069,1,0,194,717,624,377,,1912,
262144,597593.747293089,1232071,0,1,205,764,634,393,,1996,
262144,597593.747302797,1232069,1,0,188,727,626,360,,1901,
262144,597593.747309232,1232071,0,1,193,734,720,429,,2076,
262144,597593.747319183,1232069,1,0,202,758,641,380,,1981,
262144,597593.747325288,1232071,0,1,178,724,658,418,,1978,
262144,597593.747335036,1232069,1,0,175,728,761,377,,2041,
262144,597593.747340613,1232071,0,1,214,737,670,402,,2023,
262144,597593.747350334,1232069,1,0,184,736,625,399,,1944,
262144,597593.747356254,1232071,0,1,186,741,627,363,,1917,
262144,597593.747365952,1232069,1,0,213,732,641,360,,1946,
262144,597593.747372358,1232071,0,1,194,732,674,415,,2015,
262144,597593.747382183,1232069,1,0,209,731,623,400,,1963,
262144,597593.747388458,1232071,0,1,264,740,633,378,,2015,
262144,597593.747398180,1232069,1,0,185,733,635,367,,1920,
262144,597593.747404272,1232071,0,1,219,731,656,408,,2014,
262144,597593.747414093,1232069,1,0,199,896,635,379,,2109,
262144,597593.747419908,1232071,0,1,184,741,630,377,,1932,
262144,597593.747429473,1232069,1,0,182,741,634,373,,1930,
262144,597593.747435574,1232071,0,1,201,733,678,409,,2021,
262144,597593.747445414,1232069,1,0,189,736,626,522,,2073,
262144,597593.747452035,1232071,0,1,167,729,628,386,,1910,
262144,597593.747461591,1232069,1,0,199,728,623,373,,1923,
262144,597593.747467795,1232071,0,1,190,736,678,390,,1994,
262144,597593.747477907,1232069,1,0,196,828,701,541,,2266,
262144,597593.747486225,1232071,0,1,190,728,675,413,,2006,
262144,597593.747495801,1232069,1,0,204,736,685,376,,2001,
262144,597593.747501968,1232071,0,1,195,747,739,616,,2297,
262144,597593.747511827,1232069,1,0,171,752,620,373,,1916,
262144,597593.747518524,1232071,0,1,207,737,632,372,,1948,
262144,597593.747528218,1232069,1,0,183,850,621,492,,2146,
262144,597593.747535020,1232071,0,1,190,735,654,421,,2000,
262144,597593.747544725,1232069,1,0,213,740,738,409,,2100,
262144,597593.747551434,1232071,0,1,180,734,626,376,,1916,
262144,597593.747561339,1232069,1,0,189,734,634,528,,2085,
262144,597593.747567913,1232071,0,1,215,741,679,393,,2028,
262144,597593.747577758,1232069,1,0,190,721,670,429,,2010,
262144,597593.747584434,1232071,0,1,177,731,638,388,,1934,
262144,597593.747594236,1232069,1,0,191,721,628,378,,1918,
262144,597593.747600606,1232071,0,1,197,732,1042,415,,2386,
262144,597593.747610893,1232069,1,0,198,726,627,396,,1947,
262144,597593.747617452,1232071,0,1,189,740,637,407,,1973,
262144,597593.747627394,1232069,1,0,206,847,722,393,,2168,
262144,597593.747633527,1232071,0,1,204,734,709,381,,2028,
262144,597593.747643117,1232069,1,0,184,726,643,386,,1939,
262144,597593.747649016,1232071,0,1,205,730,623,362,,1920,
262144,597593.747658617,1232069,1,0,216,739,656,403,,2014,
262144,597593.747664699,1232071,0,1,228,753,681,371,,2033,
262144,597593.747674507,1232069,1,0,183,736,730,462,,2111,
262144,597593.747681417,1232071,0,1,198,737,643,369,,1947,
262144,597593.747691037,1232069,1,0,197,737,643,456,,2033,
262144,597593.747697724,1232071,0,1,207,731,668,399,,2005,
262144,597593.747707658,1232069,1,0,201,731,800,376,,2108,
262144,597593.747714582,1232071,0,1,216,751,641,371,,1979,
262144,597593.747724210,1232069,1,0,192,733,615,559,,2099,
262144,597593.747731130,1232071,0,1,197,732,683,403,,2015,
262144,597593.747741174,1232069,1,0,193,726,636,360,,1915,
262144,597593.747748826,1232071,0,1,178,735,625,367,,1905,
262144,597593.747758374,1232069,1,0,243,708,640,398,,1989,
262144,597593.747765833,1232071,0,1,203,774,673,418,,2068,
262144,597593.747811631,1232069,1,0,222,768,783,345,,2118,
262144,597593.747819284,1232071,0,1,174,732,663,560,,2129,
262144,597593.747829185,1232069,1,0,190,927,677,469,,2263,
262144,597593.747836916,1232071,0,1,190,740,624,413,,1967,
262144,597593.747846554,1232069,1,0,394,731,634,351,,2110,
262144,597593.747854291,1232071,0,1,181,724,633,383,,1921,
262144,597593.747864031,1232069,1,0,253,736,626,409,,2024,
262144,597593.747871643,1232071,0,1,187,737,675,400,,1999,
262144,597593.747881494,1232069,1,0,279,766,628,349,,2022,
262144,597593.747888691,1232071,0,1,204,726,648,367,,1945,
262144,597593.747898601,1232069,1,0,192,728,618,383,,1921,
262144,597593.747906089,1232071,0,1,193,788,697,401,,2079,
262144,597593.747915942,1232069,1,0,201,737,730,424,,2092,
262144,597593.747923787,1232071,0,1,276,732,644,435,,2087,
262144,597593.747933579,1232069,1,0,364,733,623,416,,2136,
262144,597593.747941652,1232071,0,1,207,740,679,391,,2017,
262144,597593.747951532,1232069,1,0,223,735,699,366,,2023,
262144,597593.747959329,1232071,0,1,196,736,635,360,,1927,
262144,597593.747969325,1232069,1,0,398,742,639,445,,2224,
262144,597593.747977526,1232071,0,1,184,734,652,364,,1934,
262144,597593.747987300,1232069,1,0,206,820,780,384,,2190,
262144,597593.747995621,1232071,0,1,180,728,648,369,,1925,
262144,597593.748005342,1232069,1,0,494,742,668,433,,2337,
262144,597593.748013169,1232071,0,1,184,724,623,389,,1920,
262144,597593.748022982,1232069,1,0,192,743,702,422,,2059,
262144,597593.748030390,1232071,0,1,193,733,666,439,,2031,
262144,597593.748040460,1232069,1,0,185,737,654,368,,1944,
262144,597593.748047708,1232071,0,1,188,733,676,380,,1977,
262144,597593.748057703,1232069,1,0,189,733,625,367,,1914,
262144,597593.748065838,1232071,0,1,182,728,643,363,,1916,
262144,597593.748075817,1232069,1,0,373,952,685,519,,2529,
262144,597593.748084440,1232071,0,1,194,743,659,395,,1991,
262144,597593.748094220,1232069,1,0,447,727,783,353,,2310,
262144,597593.748102219,1232071,0,1,214,755,637,413,,2019,
262144,597593.748112016,1232069,1,0,198,740,645,451,,2034,
262144,597593.748119482,1232071,0,1,190,735,656,380,,1961,
262144,597593.748129379,1232069,1,0,192,763,662,353,,1970,
262144,597593.748136337,1232071,0,1,172,737,679,654,,2242,
262144,597593.748146590,1232069,1,0,191,731,629,399,,1950,
262144,597593.748153746,1232071,0,1,266,743,698,362,,2069,
262144,597593.748163502,1232069,1,0,172,732,637,360,,1901,
262144,597593.748170955,1232071,0,1,176,733,636,358,,1903,
262144,597593.748180686,1232069,1,0,184,740,695,402,,2021,
262144,597593.748187741,1232071,0,1,221,738,684,384,,2027,
262144,597593.748197600,1232069,1,0,314,738,635,588,,2275,
262144,597593.748205106,1232071,0,1,196,739,629,409,,1973,
262144,597593.748214866,1232069,1,0,215,734,777,404,,2130,
262144,597593.748223046,1232071,0,1,204,731,682,367,,1984,
262144,597593.748232776,1232069,1,0,195,835,687,364,,2081,
262144,597593.748240950,1232071,0,1,174,729,647,360,,1910,
262144,597593.748250589,1232069,1,0,608,750,692,403,,2453,
262144,597593.748259155,1232071,0,1,211,732,663,382,,1988,
262144,597593.748268974,1232069,1,0,193,767,740,465,,2165,
262144,597593.748277282,1232071,0,1,182,735,642,431,,1990,
262144,597593.748287122,1232069,1,0,316,739,677,387,,2119,
262144,597593.748294981,1232071,0,1,183,729,670,409,,1991,
262144,597593.748304844,1232069,1,0,186,737,702,380,,2005,
262144,597593.748312397,1232071,0,1,190,733,629,398,,1950,
262144,597593.748324442,1232069,1,0,206,725,617,571,,2119,
262144,597593.748331847,1232071,0,1,200,738,671,415,,2024,
262144,597593.748341784,1232069,1,0,316,842,625,371,,2154,
262144,597593.748348943,1232071,0,1,260,723,634,367,,1984,
262144,597593.748358789,1232069,1,0,198,729,624,400,,1951,
262144,597593.748366279,1232071,0,1,194,801,668,381,,2044,
262144,597593.748376042,1232069,1,0,190,738,622,375,,1925,
262144,597593.748383129,1232071,0,1,183,735,638,392,,1948,
262144,597593.748392942,1232069,1,0,233,734,744,393,,2104,
262144,597593.748399577,1232071,0,1,192,745,739,390,,2066,
262144,597593.748409538,1232069,1,0,330,721,633,375,,2059,
262144,597593.748416969,1232071,0,1,188,761,631,395,,1975,
262144,597593.748426909,1232069,1,0,194,744,622,379,,1939,
262144,597593.748434375,1232071,0,1,184,737,680,415,,2016,
262144,597593.748444188,1232069,1,0,223,813,649,360,,2045,
262144,597593.748451506,1232071,0,1,187,750,627,380,,1944,
262144,597593.748461700,1232069,1,0,195,743,634,381,,1953,
262144,597593.748494069,1232071,0,1,230,740,769,447,,2186,
262144,597593.748504028,1232069,1,0,200,736,776,391,,2103,
262144,597593.748510694,1232071,0,1,175,738,671,383,,1967,
262144,597593.748522426,1232069,1,0,212,726,639,390,,1967,
262144,597593.748528581,1232071,0,1,187,746,630,402,,1965,
262144,597593.748539869,1232069,1,0,204,728,624,408,,1964,
262144,597593.748546584,1232071,0,1,335,737,650,432,,2154,
262144,597593.748558167,1232069,1,0,226,732,642,357,,1957,
262144,597593.748564007,1232071,0,1,209,741,635,378,,1963,
262144,597593.748574811,1232069,1,0,199,740,716,393,,2048,
262144,597593.748581276,1232071,0,1,184,727,659,404,,1974,
262144,597593.748591753,1232069,1,0,290,837,643,374,,2144,
262144,597593.748598149,1232071,0,1,226,726,661,379,,1992,
262144,597593.748608705,1232069,1,0,188,810,808,441,,2247,
262144,597593.748615288,1232071,0,1,186,759,629,362,,1936,
262144,597593.748626040,1232069,1,0,194,743,658,384,,1979,
262144,597593.748632165,1232071,0,1,189,761,690,415,,2055,
262144,597593.748642902,1232069,1,0,192,726,655,402,,1975,
262144,597593.748648866,1232071,0,1,188,741,626,382,,1937,
262144,597593.748659387,1232069,1,0,227,777,652,396,,2052,
262144,597593.748665552,1232071,0,1,202,734,648,413,,1997,
262144,597593.748676030,1232069,1,0,186,735,639,421,,1981,
262144,597593.748682367,1232071,0,1,184,739,638,370,,1931,
262144,597593.748692877,1232069,1,0,212,733,656,408,,2009,
262144,597593.748698932,1232071,0,1,200,736,636,426,,1998,
262144,597593.748709821,1232069,1,0,197,731,653,396,,1977,
262144,597593.748716306,1232071,0,1,179,733,637,366,,1915,
262144,597593.748726970,1232069,1,0,197,733,617,388,,1935,
262144,597593.748733304,1232071,0,1,199,726,657,407,,1989,
262144,597593.748744052,1232069,1,0,211,727,694,446,,2078,
262144,597593.748749590,1232071,0,1,176,748,636,359,,1919,
262144,597593.748760221,1232069,1,0,330,731,641,429,,2131,
262144,597593.748766587,1232071,0,1,197,728,654,424,,2003,
262144,597593.748777308,1232069,1,0,191,736,642,393,,1962,
262144,597593.748782561,1232071,0,1,200,746,631,360,,1937,
262144,597593.748793156,1232069,1,0,217,722,669,538,,2146,
262144,597593.748799076,1232071,0,1,196,729,628,418,,1971,
262144,597593.748809530,1232069,1,0,202,727,643,401,,1973,
262144,597593.748815537,1232071,0,1,184,736,634,371,,1925,
262144,597593.748825819,1232069,1,0,205,732,647,498,,2082,
262144,597593.748831522,1232071,0,1,201,737,642,391,,1971,
262144,597593.748841529,1232069,1,0,205,762,623,346,,1936,
262144,597593.748847276,1232071,0,1,179,749,655,442,,2025,
262144,597593.748857578,1232069,1,0,213,730,626,366,,1935,
262144,597593.748863466,1232071,0,1,206,742,659,366,,1973,
262144,597593.748873370,1232069,1,0,199,741,723,378,,2041,
262144,597593.748879365,1232071,0,1,229,738,657,375,,1999,
262144,597593.748889439,1232069,1,0,190,731,661,401,,1983,
262144,597593.748895590,1232071,0,1,196,738,621,406,,1961,
262144,597593.748905548,1232069,1,0,212,736,633,357,,1938,
262144,597593.748911239,1232071,0,1,183,741,648,382,,1954,
262144,597593.748921653,1232069,1,0,208,726,690,379,,2003,
262144,597593.748927916,1232071,0,1,288,754,640,379,,2061,
262144,597593.748937850,1232069,1,0,181,735,651,351,,1918,
262144,597593.748943433,1232071,0,1,185,737,700,484,,2106,
262144,597593.748953592,1232069,1,0,187,722,620,357,,1886,
262144,597593.748960010,1232071,0,1,198,732,627,401,,1958,
262144,597593.748970048,1232069,1,0,179,736,739,355,,2009,
262144,597593.748976038,1232071,0,1,182,728,655,361,,1926,
262144,597593.748986205,1232069,1,0,186,732,629,394,,1941,
262144,597593.748992208,1232071,0,1,198,734,638,430,,2000,
262144,597593.749002263,1232069,1,0,190,718,620,453,,1981,
262144,597593.749008171,1232071,0,1,177,744,762,365,,2048,
262144,597593.749018513,1232069,1,0,207,727,639,388,,1961,
262144,597593.749024622,1232071,0,1,200,786,665,401,,2052,
262144,597593.749034582,1232069,1,0,183,731,647,490,,2051,
262144,597593.749040319,1232071,0,1,169,737,636,405,,1947,
262144,597593.749050042,1232069,1,0,192,739,631,410,,1972,
262144,597593.749056141,1232071,0,1,190,736,633,383,,1942,
262144,597593.749065893,1232069,1,0,203,731,675,417,,2026,
262144,597593.749071464,1232071,0,1,191,732,636,361,,1920,
262144,597593.749081236,1232069,1,0,201,732,625,398,,1956,
262144,597593.749086923,1232071,0,1,188,749,626,389,,1952,
262144,597593.749096617,1232069,1,0,187,837,619,364,,2007,
262144,597593.749101960,1232071,0,1,181,744,665,363,,1953,
262144,597593.749111896,1232069,1,0,221,732,613,387,,1953,
262144,597593.749117917,1232071,0,1,206,743,674,374,,1997,
262144,597593.749127877,1232069,1,0,189,756,635,378,,1958,
262144,597593.749133306,1232071,0,1,183,732,643,381,,1939,
262144,597593.749143026,1232069,1,0,205,737,659,396,,1997,
262144,597593.749148419,1232071,0,1,214,749,638,375,,1976,
262144,597593.749158365,1232069,1,0,197,734,625,376,,1932,
262144,597593.749163508,1232071,0,1,179,724,650,382,,1935,
262144,597593.749173098,1232069,1,0,191,722,622,617,,2152,
262144,597593.749179145,1232071,0,1,207,736,663,357,,1963,
262144,597593.749188699,1232069,1,0,215,734,670,436,,2055,
262144,597593.749194072,1232071,0,1,203,735,616,368,,1922,
262144,597593.749203559,1232069,1,0,189,731,641,402,,1963,
262144,597593.749209310,1232071,0,1,192,733,639,397,,1961,
262144,597593.749219047,1232069,1,0,228,923,615,381,,2147,
262144,597593.749224954,1232071,0,1,175,734,651,453,,2013,
262144,597593.749234797,1232069,1,0,173,836,660,458,,2127,
262144,597593.749240836,1232071,0,1,210,736,688,384,,2018,
262144,597593.749250909,1232069,1,0,184,731,643,361,,1919,
262144,597593.749256556,1232071,0,1,190,747,625,382,,1944,
262144,597593.749266184,1232069,1,0,216,741,635,362,,1954,
262144,597593.749272136,1232071,0,1,199,728,648,411,,1986,
262144,597593.749281928,1232069,1,0,188,737,628,493,,2046,
262144,597593.749287290,1232071,0,1,222,721,650,406,,1999,
262144,597593.749296999,1232069,1,0,183,728,800,402,,2113,
262144,597593.749302771,1232071,0,1,195,748,648,400,,1991,
262144,597593.749312497,1232069,1,0,235,731,647,358,,1971,
262144,597593.749317822,1232071,0,1,169,734,666,364,,1933,
262144,597593.749327467,1232069,1,0,202,734,623,420,,1979,
262144,597593.749334678,1232071,0,1,221,734,653,397,,2005,
262144,597593.749344774,1232069,1,0,289,842,724,370,,2225,
262144,597593.749351051,1232071,0,1,252,762,677,367,,2058,
262144,597593.749360909,1232069,1,0,199,730,616,354,,1899,
262144,597593.749366265,1232071,0,1,201,731,659,366,,1957,
262144,597593.749375962,1232069,1,0,183,718,621,383,,1905,
262144,597593.749381203,1232071,0,1,182,732,661,361,,1936,
262144,597593.749390838,1232069,1,0,215,728,623,400,,1966,
262144,597593.749396486,1232071,0,1,208,741,686,440,,2075,
262144,597593.749406385,1232069,1,0,193,736,674,376,,1979,
262144,597593.749411692,1232071,0,1,179,737,681,387,,1984,
262144,597593.749421313,1232069,1,0,205,732,622,394,,1953,
262144,597593.749426838,1232071,0,1,238,752,664,356,,2010,
262144,597593.749436500,1232069,1,0,192,735,659,366,,1952,
262144,597593.749442146,1232071,0,1,182,735,651,367,,1935,
262144,597593.749451809,1232069,1,0,201,732,628,378,,1939,
262144,597593.749457650,1232071,0,1,187,735,620,427,,1969,
262144,597593.749467242,1232069,1,0,190,736,647,368,,1941,
262144,597593.749472669,1232071,0,1,203,764,631,383,,1981,
262144,597593.749482537,1232069,1,0,209,675,659,1892,,3435,
262144,597593.749489686,1232071,0,1,229,730,893,402,,2254,
262144,597593.749499766,1232069,1,0,267,744,721,432,,2164,
262144,597593.749505885,1232071,0,1,193,726,633,369,,1921,
262144,597593.749515447,1232069,1,0,279,735,702,354,,2070,
262144,597593.749521992,1232071,0,1,199,749,630,410,,1988,
262144,597593.749531767,1232069,1,0,199,724,619,383,,1925,
262144,597593.749538003,1232071,0,1,181,738,645,362,,1926,
262144,597593.749547764,1232069,1,0,200,727,630,367,,1924,
262144,597593.749553338,1232071,0,1,198,743,615,413,,1969,
262144,597593.749562941,1232069,1,0,194,721,635,398,,1948,
262144,597593.749568332,1232071,0,1,206,729,654,372,,1961,
262144,597593.749577900,1232069,1,0,189,726,629,428,,1972,
262144,597593.749583643,1232071,0,1,214,739,646,403,,2002,
262144,597593.749593446,1232069,1,0,203,724,632,354,,1913,
262144,597593.749598608,1232071,0,1,180,732,667,360,,1939,
262144,597593.749608355,1232069,1,0,336,731,652,402,,2121,
262144,597593.749614343,1232071,0,1,201,742,664,412,,2019,
262144,597593.749624192,1232069,1,0,307,725,625,364,,2021,
262144,597593.749629781,1232071,0,1,189,734,647,377,,1947,
262144,597593.749639386,1232069,1,0,207,732,637,398,,1974,
262144,597593.749645136,1232071,0,1,209,734,668,401,,2012,
262144,597593.749655036,1232069,1,0,222,744,632,359,,1957,
262144,597593.749660459,1232071,0,1,170,723,648,368,,1909,
262144,597593.749669977,1232069,1,0,198,771,632,375,,1976,
262144,597593.749675661,1232071,0,1,214,740,687,518,,2159,
262144,597593.749685391,1232069,1,0,198,734,626,362,,1920,
262144,597593.749691976,1232071,0,1,186,742,649,364,,1941,
262144,597593.749701788,1232069,1,0,190,723,617,407,,1937,
262144,597593.749708283,1232071,0,1,199,722,661,414,,1996,
262144,597593.749718024,1232069,1,0,274,723,758,387,,2142,
262144,597593.749724252,1232071,0,1,176,726,655,368,,1925,
262144,597593.749734018,1232069,1,0,196,732,626,444,,1998,
262144,597593.749739535,1232071,0,1,208,740,658,415,,2021,
262144,597593.749749345,1232069,1,0,189,725,692,435,,2041,
262144,597593.749755365,1232071,0,1,194,743,653,362,,1952,
262144,597593.749765410,1232069,1,0,330,724,745,365,,2164,
262144,597593.749772520,1232071,0,1,210,745,635,403,,1993,
262144,597593.749782306,1232069,1,0,316,732,624,372,,2044,
262144,597593.749789059,1232071,0,1,177,737,650,394,,1958,
262144,597593.749798959,1232069,1,0,210,737,626,395,,1968,
262144,597593.749804774,1232071,0,1,204,733,651,400,,1988,
262144,597593.749814421,1232069,1,0,357,729,664,478,,2228,
262144,597593.749820360,1232071,0,1,180,739,662,371,,1952,
262144,597593.749829928,1232069,1,0,215,739,636,392,,1982,
262144,597593.749835626,1232071,0,1,183,728,657,360,,1928,
262144,597593.749845333,1232069,1,0,203,732,625,420,,1980,
262144,597593.749850946,1232071,0,1,194,738,691,526,,2149,
262144,597593.749861240,1232069,1,0,186,732,618,377,,1913,
262144,597593.749866911,1232071,0,1,197,769,652,425,,2043,
262144,597593.749876830,1232069,1,0,195,726,618,402,,1941,
262144,597593.749882957,1232071,0,1,177,790,655,362,,1984,
262144,597593.749892516,1232069,1,0,198,724,636,376,,1934,
262144,597593.749898376,1232071,0,1,199,734,680,387,,2000,
262144,597593.749908399,1232069,1,0,215,727,712,462,,2116,
262144,597593.749913968,1232071,0,1,183,742,658,376,,1959,
262144,597593.749923570,1232069,1,0,215,720,625,374,,1934,
262144,597593.749929014,1232071,0,1,204,743,648,408,,2003,
262144,597593.749938763,1232069,1,0,191,733,716,391,,2031,
262144,597593.749944275,1232071,0,1,204,743,702,547,,2196,
262144,597593.749954107,1232069,1,0,182,733,760,372,,2047,
262144,597593.749959645,1232071,0,1,197,728,633,437,,1995,
262144,597593.749969417,1232069,1,0,223,733,631,375,,1962,
262144,597593.749974594,1232071,0,1,184,725,655,363,,1927,
262144,597593.749984278,1232069,1,0,178,720,622,357,,1877,
262144,597593.749990092,1232071,0,1,226,737,649,418,,2030,
262144,597593.749999941,1232069,1,0,218,724,669,382,,1993,
262144,597593.750005427,1232071,0,1,179,728,658,389,,1954,
262144,597593.750015210,1232069,1,0,184,732,627,416,,1959,
262144,597593.750020595,1232071,0,1,227,913,660,402,,2202,
262144,597593.750030506,1232069,1,0,197,737,630,398,,1962,
262144,597593.750035908,1232071,0,1,181,733,651,383,,1948,
262144,597593.750045693,1232069,1,0,183,734,649,359,,1925,
262144,597593.750051188,1232071,0,1,205,736,652,412,,2005,
262144,597593.750060980,1232069,1,0,184,726,626,379,,1915,
262144,597593.750066015,1232071,0,1,179,740,653,378,,1950,
262144,597593.750075461,1232069,1,0,174,735,625,402,,1936,
262144,597593.750081375,1232071,0,1,208,739,667,403,,2017,
262144,597593.750091377,1232069,1,0,223,744,759,382,,2108,
262144,597593.750096992,1232071,0,1,185,752,662,375,,1974,
262144,597593.750106614,1232069,1,0,187,732,628,350,,1897,
262144,597593.750112471,1232071,0,1,222,734,672,402,,2030,
262144,597593.750122346,1232069,1,0,197,754,738,356,,2045,
262144,597593.750127904,1232071,0,1,214,734,661,373,,1982,
262144,597593.750137635,1232069,1,0,189,732,629,367,,1917,
262144,597593.750143148,1232071,0,1,196,728,647,410,,1981,
262144,597593.750152893,1232069,1,0,199,739,634,377,,1949,
262144,597593.750158943,1232071,0,1,182,749,654,361,,1946,
262144,597593.750168496,1232069,1,0,183,749,631,356,,1919,
262144,597593.750174324,1232071,0,1,227,746,679,406,,2058,
262144,597593.750218185,1232069,1,0,287,754,741,355,,2137,
262144,597593.750224879,1232071,0,1,207,736,655,384,,1982,
262144,597593.750234605,1232069,1,0,216,727,666,382,,1991,
262144,597593.750241266,1232071,0,1,200,723,669,397,,1989,
262144,597593.750251009,1232069,1,0,269,812,617,379,,2077,
262144,597593.750257522,1232071,0,1,178,738,649,394,,1959,
262144,597593.750267209,1232069,1,0,212,734,615,396,,1957,
262144,597593.750273624,1232071,0,1,196,743,665,358,,1962,
262144,597593.750283194,1232069,1,0,176,734,695,380,,1985,
262144,597593.750288956,1232071,0,1,179,735,630,373,,1917,
262144,597593.750299006,1232069,1,0,192,737,624,425,,1978,
262144,597593.750305225,1232071,0,1,211,735,644,357,,1947,
262144,597593.750315002,1232069,1,0,211,736,658,355,,1960,
262144,597593.750320936,1232071,0,1,205,725,643,382,,1955,
262144,597593.750330555,1232069,1,0,192,728,771,383,,2074,
262144,597593.750337375,1232071,0,1,202,735,691,379,,2007,
262144,597593.750347096,1232069,1,0,450,730,618,358,,2156,
262144,597593.750353961,1232071,0,1,203,737,666,381,,1987,
262144,597593.750363651,1232069,1,0,181,733,621,378,,1913,
262144,597593.750370458,1232071,0,1,208,745,640,377,,1970,
262144,597593.750380272,1232069,1,0,188,731,627,366,,1912,
262144,597593.750386528,1232071,0,1,173,746,652,357,,1928,
262144,597593.750396220,1232069,1,0,194,728,716,418,,2056,
262144,597593.750403468,1232071,0,1,209,725,666,401,,2001,
262144,597593.750413152,1232069,1,0,197,814,715,462,,2188,
262144,597593.750420861,1232071,0,1,189,723,668,381,,1961,
262144,597593.750430457,1232069,1,0,410,829,679,386,,2304,
262144,597593.750438260,1232071,0,1,196,727,696,381,,2000,
262144,597593.750448099,1232069,1,0,230,727,809,366,,2132,
262144,597593.750454359,1232071,0,1,190,735,666,403,,1994,
262144,597593.750464046,1232069,1,0,189,735,624,380,,1928,
262144,597593.750470346,1232071,0,1,189,735,658,380,,1962,
262144,597593.750479921,1232069,1,0,197,722,637,356,,1912,
262144,597593.750488049,1232071,0,1,955,,,1412,,2584,
262144,597593.750498520,1232069,1,0,208,749,681,364,,2002,
262144,597593.750504603,1232071,0,1,208,743,633,405,,1989,
262144,597593.750514163,1232069,1,0,190,726,668,357,,1941,
262144,597593.750521092,1232071,0,1,227,795,734,387,,2143,
262144,597593.750531224,1232069,1,0,248,865,715,516,,2344,
262144,597593.750538370,1232071,0,1,198,729,696,379,,2002,
262144,597593.750548260,1232069,1,0,206,724,687,375,,1992,
262144,597593.750555337,1232071,0,1,180,730,666,366,,1942,
262144,597593.750565230,1232069,1,0,191,738,623,401,,1953,
262144,597593.750572928,1232071,0,1,197,728,646,384,,1955,
262144,597593.750582657,1232069,1,0,299,801,727,351,,2178,
262144,597593.750590744,1232071,0,1,181,735,635,376,,1927,
262144,597593.750600626,1232069,1,0,191,744,805,379,,2119,
262144,597593.750607341,1232071,0,1,201,719,642,403,,1965,
262144,597593.750616986,1232069,1,0,188,739,638,352,,1917,
262144,597593.750623172,1232071,0,1,203,718,633,361,,1915,
262144,597593.750632868,1232069,1,0,194,734,614,396,,1938,
262144,597593.750640239,1232071,0,1,194,724,670,401,,1989,
262144,597593.750650205,1232069,1,0,190,830,630,382,,2032,
262144,597593.750657801,1232071,0,1,178,795,648,366,,1987,
262144,597593.750667754,1232069,1,0,242,733,621,400,,1996,
262144,597593.750675089,1232071,0,1,200,738,782,368,,2088,
262144,597593.750685480,1232069,1,0,184,877,641,384,,2086,
262144,597593.750693108,1232071,0,1,198,760,649,401,,2008,
262144,597593.750702876,1232069,1,0,187,733,793,513,,2226,
262144,597593.750710672,1232071,0,1,198,727,652,399,,1976,
262144,597593.750720439,1232069,1,0,187,726,843,521,,2277,
262144,597593.750727247,1232071,0,1,183,752,716,473,,2124,
262144,597593.750736961,1232069,1,0,191,732,628,484,,2035,
262144,597593.750743840,1232071,0,1,196,742,659,390,,1987,
262144,597593.750753520,1232069,1,0,187,736,636,363,,1922,
262144,597593.750760860,1232071,0,1,199,727,638,414,,1978,
262144,597593.750770595,1232069,1,0,215,734,626,540,,2115,
262144,597593.750777977,1232071,0,1,207,742,670,390,,2009,
262144,597593.750787707,1232069,1,0,183,730,642,452,,2007,
262144,597593.750795322,1232071,0,1,178,740,632,386,,1936,
262144,597593.750805175,1232069,1,0,244,734,633,392,,2003,
262144,597593.750813057,1232071,0,1,196,724,651,369,,1940,
262144,597593.750822704,1232069,1,0,193,731,717,349,,1990,
262144,597593.750830493,1232071,0,1,184,734,849,394,,2161,
262144,597593.750840522,1232069,1,0,215,737,625,381,,1958,
262144,597593.750867404,1232071,0,1,250,753,635,377,,2015,
262144,597593.750877106,1232069,1,0,199,743,650,415,,2007,
262144,597593.750883446,1232071,0,1,180,734,649,421,,1984,
262144,597593.750895049,1232069,1,0,187,729,629,380,,1925,
262144,597593.750901316,1232071,0,1,201,745,669,358,,1973,
262144,597593.750912193,1232069,1,0,212,736,624,351,,1923,
262144,597593.750918095,1232071,0,1,203,721,657,432,,2013,
262144,597593.750929364,1232069,1,0,195,732,728,376,,2031,
262144,597593.750936035,1232071,0,1,190,741,884,379,,2194,
262144,597593.750947597,1232069,1,0,200,740,669,388,,1997,
262144,597593.750952973,1232071,0,1,177,750,625,376,,1928,
262144,597593.750963237,1232069,1,0,190,733,622,378,,1923,
262144,597593.750969133,1232071,0,1,216,729,648,421,,2014,
262144,597593.750979692,1232069,1,0,222,734,636,394,,1986,
262144,597593.750985193,1232071,0,1,180,736,646,401,,1963,
262144,597593.750995681,1232069,1,0,186,737,635,401,,1959,
262144,597593.751001360,1232071,0,1,197,732,639,359,,1927,
262144,597593.751012085,1232069,1,0,188,732,648,370,,1938,
262144,597593.751017830,1232071,0,1,237,744,637,366,,1984,
262144,597593.751028215,1232069,1,0,200,731,660,401,,1992,
262144,597593.751034163,1232071,0,1,202,810,657,410,,2079,
262144,597593.751044844,1232069,1,0,217,1015,619,374,,2225,
262144,597593.751051067,1232071,0,1,170,747,648,366,,1931,
262144,597593.751062129,1232069,1,0,183,728,652,375,,1938,
262144,597593.751068095,1232071,0,1,189,753,620,380,,1942,
262144,597593.751078597,1232069,1,0,179,728,648,367,,1922,
262144,597593.751084326,1232071,0,1,189,742,656,407,,1994,
262144,597593.751094854,1232069,1,0,221,742,651,376,,1990,
262144,597593.751101131,1232071,0,1,197,729,624,370,,1920,
262144,597593.751111545,1232069,1,0,217,737,618,396,,1968,
262144,597593.751117703,1232071,0,1,185,734,645,369,,1933,
262144,597593.751128337,1232069,1,0,187,735,630,391,,1943,
262144,597593.751134548,1232071,0,1,212,733,635,355,,1935,
262144,597593.751145317,1232069,1,0,343,720,650,478,,2191,
262144,597593.751151522,1232071,0,1,179,733,623,386,,1921,
262144,597593.751162007,1232069,1,0,178,715,641,536,,2070,
262144,597593.751168659,1232071,0,1,204,728,676,404,,2012,
262144,597593.751178891,1232069,1,0,233,726,656,375,,1990,
262144,597593.751184912,1232071,0,1,181,732,641,367,,1921,
262144,597593.751195129,1232069,1,0,318,738,635,356,,2047,
262144,597593.751201145,1232071,0,1,207,720,649,368,,1944,
262144,597593.751211173,1232069,1,0,180,734,673,355,,1942,
262144,597593.751216984,1232071,0,1,183,749,638,391,,1961,
262144,597593.751227062,1232069,1,0,200,731,645,401,,1977,
262144,597593.751233326,1232071,0,1,201,728,637,499,,2065,
262144,597593.751243582,1232069,1,0,184,730,665,396,,1975,
262144,597593.751249150,1232071,0,1,200,736,638,355,,1929,
262144,597593.751259195,1232069,1,0,196,732,634,396,,1958,
262144,597593.751265128,1232071,0,1,176,733,676,386,,1971,
262144,597593.751275052,1232069,1,0,187,739,627,358,,1911,
262144,597593.751280824,1232071,0,1,219,753,650,380,,2002,
262144,597593.751290945,1232069,1,0,195,725,726,420,,2066,
262144,597593.751297454,1232071,0,1,198,738,656,579,,2171,
262144,597593.751307794,1232069,1,0,274,741,658,479,,2152,
262144,597593.751313593,1232071,0,1,182,737,667,378,,1964,
262144,597593.751323714,1232069,1,0,192,731,677,492,,2092,
262144,597593.751329429,1232071,0,1,192,738,686,468,,2084,
262144,597593.751339627,1232069,1,0,190,731,651,496,,2068,
262144,597593.751345463,1232071,0,1,185,711,683,379,,1958,
262144,597593.751355579,1232069,1,0,208,730,636,532,,2106,
262144,597593.751362036,1232071,0,1,197,730,631,418,,1976,
262144,597593.751372160,1232069,1,0,203,810,628,357,,1998,
262144,597593.751378234,1232071,0,1,181,736,652,378,,1947,
262144,597593.751388131,1232069,1,0,181,734,628,353,,1896,
262144,597593.751394063,1232071,0,1,198,739,630,385,,1952,
262144,597593.751403896,1232069,1,0,231,742,625,376,,1974,
262144,597593.751409558,1232071,0,1,180,736,648,384,,1948,
262144,597593.751419265,1232069,1,0,181,732,610,391,,1914,
262144,597593.751424888,1232071,0,1,193,736,624,392,,1945,
262144,597593.751434631,1232069,1,0,210,742,628,362,,1942,
262144,597593.751440221,1232071,0,1,180,730,624,382,,1916,
262144,597593.751449932,1232069,1,0,183,734,670,368,,1955,
262144,597593.751455736,1232071,0,1,201,736,658,399,,1994,
262144,597593.751465446,1232069,1,0,186,710,622,359,,1877,
262144,597593.751471606,1232071,0,1,173,731,659,360,,1923,
262144,597593.751481452,1232069,1,0,178,726,626,2362,,3892,
262144,597593.751489183,1232071,0,1,212,730,845,400,,2187,
262144,597593.751499069,1232069,1,0,264,723,685,420,,2092,
262144,597593.751504848,1232071,0,1,193,758,625,355,,1931,
262144,597593.751514565,1232069,1,0,226,733,627,360,,1946,
262144,597593.751520156,1232071,0,1,199,736,690,388,,2013,
262144,597593.751530030,1232069,1,0,203,739,722,385,,2049,
262144,597593.751535677,1232071,0,1,210,727,667,414,,2018,
262144,597593.751545570,1232069,1,0,179,731,623,393,,1926,
262144,597593.751551524,1232071,0,1,195,756,653,384,,1988,
262144,597593.751561144,1232069,1,0,212,735,627,396,,1970,
262144,597593.751566727,1232071,0,1,202,735,666,410,,2013,
262144,597593.751576411,1232069,1,0,188,738,619,398,,1943,
262144,597593.751582266,1232071,0,1,196,733,664,365,,1958,
262144,597593.751591942,1232069,1,0,204,734,633,353,,1924,
262144,597593.751597883,1232071,0,1,215,862,651,372,,2100,
262144,597593.751607974,1232069,1,0,186,723,645,392,,1946,
262144,597593.751613981,1232071,0,1,191,715,636,386,,1928,
262144,597593.751623741,1232069,1,0,196,729,654,403,,1982,
262144,597593.751629796,1232071,0,1,185,732,627,401,,1945,
262144,597593.751639631,1232069,1,0,189,727,732,411,,2059,
262144,597593.751645177,1232071,0,1,197,727,655,400,,1979,
262144,597593.751654978,1232069,1,0,186,733,633,413,,1965,
262144,597593.751660427,1232071,0,1,246,731,636,369,,1982,
262144,597593.751670066,1232069,1,0,175,724,615,349,,1863,
262144,597593.751675980,1232071,0,1,214,727,658,364,,1963,
262144,597593.751685761,1232069,1,0,188,728,621,362,,1899,
262144,597593.751691208,1232071,0,1,175,731,682,663,,2251,
262144,597593.751701168,1232069,1,0,206,728,649,409,,1992,
262144,597593.751706931,1232071,0,1,185,731,654,407,,1977,
262144,597593.751716609,1232069,1,0,194,735,623,394,,1946,
262144,597593.751723456,1232071,0,1,201,728,631,399,,1959,
262144,597593.751733497,1232069,1,0,176,820,620,358,,1974,
262144,597593.751739697,1232071,0,1,210,739,673,355,,1977,
262144,597593.751749535,1232069,1,0,180,738,659,414,,1991,
262144,597593.751755050,1232071,0,1,172,740,630,384,,1926,
262144,597593.751764596,1232069,1,0,176,733,617,370,,1896,
262144,597593.751769881,1232071,0,1,193,738,680,362,,1973,
262144,597593.751779653,1232069,1,0,187,734,672,447,,2040,
262144,597593.751785019,1232071,0,1,172,735,626,409,,1942,
262144,597593.751794542,1232069,1,0,184,735,653,404,,1976,
262144,597593.751799832,1232071,0,1,200,734,673,363,,1970,
262144,597593.751809413,1232069,1,0,213,729,631,356,,1929,
262144,597593.751814837,1232071,0,1,175,733,622,380,,1910,
262144,597593.751824448,1232069,1,0,189,728,638,354,,1909,
262144,597593.751829773,1232071,0,1,191,726,686,379,,1982,
262144,597593.751839467,1232069,1,0,196,743,638,413,,1990,
262144,597593.751844997,1232071,0,1,173,733,800,392,,2098,
262144,597593.751854974,1232069,1,0,184,735,625,373,,1917,
262144,597593.751860268,1232071,0,1,198,739,685,360,,1982,
262144,597593.751870135,1232069,1,0,212,801,736,374,,2123,
262144,597593.751875595,1232071,0,1,202,754,625,419,,2000,
262144,597593.751885579,1232069,1,0,179,718,630,359,,1886,
262144,597593.751891270,1232071,0,1,196,739,674,366,,1975,
262144,597593.751900890,1232069,1,0,210,734,624,373,,1941,
262144,597593.751906875,1232071,0,1,205,737,625,407,,1974,
262144,597593.751916602,1232069,1,0,191,723,629,419,,1962,
262144,597593.751921897,1232071,0,1,191,736,677,374,,1978,
262144,597593.751931429,1232069,1,0,222,733,645,360,,1960,
262144,597593.751936793,1232071,0,1,184,736,631,396,,1947,
262144,597593.751946277,1232069,1,0,172,731,617,360,,1880,
262144,597593.751951539,1232071,0,1,199,733,670,363,,1965,
262144,597593.751961202,1232069,1,0,243,802,633,397,,2075,
262144,597593.751966618,1232071,0,1,189,740,631,388,,1948,
262144,597593.751976159,1232069,1,0,180,730,627,399,,1936,
262144,597593.751981575,1232071,0,1,197,744,643,388,,1972,
262144,597593.751991474,1232069,1,0,215,737,625,401,,1978,
262144,597593.751997515,1232071,0,1,183,705,648,363,,1899,
262144,597593.752007085,1232069,1,0,182,729,618,360,,1889,
262144,597593.752012452,1232071,0,1,211,734,668,382,,1995,
262144,597593.752022212,1232069,1,0,217,729,633,375,,1954,
262144,597593.752028340,1232071,0,1,175,743,625,371,,1914,
262144,597593.752037806,1232069,1,0,185,739,615,353,,1892,
262144,597593.752043666,1232071,0,1,201,814,672,387,,2074,
262144,597593.752053564,1232069,1,0,305,741,623,369,,2038,
262144,597593.752059703,1232071,0,1,174,752,631,370,,1927,
262144,597593.752069313,1232069,1,0,186,734,639,393,,1952,
262144,597593.752075419,1232071,0,1,187,738,670,405,,2000,
262144,597593.752085122,1232069,1,0,303,772,704,348,,2127,
262144,597593.752090803,1232071,0,1,193,733,626,425,,1977,
262144,597593.752100440,1232069,1,0,183,742,622,374,,1921,
262144,597593.752105690,1232071,0,1,202,735,678,379,,1994,
262144,597593.752115450,1232069,1,0,187,737,619,409,,1952,
262144,597593.752120746,1232071,0,1,195,740,638,396,,1969,
262144,597593.752130600,1232069,1,0,203,718,622,377,,1920,
262144,597593.752135855,1232071,0,1,213,733,683,437,,2066,
262144,597593.752145545,1232069,1,0,199,722,662,359,,1942,
262144,597593.752150967,1232071,0,1,184,727,639,375,,1925,
262144,597593.752160738,1232069,1,0,183,741,631,392,,1947,
262144,597593.752165924,1232071,0,1,208,733,656,399,,1996,
262144,597593.752175570,1232069,1,0,185,730,647,372,,1934,
262144,597593.752180746,1232071,0,1,177,730,653,365,,1925,
262144,597593.752190223,1232069,1,0,178,729,622,360,,1889,
262144,597593.752195860,1232071,0,1,195,728,644,409,,1976,
262144,597593.752205493,1232069,1,0,199,714,694,374,,1981,
262144,597593.752211446,1232071,0,1,180,723,626,375,,1904,
262144,597593.752221054,1232069,1,0,188,742,632,387,,1949,
262144,597593.752227154,1232071,0,1,197,714,828,444,,2183,
262144,597593.752236946,1232069,1,0,210,722,639,556,,2127,
262144,597593.752243263,1232071,0,1,205,729,669,407,,2010,
262144,597593.752252913,1232069,1,0,173,770,2456,354,,3753,
262144,597593.752261279,1232071,0,1,201,775,670,408,,2054,
262144,597593.752271101,1232069,1,0,198,772,648,496,,2114,
262144,597593.752277163,1232071,0,1,200,786,630,557,,2173,
262144,597593.752286900,1232069,1,0,176,749,632,526,,2083,
262144,597593.752292507,1232071,0,1,184,777,669,540,,2170,
262144,597593.752302258,1232069,1,0,184,773,625,364,,1946,
262144,597593.752311073,1232071,0,1,195,786,630,401,,2012,
262144,597593.752321055,1232069,1,0,184,770,866,817,,2637,
262144,597593.752329015,1232071,0,1,208,769,645,542,,2164,
262144,597593.752339084,1232069,1,0,188,763,748,483,,2182,
262144,597593.752346572,1232071,0,1,213,771,636,481,,2101,
262144,597593.752356793,1232069,1,0,365,770,623,397,,2155,
262144,597593.752363116,1232071,0,1,199,762,687,366,,2014,
262144,597593.752372886,1232069,1,0,186,766,631,370,,1953,
262144,597593.752378839,1232071,0,1,186,763,632,383,,1964,
262144,597593.752388688,1232069,1,0,181,761,630,454,,2026,
262144,597593.752394849,1232071,0,1,207,756,645,497,,2105,
262144,597593.752404657,1232069,1,0,191,766,623,395,,1975,
262144,597593.752410947,1232071,0,1,198,786,631,400,,2015,
262144,597593.752420681,1232069,1,0,209,1013,849,497,,2568,
262144,597593.752428139,1232071,0,1,169,765,656,516,,2106,
262144,597593.752438071,1232069,1,0,177,769,623,495,,2064,
262144,597593.752444879,1232071,0,1,200,771,653,483,,2107,
262144,597593.752454649,1232069,1,0,190,775,616,376,,1957,
262144,597593.752461095,1232071,0,1,185,771,653,379,,1988,
262144,597593.752470859,1232069,1,0,216,772,895,614,,2497,
262144,597593.752477119,1232071,0,1,199,766,653,517,,2135,
262144,597593.752491993,1232069,1,0,235,770,721,732,,2458,
262144,597593.752499749,1232071,0,1,209,784,686,516,,2195,
262144,597593.752509789,1232069,1,0,635,1024,630,387,,2676,
262144,597593.752517415,1232071,0,1,257,771,624,363,,2015,
262144,597593.752527150,1232069,1,0,510,759,731,516,,2516,
262144,597593.752534957,1232071,0,1,207,766,657,541,,2171,
262144,597593.752544844,1232069,1,0,188,773,635,496,,2092,
262144,597593.752556787,1232071,0,1,203,769,637,550,,2159,
262144,597593.752566715,1232069,1,0,206,769,624,351,,1950,
262144,597593.752578413,1232071,0,1,199,770,672,381,,2022,
262144,597593.752626554,1232069,1,0,213,777,885,551,,2426,
262144,597593.752639434,1232071,0,1,178,754,883,538,,2353,
262144,597593.752649724,1232069,1,0,402,796,850,397,,2445,
262144,597593.752662421,1232071,0,1,197,772,690,494,,2153,
262144,597593.752672505,1232069,1,0,668,775,826,353,,2622,
262144,597593.752684061,1232071,0,1,172,768,631,819,,2390,
262144,597593.752695023,1232069,1,0,410,764,630,512,,2316,
262144,597593.752703780,1232071,0,1,234,776,702,505,,2217,
262144,597593.752714339,1232069,1,0,183,769,632,354,,1938,
262144,597593.752725183,1232071,0,1,203,785,630,437,,2055,
262144,597593.752735707,1232069,1,0,224,754,628,369,,1975,
262144,597593.752747672,1232071,0,1,190,791,666,501,,2148,
262144,597593.752757507,1232069,1,0,388,756,833,595,,2572,
262144,597593.752769500,1232071,0,1,186,772,643,516,,2117,
262144,597593.752779478,1232069,1,0,200,776,625,413,,2014,
262144,597593.752787843,1232071,0,1,190,783,665,354,,1992,
262144,597593.752797606,1232069,1,0,175,769,687,608,,2239,
262144,597593.752806422,1232071,0,1,185,774,903,835,,2697,
262144,597593.752817719,1232069,1,0,436,762,622,537,,2357,
262144,597593.752830078,1232071,0,1,190,775,641,515,,2121,
262144,597593.752840050,1232069,1,0,187,775,637,393,,1992,
262144,597593.752852300,1232071,0,1,248,802,644,365,,2059,
262144,597593.752861995,1232069,1,0,179,788,631,368,,1966,
262144,597593.752874473,1232071,0,1,193,768,645,515,,2121,
262144,597593.752884744,1232069,1,0,554,763,890,529,,2736,
262144,597593.752898075,1232071,0,1,238,779,641,540,,2198,
262144,597593.752908158,1232069,1,0,920,757,628,358,,2663,
262144,597593.752921790,1232071,0,1,198,786,668,367,,2019,
262144,597593.752931779,1232069,1,0,208,790,618,559,,2175,
262144,597593.752943105,1232071,0,1,176,780,631,509,,2096,
262144,597593.752952953,1232069,1,0,185,977,708,890,,2760,
262144,597593.752965358,1232071,0,1,211,774,674,519,,2178,
262144,597593.752975404,1232069,1,0,181,771,640,355,,1947,
262144,597593.752986159,1232071,0,1,202,779,636,417,,2034,
262144,597593.752996033,1232069,1,0,219,770,622,359,,1970,
262144,597593.753006457,1232071,0,1,189,774,652,530,,2145,
262144,597593.753016617,1232069,1,0,182,995,621,564,,2362,
262144,597593.753028268,1232071,0,1,174,808,621,518,,2121,
262144,597593.753038498,1232069,1,0,186,1009,870,746,,2811,
262144,597593.753051758,1232071,0,1,201,779,688,372,,2040,
262144,597593.753061996,1232069,1,0,894,797,739,651,,3081,
262144,597593.753075447,1232071,0,1,161,760,619,526,,2066,
262144,597593.753085871,1232069,1,0,223,781,826,590,,2420,
262144,597593.753098897,1232071,0,1,182,773,662,561,,2178,
262144,597593.753109142,1232069,1,0,724,998,622,356,,2700,
262144,597593.753122700,1232071,0,1,185,788,844,376,,2193,
262144,597593.753133017,1232069,1,0,200,772,618,471,,2061,
262144,597593.753145072,1232071,0,1,200,776,648,409,,2033,
262144,597593.753154856,1232069,1,0,178,773,968,525,,2444,
262144,597593.753166501,1232071,0,1,203,762,622,515,,2102,
262144,597593.753176243,1232069,1,0,397,766,789,373,,2325,
262144,597593.753188903,1232071,0,1,243,876,658,384,,2161,
262144,597593.753199079,1232069,1,0,236,1109,642,495,,2482,
262144,597593.753210834,1232071,0,1,194,771,955,542,,2462,
262144,597593.753220939,1232069,1,0,200,783,660,477,,2120,
262144,597593.753232050,1232071,0,1,180,779,877,498,,2334,
262144,597593.753242637,1232069,1,0,205,771,677,648,,2301,
262144,597593.753253043,1232071,0,1,194,758,657,404,,2013,
262144,597593.753262829,1232069,1,0,200,774,618,491,,2083,
262144,597593.753272881,1232071,0,1,199,763,668,521,,2151,
262144,597593.753283393,1232069,1,0,194,778,607,501,,2080,
262144,597593.753295478,1232071,0,1,174,766,626,469,,2035,
262144,597593.753305341,1232069,1,0,1102,1255,961,613,,3931,
262144,597593.753318936,1232071,0,1,253,769,658,413,,2093,
262144,597593.753329108,1232069,1,0,684,771,848,680,,2983,
262144,597593.753340172,1232071,0,1,183,776,635,502,,2096,
262144,597593.753350110,1232069,1,0,215,756,626,517,,2114,
262144,597593.753360092,1232071,0,1,207,771,682,485,,2145,
262144,597593.753370363,1232069,1,0,197,760,848,414,,2219,
262144,597593.753381209,1232071,0,1,201,767,655,2713,,4336,
262144,597593.753393411,1232069,1,0,203,768,615,506,,2092,
262144,597593.753403688,1232071,0,1,186,780,657,538,,2161,
262144,597593.753413649,1232069,1,0,191,764,621,399,,1975,
262144,597593.753424869,1232071,0,1,182,770,634,494,,2080,
262144,597593.753435054,1232069,1,0,208,765,671,433,,2077,
262144,597593.753465734,1232071,0,1,589,774,728,569,,2660,
262144,597593.753476865,1232069,1,0,203,753,644,801,,2401,
262144,597593.753486952,1232071,0,1,207,758,691,529,,2185,
262144,597593.753499605,1232069,1,0,183,772,681,519,,2155,
262144,597593.753506448,1232071,0,1,203,767,680,507,,2157,
262144,597593.753518054,1232069,1,0,214,773,657,374,,2018,
262144,597593.753525699,1232071,0,1,180,759,651,395,,1985,
262144,597593.753537321,1232069,1,0,208,771,857,558,,2394,
262144,597593.753544946,1232071,0,1,195,769,628,529,,2121,
262144,597593.753555686,1232069,1,0,191,778,633,349,,1951,
262144,597593.753562761,1232071,0,1,178,788,681,503,,2150,
262144,597593.753573406,1232069,1,0,169,767,913,555,,2404,
262144,597593.753580997,1232071,0,1,191,769,621,501,,2082,
262144,597593.753591643,1232069,1,0,413,1012,1089,578,,3092,
262144,597593.753600159,1232071,0,1,197,763,656,424,,2040,
262144,597593.753611606,1232069,1,0,196,774,630,415,,2015,
262144,597593.753618899,1232071,0,1,196,774,647,365,,1982,
262144,597593.753629592,1232069,1,0,195,773,1656,493,,3117,
262144,597593.753638612,1232071,0,1,179,777,641,532,,2129,
262144,597593.753649536,1232069,1,0,396,766,626,509,,2297,
262144,597593.753657813,1232071,0,1,195,772,623,390,,1980,
262144,597593.753668347,1232069,1,0,192,948,618,400,,2158,
262144,597593.753676301,1232071,0,1,221,772,663,510,,2166,
262144,597593.753687438,1232069,1,0,453,1304,628,493,,2878,
262144,597593.753695790,1232071,0,1,198,770,637,489,,2094,
262144,597593.753707358,1232069,1,0,190,759,633,573,,2155,
262144,597593.753715181,1232071,0,1,177,769,622,383,,1951,
262144,597593.753726015,1232069,1,0,182,770,657,377,,1986,
262144,597593.753734339,1232071,0,1,192,765,643,493,,2093,
262144,597593.753744958,1232069,1,0,184,791,625,486,,2086,
262144,597593.753752420,1232071,0,1,166,769,651,557,,2143,
262144,597593.753763410,1232069,1,0,176,772,612,552,,2112,
262144,597593.753770282,1232071,0,1,200,784,669,523,,2176,
262144,597593.753781131,1232069,1,0,226,756,700,354,,2036,
262144,597593.753786971,1232071,0,1,186,795,626,402,,2009,
262144,597593.753797754,1232069,1,0,475,765,634,556,,2430,
262144,597593.753805241,1232071,0,1,211,791,660,556,,2218,
262144,597593.753815835,1232069,1,0,197,765,621,508,,2091,
262144,597593.753822970,1232071,0,1,182,771,647,377,,1977,
262144,597593.753833485,1232069,1,0,194,759,635,374,,1962,
262144,597593.753838965,1232071,0,1,199,781,627,610,,2217,
262144,597593.753849279,1232069,1,0,198,790,689,489,,2166,
262144,597593.753857389,1232071,0,1,210,782,640,469,,2101,
262144,597593.753868124,1232069,1,0,191,773,648,569,,2181,
262144,597593.753873997,1232071,0,1,203,791,647,410,,2051,
262144,597593.753884024,1232069,1,0,185,769,627,352,,1933,
262144,597593.753891489,1232071,0,1,259,764,661,573,,2257,
262144,597593.753902333,1232069,1,0,183,777,828,535,,2323,
262144,597593.753910271,1232071,0,1,195,767,668,505,,2135,
262144,597593.753920534,1232069,1,0,416,770,617,749,,2552,
262144,597593.753927868,1232071,0,1,194,780,663,402,,2039,
262144,597593.753938125,1232069,1,0,179,771,640,377,,1967,
262144,597593.753945681,1232071,0,1,196,773,656,519,,2144,
262144,597593.753956093,1232069,1,0,177,766,628,511,,2082,
262144,597593.753963832,1232071,0,1,177,785,694,499,,2155,
262144,597593.753974331,1232069,1,0,219,772,649,395,,2035,
262144,597593.753981969,1232071,0,1,205,767,856,367,,2195,
262144,597593.753992439,1232069,1,0,905,770,743,351,,2769,
262144,597593.754000498,1232071,0,1,186,765,824,816,,2591,
262144,597593.754011180,1232069,1,0,185,1009,614,581,,2389,
262144,597593.754018036,1232071,0,1,195,762,621,533,,2111,
262144,597593.754028278,1232069,1,0,193,775,621,377,,1966,
262144,597593.754035741,1232071,0,1,175,781,645,356,,1957,
262144,597593.754045834,1232069,1,0,187,766,843,420,,2216,
262144,597593.754052354,1232071,0,1,208,770,647,468,,2093,
262144,597593.754062258,1232069,1,0,231,1058,635,519,,2443,
262144,597593.754070640,1232071,0,1,180,772,626,549,,2127,
262144,597593.754080569,1232069,1,0,214,773,749,396,,2132,
262144,597593.754087236,1232071,0,1,203,785,635,447,,2070,
262144,597593.754097122,1232069,1,0,437,763,705,664,,2569,
262144,597593.754103044,1232071,0,1,213,770,629,499,,2111,
262144,597593.754112991,1232069,1,0,192,771,634,763,,2360,
262144,597593.754119136,1232071,0,1,200,771,634,389,,1994,
262144,597593.754128892,1232069,1,0,225,778,673,394,,2070,
262144,597593.754134918,1232071,0,1,178,780,630,433,,2021,
262144,597593.754144919,1232069,1,0,187,775,627,395,,1984,
262144,597593.754150282,1232071,0,1,181,777,665,438,,2061,
262144,597593.754160166,1232069,1,0,192,768,619,525,,2104,
262144,597593.754166208,1232071,0,1,172,761,656,525,,2114,
262144,597593.754176192,1232069,1,0,191,771,620,378,,1960,
262144,597593.754183363,1232071,0,1,198,775,642,371,,1986,
262144,597593.754193143,1232069,1,0,192,804,637,509,,2142,
262144,597593.754200602,1232071,0,1,181,783,646,539,,2149,
262144,597593.754210442,1232069,1,0,187,770,643,485,,2085,
262144,597593.754216888,1232071,0,1,200,776,652,538,,2166,
262144,597593.754226585,1232069,1,0,184,770,649,353,,1956,
262144,597593.754235291,1232071,0,1,174,768,612,554,,2108,
262144,597593.754245230,1232069,1,0,213,772,742,403,,2130,
262144,597593.754251888,1232071,0,1,174,776,619,566,,2135,
262144,597593.754262069,1232069,1,0,185,763,617,684,,2249,
262144,597593.754268556,1232071,0,1,179,772,676,383,,2010,
262144,597593.754278568,1232069,1,0,191,777,627,414,,2009,
262144,597593.754285605,1232071,0,1,200,811,653,387,,2051,
262144,597593.754295380,1232069,1,0,241,1076,646,496,,2459,
262144,597593.754301862,1232071,0,1,181,761,629,530,,2101,
262144,597593.754311745,1232069,1,0,187,778,619,496,,2080,
262144,597593.754318474,1232071,0,1,200,772,645,386,,2003,
262144,597593.754328589,1232069,1,0,197,771,675,386,,2029,
262144,597593.754334121,1232071,0,1,192,780,658,408,,2038,
262144,597593.754343893,1232069,1,0,195,768,622,514,,2099,
262144,597593.754350982,1232071,0,1,249,757,667,402,,2075,
262144,597593.754360609,1232069,1,0,180,765,618,350,,1913,
262144,597593.754365649,1232071,0,1,205,777,650,365,,1997,
262144,597593.754375350,1232069,1,0,201,786,667,391,,2045,
262144,597593.754386463,1232071,0,1,195,885,641,374,,2095,
262144,597593.754397149,1232069,1,0,674,778,674,563,,2689,
262144,597593.754406758,1232071,0,1,170,764,633,490,,2057,
262144,597593.754417022,1232069,1,0,181,762,847,845,,2635,
262144,597593.754423336,1232071,0,1,205,771,680,382,,2038,
262144,597593.754433275,1232069,1,0,1715,,,1178,,3283,
262144,597593.754441163,1232071,0,1,206,776,656,449,,2087,
262144,597593.754450965,1232069,1,0,507,,,1307,,1988,
262144,597593.754456614,1232071,0,1,178,1023,672,487,,2360,
262144,597593.754466680,1232069,1,0,176,777,699,403,,2055,
262144,597593.754472027,1232071,0,1,197,779,638,371,,1985,
262144,597593.754481746,1232069,1,0,176,773,635,1295,,2879,
262144,597593.754488291,1232071,0,1,210,767,2006,565,,3548,
262144,597593.754499793,1232069,1,0,216,761,647,1002,,2626,
262144,597593.754505985,1232071,0,1,191,776,668,379,,2014,
262144,597593.754515846,1232069,1,0,200,773,622,375,,1970,
262144,597593.754521582,1232071,0,1,193,775,633,563,,2164,
262144,597593.754531325,1232069,1,0,413,764,639,354,,2170,
262144,597593.754537011,1232071,0,1,194,781,645,538,,2158,
262144,597593.754546921,1232069,1,0,184,765,814,534,,2297,
262144,597593.754552572,1232071,0,1,178,776,631,376,,1961,
262144,597593.754562346,1232069,1,0,195,773,643,406,,2017,
262144,597593.754569296,1232071,0,1,205,777,658,415,,2055,
262144,597593.754579240,1232069,1,0,313,751,708,499,,2271,
262144,597593.754586998,1232071,0,1,177,770,723,567,,2237,
262144,597593.754596903,1232069,1,0,421,976,880,593,,2870,
262144,597593.754605098,1232071,0,1,202,761,689,533,,2185,
262144,597593.754615233,1232069,1,0,206,758,632,380,,1976,
262144,597593.754620872,1232071,0,1,244,799,638,365,,2046,
262144,597593.754630582,1232069,1,0,207,765,624,381,,1977,
262144,597593.754635955,1232071,0,1,196,770,686,543,,2195,
262144,597593.754645806,1232069,1,0,183,769,645,548,,2145,
262144,597593.754651257,1232071,0,1,203,766,627,457,,2053,
262144,597593.754660978,1232069,1,0,200,774,645,354,,1973,
262144,597593.754666516,1232071,0,1,194,773,659,621,,2247,
262144,597593.754676817,1232069,1,0,213,769,616,496,,2094,
262144,597593.754683114,1232071,0,1,178,779,629,568,,2154,
262144,597593.754693011,1232069,1,0,203,775,618,535,,2131,
262144,597593.754699189,1232071,0,1,215,778,668,446,,2107,
262144,597593.754708979,1232069,1,0,184,781,630,360,,1955,
262144,597593.754714765,1232071,0,1,176,784,627,364,,1951,
262144,597593.754724422,1232069,1,0,197,767,649,486,,2099,
262144,597593.754730881,1232071,0,1,207,762,943,580,,2492,
262144,597593.754741013,1232069,1,0,194,764,802,539,,2299,
262144,597593.754746975,1232071,0,1,211,768,634,363,,1976,
262144,597593.754756583,1232069,1,0,192,757,631,374,,1954,
262144,597593.754764586,1232071,0,1,210,796,744,692,,2442,
262144,597593.754775124,1232069,1,0,270,777,615,771,,2433,
262144,597593.754783661,1232071,0,1,197,790,628,532,,2147,
262144,597593.754793866,1232069,1,0,705,766,648,484,,2603,
262144,597593.754801136,1232071,0,1,193,770,636,406,,2005,
262144,597593.754811167,1232069,1,0,178,763,623,378,,1942,
262144,597593.754816587,1232071,0,1,207,776,629,499,,2111,
262144,597593.754826234,1232069,1,0,218,774,669,374,,2035,
262144,597593.754832957,1232071,0,1,197,779,691,521,,2188,
262144,597593.754843358,1232069,1,0,191,788,638,521,,2138,
262144,597593.754852014,1232071,0,1,178,792,626,368,,1964,
262144,597593.754861917,1232069,1,0,661,994,876,351,,2882,
262144,597593.754871004,1232071,0,1,223,850,696,536,,2305,
262144,597593.754881804,1232069,1,0,451,771,637,548,,2407,
262144,597593.754888115,1232071,0,1,177,771,640,475,,2063,
262144,597593.754897797,1232069,1,0,204,772,655,377,,2008,
262144,597593.754903711,1232071,0,1,211,778,680,417,,2086,
262144,597593.754913574,1232069,1,0,176,773,627,355,,1931,
262144,597593.754918969,1232071,0,1,178,759,626,547,,2110,
262144,597593.754928776,1232069,1,0,199,774,626,362,,1961,
262144,597593.754934167,1232071,0,1,208,803,672,601,,2284,
262144,597593.754944246,1232069,1,0,175,787,627,556,,2145,
262144,597593.754950008,1232071,0,1,229,772,626,381,,2008,
262144,597593.754959914,1232069,1,0,233,777,626,358,,1994,
262144,597593.754967312,1232071,0,1,204,779,680,584,,2247,
262144,597593.754977322,1232069,1,0,188,780,650,534,,2152,
262144,597593.754983313,1232071,0,1,181,779,626,461,,2047,
262144,597593.754993275,1232069,1,0,370,782,647,396,,2195,
262144,597593.754999368,1232071,0,1,206,785,633,477,,2101,
262144,597593.755009124,1232069,1,0,185,759,625,371,,1940,
262144,597593.755014591,1232071,0,1,200,757,619,568,,2144,
262144,597593.755024475,1232069,1,0,433,748,890,541,,2612,
262144,597593.755034590,1232071,0,1,221,778,650,472,,2121,
262144,597593.755044807,1232069,1,0,440,1004,857,349,,2650,
262144,597593.755054856,1232071,0,1,194,768,639,365,,1966,
262144,597593.755064406,1232069,1,0,184,1134,990,598,,2906,
262144,597593.755072160,1232071,0,1,203,770,652,556,,2181,
262144,597593.755082134,1232069,1,0,180,772,622,510,,2084,
262144,597593.755087536,1232071,0,1,172,781,630,518,,2101,
262144,597593.755097235,1232069,1,0,199,774,640,371,,1984,
262144,597593.755103283,1232071,0,1,197,781,677,501,,2156,
262144,597593.755113218,1232069,1,0,183,770,615,380,,1948,
262144,597593.755118494,1232071,0,1,203,787,633,494,,2117,
262144,597593.755128177,1232069,1,0,190,769,625,486,,2070,
262144,597593.755134677,1232071,0,1,191,761,646,503,,2101,
262144,597593.755144906,1232069,1,0,181,774,617,353,,1925,
262144,597593.755150706,1232071,0,1,189,765,637,405,,1996,
262144,597593.755160428,1232069,1,0,302,767,871,514,,2454,
262144,597593.755166871,1232071,0,1,202,775,690,582,,2249,
262144,597593.755176848,1232069,1,0,189,777,631,517,,2114,
262144,597593.755182695,1232071,0,1,181,772,633,576,,2162,
262144,597593.755192761,1232069,1,0,222,751,940,675,,2588,
262144,597593.755199266,1232071,0,1,197,784,944,604,,2529,
262144,597593.755209540,1232069,1,0,322,764,637,480,,2203,
262144,597593.755218019,1232071,0,1,184,786,1017,565,,2552,
262144,597593.755228448,1232069,1,0,217,1032,893,521,,2663,
262144,597593.755238190,1232071,0,1,204,784,701,421,,2110,
262144,597593.755248130,1232069,1,0,197,781,657,362,,1997,
262144,597593.755266566,1232071,0,1,198,772,674,403,,2047,
262144,597593.755276443,1232069,1,0,208,752,834,431,,2225,
262144,597593.755282806,1232071,0,1,216,759,719,509,,2203,
262144,597593.755293189,1232069,1,0,189,756,726,444,,2115,
262144,597593.755299610,1232071,0,1,186,778,628,384,,1976,
262144,597593.755343966,1232069,1,0,468,808,649,349,,2274,
262144,597593.755352053,1232071,0,1,213,741,673,490,,2117,
262144,597593.755362285,1232069,1,0,210,751,658,564,,2183,
262144,597593.755369313,1232071,0,1,183,746,623,442,,1994,
262144,597593.755378809,1232069,1,0,187,754,709,424,,2074,
262144,597593.755386500,1232071,0,1,189,752,664,416,,2021,
262144,597593.755396613,1232069,1,0,226,1005,760,533,,2524,
262144,597593.755404157,1232071,0,1,173,845,1014,464,,2496,
262144,597593.755414234,1232069,1,0,680,743,682,413,,2518,
262144,597593.755421778,1232071,0,1,190,748,655,465,,2058,
262144,597593.755431938,1232069,1,0,216,749,759,431,,2155,
262144,597593.755438278,1232071,0,1,170,748,637,365,,1920,
262144,597593.755448075,1232069,1,0,189,742,622,530,,2083,
262144,597593.755454365,1232071,0,1,195,751,681,488,,2115,
262144,597593.755464540,1232069,1,0,204,738,623,381,,1946,
262144,597593.755472632,1232071,0,1,176,745,647,552,,2120,
262144,597593.755482272,1232069,1,0,192,773,680,1045,,2690,
262144,597593.755490499,1232071,0,1,214,754,735,465,,2168,
262144,597593.755500472,1232069,1,0,220,757,732,417,,2126,
262144,597593.755506816,1232071,0,1,199,749,700,401,,2049,
262144,597593.755516810,1232069,1,0,172,757,627,472,,2028,
262144,597593.755523637,1232071,0,1,182,755,680,386,,2003,
262144,597593.755533327,1232069,1,0,185,747,621,399,,1952,
262144,597593.755540440,1232071,0,1,185,760,630,431,,2006,
262144,597593.755550525,1232069,1,0,213,745,752,367,,2077,
262144,597593.755558055,1232071,0,1,222,749,719,463,,2153,
262144,597593.755568207,1232069,1,0,674,762,642,393,,2471,
262144,597593.755576164,1232071,0,1,176,742,635,367,,1920,
262144,597593.755585941,1232069,1,0,235,748,624,362,,1969,
262144,597593.755593808,1232071,0,1,184,753,1033,407,,2377,
262144,597593.755603803,1232069,1,0,284,736,622,378,,2020,
262144,597593.755611543,1232071,0,1,203,761,634,417,,2015,
262144,597593.755621466,1232069,1,0,210,753,861,412,,2236,
262144,597593.755628503,1232071,0,1,205,754,667,406,,2032,
262144,597593.755638313,1232069,1,0,202,734,636,377,,1949,
262144,597593.755644739,1232071,0,1,207,750,657,393,,2007,
262144,597593.755654487,1232069,1,0,183,749,645,378,,1955,
262144,597593.755660089,1232071,0,1,222,733,820,403,,2178,
262144,597593.755670035,1232069,1,0,193,745,633,436,,2007,
262144,597593.755676289,1232071,0,1,177,736,647,367,,1927,
262144,597593.755686035,1232069,1,0,190,747,626,399,,1962,
262144,597593.755692199,1232071,0,1,224,738,678,439,,2079,
262144,597593.755702000,1232069,1,0,219,744,899,453,,2315,
262144,597593.755708718,1232071,0,1,204,746,620,416,,1986,
262144,597593.755718297,1232069,1,0,176,735,730,633,,2274,
262144,597593.755725153,1232071,0,1,198,753,678,392,,2021,
262144,597593.755735554,1232069,1,0,209,738,627,403,,1977,
262144,597593.755744012,1232071,0,1,188,775,639,362,,1964,
262144,597593.755753695,1232069,1,0,188,740,633,355,,1916,
262144,597593.755761352,1232071,0,1,200,734,672,495,,2101,
262144,597593.755771021,1232069,1,0,193,733,698,422,,2046,
262144,597593.755780113,1232071,0,1,170,753,717,369,,2009,
262144,597593.755790016,1232069,1,0,320,784,754,350,,2208,
262144,597593.755799383,1232071,0,1,642,744,679,436,,2501,
262144,597593.755809457,1232069,1,0,310,740,630,367,,2047,
262144,597593.755817940,1232071,0,1,189,746,637,406,,1978,
262144,597593.755827697,1232069,1,0,190,746,622,400,,1958,
262144,597593.755835958,1232071,0,1,197,736,657,414,,2004,
262144,597593.755845574,1232069,1,0,181,742,808,380,,2111,
262144,597593.755854166,1232071,0,1,178,737,628,367,,1910,
262144,597593.755863914,1232069,1,0,212,746,752,363,,2073,
262144,597593.755872948,1232071,0,1,537,768,662,443,,2410,
262144,597593.755882985,1232069,1,0,192,858,716,547,,2313,
262144,597593.755892463,1232071,0,1,494,745,643,364,,2246,
262144,597593.755902439,1232069,1,0,534,746,646,361,,2287,
262144,597593.755911146,1232071,0,1,192,818,654,444,,2108,
262144,597593.755921041,1232069,1,0,205,751,657,429,,2042,
262144,597593.755929356,1232071,0,1,280,884,630,399,,2193,
262144,597593.755939532,1232069,1,0,205,940,624,372,,2141,
262144,597593.755947441,1232071,0,1,206,765,700,416,,2087,
262144,597593.755957415,1232069,1,0,178,753,629,407,,1967,
262144,597593.755965939,1232071,0,1,183,760,622,409,,1974,
262144,597593.755975796,1232069,1,0,183,756,652,366,,1957,
262144,597593.755984659,1232071,0,1,206,740,673,408,,2027,
262144,597593.755994665,1232069,1,0,212,755,772,406,,2145,
262144,597593.756022592,1232071,0,1,335,773,676,508,,2292,
262144,597593.756032739,1232069,1,0,197,746,648,674,,2265,
262144,597593.756039105,1232071,0,1,228,779,653,444,,2104,
262144,597593.756051193,1232069,1,0,194,735,658,433,,2020,
262144,597593.756057211,1232071,0,1,203,749,658,422,,2032,
262144,597593.756068263,1232069,1,0,196,759,772,421,,2148,
262144,597593.756074182,1232071,0,1,176,742,660,438,,2016,
262144,597593.756085580,1232069,1,0,204,757,633,405,,1999,
262144,597593.756091537,1232071,0,1,195,741,678,445,,2059,
262144,597593.756102796,1232069,1,0,225,772,640,380,,2017,
262144,597593.756108173,1232071,0,1,185,731,650,414,,1980,
262144,597593.756118506,1232069,1,0,217,744,634,394,,1989,
262144,597593.756124163,1232071,0,1,198,921,841,499,,2459,
262144,597593.756135412,1232069,1,0,182,748,643,358,,1931,
262144,597593.756141177,1232071,0,1,180,740,653,368,,1941,
262144,597593.756151786,1232069,1,0,195,746,660,408,,2009,
262144,597593.756157469,1232071,0,1,212,732,672,443,,2059,
262144,597593.756168266,1232069,1,0,186,743,624,373,,1926,
262144,597593.756174122,1232071,0,1,179,739,654,537,,2109,
262144,597593.756184686,1232069,1,0,184,755,662,401,,2002,
262144,597593.756190873,1232071,0,1,185,738,633,443,,1999,
262144,597593.756201452,1232069,1,0,216,737,646,377,,1976,
262144,597593.756206814,1232071,0,1,189,744,669,418,,2020,
262144,597593.756217979,1232069,1,0,190,753,953,426,,2322,
262144,597593.756224246,1232071,0,1,208,757,641,488,,2094,
262144,597593.756234879,1232069,1,0,282,741,698,548,,2269,
262144,597593.756240994,1232071,0,1,188,740,642,364,,1934,
262144,597593.756251567,1232069,1,0,291,747,660,436,,2134,
262144,597593.756257625,1232071,0,1,206,762,629,412,,2009,
262144,597593.756268469,1232069,1,0,327,746,635,390,,2098,
262144,597593.756274497,1232071,0,1,206,799,660,471,,2136,
262144,597593.756285408,1232069,1,0,217,748,655,418,,2038,
262144,597593.756291409,1232071,0,1,185,744,625,486,,2040,
262144,597593.756302231,1232069,1,0,183,743,778,427,,2131,
262144,597593.756307963,1232071,0,1,196,741,633,371,,1941,
262144,597593.756318485,1232069,1,0,208,765,706,372,,2051,
262144,597593.756324474,1232071,0,1,213,740,643,454,,2050,
262144,597593.756334970,1232069,1,0,200,768,761,461,,2190,
262144,597593.756340991,1232071,0,1,191,744,647,367,,1949,
262144,597593.756351325,1232069,1,0,193,737,748,385,,2063,
262144,597593.756357024,1232071,0,1,204,744,658,455,,2061,
262144,597593.756367059,1232069,1,0,186,731,625,354,,1896,
262144,597593.756372483,1232071,0,1,184,759,655,414,,2012,
262144,597593.756382484,1232069,1,0,186,752,622,365,,1925,
262144,597593.756388277,1232071,0,1,218,758,634,419,,2029,
262144,597593.756398555,1232069,1,0,277,886,887,374,,2424,
262144,597593.756404517,1232071,0,1,173,742,659,421,,1995,
262144,597593.756414545,1232069,1,0,229,989,632,401,,2251,
262144,597593.756420496,1232071,0,1,210,746,676,496,,2128,
262144,597593.756430770,1232069,1,0,175,751,660,612,,2198,
262144,597593.756436452,1232071,0,1,184,750,635,401,,1970,
262144,597593.756446569,1232069,1,0,188,748,619,422,,1977,
262144,597593.756452484,1232071,0,1,204,749,686,397,,2036,
262144,597593.756462467,1232069,1,0,214,746,639,404,,2003,
262144,597593.756468239,1232071,0,1,182,748,726,402,,2058,
262144,597593.756478676,1232069,1,0,182,719,625,509,,2035,
262144,597593.756485651,1232071,0,1,223,735,710,412,,2080,
262144,597593.756495965,1232069,1,0,212,746,682,376,,2016,
262144,597593.756501595,1232071,0,1,177,750,712,495,,2134,
262144,597593.756511812,1232069,1,0,197,736,632,397,,1962,
262144,597593.756517542,1232071,0,1,197,831,920,514,,2462,
262144,597593.756528074,1232069,1,0,220,741,654,391,,2006,
262144,597593.756533866,1232071,0,1,187,739,629,402,,1957,
262144,597593.756543671,1232069,1,0,197,739,626,405,,1967,
262144,597593.756549345,1232071,0,1,215,754,647,373,,1989,
262144,597593.756559248,1232069,1,0,200,752,703,384,,2039,
262144,597593.756564458,1232071,0,1,162,746,622,406,,1936,
262144,597593.756574315,1232069,1,0,181,742,629,376,,1928,
262144,597593.756579831,1232071,0,1,199,756,651,384,,1990,
262144,597593.756589567,1232069,1,0,198,746,666,465,,2075,
262144,597593.756594814,1232071,0,1,189,749,1013,437,,2388,
262144,597593.756605018,1232069,1,0,179,744,658,417,,1998,
262144,597593.756610609,1232071,0,1,375,743,659,416,,2193,
262144,597593.756620700,1232069,1,0,196,750,649,391,,1986,
262144,597593.756626412,1232071,0,1,198,741,629,357,,1925,
262144,597593.756636235,1232069,1,0,193,749,634,426,,2002,
262144,597593.756642462,1232071,0,1,226,719,654,377,,1976,
262144,597593.756652223,1232069,1,0,181,742,627,361,,1911,
262144,597593.756657510,1232071,0,1,183,749,657,411,,2000,
262144,597593.756667302,1232069,1,0,199,781,602,394,,1976,
262144,597593.756673089,1232071,0,1,201,745,677,414,,2037,
262144,597593.756683054,1232069,1,0,215,752,639,375,,1981,
262144,597593.756688578,1232071,0,1,171,746,651,464,,2032,
262144,597593.756698416,1232069,1,0,199,738,617,420,,1974,
262144,597593.756703966,1232071,0,1,202,746,658,418,,2024,
262144,597593.756713761,1232069,1,0,188,743,657,391,,1979,
262144,597593.756718845,1232071,0,1,203,749,629,381,,1962,
262144,597593.756728542,1232069,1,0,412,751,621,496,,2280,
262144,597593.756734433,1232071,0,1,201,784,647,399,,2031,
262144,597593.756744206,1232069,1,0,222,746,666,362,,1996,
262144,597593.756749479,1232071,0,1,181,742,631,428,,1982,
262144,597593.756759277,1232069,1,0,297,754,794,427,,2272,
262144,597593.756765300,1232071,0,1,222,744,646,408,,2020,
262144,597593.756775255,1232069,1,0,176,1001,679,378,,2234,
262144,597593.756781072,1232071,0,1,179,751,630,422,,1982,
262144,597593.756791090,1232069,1,0,323,750,688,446,,2207,
262144,597593.756796807,1232071,0,1,184,733,634,386,,1937,
262144,597593.756806801,1232069,1,0,178,754,652,515,,2099,
262144,597593.756812182,1232071,0,1,198,745,627,381,,1951,
262144,597593.756821872,1232069,1,0,193,746,620,395,,1954,
262144,597593.756827554,1232071,0,1,209,762,637,436,,2044,
262144,597593.756837239,1232069,1,0,179,738,637,355,,1909,
262144,597593.756842647,1232071,0,1,220,759,679,352,,2010,
262144,597593.756852237,1232069,1,0,294,738,660,493,,2185,
262144,597593.756858257,1232071,0,1,195,740,623,383,,1941,
262144,597593.756868224,1232069,1,0,187,734,672,376,,1969,
262144,597593.756875804,1232071,0,1,185,741,657,446,,2029,
262144,597593.756885643,1232069,1,0,187,738,634,422,,1981,
262144,597593.756892429,1232071,0,1,229,760,658,412,,2059,
262144,597593.756902314,1232069,1,0,209,740,627,386,,1962,
262144,597593.756908020,1232071,0,1,181,750,645,365,,1941,
262144,597593.756917621,1232069,1,0,214,732,629,359,,1934,
262144,597593.756923244,1232071,0,1,194,751,630,379,,1954,
262144,597593.756933007,1232069,1,0,211,746,642,381,,1980,
262144,597593.756938102,1232071,0,1,190,781,632,395,,1998,
262144,597593.756947724,1232069,1,0,209,738,626,468,,2041,
262144,597593.756953192,1232071,0,1,204,745,647,465,,2061,
262144,597593.756963052,1232069,1,0,185,739,620,362,,1906,
262144,597593.756968274,1232071,0,1,171,761,653,366,,1951,
262144,597593.756977911,1232069,1,0,187,742,621,396,,1946,
262144,597593.756983266,1232071,0,1,186,748,622,411,,1967,
262144,597593.756992900,1232069,1,0,189,734,676,422,,2021,
262144,597593.756998143,1232071,0,1,227,749,655,361,,1992,
262144,597593.757007936,1232069,1,0,212,727,624,390,,1953,
262144,597593.757013323,1232071,0,1,198,751,651,408,,2008,
262144,597593.757022983,1232069,1,0,194,742,635,382,,1953,
262144,597593.757028214,1232071,0,1,205,755,657,374,,1991,
262144,597593.757037940,1232069,1,0,204,746,630,442,,2022,
262144,597593.757043525,1232071,0,1,211,741,722,564,,2238,
262144,597593.757053484,1232069,1,0,188,746,651,374,,1959,
262144,597593.757058877,1232071,0,1,206,781,701,431,,2119,
262144,597593.757068798,1232069,1,0,181,745,623,454,,2003,
262144,597593.757074604,1232071,0,1,216,733,640,387,,1976,
262144,597593.757084130,1232069,1,0,197,738,635,394,,1964,
262144,597593.757089608,1232071,0,1,180,746,654,663,,2243,
262144,597593.757099477,1232069,1,0,199,741,662,425,,2027,
262144,597593.757104952,1232071,0,1,207,731,694,438,,2070,
262144,597593.757114811,1232069,1,0,182,730,621,364,,1897,
262144,597593.757119884,1232071,0,1,204,740,666,356,,1966,
262144,597593.757129462,1232069,1,0,184,754,630,407,,1975,
262144,597593.757134934,1232071,0,1,199,743,650,454,,2046,
262144,597593.757144820,1232069,1,0,179,748,652,392,,1971,
262144,597593.757150205,1232071,0,1,195,724,628,483,,2030,
262144,597593.757159860,1232069,1,0,221,728,644,479,,2072,
262144,597593.757165310,1232071,0,1,202,741,648,398,,1989,
262144,597593.757175045,1232069,1,0,186,732,650,351,,1919,
262144,597593.757180334,1232071,0,1,200,749,638,375,,1962,
262144,597593.757189987,1232069,1,0,192,745,625,415,,1977,
262144,597593.757195491,1232071,0,1,232,734,658,416,,2040,
262144,597593.757205228,1232069,1,0,208,748,631,430,,2017,
262144,597593.757210506,1232071,0,1,172,754,657,360,,1943,
262144,597593.757220285,1232069,1,0,228,778,630,376,,2012,
262144,597593.757225827,1232071,0,1,185,738,681,464,,2068,
262144,597593.757235846,1232069,1,0,202,738,668,522,,2130,
262144,597593.757241106,1232071,0,1,166,747,650,414,,1977,
262144,597593.757250775,1232069,1,0,208,740,625,446,,2019,
262144,597593.757256941,1232071,0,1,201,745,689,360,,1995,
262144,597593.757266598,1232069,1,0,210,741,649,358,,1958,
262144,597593.757272114,1232071,0,1,181,751,635,362,,1929,
262144,597593.757281944,1232069,1,0,189,747,625,383,,1944,
262144,597593.757287293,1232071,0,1,202,737,654,433,,2026,
262144,597593.757297046,1232069,1,0,176,739,633,374,,1922,
262144,597593.757302360,1232071,0,1,186,738,651,379,,1954,
262144,597593.757312237,1232069,1,0,233,1123,628,379,,2363,
262144,597593.757318267,1232071,0,1,223,740,673,494,,2130,
262144,597593.757328124,1232069,1,0,209,749,841,441,,2240,
262144,597593.757333900,1232071,0,1,186,739,635,365,,1925,
262144,597593.757343522,1232069,1,0,189,730,653,391,,1963,
262144,597593.757348952,1232071,0,1,203,756,655,373,,1987,
262144,597593.757358704,1232069,1,0,176,733,626,362,,1897,
262144,597593.757363869,1232071,0,1,178,752,659,421,,2010,
262144,597593.757373518,1232069,1,0,190,739,632,396,,1957,
262144,597593.757379090,1232071,0,1,202,750,677,431,,2060,
262144,597593.757388837,1232069,1,0,214,744,627,395,,1980,
262144,597593.757394193,1232071,0,1,202,763,648,393,,2006,
262144,597593.757404264,1232069,1,0,192,749,639,361,,1941,
262144,597593.757409949,1232071,0,1,223,752,666,438,,2079,
262144,597593.757420032,1232069,1,0,199,876,622,443,,2140,
262144,597593.757425317,1232071,0,1,177,739,697,361,,1974,
262144,597593.757434886,1232069,1,0,193,747,634,413,,1987,
262144,597593.757440397,1232071,0,1,218,774,684,397,,2073,
262144,597593.757450136,1232069,1,0,181,741,660,356,,1938,
262144,597593.757455608,1232071,0,1,219,740,619,447,,2025,
262144,597593.757465473,1232069,1,0,185,756,665,559,,2165,
262144,597593.757471250,1232071,0,1,196,742,661,385,,1984,
262144,597593.757481015,1232069,1,0,190,743,639,467,,2039,
262144,597593.757487484,1232071,0,1,209,,,2005,,3392,
262144,597593.757498860,1232069,1,0,234,748,714,602,,2298,
262144,597593.757505219,1232071,0,1,332,848,683,494,,2357,
262144,597593.757515271,1232069,1,0,184,732,643,419,,1978,
262144,597593.757521037,1232071,0,1,188,759,638,433,,2018,
262144,597593.757530911,1232069,1,0,179,749,627,390,,1945,
262144,597593.757536675,1232071,0,1,195,754,654,451,,2054,
262144,597593.757546300,1232069,1,0,214,741,622,357,,1934,
262144,597593.757551573,1232071,0,1,177,747,647,364,,1935,
262144,597593.757561272,1232069,1,0,189,739,619,384,,1931,
262144,597593.757567057,1232071,0,1,202,757,688,431,,2078,
262144,597593.757576785,1232069,1,0,189,736,617,378,,1920,
262144,597593.757582465,1232071,0,1,176,754,1162,465,,2557,
262144,597593.757592520,1232069,1,0,184,747,664,404,,1999,
262144,597593.757598119,1232071,0,1,216,737,658,409,,2020,
262144,597593.757607842,1232069,1,0,181,744,749,476,,2150,
262144,597593.757613250,1232071,0,1,186,740,658,379,,1963,
262144,597593.757622999,1232069,1,0,181,753,621,381,,1936,
262144,597593.757629021,1232071,0,1,198,738,675,381,,1992,
262144,597593.757638688,1232069,1,0,192,749,670,379,,1990,
262144,597593.757644379,1232071,0,1,187,750,645,455,,2037,
262144,597593.757654164,1232069,1,0,171,739,632,395,,1937,
262144,597593.757661032,1232071,0,1,211,744,652,377,,1984,
262144,597593.757670707,1232069,1,0,194,752,653,349,,1948,
262144,597593.757679443,1232071,0,1,176,747,640,415,,1978,
262144,597593.757689332,1232069,1,0,211,871,702,430,,2214,
262144,597593.757698370,1232071,0,1,194,745,621,442,,2002,
262144,597593.757740975,1232069,1,0,354,743,670,346,,2113,
262144,597593.757750163,1232071,0,1,190,869,735,488,,2282,
262144,597593.757760402,1232069,1,0,201,745,642,419,,2007,
262144,597593.757769359,1232071,0,1,379,782,802,383,,2346,
262144,597593.757779221,1232069,1,0,279,745,714,373,,2111,
262144,597593.757787166,1232071,0,1,314,742,708,412,,2176,
262144,597593.757797159,1232069,1,0,221,731,882,428,,2262,
262144,597593.757805513,1232071,0,1,216,889,673,407,,2185,
262144,597593.757815593,1232069,1,0,188,1183,638,378,,2387,
262144,597593.757824509,1232071,0,1,177,744,706,438,,2065,
262144,597593.757834565,1232069,1,0,191,741,705,496,,2133,
262144,597593.757842065,1232071,0,1,210,753,649,405,,2017,
262144,597593.757851761,1232069,1,0,184,739,649,375,,1947,
262144,597593.757859714,1232071,0,1,178,742,629,361,,1910,
262144,597593.757869236,1232069,1,0,180,745,623,394,,1942,
262144,597593.757876372,1232071,0,1,215,743,684,402,,2044,
262144,597593.757886356,1232069,1,0,172,747,759,378,,2056,
262144,597593.757891908,1232071,0,1,177,743,622,381,,1923,
262144,597593.757901417,1232069,1,0,213,750,661,394,,2018,
262144,597593.757909009,1232071,0,1,187,751,655,380,,1973,
262144,597593.757919069,1232069,1,0,313,868,617,416,,2214,
262144,597593.757927054,1232071,0,1,285,773,641,424,,2123,
262144,597593.757937068,1232069,1,0,186,738,717,440,,2081,
262144,597593.757945761,1232071,0,1,198,748,653,382,,1981,
262144,597593.757955537,1232069,1,0,187,745,639,373,,1944,
262144,597593.757964044,1232071,0,1,186,757,656,390,,1989,
262144,597593.757973848,1232069,1,0,218,732,632,387,,1969,
262144,597593.757982212,1232071,0,1,195,761,648,423,,2027,
262144,597593.757992103,1232069,1,0,183,734,750,388,,2055,
262144,597593.758000096,1232071,0,1,183,735,653,365,,1936,
262144,597593.758009841,1232069,1,0,181,743,761,418,,2103,
262144,597593.758017804,1232071,0,1,569,779,766,437,,2551,
262144,597593.758028742,1232069,1,0,203,764,807,362,,2136,
262144,597593.758036395,1232071,0,1,172,775,675,435,,2057,
262144,597593.758046240,1232069,1,0,194,743,634,420,,1991,
262144,597593.758053355,1232071,0,1,188,747,648,406,,1989,
262144,597593.758063342,1232069,1,0,179,874,638,423,,2114,
262144,597593.758069980,1232071,0,1,194,748,637,363,,1942,
262144,597593.758079705,1232069,1,0,187,734,626,394,,1941,
262144,597593.758086815,1232071,0,1,197,733,656,449,,2035,
262144,597593.758096603,1232069,1,0,186,741,634,384,,1945,
262144,597593.758103472,1232071,0,1,204,744,641,359,,1948,
262144,597593.758113112,1232069,1,0,202,730,628,431,,1991,
262144,597593.758118860,1232071,0,1,197,755,695,678,,2325,
262144,597593.758129052,1232069,1,0,184,908,624,484,,2200,
262144,597593.758135433,1232071,0,1,201,979,649,353,,2182,
262144,597593.758145622,1232069,1,0,210,731,622,433,,1996,
262144,597593.758152518,1232071,0,1,192,738,630,390,,1950,
262144,597593.758165722,1232069,1,0,211,743,629,353,,1936,
262144,597593.758171825,1232071,0,1,178,728,658,416,,1980,
262144,597593.758181744,1232069,1,0,183,751,657,390,,1981,
262144,597593.758188647,1232071,0,1,215,724,676,446,,2061,
262144,597593.758198797,1232069,1,0,244,735,622,568,,2169,
262144,597593.758205638,1232071,0,1,185,758,648,545,,2136,
262144,597593.758215401,1232069,1,0,187,987,632,380,,2186,
262144,597593.758222317,1232071,0,1,201,743,650,460,,2054,
262144,597593.758232302,1232069,1,0,214,740,629,407,,1990,
262144,597593.758239460,1232071,0,1,197,741,697,385,,2020,
262144,597593.758249494,1232069,1,0,336,747,626,376,,2085,
262144,597593.758256397,1232071,0,1,207,736,640,381,,1964,
262144,597593.758266227,1232069,1,0,198,741,640,360,,1939,
262144,597593.758273763,1232071,0,1,183,746,645,411,,1985,
262144,597593.758283533,1232069,1,0,181,739,731,518,,2169,
262144,597593.758291142,1232071,0,1,201,736,775,414,,2126,
262144,597593.758301068,1232069,1,0,436,738,637,377,,2188,
262144,597593.758307135,1232071,0,1,187,758,651,364,,1960,
262144,597593.758316760,1232069,1,0,386,730,638,374,,2128,
262144,597593.758322432,1232071,0,1,204,749,652,499,,2104,
262144,597593.758332582,1232069,1,0,189,748,661,492,,2090,
262144,597593.758339265,1232071,0,1,190,746,651,463,,2050,
262144,597593.758349304,1232069,1,0,218,757,620,411,,2006,
262144,597593.758356587,1232071,0,1,189,736,659,382,,1966,
262144,597593.758366343,1232069,1,0,195,740,626,495,,2056,
262144,597593.758373274,1232071,0,1,186,752,663,378,,1979,
262144,597593.758383173,1232069,1,0,188,747,637,371,,1943,
262144,597593.758412498,1232071,0,1,299,761,692,401,,2153,
262144,597593.758422602,1232069,1,0,197,729,652,402,,1980,
262144,597593.758428313,1232071,0,1,171,739,651,458,,2019,
262144,597593.758440231,1232069,1,0,200,736,631,375,,1942,
262144,597593.758445996,1232071,0,1,203,751,629,420,,2003,
262144,597593.758457331,1232069,1,0,318,741,806,455,,2320,
262144,597593.758463656,1232071,0,1,202,745,647,381,,1975,
262144,597593.758475007,1232069,1,0,217,745,626,608,,2196,
262144,597593.758480872,1232071,0,1,203,741,653,456,,2053,
262144,597593.758492994,1232069,1,0,196,744,686,413,,2039,
262144,597593.758498733,1232071,0,1,263,761,1015,1554,,3593,
262144,597593.758510666,1232069,1,0,186,886,638,396,,2106,
262144,597593.758516544,1232071,0,1,194,757,715,410,,2076,
262144,597593.758527250,1232069,1,0,194,742,620,460,,2016,
262144,597593.758533066,1232071,0,1,213,743,629,419,,2004,
262144,597593.758543841,1232069,1,0,189,751,615,378,,1933,
262144,597593.758549831,1232071,0,1,199,814,630,382,,2025,
262144,597593.758560591,1232069,1,0,189,746,619,481,,2035,
262144,597593.758565965,1232071,0,1,177,750,651,433,,2011,
262144,597593.758576627,1232069,1,0,198,753,619,379,,1949,
262144,597593.758582380,1232071,0,1,192,735,644,519,,2090,
262144,597593.758593005,1232069,1,0,303,722,635,381,,2041,
262144,597593.758598845,1232071,0,1,170,754,631,363,,1918,
262144,597593.758609375,1232069,1,0,185,739,641,413,,1978,
262144,597593.758615313,1232071,0,1,187,742,656,405,,1990,
262144,597593.758626482,1232069,1,0,399,939,645,427,,2410,
262144,597593.758632378,1232071,0,1,187,753,627,476,,2043,
262144,597593.758643135,1232069,1,0,185,748,663,398,,1994,
262144,597593.758649421,1232071,0,1,212,754,645,416,,2027,
262144,597593.758660029,1232069,1,0,184,746,622,441,,1993,
262144,597593.758665445,1232071,0,1,181,737,657,412,,1987,
262144,597593.758675932,1232069,1,0,185,739,624,421,,1969,
262144,597593.758681752,1232071,0,1,202,767,628,499,,2096,
262144,597593.758692562,1232069,1,0,185,741,649,354,,1929,
262144,597593.758697907,1232071,0,1,176,739,646,427,,1988,
262144,597593.758708505,1232069,1,0,203,744,657,431,,2035,
262144,597593.758714363,1232071,0,1,208,737,675,384,,2004,
262144,597593.758725010,1232069,1,0,388,744,629,400,,2161,
262144,597593.758730729,1232071,0,1,178,739,627,432,,1976,
262144,597593.758740978,1232069,1,0,182,773,669,542,,2166,
262144,597593.758746732,1232071,0,1,205,736,660,405,,2006,
262144,597593.758756670,1232069,1,0,188,729,627,432,,1976,
262144,597593.758762268,1232071,0,1,179,740,629,436,,1984,
262144,597593.758772405,1232069,1,0,202,746,656,417,,2021,
262144,597593.758778163,1232071,0,1,193,745,631,378,,1947,
262144,597593.758788264,1232069,1,0,191,736,624,358,,1909,
262144,597593.758793908,1232071,0,1,184,751,630,402,,1967,
262144,597593.758803903,1232069,1,0,194,725,627,449,,1995,
262144,597593.758809778,1232071,0,1,200,744,635,504,,2083,
262144,597593.758820120,1232069,1,0,187,734,622,357,,1900,
262144,597593.758825736,1232071,0,1,200,741,654,436,,2031,
262144,597593.758836028,1232069,1,0,218,728,861,419,,2226,
262144,597593.758842148,1232071,0,1,203,744,619,411,,1977,
262144,597593.758851997,1232069,1,0,188,751,648,416,,2003,
262144,597593.758857638,1232071,0,1,179,751,643,411,,1984,
262144,597593.758867826,1232069,1,0,194,740,631,397,,1962,
262144,597593.758873836,1232071,0,1,200,751,669,445,,2065,
262144,597593.758883946,1232069,1,0,340,746,654,355,,2095,
262144,597593.758889898,1232071,0,1,224,734,634,409,,2001,
262144,597593.758899970,1232069,1,0,203,981,649,437,,2270,
262144,597593.758906331,1232071,0,1,182,745,901,479,,2307,
262144,597593.758916669,1232069,1,0,192,736,685,347,,1960,
262144,597593.758922020,1232071,0,1,206,758,855,369,,2188,
262144,597593.758932146,1232069,1,0,179,742,624,415,,1960,
262144,597593.758938106,1232071,0,1,195,743,632,381,,1951,
262144,597593.758948071,1232069,1,0,207,741,619,391,,1958,
262144,597593.758953532,1232071,0,1,176,737,647,410,,1970,
262144,597593.758963324,1232069,1,0,204,739,620,378,,1941,
262144,597593.758969175,1232071,0,1,204,756,654,453,,2067,
262144,597593.758979024,1232069,1,0,183,734,619,399,,1935,
262144,597593.758984415,1232071,0,1,172,741,653,364,,1930,
262144,597593.758994132,1232069,1,0,195,746,620,413,,1974,
262144,597593.759000008,1232071,0,1,216,751,655,488,,2110,
262144,597593.759009845,1232069,1,0,206,735,649,374,,1964,
262144,597593.759015202,1232071,0,1,167,774,641,410,,1992,
262144,597593.759025139,1232069,1,0,191,762,620,417,,1990,
262144,597593.759031073,1232071,0,1,201,740,677,404,,2022,
262144,597593.759041078,1232069,1,0,197,742,655,487,,2081,
262144,597593.759046517,1232071,0,1,174,752,636,424,,1986,
262144,597593.759056414,1232069,1,0,176,740,624,375,,1915,
262144,597593.759062088,1232071,0,1,204,736,685,513,,2138,
262144,597593.759072582,1232069,1,0,219,742,618,355,,1934,
262144,597593.759077854,1232071,0,1,189,750,635,359,,1933,
262144,597593.759087337,1232069,1,0,181,782,614,375,,1952,
262144,597593.759092988,1232071,0,1,211,744,664,514,,2133,
262144,597593.759102641,1232069,1,0,195,744,621,378,,1938,
262144,597593.759107866,1232071,0,1,215,755,638,458,,2066,
262144,597593.759117616,1232069,1,0,180,739,644,417,,1980,
262144,597593.759123161,1232071,0,1,208,747,689,383,,2027,
262144,597593.759132973,1232069,1,0,208,740,624,470,,2042,
262144,597593.759138763,1232071,0,1,186,748,630,358,,1922,
262144,597593.759148326,1232069,1,0,177,730,745,385,,2037,
262144,597593.759154409,1232071,0,1,202,749,684,409,,2044,
262144,597593.759164403,1232069,1,0,196,766,683,389,,2034,
262144,597593.759170001,1232071,0,1,203,745,652,380,,1980,
262144,597593.759179858,1232069,1,0,375,735,636,358,,2104,
262144,597593.759185913,1232071,0,1,208,757,675,520,,2160,
262144,597593.759196290,1232069,1,0,221,747,613,384,,1965,
262144,597593.759201642,1232071,0,1,184,739,623,402,,1948,
262144,597593.759211211,1232069,1,0,180,745,628,431,,1984,
262144,597593.759216796,1232071,0,1,204,747,672,400,,2023,
262144,597593.759226489,1232069,1,0,220,743,615,381,,1959,
262144,597593.759232100,1232071,0,1,170,753,646,446,,2015,
262144,597593.759241741,1232069,1,0,169,736,614,356,,1875,
262144,597593.759247209,1232071,0,1,199,754,638,386,,1977,
262144,597593.759256774,1232069,1,0,216,743,643,456,,2058,
262144,597593.759262343,1232071,0,1,199,744,673,726,,2342,
262144,597593.759272672,1232069,1,0,171,741,620,355,,1887,
262144,597593.759278129,1232071,0,1,206,743,661,451,,2061,
262144,597593.759287982,1232069,1,0,210,753,706,529,,2198,
262144,597593.759293537,1232071,0,1,200,736,653,357,,1946,
262144,597593.759303176,1232069,1,0,178,740,643,415,,1976,
262144,597593.759308799,1232071,0,1,208,730,680,439,,2057,
262144,597593.759318717,1232069,1,0,211,732,618,356,,1917,
262144,597593.759324101,1232071,0,1,191,737,649,449,,2026,
262144,597593.759333780,1232069,1,0,193,741,628,399,,1961,
262144,597593.759339077,1232071,0,1,201,737,657,412,,2007,
262144,597593.759348766,1232069,1,0,182,746,640,473,,2041,
262144,597593.759354028,1232071,0,1,169,747,691,530,,2137,
262144,597593.759363951,1232069,1,0,179,752,755,354,,2040,
262144,597593.759369538,1232071,0,1,188,753,660,461,,2062,
262144,597593.759379270,1232069,1,0,193,766,637,440,,2036,
262144,597593.759384553,1232071,0,1,167,743,659,367,,1936,
262144,597593.759394075,1232069,1,0,180,746,623,451,,2000,
262144,597593.759399732,1232071,0,1,226,756,654,411,,2047,
262144,597593.759409440,1232069,1,0,192,739,618,402,,1951,
262144,597593.759414733,1232071,0,1,204,753,650,436,,2043,
262144,597593.759424445,1232069,1,0,180,752,628,432,,1992,
262144,597593.759430063,1232071,0,1,207,753,646,385,,1991,
262144,597593.759439792,1232069,1,0,201,747,627,416,,1991,
262144,597593.759445148,1232071,0,1,210,743,643,441,,2037,
262144,597593.759454909,1232069,1,0,177,745,637,387,,1946,
262144,597593.759460380,1232071,0,1,203,751,656,494,,2104,
262144,597593.759470216,1232069,1,0,214,750,623,548,,2135,
262144,597593.759475540,1232071,0,1,178,754,641,365,,1938,
262144,597593.759486530,1232069,1,0,219,,,3219,,4674,
262144,597593.759494700,1232071,0,1,208,753,655,402,,2018,
262144,597593.759504697,1232069,1,0,223,746,624,381,,1974,
262144,597593.759510297,1232071,0,1,201,745,654,424,,2024,
262144,597593.759520208,1232069,1,0,188,746,653,461,,2048,
262144,597593.759525609,1232071,0,1,209,769,656,429,,2063,
262144,597593.759535634,1232069,1,0,183,767,625,429,,2004,
262144,597593.759541686,1232071,0,1,190,740,663,438,,2031,
262144,597593.759551305,1232069,1,0,199,733,621,353,,1906,
262144,597593.759556748,1232071,0,1,209,808,670,389,,2076,
262144,597593.759566592,1232069,1,0,188,746,623,589,,2146,
262144,597593.759572226,1232071,0,1,178,735,636,437,,1986,
262144,597593.759581774,1232069,1,0,190,749,627,394,,1960,
262144,597593.759587235,1232071,0,1,200,737,652,406,,1995,
262144,597593.759596767,1232069,1,0,452,753,632,405,,2242,
262144,597593.759602890,1232071,0,1,179,750,657,453,,2039,
262144,597593.759612693,1232069,1,0,207,862,651,502,,2222,
262144,597593.759618438,1232071,0,1,192,749,637,396,,1974,
262144,597593.759628235,1232069,1,0,243,809,622,397,,2071,
262144,597593.759633865,1232071,0,1,175,752,651,442,,2020,
262144,597593.759643699,1232069,1,0,189,743,777,356,,2065,
262144,597593.759649391,1232071,0,1,412,751,640,449,,2252,
262144,597593.759659453,1232069,1,0,176,747,642,399,,1964,
262144,597593.759665043,1232071,0,1,202,749,628,379,,1958,
262144,597593.759674937,1232069,1,0,180,745,807,393,,2125,
262144,597593.759680734,1232071,0,1,217,752,652,436,,2057,
262144,597593.759690479,1232069,1,0,362,756,620,389,,2127,
262144,597593.759696085,1232071,0,1,190,746,687,395,,2018,
262144,597593.759705815,1232069,1,0,194,737,634,436,,2001,
262144,597593.759711513,1232071,0,1,211,733,667,439,,2050,
262144,597593.759721173,1232069,1,0,362,745,633,383,,2123,
262144,597593.759726910,1232071,0,1,179,730,640,428,,1977,
262144,597593.759736824,1232069,1,0,218,746,637,411,,2012,
262144,597593.759742642,1232071,0,1,205,750,647,456,,2058,
262144,597593.759752548,1232069,1,0,196,741,640,442,,2019,
262144,597593.759758509,1232071,0,1,195,751,634,364,,1944,
262144,597593.759768074,1232069,1,0,219,739,647,354,,1959,
262144,597593.759773673,1232071,0,1,199,749,627,406,,1981,
262144,597593.759783345,1232069,1,0,213,729,634,396,,1972,
262144,597593.759789344,1232071,0,1,178,737,646,379,,1940,
262144,597593.759799219,1232069,1,0,192,732,634,465,,2023,
262144,597593.759804924,1232071,0,1,242,762,646,468,,2118,
262144,597593.759815238,1232069,1,0,177,741,795,476,,2189,
262144,597593.759821142,1232071,0,1,181,739,664,424,,2008,
262144,597593.759830641,1232069,1,0,194,746,834,424,,2198,
262144,597593.759836223,1232071,0,1,196,740,627,421,,1984,
262144,597593.759845878,1232069,1,0,363,737,621,463,,2184,
262144,597593.759851498,1232071,0,1,198,735,655,429,,2017,
262144,597593.759861247,1232069,1,0,361,885,621,373,,2240,
262144,597593.759867036,1232071,0,1,203,750,631,461,,2045,
262144,597593.759876827,1232069,1,0,189,717,639,420,,1965,
262144,597593.759882473,1232071,0,1,184,769,619,353,,1925,
262144,597593.759892181,1232069,1,0,221,747,665,428,,2061,
262144,597593.759898301,1232071,0,1,208,744,1094,476,,2522,
262144,597593.759908610,1232069,1,0,178,752,627,358,,1915,
262144,597593.759914344,1232071,0,1,177,750,656,402,,1985,
262144,597593.759924313,1232069,1,0,192,766,639,419,,2016,
262144,597593.759929739,1232071,0,1,204,747,635,410,,1996,
262144,597593.759939338,1232069,1,0,196,747,643,438,,2024,
262144,597593.759945002,1232071,0,1,188,749,651,400,,1988,
262144,597593.759954795,1232069,1,0,254,741,623,354,,1972,
262144,597593.759960457,1232071,0,1,204,753,697,461,,2115,
262144,597593.759970364,1232069,1,0,167,737,634,443,,1981,
262144,597593.759975623,1232071,0,1,171,753,626,363,,1913,
262144,597593.759985202,1232069,1,0,198,749,658,425,,2030,
262144,597593.759991171,1232071,0,1,191,753,659,466,,2069,
262144,597593.760001222,1232069,1,0,167,745,658,479,,2049,
262144,597593.760006718,1232071,0,1,196,777,621,484,,2078,
262144,597593.760016379,1232069,1,0,195,737,625,402,,1959,
262144,597593.760022062,1232071,0,1,197,743,648,363,,1951,
262144,597593.760031892,1232069,1,0,330,764,621,434,,2149,
262144,597593.760037467,1232071,0,1,205,749,652,441,,2047,
262144,597593.760047170,1232069,1,0,185,742,638,357,,1922,
262144,597593.760052465,1232071,0,1,213,724,678,428,,2043,
262144,597593.760062154,1232069,1,0,278,745,638,429,,2090,
262144,597593.760068405,1232071,0,1,173,741,680,371,,1965,
262144,597593.760077976,1232069,1,0,190,782,629,396,,1997,
262144,597593.760083780,1232071,0,1,201,753,663,433,,2050,
262144,597593.760126332,1232069,1,0,369,744,655,402,,2170,
262144,597593.760132438,1232071,0,1,237,732,637,430,,2036,
262144,597593.760142329,1232069,1,0,210,742,739,474,,2165,
262144,597593.760148152,1232071,0,1,201,749,650,469,,2069,
262144,597593.760157757,1232069,1,0,179,737,625,417,,1958,
262144,597593.760163567,1232071,0,1,193,758,657,473,,2081,
262144,597593.760173171,1232069,1,0,213,727,631,401,,1972,
262144,597593.760179142,1232071,0,1,190,738,667,363,,1958,
262144,597593.760188931,1232069,1,0,184,745,617,353,,1899,
262144,597593.760194789,1232071,0,1,186,744,647,378,,1955,
262144,597593.760204955,1232069,1,0,414,732,629,375,,2150,
262144,597593.760211895,1232071,0,1,210,755,625,485,,2075,
262144,597593.760221829,1232069,1,0,201,746,636,360,,1943,
262144,597593.760228417,1232071,0,1,170,738,648,417,,1973,
262144,597593.760237921,1232069,1,0,194,733,618,391,,1936,
262144,597593.760243895,1232071,0,1,195,752,654,379,,1980,
262144,597593.760253517,1232069,1,0,199,722,651,424,,1996,
262144,597593.760259932,1232071,0,1,179,750,624,451,,2004,
262144,597593.760269524,1232069,1,0,190,732,627,360,,1909,
262144,597593.760275155,1232071,0,1,209,752,651,385,,1997,
262144,597593.760293155,1232069,1,0,189,753,658,511,,2111,
262144,597593.760299162,1232071,0,1,208,780,625,643,,2256,
262144,597593.760309235,1232069,1,0,190,771,628,359,,1948,
262144,597593.760316266,1232071,0,1,200,778,651,564,,2193,
262144,597593.760326506,1232069,1,0,200,758,690,636,,2284,
262144,597593.760333879,1232071,0,1,194,778,628,408,,2008,
262144,597593.760343583,1232069,1,0,452,773,622,491,,2338,
262144,597593.760351529,1232071,0,1,195,776,777,495,,2243,
262144,597593.760361762,1232069,1,0,185,770,649,369,,1973,
262144,597593.760370678,1232071,0,1,190,774,626,556,,2146,
262144,597593.760380459,1232069,1,0,399,769,776,370,,2314,
262144,597593.760389219,1232071,0,1,196,762,647,393,,1998,
262144,597593.760398789,1232069,1,0,189,771,644,563,,2167,
262144,597593.760405790,1232071,0,1,201,787,716,1122,,2826,
262144,597593.760416469,1232069,1,0,198,771,625,397,,1991,
262144,597593.760422441,1232071,0,1,203,772,637,560,,2172,
262144,597593.760432385,1232069,1,0,178,771,646,560,,2155,
262144,597593.760440566,1232071,0,1,170,785,622,363,,1940,
262144,597593.760450193,1232069,1,0,181,1014,950,492,,2637,
262144,597593.760458343,1232071,0,1,261,777,635,367,,2040,
262144,597593.760468367,1232069,1,0,178,753,644,400,,1975,
262144,597593.760476116,1232071,0,1,182,771,661,669,,2283,
262144,597593.760488862,1232069,1,0,228,768,2271,529,,3796,
262144,597593.760498002,1232071,0,1,209,786,669,376,,2040,
262144,597593.760507837,1232069,1,0,1383,859,1184,498,,3924,
262144,597593.760518052,1232071,0,1,415,771,628,511,,2325,
262144,597593.760528439,1232069,1,0,431,765,621,424,,2241,
262144,597593.760536154,1232071,0,1,233,847,710,510,,2300,
262144,597593.760546177,1232069,1,0,198,764,698,748,,2408,
262144,597593.760553705,1232071,0,1,191,781,634,443,,2049,
262144,597593.760563471,1232069,1,0,217,766,753,482,,2218,
262144,597593.760573366,1232071,0,1,186,767,657,530,,2140,
262144,597593.760583725,1232069,1,0,376,767,653,607,,2403,
262144,597593.760593261,1232071,0,1,189,794,622,564,,2169,
262144,597593.760603054,1232069,1,0,233,764,647,352,,1996,
262144,597593.760612761,1232071,0,1,192,781,652,361,,1986,
262144,597593.760622714,1232069,1,0,194,1022,609,577,,2402,
262144,597593.760633412,1232071,0,1,192,780,625,557,,2154,
262144,597593.760643441,1232069,1,0,840,1025,637,359,,2861,
262144,597593.760654875,1232071,0,1,200,781,650,501,,2132,
262144,597593.760665004,1232069,1,0,206,774,1127,527,,2634,
262144,597593.760673770,1232071,0,1,191,779,640,423,,2033,
262144,597593.760683597,1232069,1,0,176,780,970,399,,2325,
262144,597593.760692956,1232071,0,1,196,774,671,519,,2160,
262144,597593.760702796,1232069,1,0,174,757,626,371,,1928,
262144,597593.760711718,1232071,0,1,224,774,974,533,,2505,
262144,597593.760721973,1232069,1,0,189,1005,648,518,,2360,
262144,597593.760730968,1232071,0,1,188,784,669,362,,2003,
262144,597593.760740661,1232069,1,0,394,1377,623,395,,2789,
262144,597593.760750947,1232071,0,1,200,789,628,627,,2244,
262144,597593.760761249,1232069,1,0,185,1015,906,633,,2739,
262144,597593.760772177,1232071,0,1,199,759,691,493,,2142,
262144,597593.760782343,1232069,1,0,719,775,622,393,,2509,
262144,597593.760792921,1232071,0,1,191,790,617,372,,1970,
262144,597593.760802830,1232069,1,0,169,764,853,404,,2190,
262144,597593.760831681,1232071,0,1,214,773,1023,547,,2557,
262144,597593.760841836,1232069,1,0,194,992,638,394,,2218,
262144,597593.760849204,1232071,0,1,203,765,651,560,,2179,
262144,597593.760861056,1232069,1,0,175,770,727,373,,2045,
262144,597593.760867272,1232071,0,1,189,770,650,401,,2010,
262144,597593.760878580,1232069,1,0,501,768,630,780,,2679,
262144,597593.760885420,1232071,0,1,202,774,650,519,,2145,
262144,597593.760897512,1232069,1,0,179,776,872,557,,2384,
262144,597593.760904746,1232071,0,1,186,779,630,388,,1983,
262144,597593.760916190,1232069,1,0,201,770,619,460,,2050,
262144,597593.760922220,1232071,0,1,416,780,625,573,,2394,
262144,597593.760933513,1232069,1,0,206,777,651,381,,2015,
262144,597593.760939553,1232071,0,1,212,787,690,529,,2218,
262144,597593.760950215,1232069,1,0,193,774,653,371,,1991,
262144,597593.760955972,1232071,0,1,170,787,645,503,,2105,
262144,597593.760966967,1232069,1,0,223,772,828,620,,2443,
262144,597593.760973315,1232071,0,1,187,770,677,596,,2230,
262144,597593.760984741,1232069,1,0,180,772,648,393,,1993,
262144,597593.760990992,1232071,0,1,178,781,619,392,,1970,
262144,597593.761001668,1232069,1,0,197,770,657,532,,2156,
262144,597593.761008306,1232071,0,1,200,770,639,521,,2130,
262144,597593.761019009,1232069,1,0,201,754,658,580,,2193,
262144,597593.761025612,1232071,0,1,208,800,648,529,,2185,
262144,597593.761037221,1232069,1,0,231,754,847,546,,2378,
262144,597593.761044391,1232071,0,1,203,770,636,524,,2133,
262144,597593.761055259,1232069,1,0,203,881,1331,376,,2791,
262144,597593.761062486,1232071,0,1,182,781,629,360,,1952,
262144,597593.761073069,1232069,1,0,188,757,625,493,,2063,
262144,597593.761080120,1232071,0,1,193,793,1667,595,,3248,
262144,597593.761092013,1232069,1,0,436,802,616,388,,2242,
262144,597593.761098882,1232071,0,1,213,901,666,513,,2293,
262144,597593.761109879,1232069,1,0,216,768,619,542,,2145,
262144,597593.761116152,1232071,0,1,190,777,625,402,,1994,
262144,597593.761126735,1232069,1,0,193,776,657,525,,2151,
262144,597593.761133042,1232071,0,1,169,767,630,563,,2129,
262144,597593.761143864,1232069,1,0,206,764,674,420,,2064,
262144,597593.761150795,1232071,0,1,189,778,667,544,,2178,
262144,597593.761161412,1232069,1,0,192,994,609,490,,2285,
262144,597593.761168393,1232071,0,1,185,747,661,520,,2113,
262144,597593.761178836,1232069,1,0,190,760,873,411,,2234,
262144,597593.761185205,1232071,0,1,195,785,637,592,,2209,
262144,597593.761195440,1232069,1,0,217,777,628,359,,1981,
262144,597593.761201723,1232071,0,1,237,759,688,483,,2167,
262144,597593.761211919,1232069,1,0,168,771,621,504,,2064,
262144,597593.761218577,1232071,0,1,187,770,638,385,,1980,
262144,597593.761228905,1232069,1,0,199,765,854,469,,2287,
262144,597593.761234671,1232071,0,1,197,764,665,541,,2167,
262144,597593.761244889,1232069,1,0,201,1008,642,367,,2218,
262144,597593.761251130,1232071,0,1,206,801,638,652,,2297,
262144,597593.761261538,1232069,1,0,178,764,629,392,,1963,
262144,597593.761267601,1232071,0,1,181,773,653,480,,2087,
262144,597593.761277705,1232069,1,0,205,800,623,532,,2160,
262144,597593.761284752,1232071,0,1,197,781,622,597,,2197,
262144,597593.761294895,1232069,1,0,182,768,624,621,,2195,
262144,597593.761301354,1232071,0,1,203,780,671,503,,2157,
262144,597593.761311836,1232069,1,0,211,777,640,760,,2388,
262144,597593.761318303,1232071,0,1,192,764,618,408,,1982,
262144,597593.761328504,1232069,1,0,186,767,743,617,,2313,
262144,597593.761334900,1232071,0,1,182,771,652,558,,2163,
262144,597593.761345183,1232069,1,0,182,772,638,351,,1943,
262144,597593.761351804,1232071,0,1,221,768,649,589,,2227,
262144,597593.761362022,1232069,1,0,191,778,983,519,,2471,
262144,597593.761369263,1232071,0,1,182,788,651,451,,2072,
262144,597593.761379330,1232069,1,0,539,764,849,408,,2560,
262144,597593.761385516,1232071,0,1,195,771,646,553,,2165,
262144,597593.761395503,1232069,1,0,211,766,668,556,,2201,
262144,597593.761400984,1232071,0,1,196,778,678,537,,2189,
262144,597593.761411171,1232069,1,0,184,775,892,506,,2357,
262144,597593.761417306,1232071,0,1,198,773,658,436,,2065,
262144,597593.761427080,1232069,1,0,200,751,631,399,,1981,
262144,597593.761432328,1232071,0,1,182,796,651,365,,1994,
262144,597593.761442163,1232069,1,0,185,794,660,353,,1992,
262144,597593.761447866,1232071,0,1,206,774,650,460,,2090,
262144,597593.761457913,1232069,1,0,208,762,625,470,,2065,
262144,597593.761463751,1232071,0,1,178,774,656,507,,2115,
262144,597593.761474135,1232069,1,0,184,759,632,411,,1986,
262144,597593.761480761,1232071,0,1,209,779,634,543,,2165,
262144,597593.761492793,1232069,1,0,209,782,915,525,,2431,
262144,597593.761499793,1232071,0,1,202,766,800,464,,2232,
262144,597593.761509870,1232069,1,0,212,764,710,429,,2115,
262144,597593.761515948,1232071,0,1,220,776,672,599,,2267,
262144,597593.761526270,1232069,1,0,390,761,985,576,,2712,
262144,597593.761532386,1232071,0,1,177,772,661,501,,2111,
262144,597593.761542208,1232069,1,0,176,762,620,486,,2044,
262144,597593.761547894,1232071,0,1,216,760,680,628,,2284,
262144,597593.761557700,1232069,1,0,191,760,651,567,,2169,
262144,597593.761563028,1232071,0,1,202,765,707,948,,2622,
262144,597593.761573426,1232069,1,0,185,757,648,371,,1961,
262144,597593.761579201,1232071,0,1,261,762,648,596,,2267,
262144,597593.761589258,1232069,1,0,195,762,635,519,,2111,
262144,597593.761595258,1232071,0,1,181,766,657,363,,1967,
262144,597593.761604979,1232069,1,0,192,765,628,551,,2136,
262144,597593.761611079,1232071,0,1,200,783,630,466,,2079,
262144,597593.761621108,1232069,1,0,229,771,627,374,,2001,
262144,597593.761627464,1232071,0,1,174,774,640,799,,2387,
262144,597593.761637605,1232069,1,0,215,767,625,506,,2113,
262144,597593.761643306,1232071,0,1,194,764,626,385,,1969,
262144,597593.761653272,1232069,1,0,202,769,666,375,,2012,
262144,597593.761658896,1232071,0,1,206,790,659,585,,2240,
262144,597593.761668889,1232069,1,0,182,774,657,394,,2007,
262144,597593.761675046,1232071,0,1,191,765,663,590,,2209,
262144,597593.761684857,1232069,1,0,187,785,628,536,,2136,
262144,597593.761690292,1232071,0,1,184,784,652,367,,1987,
262144,597593.761700063,1232069,1,0,191,757,636,376,,1960,
262144,597593.761706687,1232071,0,1,203,795,822,590,,2410,
262144,597593.761716859,1232069,1,0,186,768,622,525,,2101,
262144,597593.761725908,1232071,0,1,174,770,664,560,,2168,
262144,597593.761735838,1232069,1,0,1201,777,655,495,,3128,
262144,597593.761745188,1232071,0,1,192,766,641,409,,2008,
262144,597593.761755382,1232069,1,0,184,790,1088,360,,2422,
262144,597593.761761286,1232071,0,1,188,774,642,676,,2280,
262144,597593.761771251,1232069,1,0,183,772,701,639,,2295,
262144,597593.761777262,1232071,0,1,187,785,658,473,,2103,
262144,597593.761787371,1232069,1,0,180,774,836,534,,2324,
262144,597593.761793012,1232071,0,1,196,776,650,412,,2034,
262144,597593.761802873,1232069,1,0,198,773,793,394,,2158,
262144,597593.761808475,1232071,0,1,209,790,639,539,,2177,
262144,597593.761818404,1232069,1,0,226,758,624,476,,2084,
262144,597593.761824000,1232071,0,1,183,761,653,504,,2101,
262144,597593.761833673,1232069,1,0,186,760,631,554,,2131,
262144,597593.761839482,1232071,0,1,182,780,660,363,,1985,
262144,597593.761849097,1232069,1,0,205,1438,624,396,,2663,
262144,597593.761855021,1232071,0,1,445,751,654,566,,2416,
262144,597593.761865302,1232069,1,0,191,778,624,591,,2184,
262144,597593.761871008,1232071,0,1,191,755,644,523,,2113,
262144,597593.761880813,1232069,1,0,226,774,618,540,,2158,
262144,597593.761886301,1232071,0,1,208,780,653,362,,2003,
262144,597593.761896131,1232069,1,0,190,772,621,394,,1977,
262144,597593.761901685,1232071,0,1,193,789,668,593,,2243,
262144,597593.761911584,1232069,1,0,186,770,624,538,,2118,
262144,597593.761917193,1232071,0,1,184,772,680,497,,2133,
262144,597593.761927143,1232069,1,0,173,767,639,611,,2190,
262144,597593.761933183,1232071,0,1,209,759,659,361,,1988,
262144,597593.761942813,1232069,1,0,286,761,682,421,,2150,
262144,597593.761948128,1232071,0,1,189,786,649,514,,2138,
262144,597593.761957793,1232069,1,0,201,762,662,544,,2169,
262144,597593.761963601,1232071,0,1,201,765,636,557,,2159,
262144,597593.761973587,1232069,1,0,189,778,625,542,,2134,
262144,597593.761979021,1232071,0,1,213,769,642,392,,2016,
262144,597593.761988630,1232069,1,0,176,768,661,389,,1994,
262144,597593.761994319,1232071,0,1,209,794,637,559,,2199,
262144,597593.762004348,1232069,1,0,189,765,617,516,,2087,
262144,597593.762010193,1232071,0,1,177,752,644,361,,1934,
262144,597593.762019582,1232069,1,0,208,769,631,554,,2162,
262144,597593.762025424,1232071,0,1,202,777,713,614,,2306,
262144,597593.762035795,1232069,1,0,173,759,619,353,,1904,
262144,597593.762041182,1232071,0,1,192,878,653,514,,2237,
262144,597593.762050942,1232069,1,0,191,778,618,525,,2112,
262144,597593.762056610,1232071,0,1,206,776,639,373,,1994,
262144,597593.762066299,1232069,1,0,195,759,639,577,,2170,
262144,597593.762072354,1232071,0,1,194,777,646,534,,2151,
262144,597593.762082374,1232069,1,0,192,764,623,375,,1954,
262144,597593.762088474,1232071,0,1,206,775,685,557,,2223,
262144,597593.762098338,1232069,1,0,215,772,634,517,,2138,
262144,597593.762104643,1232071,0,1,171,761,656,366,,1954,
262144,597593.762114243,1232069,1,0,179,775,819,610,,2383,
262144,597593.762121537,1232071,0,1,197,779,1018,601,,2595,
262144,597593.762131888,1232069,1,0,613,766,624,353,,2356,
262144,597593.762138480,1232071,0,1,239,749,664,480,,2132,
262144,597593.762148378,1232069,1,0,191,767,634,546,,2138,
262144,597593.762153997,1232071,0,1,198,791,642,377,,2008,
262144,597593.762163650,1232069,1,0,222,768,613,567,,2170,
262144,597593.762169560,1232071,0,1,192,774,647,497,,2110,
262144,597593.762179450,1232069,1,0,189,776,624,409,,1998,
262144,597593.762186452,1232071,0,1,214,774,654,559,,2201,
262144,597593.762196601,1232069,1,0,206,1007,855,352,,2420,
262144,597593.762204316,1232071,0,1,182,766,634,524,,2106,
262144,597593.762214178,1232069,1,0,448,777,639,350,,2214,
262144,597593.762221180,1232071,0,1,206,776,649,581,,2212,
262144,597593.762231481,1232069,1,0,189,772,638,412,,2011,
262144,597593.762236853,1232071,0,1,178,777,651,522,,2128,
262144,597593.762246692,1232069,1,0,180,775,660,522,,2137,
262144,597593.762253223,1232071,0,1,200,801,660,381,,2042,
262144,597593.762263048,1232069,1,0,206,754,623,349,,1932,
262144,597593.762268948,1232071,0,1,181,783,647,383,,1994,
262144,597593.762278788,1232069,1,0,197,784,654,372,,2007,
262144,597593.762285416,1232071,0,1,213,788,626,485,,2112,
262144,597593.762295494,1232069,1,0,196,762,628,546,,2132,
262144,597593.762301148,1232071,0,1,185,775,660,359,,1979,
262144,597593.762310677,1232069,1,0,224,819,621,378,,2042,
262144,597593.762316258,1232071,0,1,197,777,683,514,,2171,
262144,597593.762326154,1232069,1,0,188,766,951,580,,2485,
262144,597593.762332675,1232071,0,1,172,757,651,555,,2135,
262144,597593.762342568,1232069,1,0,185,778,630,535,,2128,
262144,597593.762348647,1232071,0,1,195,796,656,447,,2094,
262144,597593.762358452,1232069,1,0,194,770,614,358,,1936,
262144,597593.762365464,1232071,0,1,209,773,654,584,,2220,
262144,597593.762375693,1232069,1,0,197,773,826,814,,2610,
262144,597593.762383584,1232071,0,1,206,767,645,588,,2206,
262144,597593.762393779,1232069,1,0,467,763,635,528,,2393,
262144,597593.762401112,1232071,0,1,167,780,650,561,,2158,
262144,597593.762411561,1232069,1,0,552,768,628,410,,2358,
262144,597593.762417909,1232071,0,1,205,778,642,571,,2196,
262144,597593.762427779,1232069,1,0,187,766,621,547,,2121,
262144,597593.762433714,1232071,0,1,169,785,649,527,,2130,
262144,597593.762443598,1232069,1,0,188,1013,846,501,,2548,
262144,597593.762450829,1232071,0,1,185,773,669,381,,2008,
262144,597593.762460600,1232069,1,0,227,754,1187,635,,2803,
262144,597593.762468287,1232071,0,1,169,773,653,536,,2131,
262144,597593.762477925,1232069,1,0,181,756,635,378,,1950,
262144,597593.762486125,1232071,0,1,202,770,725,398,,2095,
262144,597593.762495991,1232069,1,0,201,779,1144,484,,2608,
262144,597593.762502198,1232071,0,1,184,773,712,750,,2419,
262144,597593.762512264,1232069,1,0,183,758,930,565,,2436,
262144,597593.762520081,1232071,0,1,217,818,691,545,,2271,
262144,597593.762530168,1232069,1,0,473,989,894,535,,2891,
262144,597593.762537676,1232071,0,1,195,771,634,376,,1976,
262144,597593.762547286,1232069,1,0,447,750,621,518,,2336,
262144,597593.762555329,1232071,0,1,219,780,664,535,,2198,
262144,597593.762565361,1232069,1,0,199,756,657,340,,1952,
262144,597593.762575273,1232071,0,1,196,768,654,512,,2130,
262144,597593.762584965,1232069,1,0,372,761,715,399,,2247,
262144,597593.762594272,1232071,0,1,215,749,736,408,,2108,
262144,597593.762637939,1232069,1,0,333,814,897,588,,2632,
262144,597593.762649292,1232071,0,1,210,771,690,566,,2237,
262144,597593.762660648,1232069,1,0,206,789,702,465,,2162,
262144,597593.762670002,1232071,0,1,294,782,668,402,,2146,
262144,597593.762680705,1232069,1,0,230,795,693,532,,2250,
262144,597593.762689812,1232071,0,1,195,802,637,370,,2004,
262144,597593.762700569,1232069,1,0,199,790,723,810,,2522,
262144,597593.762709731,1232071,0,1,212,791,677,607,,2287,
262144,597593.762720592,1232069,1,0,203,797,780,401,,2181,
262144,597593.762730290,1232071,0,1,188,772,646,528,,2134,
262144,597593.762741465,1232069,1,0,733,1247,1141,571,,3692,
262144,597593.762753437,1232071,0,1,224,790,1002,385,,2401,
262144,597593.762764786,1232069,1,0,,,,886,,1903,
262144,597593.762774955,1232071,0,1,201,797,1147,549,,2694,
262144,597593.762786534,1232069,1,0,522,,,2427,,3220,
262144,597593.762797753,1232071,0,1,243,864,689,576,,2372,
262144,597593.762808633,1232069,1,0,435,794,708,508,,2445,
262144,597593.762818098,1232071,0,1,394,820,681,353,,2248,
262144,597593.762828929,1232069,1,0,208,793,688,543,,2232,
262144,597593.762839240,1232071,0,1,196,763,630,533,,2122,
262144,597593.762849160,1232069,1,0,396,774,661,357,,2188,
262144,597593.762858920,1232071,0,1,300,773,638,571,,2282,
262144,597593.762868842,1232069,1,0,199,765,754,634,,2352,
262144,597593.762879022,1232071,0,1,204,762,752,403,,2121,
262144,597593.762889055,1232069,1,0,241,750,630,352,,1973,
262144,597593.762898992,1232071,0,1,187,767,878,521,,2353,
262144,597593.762909169,1232069,1,0,201,760,713,876,,2550,
262144,597593.762919750,1232071,0,1,353,774,618,556,,2301,
262144,597593.762930100,1232069,1,0,190,768,686,347,,1991,
262144,597593.762940262,1232071,0,1,923,1014,949,380,,3266,
262144,597593.762951594,1232069,1,0,463,761,1027,399,,2650,
262144,597593.762962761,1232071,0,1,722,768,650,545,,2685,
262144,597593.762973416,1232069,1,0,415,768,633,347,,2163,
262144,597593.762983912,1232071,0,1,178,971,849,515,,2513,
262144,597593.762994414,1232069,1,0,203,781,615,380,,1979,
262144,597593.763004341,1232071,0,1,970,777,661,556,,2964,
262144,597593.763015491,1232069,1,0,440,758,622,626,,2446,
262144,597593.763025223,1232071,0,1,190,1005,647,562,,2404,
262144,597593.763035360,1232069,1,0,203,788,873,638,,2502,
262144,597593.763044937,1232071,0,1,213,769,687,388,,2057,
262144,597593.763054651,1232069,1,0,195,779,658,393,,2025,
262144,597593.763064114,1232071,0,1,201,796,619,369,,1985,
262144,597593.763074066,1232069,1,0,183,757,854,390,,2184,
262144,597593.763084501,1232071,0,1,918,778,650,558,,2904,
262144,597593.763095181,1232069,1,0,225,781,652,382,,2040,
262144,597593.763104816,1232071,0,1,196,768,625,369,,1958,
262144,597593.763114841,1232069,1,0,671,775,641,400,,2487,
262144,597593.763124164,1232071,0,1,211,770,1192,691,,2864,
262144,597593.763134988,1232069,1,0,180,771,880,358,,2189,
262144,597593.763143516,1232071,0,1,175,791,661,505,,2132,
262144,597593.763153436,1232069,1,0,214,769,627,531,,2141,
262144,597593.763162472,1232071,0,1,192,764,668,413,,2037,
262144,597593.763172607,1232069,1,0,179,769,619,483,,2050,
262144,597593.763181749,1232071,0,1,191,767,646,407,,2011,
262144,597593.763191622,1232069,1,0,203,777,779,427,,2186,
262144,597593.763201381,1232071,0,1,209,767,688,594,,2258,
262144,597593.763211654,1232069,1,0,210,777,1028,594,,2609,
262144,597593.763219969,1232071,0,1,198,769,661,417,,2045,
262144,597593.763229779,1232069,1,0,210,771,617,748,,2346,
262144,597593.763239103,1232071,0,1,189,777,624,538,,2128,
262144,597593.763249112,1232069,1,0,177,773,622,400,,1972,
262144,597593.763259331,1232071,0,1,193,901,659,558,,2311,
262144,597593.763269497,1232069,1,0,392,1003,620,567,,2582,
262144,597593.763280187,1232071,0,1,192,769,692,367,,2020,
262144,597593.763290552,1232069,1,0,186,785,872,449,,2292,
262144,597593.763299350,1232071,0,1,181,772,620,553,,2126,
262144,597593.763309267,1232069,1,0,214,778,651,400,,2043,
262144,597593.763317242,1232071,0,1,211,777,664,548,,2200,
262144,597593.763326907,1232069,1,0,187,762,641,353,,1943,
262144,597593.763336313,1232071,0,1,197,766,635,484,,2082,
262144,597593.763346627,1232069,1,0,185,1055,1354,858,,3452,
262144,597593.763355795,1232071,0,1,213,777,650,605,,2245,
262144,597593.763366108,1232069,1,0,680,775,623,398,,2476,
262144,597593.763374778,1232071,0,1,229,774,649,495,,2147,
262144,597593.763385159,1232069,1,0,200,774,627,525,,2126,
262144,597593.763413407,1232071,0,1,460,772,866,411,,2509,
262144,597593.763424188,1232069,1,0,184,782,610,588,,2164,
262144,597593.763430873,1232071,0,1,211,781,644,536,,2172,
262144,597593.763442828,1232069,1,0,191,764,635,396,,1986,
262144,597593.763449172,1232071,0,1,213,765,670,545,,2193,
262144,597593.763461156,1232069,1,0,184,763,616,498,,2061,
262144,597593.763468616,1232071,0,1,170,774,648,471,,2063,
262144,597593.763480033,1232069,1,0,309,753,623,633,,2318,
262144,597593.763494054,1232071,0,1,199,772,705,524,,2200,
262144,597593.763505444,1232069,1,0,231,790,742,598,,2361,
262144,597593.763512064,1232071,0,1,201,763,627,398,,1989,
262144,597593.763522266,1232069,1,0,192,766,633,519,,2110,
262144,597593.763529234,1232071,0,1,207,771,637,407,,2022,
262144,597593.763539886,1232069,1,0,192,766,843,401,,2202,
262144,597593.763547538,1232071,0,1,178,770,654,380,,1982,
262144,597593.763558433,1232069,1,0,225,770,619,396,,2010,
262144,597593.763565379,1232071,0,1,200,772,649,517,,2138,
262144,597593.763576217,1232069,1,0,202,764,656,517,,2139,
262144,597593.763582766,1232071,0,1,181,772,819,556,,2328,
262144,597593.763594006,1232069,1,0,200,786,643,393,,2022,
262144,597593.763601182,1232071,0,1,191,765,624,392,,1972,
262144,597593.763612103,1232069,1,0,229,782,609,535,,2155,
262144,597593.763619663,1232071,0,1,183,774,682,512,,2151,
262144,597593.763630426,1232069,1,0,481,766,632,486,,2365,
262144,597593.763637887,1232071,0,1,195,777,634,543,,2149,
262144,597593.763649665,1232069,1,0,198,774,649,359,,1980,
262144,597593.763655807,1232071,0,1,182,769,623,367,,1941,
262144,597593.763666573,1232069,1,0,191,771,619,505,,2086,
262144,597593.763673476,1232071,0,1,197,752,628,539,,2116,
262144,597593.763684107,1232069,1,0,211,772,627,485,,2095,
262144,597593.763690210,1232071,0,1,195,780,676,553,,2204,
262144,597593.763701040,1232069,1,0,191,765,775,385,,2116,
262144,597593.763708234,1232071,0,1,194,782,797,376,,2149,
262144,597593.763719237,1232069,1,0,194,770,640,497,,2101,
262144,597593.763725588,1232071,0,1,188,791,632,586,,2197,
262144,597593.763736386,1232069,1,0,171,767,672,511,,2121,
262144,597593.763742526,1232071,0,1,205,776,665,361,,2007,
262144,597593.763753043,1232069,1,0,197,773,650,409,,2029,
262144,597593.763759410,1232071,0,1,177,779,761,475,,2192,
262144,597593.763769815,1232069,1,0,189,771,653,533,,2146,
262144,597593.763775618,1232071,0,1,189,770,649,441,,2049,
262144,597593.763785534,1232069,1,0,182,804,623,518,,2127,
262144,597593.763791805,1232071,0,1,179,798,648,390,,2015,
262144,597593.763802025,1232069,1,0,195,776,641,402,,2014,
262144,597593.763808262,1232071,0,1,235,877,676,360,,2148,
262144,597593.763818420,1232069,1,0,188,787,961,499,,2435,
262144,597593.763825562,1232071,0,1,189,757,633,507,,2086,
262144,597593.763835612,1232069,1,0,205,770,646,516,,2137,
262144,597593.763842754,1232071,0,1,211,781,662,529,,2183,
262144,597593.763852802,1232069,1,0,184,764,638,358,,1944,
262144,597593.763859092,1232071,0,1,172,767,623,361,,1923,
262144,597593.763869631,1232069,1,0,187,774,625,524,,2110,
262144,597593.763876022,1232071,0,1,201,770,654,361,,1986,
262144,597593.763885935,1232069,1,0,258,1049,629,513,,2449,
262144,597593.763892428,1232071,0,1,178,773,644,609,,2204,
262144,597593.763902779,1232069,1,0,186,779,779,398,,2142,
262144,597593.763909993,1232071,0,1,252,755,630,495,,2132,
262144,597593.763920387,1232069,1,0,459,759,1065,516,,2799,
262144,597593.763927903,1232071,0,1,172,769,661,359,,1961,
262144,597593.763938629,1232069,1,0,183,994,639,505,,2321,
262144,597593.763945294,1232071,0,1,194,775,665,556,,2190,
262144,597593.763955460,1232069,1,0,182,764,644,374,,1964,
262144,597593.763961356,1232071,0,1,177,789,657,354,,1977,
262144,597593.763971303,1232069,1,0,229,760,645,512,,2146,
262144,597593.763978181,1232071,0,1,199,753,639,357,,1948,
262144,597593.763988602,1232069,1,0,444,759,869,601,,2673,
262144,597593.763996126,1232071,0,1,193,777,656,608,,2234,
262144,597593.764006142,1232069,1,0,197,765,867,427,,2256,
262144,597593.764012782,1232071,0,1,201,760,662,398,,2021,
262144,597593.764022938,1232069,1,0,214,763,622,524,,2123,
262144,597593.764028785,1232071,0,1,190,775,645,383,,1993,
262144,597593.764038700,1232069,1,0,202,763,648,394,,2007,
262144,597593.764045192,1232071,0,1,193,777,682,569,,2221,
262144,597593.764055093,1232069,1,0,454,754,633,586,,2427,
262144,597593.764061642,1232071,0,1,177,769,647,467,,2060,
262144,597593.764071687,1232069,1,0,181,763,644,548,,2136,
262144,597593.764078224,1232071,0,1,189,779,699,926,,2593,
262144,597593.764088866,1232069,1,0,208,758,624,379,,1969,
262144,597593.764094712,1232071,0,1,208,784,657,566,,2215,
262144,597593.764104645,1232069,1,0,213,774,921,555,,2463,
262144,597593.764111118,1232071,0,1,193,769,627,380,,1969,
262144,597593.764120936,1232069,1,0,185,763,652,536,,2136,
262144,597593.764126497,1232071,0,1,184,779,751,403,,2117,
262144,597593.764136280,1232069,1,0,191,768,625,399,,1983,
262144,597593.764142395,1232071,0,1,209,780,655,528,,2172,
262144,597593.764152061,1232069,1,0,181,770,625,548,,2124,
262144,597593.764159462,1232071,0,1,172,757,647,467,,2043,
262144,597593.764169279,1232069,1,0,404,761,760,548,,2473,
262144,597593.764175981,1232071,0,1,198,759,1214,515,,2686,
262144,597593.764186442,1232069,1,0,189,776,691,371,,2027,
262144,597593.764192317,1232071,0,1,190,771,659,480,,2100,
262144,597593.764202107,1232069,1,0,196,774,620,574,,2164,
262144,597593.764209201,1232071,0,1,207,779,664,369,,2019,
262144,597593.764219071,1232069,1,0,195,781,639,533,,2148,
262144,597593.764225202,1232071,0,1,180,785,668,385,,2018,
262144,597593.764235098,1232069,1,0,211,779,635,402,,2027,
262144,597593.764241657,1232071,0,1,223,781,677,553,,2234,
262144,597593.764251748,1232069,1,0,223,783,668,501,,2175,
262144,597593.764257705,1232071,0,1,219,776,642,374,,2011,
262144,597593.764267632,1232069,1,0,214,783,641,542,,2180,
262144,597593.764274181,1232071,0,1,200,791,671,534,,2196,
262144,597593.764284189,1232069,1,0,198,783,637,366,,1984,
262144,597593.764290512,1232071,0,1,195,827,675,495,,2192,
262144,597593.764300489,1232069,1,0,447,780,638,542,,2407,
262144,597593.764306984,1232071,0,1,201,781,644,419,,2045,
262144,597593.764316887,1232069,1,0,194,782,694,512,,2182,
262144,597593.764323635,1232071,0,1,171,778,671,527,,2147,
262144,597593.764334110,1232069,1,0,216,784,855,409,,2264,
262144,597593.764340638,1232071,0,1,215,791,658,572,,2236,
262144,597593.764350718,1232069,1,0,198,772,630,361,,1961,
262144,597593.764356231,1232071,0,1,188,779,678,534,,2179,
262144,597593.764366066,1232069,1,0,217,1181,643,528,,2569,
262144,597593.764372806,1232071,0,1,186,784,680,592,,2242,
262144,597593.764382842,1232069,1,0,202,781,655,632,,2270,
262144,597593.764388743,1232071,0,1,285,770,676,484,,2215,
262144,597593.764398693,1232069,1,0,184,780,686,584,,2234,
262144,597593.764404537,1232071,0,1,206,768,640,429,,2043,
262144,597593.764414270,1232069,1,0,194,781,639,573,,2187,
262144,597593.764420001,1232071,0,1,192,786,674,535,,2187,
262144,597593.764429863,1232069,1,0,177,777,652,417,,2023,
262144,597593.764435786,1232071,0,1,204,796,646,565,,2211,
262144,597593.764445674,1232069,1,0,216,788,685,511,,2200,
262144,597593.764451512,1232071,0,1,185,758,675,361,,1979,
262144,597593.764461461,1232069,1,0,512,774,648,386,,2320,
262144,597593.764467926,1232071,0,1,231,799,677,552,,2259,
262144,597593.764478105,1232069,1,0,189,764,631,397,,1981,
262144,597593.764486741,1232071,0,1,207,780,731,485,,2203,
262144,597593.764496845,1232069,1,0,237,797,663,569,,2266,
262144,597593.764504324,1232071,0,1,224,780,653,405,,2062,
262144,597593.764514244,1232069,1,0,208,1012,649,364,,2233,
262144,597593.764521425,1232071,0,1,165,784,724,546,,2219,
262144,597593.764531697,1232069,1,0,202,772,652,386,,2012,
262144,597593.764538083,1232071,0,1,200,766,663,429,,2058,
262144,597593.764547907,1232069,1,0,188,771,645,538,,2142,
262144,597593.764553770,1232071,0,1,192,783,1496,524,,2995,
262144,597593.764564287,1232069,1,0,206,777,645,359,,1987,
262144,597593.764570692,1232071,0,1,205,770,676,543,,2194,
262144,597593.764580725,1232069,1,0,207,765,698,854,,2524,
262144,597593.764586681,1232071,0,1,189,768,674,368,,1999,
262144,597593.764596322,1232069,1,0,240,789,672,633,,2334,
262144,597593.764602801,1232071,0,1,211,765,686,537,,2199,
262144,597593.764612823,1232069,1,0,472,772,645,361,,2250,
262144,597593.764619657,1232071,0,1,200,781,780,590,,2351,
262144,597593.764629884,1232069,1,0,195,779,654,411,,2039,
262144,597593.764636028,1232071,0,1,202,777,671,394,,2044,
262144,597593.764645967,1232069,1,0,234,775,758,500,,2267,
262144,597593.764651916,1232071,0,1,187,779,908,527,,2401,
262144,597593.764662030,1232069,1,0,216,768,650,519,,2153,
262144,597593.764668459,1232071,0,1,208,771,963,523,,2465,
262144,597593.764678611,1232069,1,0,189,772,644,507,,2112,
262144,597593.764685927,1232071,0,1,212,780,676,383,,2051,
262144,597593.764695812,1232069,1,0,204,777,676,743,,2400,
262144,597593.764703725,1232071,0,1,229,774,659,573,,2235,
262144,597593.764714030,1232069,1,0,222,781,651,349,,2003,
262144,597593.764720523,1232071,0,1,209,792,671,518,,2190,
262144,597593.764730683,1232069,1,0,236,777,655,513,,2181,
262144,597593.764736802,1232071,0,1,211,790,717,388,,2106,
262144,597593.764746835,1232069,1,0,189,833,643,554,,2219,
262144,597593.764753738,1232071,0,1,184,771,680,752,,2387,
262144,597593.764764153,1232069,1,0,424,1038,628,396,,2486,
262144,597593.764772192,1232071,0,1,214,783,696,548,,2241,
262144,597593.764782538,1232069,1,0,493,798,659,505,,2455,
262144,597593.764790862,1232071,0,1,184,775,671,380,,2010,
262144,597593.764800926,1232069,1,0,416,786,662,625,,2489,
262144,597593.764807272,1232071,0,1,232,784,682,554,,2252,
262144,597593.764817373,1232069,1,0,194,779,646,365,,1984,
262144,597593.764823044,1232071,0,1,171,789,719,496,,2175,
262144,597593.764833180,1232069,1,0,214,814,650,415,,2093,
262144,597593.764839837,1232071,0,1,221,810,773,439,,2243,
262144,597593.764850265,1232069,1,0,586,782,652,642,,2662,
262144,597593.764857288,1232071,0,1,184,803,746,605,,2338,
262144,597593.764867510,1232069,1,0,203,803,644,415,,2065,
262144,597593.764873883,1232071,0,1,215,925,717,580,,2437,
262144,597593.764884515,1232069,1,0,241,784,651,526,,2202,
262144,597593.764891150,1232071,0,1,184,808,731,416,,2139,
262144,597593.764901565,1232069,1,0,220,798,649,560,,2227,
262144,597593.764908035,1232071,0,1,219,809,735,483,,2246,
262144,597593.764918539,1232069,1,0,215,790,933,558,,2496,
262144,597593.764925158,1232071,0,1,186,802,750,412,,2150,
262144,597593.764935230,1232069,1,0,208,795,646,411,,2060,
262144,597593.764941372,1232071,0,1,209,785,732,627,,2353,
262144,597593.764952209,1232069,1,0,254,1050,660,613,,2577,
262144,597593.764960537,1232071,0,1,221,802,736,526,,2285,
262144,597593.764971012,1232069,1,0,452,799,889,411,,2551,
262144,597593.764978765,1232071,0,1,301,796,743,459,,2299,
262144,597593.764989126,1232069,1,0,208,793,645,495,,2141,
262144,597593.764995719,1232071,0,1,227,800,852,588,,2467,
262144,597593.765006259,1232069,1,0,216,800,692,547,,2255,
262144,597593.765013367,1232071,0,1,208,788,733,550,,2279,
262144,597593.765023668,1232069,1,0,207,802,657,380,,2046,
262144,597593.765029848,1232071,0,1,196,791,673,543,,2203,
262144,597593.765040127,1232069,1,0,230,781,667,531,,2209,
262144,597593.765045982,1232071,0,1,220,772,734,621,,2347,
262144,597593.765056712,1232069,1,0,201,822,694,422,,2139,
262144,597593.765062603,1232071,0,1,192,803,676,561,,2232,
262144,597593.765073567,1232069,1,0,204,802,718,459,,2183,
262144,597593.765079738,1232071,0,1,219,803,685,405,,2112,
262144,597593.765090418,1232069,1,0,236,803,708,576,,2323,
262144,597593.765096530,1232071,0,1,232,828,682,355,,2097,
262144,597593.765107378,1232069,1,0,212,797,710,468,,2187,
262144,597593.765114463,1232071,0,1,230,793,687,571,,2281,
262144,597593.765125403,1232069,1,0,212,826,705,569,,2312,
262144,597593.765131908,1232071,0,1,235,795,673,412,,2115,
262144,597593.765142528,1232069,1,0,207,815,699,609,,2330,
262144,597593.765150476,1232071,0,1,198,803,666,632,,2299,
262144,597593.765161642,1232069,1,0,219,807,877,431,,2334,
262144,597593.765169493,1232071,0,1,240,801,671,582,,2294,
262144,597593.765180402,1232069,1,0,193,825,1020,593,,2631,
262144,597593.765188833,1232071,0,1,210,788,685,403,,2086,
262144,597593.765199658,1232069,1,0,206,811,756,537,,2310,
262144,597593.765206895,1232071,0,1,201,808,915,479,,2403,
262144,597593.765217793,1232069,1,0,229,810,708,461,,2208,
262144,597593.765224551,1232071,0,1,226,806,657,536,,2225,
262144,597593.765272814,1232069,1,0,220,800,756,478,,2254,
262144,597593.765280598,1232071,0,1,185,795,690,491,,2161,
262144,597593.765291655,1232069,1,0,208,812,686,639,,2345,
262144,597593.765299243,1232071,0,1,208,793,644,554,,2199,
262144,597593.765310044,1232069,1,0,195,801,896,397,,2289,
262144,597593.765319284,1232071,0,1,192,775,641,596,,2204,
262144,597593.765330284,1232069,1,0,193,1030,677,720,,2620,
262144,597593.765340161,1232071,0,1,212,787,658,421,,2078,
262144,597593.765351020,1232069,1,0,719,804,699,554,,2776,
262144,597593.765361195,1232071,0,1,194,807,656,515,,2172,
262144,597593.765372033,1232069,1,0,221,798,891,432,,2342,
262144,597593.765379466,1232071,0,1,222,794,669,662,,2347,
262144,597593.765390476,1232069,1,0,191,794,693,524,,2202,
262144,597593.765398196,1232071,0,1,197,788,667,366,,2018,
262144,597593.765409107,1232069,1,0,212,901,796,546,,2455,
262144,597593.765418941,1232071,0,1,212,782,671,530,,2195,
262144,597593.765429603,1232069,1,0,220,802,684,440,,2146,
262144,597593.765438224,1232071,0,1,209,831,654,547,,2241,
262144,597593.765449197,1232069,1,0,214,794,690,525,,2223,
262144,597593.765456853,1232071,0,1,217,795,657,411,,2080,
262144,597593.765467735,1232069,1,0,362,797,688,535,,2382,
262144,597593.765474924,1232071,0,1,185,790,661,367,,2003,
262144,597593.765493977,1232069,1,0,249,780,702,408,,2139,
262144,597593.765502106,1232071,0,1,215,772,689,577,,2253,
262144,597593.765512293,1232069,1,0,217,943,857,564,,2581,
262144,597593.765522204,1232071,0,1,179,764,637,396,,1976,
262144,597593.765531965,1232069,1,0,915,1022,703,428,,3068,
262144,597593.765542906,1232071,0,1,209,757,662,524,,2152,
262144,597593.765553513,1232069,1,0,193,778,1092,429,,2492,
262144,597593.765562771,1232071,0,1,203,761,906,509,,2379,
262144,597593.765572790,1232069,1,0,385,763,666,525,,2339,
262144,597593.765580655,1232071,0,1,217,776,650,374,,2017,
262144,597593.765590285,1232069,1,0,174,780,852,374,,2180,
262144,597593.765598442,1232071,0,1,177,763,648,549,,2137,
262144,597593.765608378,1232069,1,0,401,771,751,852,,2775,
262144,597593.765617274,1232071,0,1,428,782,640,487,,2337,
262144,597593.765627085,1232069,1,0,186,763,624,506,,2079,
262144,597593.765633978,1232071,0,1,188,780,1002,538,,2508,
262144,597593.765644764,1232069,1,0,208,764,635,398,,2005,
262144,597593.765652196,1232071,0,1,210,775,662,565,,2212,
262144,597593.765662168,1232069,1,0,218,765,695,516,,2194,
262144,597593.765670311,1232071,0,1,183,773,628,354,,1938,
262144,597593.765680256,1232069,1,0,195,1250,1001,502,,2948,
262144,597593.765688867,1232071,0,1,215,780,664,522,,2181,
262144,597593.765698914,1232069,1,0,185,772,619,418,,1994,
262144,597593.765707233,1232071,0,1,199,757,644,565,,2165,
262144,597593.765718228,1232069,1,0,196,771,631,410,,2008,
262144,597593.765727626,1232071,0,1,211,770,674,375,,2030,
262144,597593.765737377,1232069,1,0,176,771,657,470,,2074,
262144,597593.765745053,1232071,0,1,182,792,1528,548,,3050,
262144,597593.765755648,1232069,1,0,192,769,628,498,,2087,
262144,597593.765764390,1232071,0,1,188,772,627,553,,2140,
262144,597593.765774430,1232069,1,0,187,769,627,495,,2078,
262144,597593.765783211,1232071,0,1,191,781,700,364,,2036,
262144,597593.765793234,1232069,1,0,193,761,838,493,,2285,
262144,597593.765802841,1232071,0,1,207,765,654,522,,2148,
262144,597593.765812991,1232069,1,0,184,763,644,395,,1986,
262144,597593.765822335,1232071,0,1,204,779,627,548,,2158,
262144,597593.765832475,1232069,1,0,200,772,846,407,,2225,
262144,597593.765841961,1232071,0,1,205,779,663,363,,2010,
262144,597593.765851924,1232069,1,0,195,765,856,526,,2342,
262144,597593.765861486,1232071,0,1,207,746,962,573,,2488,
262144,597593.765871538,1232069,1,0,187,764,666,433,,2050,
262144,597593.765880075,1232071,0,1,292,794,657,488,,2231,
262144,597593.765890353,1232069,1,0,184,793,920,526,,2423,
262144,597593.765900070,1232071,0,1,172,771,650,363,,1956,
262144,597593.765909806,1232069,1,0,188,767,883,375,,2213,
262144,597593.765918996,1232071,0,1,205,789,684,356,,2034,
262144,597593.765929106,1232069,1,0,192,772,644,399,,2007,
262144,597593.765937626,1232071,0,1,254,785,731,585,,2355,
262144,597593.765948074,1232069,1,0,197,772,642,456,,2067,
262144,597593.765957529,1232071,0,1,201,762,646,407,,2016,
262144,597593.765967298,1232069,1,0,188,811,962,555,,2516,
262144,597593.765976148,1232071,0,1,204,781,651,493,,2129,
262144,597593.765986165,1232069,1,0,186,778,687,364,,2015,
262144,597593.766013409,1232071,0,1,476,833,685,546,,2540,
262144,597593.766024350,1232069,1,0,204,782,808,504,,2298,
262144,597593.766031329,1232071,0,1,222,760,688,374,,2044,
262144,597593.766043071,1232069,1,0,188,770,851,488,,2297,
262144,597593.766049438,1232071,0,1,207,778,646,522,,2153,
262144,597593.766060605,1232069,1,0,192,775,637,380,,1984,
262144,597593.766067394,1232071,0,1,202,779,663,556,,2200,
262144,597593.766078939,1232069,1,0,197,765,626,402,,1990,
262144,597593.766085652,1232071,0,1,204,776,680,511,,2171,
262144,597593.766097256,1232069,1,0,800,769,864,445,,2878,
262144,597593.766103668,1232071,0,1,171,766,627,526,,2090,
262144,597593.766114266,1232069,1,0,187,768,658,378,,1991,
262144,597593.766120276,1232071,0,1,183,789,630,377,,1979,
262144,597593.766130806,1232069,1,0,245,788,657,532,,2222,
262144,597593.766136792,1232071,0,1,177,775,631,559,,2142,
262144,597593.766147602,1232069,1,0,204,772,626,379,,1981,
262144,597593.766153965,1232071,0,1,184,777,636,582,,2179,
262144,597593.766164812,1232069,1,0,186,771,656,500,,2113,
262144,597593.766170939,1232071,0,1,182,772,637,370,,1961,
262144,597593.766181315,1232069,1,0,186,777,662,586,,2211,
262144,597593.766188395,1232071,0,1,204,763,665,694,,2326,
262144,597593.766199809,1232069,1,0,206,764,630,373,,1973,
262144,597593.766206127,1232071,0,1,184,786,652,365,,1987,
262144,597593.766217650,1232069,1,0,184,790,677,831,,2482,
262144,597593.766224508,1232071,0,1,202,790,621,536,,2149,
262144,597593.766235228,1232069,1,0,184,764,644,537,,2129,
262144,597593.766241598,1232071,0,1,178,779,659,366,,1982,
262144,597593.766252068,1232069,1,0,196,771,659,377,,2003,
262144,597593.766258423,1232071,0,1,196,771,625,567,,2159,
262144,597593.766269053,1232069,1,0,198,771,636,515,,2120,
262144,597593.766275774,1232071,0,1,185,785,685,506,,2161,
262144,597593.766286816,1232069,1,0,194,778,625,553,,2150,
262144,597593.766293531,1232071,0,1,189,767,689,931,,2576,
262144,597593.766304855,1232069,1,0,198,775,635,374,,1982,
262144,597593.766311102,1232071,0,1,188,781,664,580,,2213,
262144,597593.766321857,1232069,1,0,231,756,1096,545,,2628,
262144,597593.766329703,1232071,0,1,189,775,645,356,,1965,
262144,597593.766340105,1232069,1,0,208,995,904,613,,2720,
262144,597593.766346902,1232071,0,1,169,772,866,487,,2294,
262144,597593.766357667,1232069,1,0,206,766,621,406,,1999,
262144,597593.766363924,1232071,0,1,203,768,633,422,,2026,
262144,597593.766373997,1232069,1,0,190,768,624,466,,2048,
262144,597593.766380233,1232071,0,1,191,775,677,553,,2196,
262144,597593.766390737,1232069,1,0,457,765,878,518,,2618,
262144,597593.766398216,1232071,0,1,204,779,639,490,,2112,
262144,597593.766408743,1232069,1,0,223,766,670,534,,2193,
262144,597593.766415886,1232071,0,1,186,772,623,535,,2116,
262144,597593.766426142,1232069,1,0,187,762,625,494,,2068,
262144,597593.766432609,1232071,0,1,190,769,727,368,,2054,
262144,597593.766442759,1232069,1,0,434,804,663,487,,2388,
262144,597593.766449063,1232071,0,1,212,783,683,585,,2263,
262144,597593.766459438,1232069,1,0,179,765,641,352,,1937,
262144,597593.766466603,1232071,0,1,202,770,635,560,,2167,
262144,597593.766477100,1232069,1,0,699,743,642,508,,2592,
262144,597593.766484741,1232071,0,1,217,,,3597,,6070,
262144,597593.766499122,1232069,1,0,212,801,690,567,,2270,
262144,597593.766505072,1232071,0,1,199,778,719,523,,2219,
262144,597593.766515693,1232069,1,0,187,768,652,387,,1994,
262144,597593.766522014,1232071,0,1,203,906,642,358,,2109,
262144,597593.766532192,1232069,1,0,203,772,833,503,,2311,
262144,597593.766538487,1232071,0,1,195,775,692,591,,2253,
262144,597593.766548672,1232069,1,0,187,770,638,488,,2083,
262144,597593.766554323,1232071,0,1,174,787,640,786,,2387,
262144,597593.766564845,1232069,1,0,201,777,651,395,,2024,
262144,597593.766570712,1232071,0,1,198,786,661,382,,2027,
262144,597593.766580660,1232069,1,0,186,778,635,379,,1978,
262144,597593.766586530,1232071,0,1,171,770,658,593,,2192,
262144,597593.766596703,1232069,1,0,202,1126,626,521,,2475,
262144,597593.766602900,1232071,0,1,191,767,668,620,,2246,
262144,597593.766613047,1232069,1,0,197,776,640,356,,1969,
262144,597593.766618827,1232071,0,1,233,775,679,491,,2178,
262144,597593.766628869,1232069,1,0,194,782,621,592,,2189,
262144,597593.766634857,1232071,0,1,197,789,643,399,,2028,
262144,597593.766644656,1232069,1,0,184,764,774,495,,2217,
262144,597593.766651147,1232071,0,1,181,780,651,547,,2159,
262144,597593.766661068,1232069,1,0,192,774,636,374,,1976,
262144,597593.766668031,1232071,0,1,193,756,653,560,,2162,
262144,597593.766678051,1232069,1,0,183,783,638,395,,1999,
262144,597593.766684211,1232071,0,1,177,762,651,518,,2108,
262144,597593.766694195,1232069,1,0,571,776,631,517,,2495,
262144,597593.766700912,1232071,0,1,206,787,651,544,,2188,
262144,597593.766711113,1232069,1,0,183,772,633,610,,2198,
262144,597593.766717892,1232071,0,1,199,768,646,569,,2182,
262144,597593.766727736,1232069,1,0,184,765,633,423,,2005,
262144,597593.766733063,1232071,0,1,215,769,647,407,,2038,
262144,597593.766742875,1232069,1,0,199,776,623,354,,1952,
262144,597593.766748356,1232071,0,1,178,788,662,565,,2193,
262144,597593.766758238,1232069,1,0,221,773,654,420,,2068,
262144,597593.766764229,1232071,0,1,196,785,649,375,,2005,
262144,597593.766774057,1232069,1,0,175,769,636,515,,2095,
262144,597593.766779652,1232071,0,1,186,775,667,602,,2230,
262144,597593.766789927,1232069,1,0,198,764,652,438,,2052,
262144,597593.766795916,1232071,0,1,188,782,651,540,,2161,
262144,597593.766805942,1232069,1,0,197,765,752,577,,2291,
262144,597593.766812465,1232071,0,1,198,772,660,366,,1996,
262144,597593.766822739,1232069,1,0,189,754,629,530,,2102,
262144,597593.766828518,1232071,0,1,199,797,685,555,,2236,
262144,597593.766838696,1232069,1,0,219,769,633,382,,2003,
262144,597593.766844226,1232071,0,1,180,770,904,507,,2361,
262144,597593.766854348,1232069,1,0,192,758,769,413,,2132,
262144,597593.766860243,1232071,0,1,207,767,655,406,,2035,
262144,597593.766870006,1232069,1,0,186,757,622,480,,2045,
262144,597593.766875739,1232071,0,1,180,766,1412,508,,2866,
262144,597593.766886362,1232069,1,0,202,775,627,767,,2371,
262144,597593.766892875,1232071,0,1,248,778,656,563,,2245,
262144,597593.766902943,1232069,1,0,191,768,616,514,,2089,
262144,597593.766908833,1232071,0,1,176,769,653,364,,1962,
262144,597593.766918569,1232069,1,0,208,768,625,360,,1961,
262144,597593.766925224,1232071,0,1,205,784,721,475,,2185,
262144,597593.766935236,1232069,1,0,208,782,640,353,,1983,
262144,597593.766941211,1232071,0,1,194,764,693,528,,2179,
262144,597593.766951046,1232069,1,0,197,770,626,396,,1989,
262144,597593.766957232,1232071,0,1,212,777,632,417,,2038,
262144,597593.766967138,1232069,1,0,185,769,646,467,,2067,
262144,597593.766972354,1232071,0,1,174,779,653,548,,2154,
262144,597593.766982208,1232069,1,0,187,760,617,396,,1960,
262144,597593.766987519,1232071,0,1,200,801,652,633,,2286,
262144,597593.766997550,1232069,1,0,214,764,665,521,,2164,
262144,597593.767003182,1232071,0,1,214,773,651,375,,2013,
262144,597593.767012840,1232069,1,0,187,776,634,494,,2091,
262144,597593.767018413,1232071,0,1,203,775,655,616,,2249,
262144,597593.767028328,1232069,1,0,185,774,626,398,,1983,
262144,597593.767033665,1232071,0,1,341,756,664,508,,2269,
262144,597593.767043696,1232069,1,0,189,770,621,485,,2065,
262144,597593.767049109,1232071,0,1,207,761,638,364,,1970,
262144,597593.767058771,1232069,1,0,203,804,655,486,,2148,
262144,597593.767064045,1232071,0,1,212,782,673,578,,2245,
262144,597593.767074204,1232069,1,0,178,773,631,428,,2010,
262144,597593.767080316,1232071,0,1,204,838,632,495,,2169,
262144,597593.767090124,1232069,1,0,178,777,624,530,,2109,
262144,597593.767095780,1232071,0,1,182,764,658,361,,1965,
262144,597593.767105439,1232069,1,0,174,773,622,381,,1950,
262144,597593.767112335,1232071,0,1,194,777,648,573,,2192,
262144,597593.767122119,1232069,1,0,206,773,641,351,,1971,
262144,597593.767127596,1232071,0,1,193,796,650,425,,2064,
262144,597593.767137151,1232069,1,0,207,771,626,375,,1979,
262144,597593.767142847,1232071,0,1,215,767,634,369,,1985,
262144,597593.767152633,1232069,1,0,790,786,608,478,,2662,
262144,597593.767158666,1232071,0,1,178,772,652,559,,2161,
262144,597593.767168541,1232069,1,0,182,761,654,393,,1990,
262144,597593.767174385,1232071,0,1,202,783,640,515,,2140,
262144,597593.767184352,1232069,1,0,191,755,628,483,,2057,
262144,597593.767190448,1232071,0,1,186,772,688,382,,2028,
262144,597593.767200086,1232069,1,0,189,767,622,402,,1980,
262144,597593.767205775,1232071,0,1,219,789,637,605,,2250,
262144,597593.767215982,1232069,1,0,194,764,622,375,,1955,
262144,597593.767221839,1232071,0,1,211,776,653,378,,2018,
262144,597593.767231641,1232069,1,0,216,760,647,597,,2220,
262144,597593.767238057,1232071,0,1,206,773,635,578,,2192,
262144,597593.767248326,1232069,1,0,181,768,637,378,,1964,
262144,597593.767254223,1232071,0,1,203,775,643,544,,2165,
262144,597593.767264198,1232069,1,0,190,765,674,613,,2242,
262144,597593.767270678,1232071,0,1,207,769,687,387,,2050,
262144,597593.767280408,1232069,1,0,195,756,628,545,,2124,
262144,597593.767285786,1232071,0,1,192,788,663,554,,2197,
262144,597593.767295729,1232069,1,0,204,773,624,426,,2027,
262144,597593.767301258,1232071,0,1,210,785,649,547,,2191,
262144,597593.767311273,1232069,1,0,205,790,625,500,,2120,
262144,597593.767316712,1232071,0,1,203,758,657,470,,2088,
262144,597593.767326646,1232069,1,0,192,772,628,550,,2142,
262144,597593.767332343,1232071,0,1,204,776,839,694,,2513,
262144,597593.767342496,1232069,1,0,197,772,631,353,,1953,
262144,597593.767347960,1232071,0,1,185,769,643,558,,2155,
262144,597593.767357879,1232069,1,0,190,768,911,532,,2401,
262144,597593.767363830,1232071,0,1,205,781,663,379,,2028,
262144,597593.767373597,1232069,1,0,221,753,628,521,,2123,
262144,597593.767378745,1232071,0,1,204,774,647,579,,2204,
262144,597593.767388538,1232069,1,0,184,766,628,413,,1991,
262144,597593.767394076,1232071,0,1,199,777,639,591,,2206,
262144,597593.767404089,1232069,1,0,198,800,617,460,,2075,
262144,597593.767409761,1232071,0,1,177,770,654,392,,1993,
262144,597593.767419429,1232069,1,0,181,763,623,576,,2143,
262144,597593.767425330,1232071,0,1,206,777,678,576,,2237,
262144,597593.767435393,1232069,1,0,205,781,634,352,,1972,
262144,597593.767441162,1232071,0,1,188,769,662,473,,2092,
262144,597593.767450840,1232069,1,0,190,759,626,607,,2182,
262144,597593.767457080,1232071,0,1,202,787,653,427,,2069,
262144,597593.767467101,1232069,1,0,183,778,632,535,,2128,
262144,597593.767472565,1232071,0,1,217,785,655,579,,2236,
262144,597593.767482314,1232069,1,0,176,752,649,2607,,4184,
262144,597593.767490099,1232071,0,1,207,772,723,605,,2307,
262144,597593.767500125,1232069,1,0,210,781,663,378,,2032,
262144,597593.767505930,1232071,0,1,209,795,653,364,,2021,
262144,597593.767515806,1232069,1,0,195,775,627,524,,2121,
262144,597593.767521706,1232071,0,1,196,783,627,595,,2201,
262144,597593.767531653,1232069,1,0,198,781,735,364,,2078,
262144,597593.767537684,1232071,0,1,172,915,657,489,,2233,
262144,597593.767547795,1232069,1,0,184,785,625,870,,2464,
262144,597593.767553600,1232071,0,1,194,762,655,404,,2015,
262144,597593.767563204,1232069,1,0,261,787,640,404,,2092,
262144,597593.767569026,1232071,0,1,173,801,654,510,,2138,
262144,597593.767578936,1232069,1,0,190,758,611,375,,1934,
262144,597593.767584671,1232071,0,1,213,770,667,552,,2202,
262144,597593.767594449,1232069,1,0,196,768,622,383,,1969,
262144,597593.767600287,1232071,0,1,175,777,642,367,,1961,
262144,597593.767609927,1232069,1,0,270,1421,845,507,,3043,
262144,597593.767617150,1232071,0,1,194,776,650,589,,2209,
262144,597593.767626929,1232069,1,0,205,772,626,426,,2029,
262144,597593.767633106,1232071,0,1,251,759,641,499,,2150,
262144,597593.767642860,1232069,1,0,177,779,630,527,,2113,
262144,597593.767648843,1232071,0,1,208,775,660,364,,2007,
262144,597593.767658502,1232069,1,0,185,770,937,677,,2569,
262144,597593.767664735,1232071,0,1,176,767,666,541,,2150,
262144,597593.767674504,1232069,1,0,210,762,623,393,,1988,
262144,597593.767681287,1232071,0,1,208,780,655,556,,2199,
262144,597593.767691335,1232069,1,0,444,760,638,484,,2326,
262144,597593.767697753,1232071,0,1,194,776,649,376,,1995,
262144,597593.767707601,1232069,1,0,729,753,623,522,,2627,
262144,597593.767714547,1232071,0,1,236,778,633,490,,2137,
262144,597593.767724566,1232069,1,0,198,781,643,676,,2298,
262144,597593.767733220,1232071,0,1,176,762,627,521,,2086,
262144,597593.767743075,1232069,1,0,188,773,749,353,,2063,
262144,597593.767751110,1232071,0,1,209,784,777,408,,2178,
262144,597593.767794778,1232069,1,0,389,786,903,440,,2518,
262144,597593.767804467,1232071,0,1,173,774,644,558,,2149,
262144,597593.767814451,1232069,1,0,398,1018,866,820,,3102,
262144,597593.767824701,1232071,0,1,200,773,674,447,,2094,
262144,597593.767834532,1232069,1,0,194,774,635,501,,2104,
262144,597593.767843817,1232071,0,1,183,777,796,600,,2356,
262144,597593.767854656,1232069,1,0,203,775,637,356,,1971,
262144,597593.767864248,1232071,0,1,205,777,686,559,,2227,
262144,597593.767874707,1232069,1,0,423,780,688,798,,2689,
262144,597593.767884171,1232071,0,1,194,775,642,392,,2003,
262144,597593.767894107,1232069,1,0,218,798,1087,503,,2606,
262144,597593.767904828,1232071,0,1,198,771,684,764,,2417,
262144,597593.767915195,1232069,1,0,1133,777,657,379,,2946,
262144,597593.767925817,1232071,0,1,173,774,900,536,,2383,
262144,597593.767935884,1232069,1,0,190,781,626,353,,1950,
262144,597593.767942083,1232071,0,1,205,775,669,386,,2035,
262144,597593.767951774,1232069,1,0,176,771,627,362,,1936,
262144,597593.767958092,1232071,0,1,179,771,1553,578,,3081,
262144,597593.767968882,1232069,1,0,188,777,641,367,,1973,
262144,597593.767978768,1232071,0,1,192,774,640,520,,2126,
262144,597593.767988980,1232069,1,0,195,780,833,584,,2392,
262144,597593.767998816,1232071,0,1,182,768,887,361,,2198,
262144,597593.768008683,1232069,1,0,377,780,634,353,,2144,
262144,597593.768018713,1232071,0,1,202,770,905,538,,2415,
262144,597593.768029150,1232069,1,0,192,760,635,351,,1938,
262144,597593.768039265,1232071,0,1,173,938,662,528,,2301,
262144,597593.768049577,1232069,1,0,246,765,643,386,,2040,
262144,597593.768059135,1232071,0,1,188,792,958,464,,2402,
262144,597593.768069509,1232069,1,0,184,758,619,363,,1924,
262144,597593.768075366,1232071,0,1,180,779,654,573,,2186,
262144,597593.768085375,1232069,1,0,199,769,648,373,,1989,
262144,597593.768091366,1232071,0,1,211,797,682,588,,2278,
262144,597593.768101782,1232069,1,0,194,765,640,501,,2100,
262144,597593.768111869,1232071,0,1,208,771,631,357,,1967,
262144,597593.768121852,1232069,1,0,217,771,636,373,,1997,
262144,597593.768130917,1232071,0,1,410,779,875,516,,2580,
262144,597593.768141152,1232069,1,0,184,769,631,354,,1938,
262144,597593.768150834,1232071,0,1,171,781,641,590,,2183,
262144,597593.768160644,1232069,1,0,205,983,647,533,,2368,
262144,597593.768171050,1232071,0,1,461,756,650,413,,2280,
262144,597593.768181259,1232069,1,0,453,798,624,391,,2266,
262144,597593.768191455,1232071,0,1,179,769,655,540,,2143,
262144,597593.768201571,1232069,1,0,195,767,701,351,,2014,
262144,597593.768209168,1232071,0,1,222,837,661,547,,2267,
262144,597593.768219114,1232069,1,0,272,773,728,545,,2318,
262144,597593.768227638,1232071,0,1,179,773,633,526,,2111,
262144,597593.768237406,1232069,1,0,203,769,630,468,,2070,
262144,597593.768246162,1232071,0,1,204,777,661,488,,2130,
262144,597593.768256425,1232069,1,0,195,968,644,361,,2168,
262144,597593.768264864,1232071,0,1,211,808,669,376,,2064,
262144,597593.768275326,1232069,1,0,190,777,624,357,,1948,
262144,597593.768285328,1232071,0,1,195,765,625,554,,2139,
262144,597593.768295284,1232069,1,0,409,768,891,530,,2598,
262144,597593.768305849,1232071,0,1,183,769,668,564,,2184,
262144,597593.768315769,1232069,1,0,929,1021,634,404,,2988,
262144,597593.768326876,1232071,0,1,192,772,845,571,,2380,
262144,597593.768337218,1232069,1,0,197,787,883,606,,2473,
262144,597593.768347644,1232071,0,1,963,789,671,363,,2786,
262144,597593.768358188,1232069,1,0,480,1034,1076,404,,2994,
262144,597593.768369179,1232071,0,1,192,774,682,555,,2203,
262144,597593.768379510,1232069,1,0,190,770,650,397,,2007,
262144,597593.768388356,1232071,0,1,183,764,626,362,,1935,
262144,597593.768397935,1232069,1,0,352,767,646,511,,2276,
262144,597593.768406703,1232071,0,1,211,758,641,658,,2268,
262144,597593.768417182,1232069,1,0,178,767,664,597,,2206,
262144,597593.768424866,1232071,0,1,185,765,630,547,,2127,
262144,597593.768435007,1232069,1,0,195,771,1009,617,,2592,
262144,597593.768442497,1232071,0,1,204,771,629,386,,1990,
262144,597593.768452234,1232069,1,0,438,766,757,723,,2684,
262144,597593.768462416,1232071,0,1,173,776,656,367,,1972,
262144,597593.768472589,1232069,1,0,235,790,814,364,,2203,
262144,597593.768482521,1232071,0,1,182,761,644,3046,,4633,
262144,597593.768495406,1232069,1,0,1221,776,809,397,,3203,
262144,597593.768505332,1232071,0,1,204,762,761,547,,2274,
262144,597593.768515912,1232069,1,0,176,783,1065,517,,2541,
262144,597593.768544626,1232071,0,1,427,787,852,1026,,3092,
262144,597593.768555889,1232069,1,0,425,768,629,592,,2414,
262144,597593.768562513,1232071,0,1,206,780,643,480,,2109,
262144,597593.768574545,1232069,1,0,248,761,880,531,,2420,
262144,597593.768581524,1232071,0,1,203,766,654,544,,2167,
262144,597593.768593045,1232069,1,0,189,1053,622,485,,2349,
262144,597593.768600657,1232071,0,1,184,769,656,366,,1975,
262144,597593.768611969,1232069,1,0,192,762,974,419,,2347,
262144,597593.768618097,1232071,0,1,204,772,622,544,,2142,
262144,597593.768629892,1232069,1,0,194,795,684,410,,2083,
262144,597593.768636161,1232071,0,1,193,797,659,503,,2152,
262144,597593.768647572,1232069,1,0,199,790,697,594,,2280,
262144,597593.768654570,1232071,0,1,195,791,641,535,,2162,
262144,597593.768666062,1232069,1,0,221,969,975,697,,2862,
262144,597593.768673640,1232071,0,1,208,792,697,382,,2079,
262144,597593.768685380,1232069,1,0,199,786,729,576,,2290,
262144,597593.768692896,1232071,0,1,209,783,628,521,,2141,
262144,597593.768704563,1232069,1,0,193,787,697,511,,2188,
262144,597593.768711549,1232071,0,1,220,802,661,552,,2235,
262144,597593.768723392,1232069,1,0,453,797,789,436,,2475,
262144,597593.768730539,1232071,0,1,213,783,730,379,,2105,
262144,597593.768741769,1232069,1,0,495,793,711,539,,2538,
262144,597593.768749779,1232071,0,1,198,787,673,514,,2172,
262144,597593.768761473,1232069,1,0,473,806,702,555,,2536,
262144,597593.768768358,1232071,0,1,210,791,639,550,,2190,
262144,597593.768781042,1232069,1,0,234,801,704,417,,2156,
262144,597593.768787363,1232071,0,1,201,1242,699,346,,2488,
262144,597593.768799553,1232069,1,0,182,1029,677,528,,2416,
262144,597593.768806743,1232071,0,1,193,786,640,537,,2156,
262144,597593.768818290,1232069,1,0,214,794,729,556,,2293,
262144,597593.768824832,1232071,0,1,200,797,643,575,,2215,
262144,597593.768836403,1232069,1,0,180,804,713,416,,2113,
262144,597593.768842815,1232071,0,1,214,791,646,556,,2207,
262144,597593.768854477,1232069,1,0,238,792,717,543,,2290,
262144,597593.768860602,1232071,0,1,187,783,647,357,,1974,
262144,597593.768872415,1232069,1,0,224,995,713,602,,2534,
262144,597593.768879395,1232071,0,1,215,793,645,543,,2196,
262144,597593.768890880,1232069,1,0,195,790,679,442,,2106,
262144,597593.768898065,1232071,0,1,249,795,656,437,,2137,
262144,597593.768909314,1232069,1,0,171,799,681,515,,2166,
262144,597593.768915609,1232071,0,1,223,787,631,549,,2190,
262144,597593.768925770,1232069,1,0,192,770,636,488,,2086,
262144,597593.768932890,1232071,0,1,187,768,649,544,,2148,
262144,597593.768943160,1232069,1,0,169,746,780,425,,2120,
262144,597593.768948909,1232071,0,1,205,777,643,367,,1992,
262144,597593.768959082,1232069,1,0,188,806,713,594,,2301,
262144,597593.768966059,1232071,0,1,200,783,637,475,,2095,
262144,597593.768977148,1232069,1,0,688,785,697,558,,2728,
262144,597593.768984657,1232071,0,1,209,788,677,612,,2286,
262144,597593.768995800,1232069,1,0,170,795,692,408,,2065,
262144,597593.769002368,1232071,0,1,197,789,639,501,,2126,
262144,597593.769013643,1232069,1,0,637,836,905,811,,3189,
262144,597593.769021835,1232071,0,1,229,805,669,388,,2091,
262144,597593.769032563,1232069,1,0,205,784,698,400,,2087,
262144,597593.769039134,1232071,0,1,193,788,663,505,,2149,
262144,597593.769050225,1232069,1,0,199,791,834,397,,2221,
262144,597593.769057564,1232071,0,1,216,786,669,538,,2209,
262144,597593.769068850,1232069,1,0,690,1022,695,491,,2898,
262144,597593.769076233,1232071,0,1,171,766,884,524,,2345,
262144,597593.769087724,1232069,1,0,418,1011,874,516,,2819,
262144,597593.769095019,1232071,0,1,188,789,645,570,,2192,
262144,597593.769105403,1232069,1,0,183,766,715,533,,2197,
262144,597593.769112103,1232071,0,1,177,760,631,358,,1926,
262144,597593.769122017,1232069,1,0,211,769,637,558,,2175,
262144,597593.769128490,1232071,0,1,202,772,630,540,,2144,
262144,597593.769138530,1232069,1,0,375,779,647,349,,2150,
262144,597593.769144753,1232071,0,1,192,777,634,553,,2156,
262144,597593.769154978,1232069,1,0,193,781,623,413,,2010,
262144,597593.769161788,1232071,0,1,211,769,637,377,,1994,
262144,597593.769171615,1232069,1,0,196,769,640,468,,2073,
262144,597593.769177044,1232071,0,1,185,773,1288,584,,2830,
262144,597593.769187709,1232069,1,0,220,762,629,386,,1997,
262144,597593.769193432,1232071,0,1,204,771,649,511,,2135,
262144,597593.769203213,1232069,1,0,193,763,619,514,,2089,
262144,597593.769208750,1232071,0,1,183,776,655,402,,2016,
262144,597593.769218660,1232069,1,0,199,772,624,524,,2119,
262144,597593.769224375,1232071,0,1,207,798,630,585,,2220,
262144,597593.769234425,1232069,1,0,212,785,654,584,,2235,
262144,597593.769240506,1232071,0,1,195,807,664,364,,2030,
262144,597593.769250523,1232069,1,0,200,763,636,391,,1990,
262144,597593.769255938,1232071,0,1,192,766,632,356,,1946,
262144,597593.769265844,1232069,1,0,190,762,797,490,,2239,
262144,597593.769271431,1232071,0,1,205,775,655,575,,2210,
262144,597593.769281412,1232069,1,0,185,753,623,399,,1960,
262144,597593.769287215,1232071,0,1,202,807,651,543,,2203,
262144,597593.769297066,1232069,1,0,211,762,614,533,,2120,
262144,597593.769303464,1232071,0,1,187,777,685,355,,2004,
262144,597593.769313085,1232069,1,0,224,765,628,509,,2126,
262144,597593.769319273,1232071,0,1,212,769,665,568,,2214,
262144,597593.769329087,1232069,1,0,188,768,638,354,,1948,
262144,597593.769334844,1232071,0,1,184,773,682,612,,2251,
262144,597593.769345109,1232069,1,0,196,770,636,521,,2123,
262144,597593.769351593,1232071,0,1,200,780,651,380,,2011,
262144,597593.769361544,1232069,1,0,184,824,614,487,,2109,
262144,597593.769367745,1232071,0,1,181,765,654,561,,2161,
262144,597593.769377681,1232069,1,0,185,788,626,391,,1990,
262144,597593.769383928,1232071,0,1,237,845,659,507,,2248,
262144,597593.769394100,1232069,1,0,373,768,631,747,,2519,
262144,597593.769400554,1232071,0,1,185,766,649,390,,1990,
262144,597593.769410478,1232069,1,0,197,772,652,533,,2154,
262144,597593.769417090,1232071,0,1,185,769,647,418,,2019,
262144,597593.769426759,1232069,1,0,249,772,613,373,,2007,
262144,597593.769431815,1232071,0,1,192,786,654,387,,2019,
262144,597593.769441535,1232069,1,0,194,783,617,404,,1998,
262144,597593.769449283,1232071,0,1,196,779,629,404,,2008,
262144,597593.769459928,1232069,1,0,569,779,624,478,,2450,
262144,597593.769466654,1232071,0,1,179,777,651,565,,2172,
262144,597593.769476720,1232069,1,0,201,758,622,378,,1959,
262144,597593.769482888,1232071,0,1,218,556,659,1810,,3243,
262144,597593.769494255,1232069,1,0,224,775,642,541,,2182,
262144,597593.769499764,1232071,0,1,196,772,645,360,,1973,
262144,597593.769509281,1232069,1,0,185,771,627,371,,1954,
262144,597593.769514594,1232071,0,1,203,788,649,411,,2051,
262144,597593.769524484,1232069,1,0,199,774,630,356,,1959,
262144,597593.769529739,1232071,0,1,190,775,652,368,,1985,
262144,597593.769539382,1232069,1,0,182,778,900,554,,2414,
262144,597593.769545135,1232071,0,1,207,771,630,620,,2228,
262144,597593.769555385,1232069,1,0,195,772,656,375,,1998,
262144,597593.769560658,1232071,0,1,194,767,756,523,,2240,
262144,597593.769570583,1232069,1,0,214,778,673,646,,2311,
262144,597593.769576312,1232071,0,1,191,762,652,518,,2123,
262144,597593.769586148,1232069,1,0,197,781,628,534,,2140,
262144,597593.769591426,1232071,0,1,184,787,660,545,,2176,
262144,597593.769601305,1232069,1,0,181,733,625,391,,1930,
262144,597593.769606580,1232071,0,1,192,776,650,608,,2226,
262144,597593.769616498,1232069,1,0,214,760,651,521,,2146,
262144,597593.769622724,1232071,0,1,187,780,664,368,,1999,
262144,597593.769632529,1232069,1,0,173,775,613,544,,2105,
262144,597593.769639230,1232071,0,1,212,774,756,973,,2715,
262144,597593.769649642,1232069,1,0,199,775,627,373,,1974,
262144,597593.769655672,1232071,0,1,185,789,651,556,,2181,
262144,597593.769665492,1232069,1,0,383,759,929,485,,2556,
262144,597593.769671673,1232071,0,1,192,772,658,513,,2135,
262144,597593.769681670,1232069,1,0,226,771,627,523,,2147,
262144,597593.769687832,1232071,0,1,205,765,643,564,,2177,
262144,597593.769697745,1232069,1,0,188,769,620,355,,1932,
262144,597593.769703452,1232071,0,1,204,777,668,606,,2255,
262144,597593.769713792,1232069,1,0,198,783,614,477,,2072,
262144,597593.769719086,1232071,0,1,181,786,633,608,,2208,
262144,597593.769729018,1232069,1,0,169,771,649,549,,2138,
262144,597593.769734789,1232071,0,1,212,775,666,606,,2259,
262144,597593.769744863,1232069,1,0,194,775,623,349,,1941,
262144,597593.769751308,1232071,0,1,175,802,619,517,,2113,
262144,597593.769761344,1232069,1,0,199,750,721,497,,2167,
262144,597593.769767446,1232071,0,1,190,760,650,405,,2005,
262144,597593.769777296,1232069,1,0,194,776,629,751,,2350,
262144,597593.769783868,1232071,0,1,209,772,638,533,,2152,
262144,597593.769794144,1232069,1,0,180,766,784,360,,2090,
262144,597593.769800583,1232071,0,1,201,776,668,508,,2153,
262144,597593.769810921,1232069,1,0,438,769,651,490,,2348,
262144,597593.769818544,1232071,0,1,168,769,651,362,,1950,
262144,597593.769828339,1232069,1,0,180,785,926,516,,2407,
262144,597593.769835881,1232071,0,1,200,783,950,625,,2558,
262144,597593.769846305,1232069,1,0,198,770,630,417,,2015,
262144,597593.769852696,1232071,0,1,171,907,622,548,,2248,
262144,597593.769862759,1232069,1,0,183,769,640,500,,2092,
262144,597593.769868189,1232071,0,1,189,779,687,395,,2050,
262144,597593.769878102,1232069,1,0,202,766,643,492,,2103,
262144,597593.769884167,1232071,0,1,200,777,633,530,,2140,
262144,597593.769894247,1232069,1,0,214,774,637,352,,1977,
262144,597593.769901625,1232071,0,1,209,768,669,595,,2241,
262144,597593.769911812,1232069,1,0,447,777,625,400,,2249,
262144,597593.769919338,1232071,0,1,184,763,616,382,,1945,
262144,597593.769929081,1232069,1,0,367,884,625,518,,2394,
262144,597593.769935675,1232071,0,1,194,774,651,581,,2200,
262144,597593.769945604,1232069,1,0,177,771,632,381,,1961,
262144,597593.769951697,1232071,0,1,230,755,635,522,,2142,
262144,597593.769961727,1232069,1,0,180,778,650,570,,2178,
262144,597593.769967194,1232071,0,1,195,778,658,565,,2196,
262144,597593.769977285,1232069,1,0,205,770,654,477,,2106,
262144,597593.769982722,1232071,0,1,191,772,631,544,,2138,
262144,597593.769992606,1232069,1,0,208,767,628,356,,1959,
262144,597593.769998323,1232071,0,1,207,782,685,558,,2232,
262144,597593.770008444,1232069,1,0,203,764,626,379,,1972,
262144,597593.770015118,1232071,0,1,194,772,646,366,,1978,
262144,597593.770024763,1232069,1,0,244,773,627,506,,2150,
262144,597593.770030688,1232071,0,1,199,773,726,605,,2303,
262144,597593.770040701,1232069,1,0,211,768,900,623,,2502,
262144,597593.770046859,1232071,0,1,183,760,620,524,,2087,
262144,597593.770056511,1232069,1,0,184,760,626,413,,1983,
262144,597593.770061842,1232071,0,1,194,781,662,403,,2040,
262144,597593.770071392,1232069,1,0,198,771,624,372,,1965,
262144,597593.770077373,1232071,0,1,204,784,624,583,,2195,
262144,597593.770087348,1232069,1,0,484,1009,878,349,,2720,
262144,597593.770094196,1232071,0,1,199,774,643,415,,2031,
262144,597593.770103871,1232069,1,0,223,775,630,474,,2102,
262144,597593.770109494,1232071,0,1,201,785,642,556,,2184,
262144,597593.770119857,1232069,1,0,182,765,624,370,,1941,
262144,597593.770125250,1232071,0,1,192,772,678,601,,2243,
262144,597593.770135176,1232069,1,0,204,759,869,567,,2399,
262144,597593.770141354,1232071,0,1,392,774,623,481,,2270,
262144,597593.770151446,1232069,1,0,173,778,678,346,,1975,
262144,597593.770156773,1232071,0,1,185,774,624,389,,1972,
262144,597593.770166524,1232069,1,0,189,768,623,383,,1963,
262144,597593.770172406,1232071,0,1,179,772,627,538,,2116,
262144,597593.770182280,1232069,1,0,213,770,636,377,,1996,
262144,597593.770188169,1232071,0,1,203,776,675,381,,2035,
262144,597593.770197953,1232069,1,0,192,760,612,538,,2102,
262144,597593.770203684,1232071,0,1,204,775,1273,621,,2873,
262144,597593.770214144,1232069,1,0,197,762,629,396,,1984,
262144,597593.770219750,1232071,0,1,197,773,669,540,,2179,
262144,597593.770229874,1232069,1,0,216,769,877,585,,2447,
262144,597593.770235694,1232071,0,1,186,764,627,364,,1941,
262144,597593.770245241,1232069,1,0,195,786,664,356,,2001,
262144,597593.770251364,1232071,0,1,209,767,649,558,,2183,
262144,597593.770261748,1232069,1,0,414,760,1076,397,,2647,
262144,597593.770268825,1232071,0,1,190,776,632,525,,2123,
262144,597593.770278843,1232069,1,0,187,770,631,353,,1941,
262144,597593.770285552,1232071,0,1,205,766,655,429,,2055,
262144,597593.770295376,1232069,1,0,194,780,623,457,,2054,
262144,597593.770302672,1232071,0,1,188,768,690,568,,2214,
262144,597593.770312547,1232069,1,0,464,775,894,352,,2485,
262144,597593.770319466,1232071,0,1,194,799,646,491,,2130,
262144,597593.770365531,1232069,1,0,219,766,870,609,,2464,
262144,597593.770373110,1232071,0,1,202,761,656,538,,2157,
262144,597593.770383384,1232069,1,0,207,762,620,554,,2143,
262144,597593.770390305,1232071,0,1,206,771,671,553,,2201,
262144,597593.770400047,1232069,1,0,195,767,613,356,,1931,
262144,597593.770405933,1232071,0,1,191,769,630,385,,1975,
262144,597593.770415677,1232069,1,0,239,766,632,411,,2048,
262144,597593.770421706,1232071,0,1,207,768,671,400,,2046,
262144,597593.770431437,1232069,1,0,184,809,642,539,,2174,
262144,597593.770437000,1232071,0,1,182,776,643,546,,2147,
262144,597593.770447580,1232069,1,0,187,764,619,418,,1988,
262144,597593.770453439,1232071,0,1,211,838,653,490,,2192,
262144,597593.770463281,1232069,1,0,175,780,620,554,,2129,
262144,597593.770469442,1232071,0,1,185,769,626,380,,1960,
262144,597593.770479061,1232069,1,0,180,771,608,550,,2109,
262144,597593.770486964,1232071,0,1,218,780,690,552,,2240,
262144,597593.770496903,1232069,1,0,219,772,641,364,,1996,
262144,597593.770503045,1232071,0,1,184,777,627,367,,1955,
262144,597593.770512769,1232069,1,0,184,759,640,399,,1982,
262144,597593.770519804,1232071,0,1,195,781,653,572,,2201,
262144,597593.770529997,1232069,1,0,185,771,639,493,,2088,
262144,597593.770537065,1232071,0,1,190,773,622,494,,2079,
262144,597593.770546729,1232069,1,0,198,775,643,399,,2015,
262144,597593.770554441,1232071,0,1,218,768,660,405,,2051,
262144,597593.770564695,1232069,1,0,443,781,682,492,,2398,
262144,597593.770572959,1232071,0,1,185,766,635,594,,2180,
262144,597593.770583010,1232069,1,0,440,776,631,373,,2220,
262144,597593.770590667,1232071,0,1,182,770,652,557,,2161,
262144,597593.770600981,1232069,1,0,187,771,624,360,,1942,
262144,597593.770606936,1232071,0,1,207,778,640,396,,2021,
262144,597593.770616491,1232069,1,0,186,777,620,557,,2140,
262144,597593.770622219,1232071,0,1,193,768,749,793,,2503,
262144,597593.770632334,1232069,1,0,196,762,628,357,,1943,
262144,597593.770639940,1232071,0,1,194,790,633,542,,2159,
262144,597593.770649897,1232069,1,0,180,779,813,599,,2371,
262144,597593.770657446,1232071,0,1,178,775,668,358,,1979,
262144,597593.770667243,1232069,1,0,198,760,632,497,,2087,
262144,597593.770674501,1232071,0,1,193,775,632,379,,1979,
262144,597593.770684438,1232069,1,0,167,992,978,828,,2965,
262144,597593.770691524,1232071,0,1,183,771,640,593,,2187,
262144,597593.770701432,1232069,1,0,205,778,625,376,,1984,
262144,597593.770708688,1232071,0,1,180,777,635,411,,2003,
262144,597593.770719042,1232069,1,0,184,795,610,481,,2070,
262144,597593.770727868,1232071,0,1,183,782,671,542,,2178,
262144,597593.770738278,1232069,1,0,1269,1281,1046,629,,4225,
262144,597593.770749801,1232071,0,1,203,773,643,531,,2150,
262144,597593.770759959,1232069,1,0,401,780,1132,512,,2825,
262144,597593.770768303,1232071,0,1,184,752,666,383,,1985,
262144,597593.770778050,1232069,1,0,200,770,630,760,,2360,
262144,597593.770785549,1232071,0,1,182,778,622,516,,2098,
262144,597593.770795752,1232069,1,0,217,768,760,362,,2107,
262144,597593.770805602,1232071,0,1,238,777,654,540,,2209,
262144,597593.770815835,1232069,1,0,682,774,872,487,,2815,
262144,597593.770825780,1232071,0,1,211,776,619,384,,1990,
262144,597593.770835531,1232069,1,0,174,937,1214,596,,2921,
262144,597593.770846172,1232071,0,1,187,769,678,581,,2215,
262144,597593.770856229,1232069,1,0,217,778,658,374,,2027,
262144,597593.770865919,1232071,0,1,176,788,632,525,,2121,
262144,597593.770875978,1232069,1,0,190,769,746,514,,2219,
262144,597593.770886064,1232071,0,1,178,771,658,357,,1964,
262144,597593.770896088,1232069,1,0,200,760,811,487,,2258,
262144,597593.770906466,1232071,0,1,720,776,625,382,,2503,
262144,597593.770916693,1232069,1,0,186,981,874,562,,2603,
262144,597593.770927459,1232071,0,1,688,774,673,507,,2642,
262144,597593.770937930,1232069,1,0,466,771,635,486,,2358,
262144,597593.770948578,1232071,0,1,200,1001,623,375,,2199,
262144,597593.770958390,1232069,1,0,211,853,619,473,,2156,
262144,597593.770968382,1232071,0,1,432,785,681,540,,2438,
262144,597593.770978704,1232069,1,0,454,757,636,353,,2200,
262144,597593.770987773,1232071,0,1,186,1030,633,469,,2318,
262144,597593.770997920,1232069,1,0,217,806,622,367,,2012,
262144,597593.771006722,1232071,0,1,191,774,784,392,,2141,
262144,597593.771016477,1232069,1,0,209,775,631,381,,1996,
262144,597593.771025897,1232071,0,1,206,782,625,606,,2219,
262144,597593.771035985,1232069,1,0,183,1000,1058,379,,2620,
262144,597593.771068828,1232071,0,1,206,780,928,693,,2607,
262144,597593.771079247,1232069,1,0,187,761,661,642,,2251,
262144,597593.771085699,1232071,0,1,177,765,652,369,,1963,
262144,597593.771097736,1232069,1,0,3008,,,1699,,5233,
262144,597593.771107154,1232071,0,1,219,774,701,524,,2218,
262144,597593.771118421,1232069,1,0,172,786,730,514,,2202,
262144,597593.771124940,1232071,0,1,211,778,636,512,,2137,
262144,597593.771136538,1232069,1,0,200,778,642,463,,2083,
262144,597593.771143538,1232071,0,1,225,785,650,597,,2257,
262144,597593.771155322,1232069,1,0,464,775,639,368,,2246,
262144,597593.771161164,1232071,0,1,203,770,657,503,,2133,
262144,597593.771171804,1232069,1,0,207,757,625,541,,2130,
262144,597593.771177943,1232071,0,1,205,786,625,512,,2128,
262144,597593.771188668,1232069,1,0,204,753,679,555,,2191,
262144,597593.771195144,1232071,0,1,203,774,946,559,,2482,
262144,597593.771206179,1232069,1,0,188,764,651,395,,1998,
262144,597593.771211739,1232071,0,1,182,786,640,696,,2304,
262144,597593.771222788,1232069,1,0,217,767,650,514,,2148,
262144,597593.771228564,1232071,0,1,187,762,689,533,,2171,
262144,597593.771239381,1232069,1,0,199,766,626,520,,2111,
262144,597593.771246230,1232071,0,1,181,790,632,776,,2379,
262144,597593.771257203,1232069,1,0,186,766,911,395,,2258,
262144,597593.771263731,1232071,0,1,202,775,671,402,,2050,
262144,597593.771275201,1232069,1,0,242,768,626,566,,2202,
262144,597593.771282426,1232071,0,1,209,773,632,388,,2002,
262144,597593.771293053,1232069,1,0,209,764,708,519,,2200,
262144,597593.771299594,1232071,0,1,195,777,665,762,,2399,
262144,597593.771310503,1232069,1,0,190,764,620,390,,1964,
262144,597593.771317829,1232071,0,1,236,865,629,365,,2095,
262144,597593.771328401,1232069,1,0,189,760,654,517,,2120,
262144,597593.771334774,1232071,0,1,199,773,655,560,,2187,
262144,597593.771345841,1232069,1,0,191,794,630,542,,2157,
262144,597593.771352834,1232071,0,1,172,764,623,536,,2095,
262144,597593.771363591,1232069,1,0,220,760,773,373,,2126,
262144,597593.771369848,1232071,0,1,215,798,659,586,,2258,
262144,597593.771380843,1232069,1,0,189,754,636,481,,2060,
262144,597593.771387633,1232071,0,1,169,774,626,491,,2060,
262144,597593.771397965,1232069,1,0,195,812,636,674,,2317,
262144,597593.771404714,1232071,0,1,186,763,637,553,,2139,
262144,597593.771415428,1232069,1,0,209,1006,648,403,,2266,
262144,597593.771421606,1232071,0,1,260,776,622,372,,2030,
262144,597593.771431632,1232069,1,0,194,772,647,543,,2156,
262144,597593.771437827,1232071,0,1,195,779,794,498,,2266,
262144,597593.771448263,1232069,1,0,195,764,904,549,,2412,
262144,597593.771455085,1232071,0,1,178,784,634,556,,2152,
262144,597593.771465162,1232069,1,0,196,766,648,377,,1987,
262144,597593.771471171,1232071,0,1,208,771,644,447,,2070,
262144,597593.771481558,1232069,1,0,206,768,632,1736,,3342,
262144,597593.771489028,1232071,0,1,207,774,712,548,,2241,
262144,597593.771499315,1232069,1,0,193,784,687,376,,2040,
262144,597593.771505765,1232071,0,1,208,772,633,568,,2181,
262144,597593.771516084,1232069,1,0,176,770,822,397,,2165,
262144,597593.771523077,1232071,0,1,180,786,634,369,,1969,
262144,597593.771533170,1232069,1,0,194,770,616,784,,2364,
262144,597593.771539426,1232071,0,1,211,779,661,547,,2198,
262144,597593.771549791,1232069,1,0,190,761,620,357,,1928,
262144,597593.771555462,1232071,0,1,186,781,626,495,,2088,
262144,597593.771565750,1232069,1,0,210,766,645,545,,2166,
262144,597593.771571471,1232071,0,1,197,768,656,481,,2102,
262144,597593.771581973,1232069,1,0,181,760,634,513,,2088,
262144,597593.771588585,1232071,0,1,180,771,679,861,,2491,
262144,597593.771599081,1232069,1,0,200,755,790,358,,2103,
262144,597593.771605893,1232071,0,1,191,775,660,541,,2167,
262144,597593.771616271,1232069,1,0,207,767,947,548,,2469,
262144,597593.771622843,1232071,0,1,176,772,630,370,,1948,
262144,597593.771632708,1232069,1,0,186,768,633,552,,2139,
262144,597593.771638562,1232071,0,1,192,773,695,407,,2067,
262144,597593.771648422,1232069,1,0,192,781,613,416,,2002,
262144,597593.771654470,1232071,0,1,184,760,629,551,,2124,
262144,597593.771664345,1232069,1,0,192,776,629,489,,2086,
262144,597593.771670408,1232071,0,1,193,765,665,357,,1980,
262144,597593.771680267,1232069,1,0,188,787,623,736,,2334,
262144,597593.771686288,1232071,0,1,185,792,639,603,,2219,
262144,597593.771696243,1232069,1,0,199,763,622,401,,1985,
262144,597593.771702043,1232071,0,1,205,758,662,412,,2037,
262144,597593.771712088,1232069,1,0,171,785,647,498,,2101,
262144,597593.771719302,1232071,0,1,181,764,631,362,,1938,
262144,597593.771729048,1232069,1,0,198,766,630,493,,2087,
262144,597593.771734932,1232071,0,1,189,784,674,357,,2004,
262144,597593.771744770,1232069,1,0,209,752,632,352,,1945,
262144,597593.771750584,1232071,0,1,193,781,657,545,,2176,
262144,597593.771760723,1232069,1,0,418,763,869,356,,2406,
262144,597593.771766686,1232071,0,1,195,767,773,382,,2117,
262144,597593.771776758,1232069,1,0,192,929,624,508,,2253,
262144,597593.771783198,1232071,0,1,178,779,624,563,,2144,
262144,597593.771792833,1232069,1,0,190,763,616,378,,1947,
262144,597593.771798367,1232071,0,1,205,808,750,505,,2268,
262144,597593.771808465,1232069,1,0,186,770,848,495,,2299,
262144,597593.771815226,1232071,0,1,178,761,674,357,,1970,
262144,597593.771824998,1232069,1,0,223,761,622,495,,2101,
262144,597593.771831357,1232071,0,1,201,764,666,485,,2116,
262144,597593.771841346,1232069,1,0,191,772,623,357,,1943,
262144,597593.771847450,1232071,0,1,176,771,628,554,,2129,
262144,597593.771857296,1232069,1,0,182,769,646,481,,2078,
262144,597593.771863347,1232071,0,1,209,783,687,402,,2081,
262144,597593.771873187,1232069,1,0,239,1106,631,752,,2728,
262144,597593.771879282,1232071,0,1,181,765,625,567,,2138,
262144,597593.771889296,1232069,1,0,205,764,633,365,,1967,
262144,597593.771894613,1232071,0,1,282,776,685,539,,2282,
262144,597593.771904531,1232069,1,0,172,771,627,562,,2132,
262144,597593.771910605,1232071,0,1,192,775,647,401,,2015,
262144,597593.771920688,1232069,1,0,195,795,682,570,,2242,
262144,597593.771927867,1232071,0,1,240,804,726,489,,2259,
262144,597593.771938558,1232069,1,0,176,798,675,418,,2067,
262144,597593.771945095,1232071,0,1,194,803,641,361,,1999,
262144,597593.771955532,1232069,1,0,190,795,698,386,,2069,
262144,597593.771964731,1232071,0,1,210,774,679,366,,2029,
262144,597593.771976511,1232069,1,0,615,793,726,538,,2672,
262144,597593.771986190,1232071,0,1,206,789,632,609,,2236,
262144,597593.771997169,1232069,1,0,203,789,928,415,,2335,
262144,597593.772004298,1232071,0,1,210,783,714,387,,2094,
262144,597593.772014963,1232069,1,0,190,806,679,702,,2377,
262144,597593.772022031,1232071,0,1,214,787,634,401,,2036,
262144,597593.772032877,1232069,1,0,203,784,687,397,,2071,
262144,597593.772038641,1232071,0,1,214,782,677,566,,2239,
262144,597593.772049201,1232069,1,0,186,790,683,397,,2056,
262144,597593.772055064,1232071,0,1,205,786,646,516,,2153,
262144,597593.772065681,1232069,1,0,509,783,686,575,,2553,
262144,597593.772071810,1232071,0,1,221,786,761,947,,2715,
262144,597593.772082968,1232069,1,0,187,794,675,431,,2087,
262144,597593.772088866,1232071,0,1,191,785,640,364,,1980,
262144,597593.772099365,1232069,1,0,200,795,751,677,,2423,
262144,597593.772105457,1232071,0,1,206,805,657,362,,2030,
262144,597593.772115486,1232069,1,0,185,779,629,571,,2164,
262144,597593.772121061,1232071,0,1,187,762,639,399,,1987,
262144,597593.772130701,1232069,1,0,180,762,628,362,,1932,
262144,597593.772135862,1232071,0,1,199,783,664,552,,2198,
262144,597593.772145946,1232069,1,0,181,768,639,393,,1981,
262144,597593.772152077,1232071,0,1,180,803,629,400,,2012,
262144,597593.772161599,1232069,1,0,197,765,662,567,,2191,
262144,597593.772167913,1232071,0,1,190,767,1346,549,,2852,
262144,597593.772178538,1232069,1,0,188,778,648,402,,2016,
262144,597593.772185358,1232071,0,1,197,778,628,569,,2172,
262144,597593.772195072,1232069,1,0,178,772,654,529,,2133,
262144,597593.772201293,1232071,0,1,202,761,675,384,,2022,
262144,597593.772210798,1232069,1,0,184,770,629,516,,2099,
262144,597593.772216822,1232071,0,1,177,766,630,522,,2095,
262144,597593.772226772,1232069,1,0,213,765,646,375,,1999,
262144,597593.772231997,1232071,0,1,202,786,706,539,,2233,
262144,597593.772242027,1232069,1,0,186,776,612,494,,2068,
262144,597593.772248020,1232071,0,1,180,763,631,514,,2088,
262144,597593.772257974,1232069,1,0,187,768,638,514,,2107,
262144,597593.772263414,1232071,0,1,200,774,706,524,,2204,
262144,597593.772273324,1232069,1,0,198,776,668,366,,2008,
262144,597593.772279087,1232071,0,1,239,819,637,583,,2278,
262144,597593.772289229,1232069,1,0,474,765,638,570,,2447,
262144,597593.772295568,1232071,0,1,211,776,699,438,,2124,
262144,597593.772305408,1232069,1,0,199,796,639,494,,2128,
262144,597593.772311731,1232071,0,1,189,777,661,362,,1989,
262144,597593.772321483,1232069,1,0,181,777,641,405,,2004,
262144,597593.772327077,1232071,0,1,223,777,743,582,,2325,
262144,597593.772337174,1232069,1,0,179,781,637,499,,2096,
262144,597593.772342939,1232071,0,1,181,774,641,396,,1992,
262144,597593.772352705,1232069,1,0,214,1203,653,489,,2559,
262144,597593.772359665,1232071,0,1,195,779,697,601,,2272,
262144,597593.772369872,1232069,1,0,192,782,642,416,,2032,
262144,597593.772376627,1232071,0,1,218,905,643,406,,2172,
262144,597593.772386644,1232069,1,0,438,769,636,507,,2350,
262144,597593.772393497,1232071,0,1,207,783,672,394,,2056,
262144,597593.772403578,1232069,1,0,179,787,648,529,,2143,
262144,597593.772409351,1232071,0,1,178,837,648,371,,2034,
262144,597593.772419272,1232069,1,0,199,780,647,363,,1989,
262144,597593.772425093,1232071,0,1,250,770,862,392,,2274,
262144,597593.772435557,1232069,1,0,186,783,640,496,,2105,
262144,597593.772442734,1232071,0,1,178,774,650,398,,2000,
262144,597593.772452492,1232069,1,0,479,801,644,656,,2580,
262144,597593.772460193,1232071,0,1,224,782,732,976,,2714,
262144,597593.772470956,1232069,1,0,194,775,638,399,,2006,
262144,597593.772477257,1232071,0,1,235,785,652,354,,2026,
262144,597593.772491035,1232069,1,0,225,778,690,480,,2173,
262144,597593.772497002,1232071,0,1,213,764,812,371,,2160,
262144,597593.772506982,1232069,1,0,205,773,870,418,,2266,
262144,597593.772513415,1232071,0,1,204,991,685,486,,2366,
262144,597593.772523617,1232069,1,0,223,802,643,386,,2054,
262144,597593.772529976,1232071,0,1,206,767,683,1122,,2778,
262144,597593.772542835,1232069,1,0,451,824,1220,1222,,3717,
262144,597593.772553487,1232071,0,1,648,1275,1375,2026,,5324,
262144,597593.772571069,1232069,1,0,1245,1105,1276,813,,4439,
262144,597593.772580770,1232071,0,1,247,778,705,556,,2286,
262144,597593.772590846,1232069,1,0,204,795,921,555,,2475,
262144,597593.772597491,1232071,0,1,190,781,647,369,,1987,
262144,597593.772607160,1232069,1,0,217,775,637,544,,2173,
262144,597593.772616375,1232071,0,1,203,786,647,530,,2166,
262144,597593.772627007,1232069,1,0,190,771,888,362,,2211,
262144,597593.772634527,1232071,0,1,181,775,648,503,,2107,
262144,597593.772644419,1232069,1,0,215,786,803,486,,2290,
262144,597593.772653081,1232071,0,1,212,787,694,421,,2114,
262144,597593.772663017,1232069,1,0,411,782,644,546,,2383,
262144,597593.772671903,1232071,0,1,210,792,642,705,,2349,
262144,597593.772682223,1232069,1,0,687,777,656,363,,2483,
262144,597593.772690034,1232071,0,1,224,787,704,491,,2206,
262144,597593.772700520,1232069,1,0,191,787,645,507,,2130,
262144,597593.772707340,1232071,0,1,203,780,644,398,,2025,
262144,597593.772717096,1232069,1,0,225,767,647,590,,2229,
262144,597593.772724030,1232071,0,1,191,786,703,555,,2235,
262144,597593.772734160,1232069,1,0,454,778,640,394,,2266,
262144,597593.772741817,1232071,0,1,216,788,654,609,,2267,
262144,597593.772751878,1232069,1,0,595,804,652,372,,2423,
262144,597593.772759494,1232071,0,1,224,806,796,438,,2264,
262144,597593.772769768,1232069,1,0,193,808,654,532,,2187,
262144,597593.772776733,1232071,0,1,188,804,714,605,,2311,
262144,597593.772787231,1232069,1,0,196,804,657,361,,2018,
262144,597593.772793806,1232071,0,1,224,1220,732,546,,2722,
262144,597593.772804712,1232069,1,0,215,798,669,556,,2238,
262144,597593.772812467,1232071,0,1,218,799,714,410,,2141,
262144,597593.772822624,1232069,1,0,243,795,661,478,,2177,
262144,597593.772829536,1232071,0,1,208,807,760,528,,2303,
262144,597593.772839875,1232069,1,0,206,798,659,362,,2025,
262144,597593.772847718,1232071,0,1,185,824,991,530,,2530,
262144,597593.772858287,1232069,1,0,213,790,645,680,,2328,
262144,597593.772868909,1232071,0,1,223,814,731,510,,2278,
262144,597593.772879231,1232069,1,0,463,904,718,480,,2565,
262144,597593.772889034,1232071,0,1,210,796,700,606,,2312,
262144,597593.772942315,1232069,1,0,234,796,684,597,,2311,
262144,597593.772952371,1232071,0,1,244,802,752,594,,2392,
262144,597593.772963034,1232069,1,0,217,809,663,524,,2213,
262144,597593.772972897,1232071,0,1,185,783,646,402,,2016,
262144,597593.772982913,1232069,1,0,195,783,668,473,,2119,
262144,597593.772993219,1232071,0,1,182,780,682,590,,2234,
262144,597593.773003589,1232069,1,0,199,790,872,686,,2547,
262144,597593.773012905,1232071,0,1,203,774,698,413,,2088,
262144,597593.773023115,1232069,1,0,193,787,665,361,,2006,
262144,597593.773033085,1232071,0,1,193,789,682,391,,2055,
262144,597593.773043043,1232069,1,0,782,779,643,381,,2585,
262144,597593.773054227,1232071,0,1,693,778,651,530,,2652,
262144,597593.773064627,1232069,1,0,672,787,668,394,,2521,
262144,597593.773075202,1232071,0,1,206,776,723,557,,2262,
262144,597593.773085792,1232069,1,0,204,790,650,396,,2040,
262144,597593.773095549,1232071,0,1,384,1016,779,472,,2651,
262144,597593.773105892,1232069,1,0,220,811,681,372,,2084,
262144,597593.773115918,1232071,0,1,201,775,682,524,,2182,
262144,597593.773125933,1232069,1,0,209,823,765,508,,2305,
262144,597593.773135825,1232071,0,1,192,1062,634,356,,2244,
262144,597593.773145971,1232069,1,0,217,776,648,357,,1998,
262144,597593.773154773,1232071,0,1,200,793,693,603,,2289,
262144,597593.773165132,1232069,1,0,439,769,665,382,,2255,
262144,597593.773175517,1232071,0,1,197,778,654,602,,2231,
262144,597593.773185677,1232069,1,0,190,780,724,521,,2215,
262144,597593.773196263,1232071,0,1,215,775,675,420,,2085,
262144,597593.773205991,1232069,1,0,209,778,645,517,,2149,
262144,597593.773216757,1232071,0,1,222,791,646,370,,2029,
262144,597593.773226773,1232069,1,0,194,785,640,397,,2016,
262144,597593.773234307,1232071,0,1,189,789,1008,623,,2609,
262144,597593.773244826,1232069,1,0,186,778,667,411,,2042,
262144,597593.773251842,1232071,0,1,169,782,675,373,,1999,
262144,597593.773261626,1232069,1,0,190,790,634,488,,2102,
262144,597593.773270850,1232071,0,1,202,780,1379,609,,2970,
262144,597593.773281718,1232069,1,0,190,782,639,399,,2010,
262144,597593.773291167,1232071,0,1,186,770,650,493,,2099,
262144,597593.773301011,1232069,1,0,214,788,637,544,,2183,
262144,597593.773311386,1232071,0,1,198,806,701,391,,2096,
262144,597593.773321438,1232069,1,0,284,768,639,489,,2180,
262144,597593.773331964,1232071,0,1,212,777,645,561,,2195,
262144,597593.773341912,1232069,1,0,321,797,653,375,,2146,
262144,597593.773352249,1232071,0,1,194,768,674,563,,2199,
262144,597593.773362764,1232069,1,0,196,779,657,488,,2120,
262144,597593.773373418,1232071,0,1,191,778,651,418,,2038,
262144,597593.773383498,1232069,1,0,225,780,675,611,,2291,
262144,597593.773392890,1232071,0,1,210,768,718,824,,2520,
262144,597593.773403543,1232069,1,0,202,790,641,381,,2014,
262144,597593.773413668,1232071,0,1,188,821,802,484,,2295,
262144,597593.773424107,1232069,1,0,191,762,816,384,,2153,
262144,597593.773433315,1232071,0,1,220,767,723,477,,2187,
262144,597593.773443553,1232069,1,0,221,790,647,408,,2066,
262144,597593.773452848,1232071,0,1,224,920,648,503,,2295,
262144,597593.773463310,1232069,1,0,186,783,677,365,,2011,
262144,597593.773472306,1232071,0,1,201,788,682,563,,2234,
262144,597593.773482346,1232069,1,0,210,780,1012,1648,,3650,
262144,597593.773492804,1232071,0,1,228,883,701,397,,2209,
262144,597593.773503041,1232069,1,0,621,839,739,411,,2610,
262144,597593.773509956,1232071,0,1,198,789,892,640,,2519,
262144,597593.773522719,1232069,1,0,200,1047,1628,1387,,4262,
262144,597593.773535278,1232071,0,1,231,843,867,643,,2584,
262144,597593.773546505,1232069,1,0,217,789,918,476,,2400,
262144,597593.773555822,1232071,0,1,197,784,703,424,,2108,
262144,597593.773565887,1232069,1,0,321,1019,832,491,,2663,
262144,597593.773575329,1232071,0,1,180,799,641,525,,2145,
262144,597593.773585245,1232069,1,0,201,788,648,364,,2001,
262144,597593.773595138,1232071,0,1,199,773,766,560,,2298,
262144,597593.773605406,1232069,1,0,191,1030,630,360,,2211,
262144,597593.773615259,1232071,0,1,180,798,673,362,,2013,
262144,597593.773625089,1232069,1,0,543,773,642,466,,2424,
262144,597593.773635571,1232071,0,1,204,782,702,527,,2215,
262144,597593.773645755,1232069,1,0,194,784,638,377,,1993,
262144,597593.773656385,1232071,0,1,179,782,659,516,,2136,
262144,597593.773666357,1232069,1,0,925,781,650,393,,2749,
262144,597593.773676661,1232071,0,1,200,790,668,437,,2095,
262144,597593.773686747,1232069,1,0,198,786,676,359,,2019,
262144,597593.773719642,1232071,0,1,219,790,671,587,,2267,
262144,597593.773729906,1232069,1,0,188,804,638,510,,2140,
262144,597593.773738387,1232071,0,1,185,776,679,511,,2151,
262144,597593.773751492,1232069,1,0,200,809,653,563,,2225,
262144,597593.773760225,1232071,0,1,199,787,648,593,,2227,
262144,597593.773773006,1232069,1,0,183,789,673,402,,2047,
262144,597593.773782282,1232071,0,1,205,785,673,723,,2386,
262144,597593.773794487,1232069,1,0,189,781,712,610,,2292,
262144,597593.773802756,1232071,0,1,178,780,690,558,,2206,
262144,597593.773813969,1232069,1,0,205,783,644,491,,2123,
262144,597593.773822318,1232071,0,1,209,770,672,589,,2240,
262144,597593.773833037,1232069,1,0,416,776,653,411,,2256,
262144,597593.773841448,1232071,0,1,204,786,658,529,,2177,
262144,597593.773852579,1232069,1,0,197,776,643,514,,2130,
262144,597593.773861345,1232071,0,1,193,771,664,413,,2041,
262144,597593.773872515,1232069,1,0,390,786,633,553,,2362,
262144,597593.773881928,1232071,0,1,212,767,691,1107,,2777,
262144,597593.773893525,1232069,1,0,229,780,780,363,,2152,
262144,597593.773901195,1232071,0,1,186,782,650,358,,1976,
262144,597593.773911781,1232069,1,0,187,780,894,534,,2395,
262144,597593.773920457,1232071,0,1,218,767,671,546,,2202,
262144,597593.773931354,1232069,1,0,209,785,663,473,,2130,
262144,597593.773940261,1232071,0,1,190,772,638,368,,1968,
262144,597593.773950987,1232069,1,0,207,787,657,383,,2034,
262144,597593.773958763,1232071,0,1,197,774,650,591,,2212,
262144,597593.773970528,1232069,1,0,201,779,643,361,,1984,
262144,597593.773978960,1232071,0,1,188,769,668,492,,2117,
262144,597593.773989892,1232069,1,0,202,764,782,517,,2265,
262144,597593.773999168,1232071,0,1,200,771,651,581,,2203,
262144,597593.774010399,1232069,1,0,247,779,697,376,,2099,
262144,597593.774018462,1232071,0,1,211,769,648,378,,2006,
262144,597593.774029345,1232069,1,0,215,776,669,518,,2178,
262144,597593.774037707,1232071,0,1,201,780,688,539,,2208,
262144,597593.774048786,1232069,1,0,203,748,855,408,,2214,
262144,597593.774056440,1232071,0,1,191,778,680,552,,2201,
262144,597593.774067398,1232069,1,0,193,779,636,401,,2009,
262144,597593.774075142,1232071,0,1,192,768,674,595,,2229,
262144,597593.774086348,1232069,1,0,217,781,668,384,,2050,
262144,597593.774093912,1232071,0,1,186,772,649,379,,1986,
262144,597593.774104532,1232069,1,0,404,935,676,515,,2530,
262144,597593.774112736,1232071,0,1,215,772,678,603,,2268,
262144,597593.774123283,1232069,1,0,224,780,654,361,,2019,
262144,597593.774131633,1232071,0,1,185,923,675,564,,2347,
262144,597593.774142293,1232069,1,0,184,775,631,475,,2065,
262144,597593.774150136,1232071,0,1,190,781,680,416,,2067,
262144,597593.774160324,1232069,1,0,311,784,648,531,,2274,
262144,597593.774167609,1232071,0,1,173,796,645,543,,2157,
262144,597593.774178052,1232069,1,0,187,773,676,618,,2254,
262144,597593.774186675,1232071,0,1,197,781,697,565,,2240,
262144,597593.774197383,1232069,1,0,196,785,640,444,,2065,
262144,597593.774205176,1232071,0,1,184,785,673,365,,2007,
262144,597593.774215580,1232069,1,0,232,1149,665,906,,2952,
262144,597593.774224623,1232071,0,1,203,782,691,622,,2298,
262144,597593.774234736,1232069,1,0,199,784,681,378,,2042,
262144,597593.774242695,1232071,0,1,230,777,644,497,,2148,
262144,597593.774253088,1232069,1,0,199,783,793,527,,2302,
262144,597593.774261405,1232071,0,1,195,797,679,385,,2056,
262144,597593.774271774,1232069,1,0,488,786,643,381,,2298,
262144,597593.774280220,1232071,0,1,190,813,670,479,,2152,
262144,597593.774290784,1232069,1,0,203,781,879,386,,2249,
262144,597593.774299465,1232071,0,1,214,799,644,428,,2085,
262144,597593.774309892,1232069,1,0,215,774,734,375,,2098,
262144,597593.774316429,1232071,0,1,189,786,647,446,,2068,
262144,597593.774326859,1232069,1,0,509,772,700,508,,2489,
262144,597593.774335650,1232071,0,1,213,800,685,529,,2227,
262144,597593.774346400,1232069,1,0,206,803,694,658,,2361,
262144,597593.774353874,1232071,0,1,214,810,724,572,,2320,
262144,597593.774365085,1232069,1,0,205,822,777,452,,2256,
262144,597593.774373932,1232071,0,1,232,839,764,431,,2266,
262144,597593.774385806,1232069,1,0,500,842,701,632,,2675,
262144,597593.774394769,1232071,0,1,206,841,787,533,,2367,
262144,597593.774406204,1232069,1,0,251,824,708,462,,2245,
262144,597593.774415059,1232071,0,1,230,830,729,592,,2381,
262144,597593.774426131,1232069,1,0,208,814,717,511,,2250,
262144,597593.774434037,1232071,0,1,202,835,774,762,,2573,
262144,597593.774445769,1232069,1,0,206,816,744,431,,2197,
262144,597593.774454469,1232071,0,1,243,826,751,590,,2410,
262144,597593.774465793,1232069,1,0,228,820,780,672,,2500,
262144,597593.774474153,1232071,0,1,206,818,753,407,,2184,
262144,597593.774490982,1232069,1,0,270,813,762,573,,2418,
262144,597593.774498110,1232071,0,1,241,812,749,518,,2320,
262144,597593.774509393,1232069,1,0,205,817,706,426,,2154,
262144,597593.774516055,1232071,0,1,206,826,998,592,,2622,
262144,597593.774527426,1232069,1,0,196,816,752,547,,2311,
262144,597593.774536899,1232071,0,1,227,804,675,360,,2066,
262144,597593.774547521,1232069,1,0,224,800,701,537,,2262,
262144,597593.774554704,1232071,0,1,198,801,1362,537,,2898,
262144,597593.774566263,1232069,1,0,201,805,753,446,,2205,
262144,597593.774573559,1232071,0,1,209,831,689,493,,2222,
262144,597593.774584441,1232069,1,0,205,808,802,606,,2421,
262144,597593.774592940,1232071,0,1,195,811,666,374,,2046,
262144,597593.774603249,1232069,1,0,191,780,648,529,,2148,
262144,597593.774611616,1232071,0,1,197,781,686,542,,2206,
262144,597593.774622652,1232069,1,0,226,776,660,382,,2044,
262144,597593.774630416,1232071,0,1,176,777,662,582,,2197,
262144,597593.774640380,1232069,1,0,200,766,760,384,,2110,
262144,597593.774648726,1232071,0,1,211,780,680,389,,2060,
262144,597593.774658852,1232069,1,0,185,773,681,548,,2187,
262144,597593.774665793,1232071,0,1,194,778,653,561,,2186,
262144,597593.774675792,1232069,1,0,188,786,653,398,,2025,
262144,597593.774683595,1232071,0,1,537,792,681,574,,2584,
262144,597593.774693970,1232069,1,0,206,796,646,547,,2195,
262144,597593.774702153,1232071,0,1,181,772,673,369,,1995,
262144,597593.774711995,1232069,1,0,204,779,646,533,,2162,
262144,597593.774720245,1232071,0,1,194,773,670,570,,2207,
262144,597593.774730261,1232069,1,0,189,786,670,360,,2005,
262144,597593.774738217,1232071,0,1,186,776,703,630,,2295,
262144,597593.774748889,1232069,1,0,199,781,668,544,,2192,
262144,597593.774756214,1232071,0,1,179,777,680,394,,2030,
262144,597593.774766179,1232069,1,0,183,811,675,516,,2185,
262144,597593.774773064,1232071,0,1,204,770,654,619,,2247,
262144,597593.774783168,1232069,1,0,190,836,661,601,,2288,
262144,597593.774789975,1232071,0,1,216,778,669,596,,2259,
262144,597593.774800046,1232069,1,0,218,772,686,523,,2199,
262144,597593.774805699,1232071,0,1,188,781,672,389,,2030,
262144,597593.774815618,1232069,1,0,212,792,638,416,,2058,
262144,597593.774821608,1232071,0,1,219,774,673,569,,2235,
262144,597593.774831551,1232069,1,0,184,777,662,483,,2106,
262144,597593.774838848,1232071,0,1,180,780,667,497,,2124,
262144,597593.774848677,1232069,1,0,194,780,657,613,,2244,
262144,597593.774856107,1232071,0,1,205,772,674,419,,2070,
262144,597593.774865944,1232069,1,0,574,777,653,381,,2385,
262144,597593.774872695,1232071,0,1,472,762,693,585,,2512,
262144,597593.774883103,1232069,1,0,209,777,716,648,,2350,
262144,597593.774889656,1232071,0,1,200,779,675,503,,2157,
262144,597593.774899623,1232069,1,0,202,788,638,544,,2172,
262144,597593.774906002,1232071,0,1,178,790,665,411,,2044,
262144,597593.774916024,1232069,1,0,204,779,658,450,,2091,
262144,597593.774922265,1232071,0,1,207,794,677,527,,2205,
262144,597593.774932192,1232069,1,0,202,778,645,548,,2173,
262144,597593.774938702,1232071,0,1,197,782,681,410,,2070,
262144,597593.774948727,1232069,1,0,217,775,643,564,,2199,
262144,597593.774955233,1232071,0,1,214,773,667,627,,2281,
262144,597593.774965744,1232069,1,0,200,770,658,347,,1975,
262144,597593.774971409,1232071,0,1,185,786,662,485,,2118,
262144,597593.774981139,1232069,1,0,203,772,703,596,,2274,
262144,597593.774988590,1232071,0,1,199,781,668,393,,2041,
262144,597593.774998394,1232069,1,0,194,776,697,558,,2225,
262144,597593.775004532,1232071,0,1,183,784,652,391,,2010,
262144,597593.775014249,1232069,1,0,205,779,674,393,,2051,
262144,597593.775021293,1232071,0,1,212,778,671,579,,2240,
262144,597593.775031401,1232069,1,0,240,783,641,413,,2077,
262144,597593.775038048,1232071,0,1,183,773,689,357,,2002,
262144,597593.775047827,1232069,1,0,192,774,649,571,,2186,
262144,597593.775054599,1232071,0,1,225,774,765,892,,2656,
262144,597593.775065143,1232069,1,0,193,774,663,359,,1989,
262144,597593.775071675,1232071,0,1,181,786,640,558,,2165,
262144,597593.775081563,1232069,1,0,187,780,649,555,,2171,
262144,597593.775088661,1232071,0,1,201,772,671,367,,2011,
262144,597593.775098473,1232069,1,0,203,787,667,524,,2181,
262144,597593.775105460,1232071,0,1,194,783,686,543,,2206,
262144,597593.775115859,1232069,1,0,205,797,634,395,,2031,
262144,597593.775122707,1232071,0,1,215,786,705,555,,2261,
262144,597593.775132587,1232069,1,0,239,781,628,504,,2152,
262144,597593.775139840,1232071,0,1,180,783,669,373,,2005,
262144,597593.775149746,1232069,1,0,206,790,639,540,,2175,
262144,597593.775157007,1232071,0,1,193,779,927,598,,2497,
262144,597593.775167317,1232069,1,0,190,782,640,371,,1983,
262144,597593.775174321,1232071,0,1,210,892,670,516,,2288,
262144,597593.775184493,1232069,1,0,207,786,645,587,,2225,
262144,597593.775192205,1232071,0,1,180,780,652,396,,2008,
262144,597593.775201961,1232069,1,0,201,784,638,668,,2291,
262144,597593.775209035,1232071,0,1,175,786,709,617,,2287,
262144,597593.775219167,1232069,1,0,210,781,669,384,,2044,
262144,597593.775227466,1232071,0,1,210,789,685,565,,2249,
262144,597593.775237808,1232069,1,0,194,773,636,409,,2012,
262144,597593.775245253,1232071,0,1,180,778,673,379,,2010,
262144,597593.775254875,1232069,1,0,192,934,704,518,,2348,
262144,597593.775263323,1232071,0,1,190,779,665,574,,2208,
262144,597593.775273449,1232069,1,0,190,784,683,362,,2019,
262144,597593.775281002,1232071,0,1,258,773,653,597,,2281,
262144,597593.775291116,1232069,1,0,179,787,641,4749,,6356,
262144,597593.775302354,1232071,0,1,273,755,670,367,,2065,
262144,597593.775312317,1232069,1,0,223,761,700,427,,2111,
262144,597593.775319244,1232071,0,1,183,760,654,375,,1972,
262144,597593.775329142,1232069,1,0,199,743,640,418,,2000,
262144,597593.775335737,1232071,0,1,195,757,680,413,,2045,
262144,597593.775345889,1232069,1,0,204,746,677,393,,2020,
262144,597593.775352333,1232071,0,1,173,750,709,371,,2003,
262144,597593.775362163,1232069,1,0,243,831,672,412,,2158,
262144,597593.775368535,1232071,0,1,204,755,659,492,,2110,
262144,597593.775378333,1232069,1,0,361,772,658,442,,2233,
262144,597593.775384281,1232071,0,1,186,761,695,408,,2050,
262144,597593.775394211,1232069,1,0,200,756,663,381,,2000,
262144,597593.775400010,1232071,0,1,224,770,705,419,,2118,
262144,597593.775409929,1232069,1,0,181,762,661,392,,1996,
262144,597593.775416038,1232071,0,1,184,750,646,370,,1950,
262144,597593.775425726,1232069,1,0,186,757,639,384,,1966,
262144,597593.775432809,1232071,0,1,222,748,717,407,,2094,
262144,597593.775442911,1232069,1,0,213,755,684,409,,2061,
262144,597593.775449788,1232071,0,1,185,752,668,368,,1973,
262144,597593.775459729,1232069,1,0,238,753,653,425,,2069,
262144,597593.775466157,1232071,0,1,197,756,690,427,,2070,
262144,597593.775475953,1232069,1,0,201,750,894,457,,2302,
262144,597593.775482426,1232071,0,1,183,749,668,4637,,6237,
262144,597593.775496627,1232069,1,0,207,755,696,408,,2066,
262144,597593.775503238,1232071,0,1,204,751,702,390,,2047,
262144,597593.775513330,1232069,1,0,196,738,648,364,,1946,
262144,597593.775519663,1232071,0,1,190,751,682,440,,2063,
262144,597593.775529871,1232069,1,0,198,741,652,383,,1974,
262144,597593.775536827,1232071,0,1,201,755,698,391,,2045,
262144,597593.775546727,1232069,1,0,188,754,652,379,,1973,
262144,597593.775553020,1232071,0,1,188,747,719,628,,2282,
262144,597593.775563032,1232069,1,0,232,761,656,391,,2040,
262144,597593.775569613,1232071,0,1,224,850,664,431,,2169,
262144,597593.775579653,1232069,1,0,195,744,652,357,,1948,
262144,597593.775585294,1232071,0,1,180,772,681,382,,2015,
262144,597593.775595093,1232069,1,0,206,763,643,400,,2012,
262144,597593.775601193,1232071,0,1,202,756,683,395,,2036,
262144,597593.775611079,1232069,1,0,193,761,657,373,,1984,
262144,597593.775618526,1232071,0,1,182,754,673,474,,2083,
262144,597593.775628384,1232069,1,0,203,755,636,384,,1978,
262144,597593.775635592,1232071,0,1,227,759,700,389,,2075,
262144,597593.775680752,1232069,1,0,234,763,687,436,,2120,
262144,597593.775688031,1232071,0,1,178,745,651,459,,2033,
262144,597593.775697925,1232069,1,0,194,748,623,396,,1961,
262144,597593.775704466,1232071,0,1,211,742,639,373,,1965,
262144,597593.775714158,1232069,1,0,189,751,622,400,,1962,
262144,597593.775721239,1232071,0,1,178,744,983,381,,2286,
262144,597593.775731375,1232069,1,0,200,751,630,538,,2119,
262144,597593.775738361,1232071,0,1,213,761,660,445,,2079,
262144,597593.775748360,1232069,1,0,272,735,659,410,,2076,
262144,597593.775755642,1232071,0,1,175,757,654,459,,2045,
262144,597593.775765605,1232069,1,0,202,740,622,375,,1939,
262144,597593.775772630,1232071,0,1,179,752,663,386,,1980,
262144,597593.775782536,1232069,1,0,193,786,661,357,,1997,
262144,597593.775789447,1232071,0,1,190,745,649,484,,2068,
262144,597593.775799350,1232069,1,0,199,751,633,386,,1969,
262144,597593.775806540,1232071,0,1,200,755,672,391,,2018,
262144,597593.775816230,1232069,1,0,190,749,621,381,,1941,
262144,597593.775822537,1232071,0,1,182,748,679,382,,1991,
262144,597593.775832353,1232069,1,0,206,753,633,379,,1971,
262144,597593.775839887,1232071,0,1,196,740,661,380,,1977,
262144,597593.775849662,1232069,1,0,196,738,643,374,,1951,
262144,597593.775857008,1232071,0,1,214,751,631,427,,2023,
262144,597593.775866815,1232069,1,0,198,731,672,430,,2031,
262144,597593.775874401,1232071,0,1,199,728,693,368,,1988,
262144,597593.775884395,1232069,1,0,213,949,643,361,,2166,
262144,597593.775891756,1232071,0,1,194,748,641,450,,2033,
262144,597593.775901536,1232069,1,0,475,740,691,427,,2333,
262144,597593.775909547,1232071,0,1,209,735,672,406,,2022,
262144,597593.775919296,1232069,1,0,203,737,660,399,,1999,
262144,597593.775926525,1232071,0,1,229,760,663,369,,2021,
262144,597593.775936147,1232069,1,0,201,781,725,414,,2121,
262144,597593.775943508,1232071,0,1,212,781,662,386,,2041,
262144,597593.775953974,1232069,1,0,454,763,694,446,,2357,
262144,597593.775962107,1232071,0,1,201,758,656,367,,1982,
262144,597593.775972757,1232069,1,0,212,767,739,439,,2157,
262144,597593.775980506,1232071,0,1,210,753,662,385,,2010,
262144,597593.775991026,1232069,1,0,187,774,685,417,,2063,
262144,597593.775998528,1232071,0,1,197,759,654,443,,2053,
262144,597593.776009163,1232069,1,0,218,771,692,452,,2133,
262144,597593.776016919,1232071,0,1,223,769,649,355,,1996,
262144,597593.776027263,1232069,1,0,216,775,731,397,,2119,
262144,597593.776034988,1232071,0,1,197,760,670,380,,2007,
262144,597593.776045529,1232069,1,0,198,764,693,451,,2106,
262144,597593.776053106,1232071,0,1,206,761,783,414,,2164,
262144,597593.776063780,1232069,1,0,184,781,765,396,,2126,
262144,597593.776071164,1232071,0,1,199,783,630,413,,2025,
262144,597593.776082516,1232069,1,0,197,774,687,423,,2081,
262144,597593.776090341,1232071,0,1,206,764,746,481,,2197,
262144,597593.776101098,1232069,1,0,216,767,712,410,,2105,
262144,597593.776107922,1232071,0,1,199,792,676,410,,2077,
262144,597593.776118573,1232069,1,0,201,774,702,447,,2124,
262144,597593.776126540,1232071,0,1,211,765,665,430,,2071,
262144,597593.776137197,1232069,1,0,187,769,709,404,,2069,
262144,597593.776144954,1232071,0,1,202,779,636,507,,2124,
262144,597593.776155423,1232069,1,0,199,763,688,441,,2091,
262144,597593.776163811,1232071,0,1,212,763,644,399,,2018,
262144,597593.776174510,1232069,1,0,214,772,692,412,,2090,
262144,597593.776182778,1232071,0,1,225,920,659,433,,2237,
262144,597593.776193168,1232069,1,0,625,737,675,418,,2455,
262144,597593.776201297,1232071,0,1,196,743,952,437,,2328,
262144,597593.776211531,1232069,1,0,208,759,663,386,,2016,
262144,597593.776217908,1232071,0,1,218,785,674,471,,2148,
262144,597593.776227937,1232069,1,0,195,745,636,416,,1992,
262144,597593.776234682,1232071,0,1,267,766,642,372,,2047,
262144,597593.776245206,1232069,1,0,204,767,693,442,,2106,
262144,597593.776253240,1232071,0,1,191,775,665,351,,1982,
262144,597593.776263937,1232069,1,0,218,762,693,426,,2099,
262144,597593.776271540,1232071,0,1,207,763,666,437,,2073,
262144,597593.776282259,1232069,1,0,195,766,715,400,,2076,
262144,597593.776290476,1232071,0,1,213,773,638,364,,1988,
262144,597593.776301339,1232069,1,0,216,778,772,442,,2208,
262144,597593.776310053,1232071,0,1,714,771,659,433,,2577,
262144,597593.776320932,1232069,1,0,326,780,703,408,,2217,
262144,597593.776330150,1232071,0,1,195,755,647,395,,1992,
262144,597593.776340741,1232069,1,0,190,769,697,439,,2095,
262144,597593.776368434,1232071,0,1,318,898,761,409,,2386,
262144,597593.776378475,1232069,1,0,222,736,684,359,,2001,
262144,597593.776384396,1232071,0,1,186,745,632,400,,1963,
262144,597593.776396031,1232069,1,0,189,752,648,385,,1974,
262144,597593.776402096,1232071,0,1,189,759,638,514,,2100,
262144,597593.776413460,1232069,1,0,194,747,640,447,,2028,
262144,597593.776419433,1232071,0,1,182,749,644,371,,1946,
262144,597593.776431063,1232069,1,0,214,1002,662,571,,2449,
262144,597593.776437852,1232071,0,1,195,753,656,472,,2076,
262144,597593.776449352,1232069,1,0,187,740,904,540,,2371,
262144,597593.776455511,1232071,0,1,200,749,631,389,,1969,
262144,597593.776466182,1232069,1,0,209,764,677,411,,2061,
262144,597593.776472140,1232071,0,1,208,752,678,490,,2128,
262144,597593.776483239,1232069,1,0,191,278,648,3397,,4514,
262144,597593.776491897,1232071,0,1,222,752,704,468,,2146,
262144,597593.776503055,1232069,1,0,211,755,667,397,,2030,
262144,597593.776508869,1232071,0,1,183,753,634,392,,1962,
262144,597593.776519594,1232069,1,0,310,755,741,432,,2238,
262144,597593.776525989,1232071,0,1,224,756,635,392,,2007,
262144,597593.776536830,1232069,1,0,361,741,667,396,,2165,
262144,597593.776543221,1232071,0,1,192,769,650,454,,2065,
262144,597593.776554173,1232069,1,0,192,736,794,430,,2152,
262144,597593.776560555,1232071,0,1,197,766,625,392,,1980,
262144,597593.776572011,1232069,1,0,228,752,636,384,,2000,
262144,597593.776577848,1232071,0,1,174,752,657,413,,1996,
262144,597593.776588842,1232069,1,0,236,736,675,420,,2067,
262144,597593.776594969,1232071,0,1,224,757,647,436,,2064,
262144,597593.776605531,1232069,1,0,188,733,643,380,,1944,
262144,597593.776611549,1232071,0,1,178,751,639,370,,1938,
262144,597593.776622091,1232069,1,0,197,736,669,445,,2047,
262144,597593.776628797,1232071,0,1,199,741,683,469,,2092,
262144,597593.776639817,1232069,1,0,183,731,684,357,,1955,
262144,597593.776645606,1232071,0,1,188,755,642,447,,2032,
262144,597593.776656450,1232069,1,0,187,738,647,430,,2002,
262144,597593.776662297,1232071,0,1,203,744,628,453,,2028,
262144,597593.776672897,1232069,1,0,215,731,647,382,,1975,
262144,597593.776678867,1232071,0,1,180,761,637,370,,1948,
262144,597593.776689147,1232069,1,0,201,735,806,402,,2144,
262144,597593.776695543,1232071,0,1,190,765,652,451,,2058,
262144,597593.776706063,1232069,1,0,318,742,849,398,,2307,
262144,597593.776711958,1232071,0,1,195,751,643,368,,1957,
262144,597593.776721868,1232069,1,0,183,731,660,401,,1975,
262144,597593.776727449,1232071,0,1,338,735,697,681,,2451,
262144,597593.776738023,1232069,1,0,220,745,772,392,,2129,
262144,597593.776744129,1232071,0,1,190,834,641,387,,2052,
262144,597593.776754455,1232069,1,0,323,748,648,511,,2230,
262144,597593.776760614,1232071,0,1,188,749,626,512,,2075,
262144,597593.776770959,1232069,1,0,192,739,617,423,,1971,
262144,597593.776776598,1232071,0,1,177,750,661,365,,1953,
262144,597593.776786649,1232069,1,0,184,750,629,378,,1941,
262144,597593.776792298,1232071,0,1,196,750,644,567,,2157,
262144,597593.776802797,1232069,1,0,203,742,618,420,,1983,
262144,597593.776808888,1232071,0,1,174,750,656,385,,1965,
262144,597593.776818849,1232069,1,0,188,743,674,373,,1978,
262144,597593.776824680,1232071,0,1,204,756,645,496,,2101,
262144,597593.776835120,1232069,1,0,199,741,626,531,,2097,
262144,597593.776840889,1232071,0,1,189,750,656,410,,2005,
262144,597593.776851014,1232069,1,0,185,742,648,420,,1995,
262144,597593.776856781,1232071,0,1,198,749,659,408,,2014,
262144,597593.776866952,1232069,1,0,216,753,623,439,,2031,
262144,597593.776872705,1232071,0,1,183,747,663,404,,1997,
262144,597593.776882865,1232069,1,0,179,736,619,373,,1907,
262144,597593.776888668,1232071,0,1,183,766,631,446,,2026,
262144,597593.776898719,1232069,1,0,207,737,658,373,,1975,
262144,597593.776904137,1232071,0,1,181,754,658,377,,1970,
262144,597593.776914098,1232069,1,0,182,773,621,361,,1937,
262144,597593.776919527,1232071,0,1,195,737,680,456,,2068,
262144,597593.776929719,1232069,1,0,194,736,626,399,,1955,
262144,597593.776935233,1232071,0,1,181,742,663,366,,1952,
262144,597593.776944858,1232069,1,0,180,751,654,360,,1945,
262144,597593.776950483,1232071,0,1,204,734,646,408,,1992,
262144,597593.776960480,1232069,1,0,212,739,670,392,,2013,
262144,597593.776965908,1232071,0,1,197,737,652,409,,1995,
262144,597593.776975767,1232069,1,0,186,748,627,351,,1912,
262144,597593.776981320,1232071,0,1,218,733,650,451,,2052,
262144,597593.776991254,1232069,1,0,189,745,635,375,,1944,
262144,597593.776997305,1232071,0,1,201,757,653,367,,1978,
262144,597593.777007096,1232069,1,0,284,940,615,398,,2237,
262144,597593.777013436,1232071,0,1,237,748,642,481,,2108,
262144,597593.777023485,1232069,1,0,194,741,675,545,,2155,
262144,597593.777029004,1232071,0,1,179,755,660,393,,1987,
262144,597593.777038933,1232069,1,0,178,732,651,387,,1948,
262144,597593.777044317,1232071,0,1,212,747,662,403,,2024,
262144,597593.777054186,1232069,1,0,197,750,628,361,,1936,
262144,597593.777059490,1232071,0,1,188,768,644,371,,1971,
262144,597593.777068967,1232069,1,0,183,778,633,373,,1967,
262144,597593.777074676,1232071,0,1,204,748,628,474,,2054,
262144,597593.777084586,1232069,1,0,213,755,638,388,,1994,
262144,597593.777090147,1232071,0,1,164,748,651,382,,1945,
262144,597593.777100153,1232069,1,0,173,735,619,354,,1881,
262144,597593.777105465,1232071,0,1,219,749,677,444,,2089,
262144,597593.777115390,1232069,1,0,184,747,619,437,,1987,
262144,597593.777120801,1232071,0,1,209,745,652,361,,1967,
262144,597593.777130532,1232069,1,0,195,745,657,398,,1995,
262144,597593.777136217,1232071,0,1,209,745,732,415,,2101,
262144,597593.777146465,1232069,1,0,227,745,622,514,,2108,
262144,597593.777151901,1232071,0,1,193,764,801,425,,2183,
262144,597593.777161848,1232069,1,0,185,746,622,375,,1928,
262144,597593.777167173,1232071,0,1,180,744,634,410,,1968,
262144,597593.777176860,1232069,1,0,201,749,634,470,,2054,
262144,597593.777182353,1232071,0,1,200,740,704,732,,2376,
262144,597593.777192538,1232069,1,0,192,749,622,374,,1937,
262144,597593.777198160,1232071,0,1,201,806,633,448,,2088,
262144,597593.777208071,1232069,1,0,212,747,636,421,,2016,
262144,597593.777213766,1232071,0,1,176,743,666,364,,1949,
262144,597593.777223442,1232069,1,0,182,734,617,452,,1985,
262144,597593.777230204,1232071,0,1,199,739,676,400,,2014,
262144,597593.777240168,1232069,1,0,199,745,622,376,,1942,
262144,597593.777246756,1232071,0,1,184,752,658,404,,1998,
262144,597593.777256606,1232069,1,0,183,746,622,369,,1920,
262144,597593.777262287,1232071,0,1,216,740,691,436,,2083,
262144,597593.777272016,1232069,1,0,187,743,626,406,,1962,
262144,597593.777277711,1232071,0,1,185,754,1026,433,,2398,
262144,597593.777287875,1232069,1,0,178,750,628,362,,1918,
262144,597593.777293308,1232071,0,1,237,770,632,404,,2043,
262144,597593.777302959,1232069,1,0,204,753,634,426,,2017,
262144,597593.777308222,1232071,0,1,179,757,651,407,,1994,
262144,597593.777317805,1232069,1,0,176,743,630,474,,2023,
262144,597593.777323321,1232071,0,1,203,748,624,385,,1960,
262144,597593.777333163,1232069,1,0,207,744,643,369,,1963,
262144,597593.777338421,1232071,0,1,182,739,659,428,,2008,
262144,597593.777348108,1232069,1,0,195,744,639,349,,1927,
262144,597593.777353449,1232071,0,1,193,748,631,409,,1981,
262144,597593.777363312,1232069,1,0,181,762,633,368,,1944,
262144,597593.777368564,1232071,0,1,181,765,654,430,,2030,
262144,597593.777378330,1232069,1,0,189,741,656,369,,1955,
262144,597593.777383762,1232071,0,1,204,746,646,422,,2018,
262144,597593.777393472,1232069,1,0,222,739,623,437,,2021,
262144,597593.777399103,1232071,0,1,189,738,665,366,,1958,
262144,597593.777408624,1232069,1,0,185,752,629,374,,1940,
262144,597593.777414376,1232071,0,1,202,752,654,416,,2024,
262144,597593.777424134,1232069,1,0,190,750,632,365,,1937,
262144,597593.777430144,1232071,0,1,172,755,647,393,,1967,
262144,597593.777439669,1232069,1,0,182,749,620,440,,1991,
262144,597593.777445493,1232071,0,1,202,750,645,416,,2013,
262144,597593.777455265,1232069,1,0,193,869,683,357,,2102,
262144,597593.777460727,1232071,0,1,166,748,654,456,,2024,
262144,597593.777470691,1232069,1,0,180,744,654,562,,2140,
262144,597593.777476177,1232071,0,1,185,765,658,401,,2009,
262144,597593.777488981,1232069,1,0,214,754,656,394,,2018,
262144,597593.777494259,1232071,0,1,203,745,684,415,,2047,
262144,597593.777504215,1232069,1,0,180,780,648,359,,1967,
262144,597593.777509568,1232071,0,1,180,761,621,373,,1935,
262144,597593.777519230,1232069,1,0,223,752,656,403,,2034,
262144,597593.777524498,1232071,0,1,236,752,679,440,,2107,
262144,597593.777534390,1232069,1,0,198,745,619,365,,1927,
262144,597593.777540027,1232071,0,1,201,743,664,366,,1974,
262144,597593.777549643,1232069,1,0,329,732,625,357,,2043,
262144,597593.777555201,1232071,0,1,201,760,653,443,,2057,
262144,597593.777565091,1232069,1,0,204,748,659,469,,2080,
262144,597593.777570832,1232071,0,1,191,734,624,395,,1944,
262144,597593.777580528,1232069,1,0,246,787,635,473,,2141,
262144,597593.777585921,1232071,0,1,212,740,690,363,,2005,
262144,597593.777595594,1232069,1,0,218,747,676,448,,2089,
262144,597593.777601201,1232071,0,1,195,752,632,382,,1961,
262144,597593.777610925,1232069,1,0,233,739,636,392,,2000,
262144,597593.777616524,1232071,0,1,168,749,655,374,,1946,
262144,597593.777626199,1232069,1,0,364,740,630,408,,2142,
262144,597593.777631861,1232071,0,1,210,746,635,493,,2084,
262144,597593.777642127,1232069,1,0,190,743,628,371,,1932,
262144,597593.777647388,1232071,0,1,187,826,657,380,,2050,
262144,597593.777657019,1232069,1,0,170,747,639,472,,2028,
262144,597593.777662516,1232071,0,1,206,754,677,445,,2082,
262144,597593.777672350,1232069,1,0,191,746,631,450,,2018,
262144,597593.777677705,1232071,0,1,178,754,651,369,,1952,
262144,597593.777687366,1232069,1,0,197,740,631,375,,1943,
262144,597593.777692923,1232071,0,1,195,757,653,471,,2076,
262144,597593.777702742,1232069,1,0,221,741,654,366,,1982,
262144,597593.777708051,1232071,0,1,170,745,645,373,,1933,
262144,597593.777717688,1232069,1,0,186,736,620,562,,2104,
262144,597593.777723171,1232071,0,1,195,748,695,709,,2347,
262144,597593.777733275,1232069,1,0,190,744,636,375,,1945,
262144,597593.777738770,1232071,0,1,198,744,652,366,,1960,
262144,597593.777748438,1232069,1,0,192,741,656,509,,2098,
262144,597593.777754072,1232071,0,1,210,745,643,399,,1997,
262144,597593.777763772,1232069,1,0,269,781,625,434,,2109,
262144,597593.777769539,1232071,0,1,208,756,658,375,,1997,
262144,597593.777779442,1232069,1,0,247,747,642,365,,2001,
262144,597593.777784857,1232071,0,1,190,752,675,505,,2122,
262144,597593.777794699,1232069,1,0,182,732,631,423,,1968,
262144,597593.777800021,1232071,0,1,171,734,654,380,,1939,
262144,597593.777809444,1232069,1,0,179,749,631,372,,1931,
262144,597593.777815013,1232071,0,1,183,738,644,482,,2047,
262144,597593.777824906,1232069,1,0,177,742,634,373,,1926,
262144,597593.777830476,1232071,0,1,187,751,649,425,,2012,
262144,597593.777840217,1232069,1,0,192,750,655,500,,2097,
262144,597593.777845878,1232071,0,1,197,749,636,416,,1998,
262144,597593.777855878,1232069,1,0,229,750,615,374,,1968,
262144,597593.777861432,1232071,0,1,184,753,625,399,,1961,
262144,597593.777871182,1232069,1,0,174,755,662,362,,1953,
262144,597593.777876764,1232071,0,1,201,747,648,480,,2076,
262144,597593.777886579,1232069,1,0,217,755,643,437,,2052,
262144,597593.777892138,1232071,0,1,172,738,646,496,,2052,
262144,597593.777901925,1232069,1,0,204,770,638,359,,1971,
262144,597593.777907510,1232071,0,1,198,749,643,476,,2066,
262144,597593.777917460,1232069,1,0,322,904,1009,450,,2685,
262144,597593.777923817,1232071,0,1,187,761,651,420,,2019,
262144,597593.777937965,1232069,1,0,514,761,833,399,,2507,
262144,597593.778061217,1232069,1,0,329,771,891,612,,2603,
524288,597595.121762459,1232081,1,0,987,3136,2950,1279,,8352,
524288,597595.121778939,1232083,0,1,886,2702,2871,1316,,7775,
524288,597595.121863091,1232081,1,0,822,2773,3099,957,,7651,
524288,597595.121877706,1232083,0,1,767,2536,2154,997,,6454,
524288,597595.121924233,1232081,1,0,778,2566,2234,1005,,6583,
524288,597595.121937408,1232083,0,1,192,735,722,644,,2293,
524288,597595.121966416,1232081,1,0,233,777,713,491,,2214,
524288,597595.121974770,1232083,0,1,207,754,704,529,,2194,
524288,597595.122002187,1232081,1,0,236,763,710,487,,2196,
524288,597595.122010404,1232083,0,1,198,750,649,514,,2111,
524288,597595.122040037,1232081,1,0,229,767,731,421,,2148,
524288,597595.122048550,1232083,0,1,200,752,653,476,,2081,
524288,597595.122075786,1232081,1,0,226,759,764,511,,2260,
524288,597595.122084448,1232083,0,1,191,757,788,418,,2154,
524288,597595.122113291,1232081,1,0,215,745,630,434,,2024,
524288,597595.122120978,1232083,0,1,202,736,824,386,,2148,
524288,597595.122131133,1232081,1,0,192,742,685,356,,1975,
524288,597595.122138752,1232083,0,1,178,743,636,359,,1916,
524288,597595.122150904,1232081,1,0,196,757,640,370,,1963,
524288,597595.122159111,1232083,0,1,189,822,640,442,,2093,
524288,597595.122169292,1232081,1,0,211,736,616,411,,1974,
524288,597595.122177080,1232083,0,1,180,745,648,380,,1953,
524288,597595.122186705,1232081,1,0,184,742,632,378,,1936,
524288,597595.122194460,1232083,0,1,219,736,652,360,,1967,
524288,597595.122204314,1232081,1,0,193,734,808,398,,2133,
524288,597595.122211915,1232083,0,1,176,723,660,357,,1916,
524288,597595.122227254,1232081,1,0,217,740,645,417,,2019,
524288,597595.122235024,1232083,0,1,225,728,672,420,,2045,
524288,597595.122244937,1232081,1,0,215,728,644,415,,2002,
524288,597595.122252826,1232083,0,1,205,736,671,364,,1976,
524288,597595.122262589,1232081,1,0,185,757,632,386,,1960,
524288,597595.122270557,1232083,0,1,194,742,653,374,,1963,
524288,597595.122280032,1232081,1,0,219,735,643,410,,2007,
524288,597595.122287695,1232083,0,1,185,737,674,379,,1975,
524288,597595.122297310,1232081,1,0,183,756,625,401,,1965,
524288,597595.122304889,1232083,0,1,191,722,628,378,,1919,
524288,597595.122314668,1232081,1,0,218,741,622,423,,2004,
524288,597595.122322314,1232083,0,1,206,732,665,526,,2129,
524288,597595.122341813,1232081,1,0,229,731,644,533,,2137,
524288,597595.122349934,1232083,0,1,208,736,671,401,,2016,
524288,597595.122359598,1232081,1,0,176,734,643,382,,1935,
524288,597595.122367313,1232083,0,1,206,759,627,375,,1967,
524288,597595.122377080,1232081,1,0,227,782,629,399,,2037,
524288,597595.122384737,1232083,0,1,199,767,631,352,,1949,
524288,597595.122394241,1232081,1,0,211,715,621,382,,1929,
524288,597595.122402000,1232083,0,1,198,734,663,399,,1994,
524288,597595.122411820,1232081,1,0,195,721,634,373,,1923,
524288,597595.122419563,1232083,0,1,184,821,637,378,,2020,
524288,597595.122429419,1232081,1,0,211,725,616,413,,1965,
524288,597595.122437052,1232083,0,1,178,751,658,357,,1944,
524288,597595.122446891,1232081,1,0,200,742,612,397,,1951,
524288,597595.122454819,1232083,0,1,204,731,740,391,,2066,
524288,597595.122464825,1232081,1,0,185,732,625,385,,1927,
524288,597595.122472555,1232083,0,1,348,732,734,358,,2172,
524288,597595.122482764,1232081,1,0,189,730,642,401,,1962,
524288,597595.122490743,1232083,0,1,298,760,735,408,,2201,
524288,597595.122503654,1232081,1,0,232,728,741,448,,2149,
524288,597595.122511993,1232083,0,1,224,765,719,419,,2127,
524288,597595.122521652,1232081,1,0,196,736,633,499,,2064,
524288,597595.122529585,1232083,0,1,188,745,699,382,,2014,
524288,597595.122539393,1232081,1,0,201,728,632,437,,1998,
524288,597595.122547181,1232083,0,1,500,835,818,465,,2618,
524288,597595.122571085,1232081,1,0,208,752,701,443,,2104,
524288,597595.122579259,1232083,0,1,352,747,658,366,,2123,
524288,597595.122589956,1232081,1,0,202,763,711,506,,2182,
524288,597595.122598463,1232083,0,1,204,754,702,539,,2199,
524288,597595.122609148,1232081,1,0,214,756,693,445,,2108,
524288,597595.122617396,1232083,0,1,216,753,674,372,,2015,
524288,597595.122627850,1232081,1,0,181,753,683,421,,2038,
524288,597595.122636146,1232083,0,1,333,853,679,370,,2235,
524288,597595.122647176,1232081,1,0,200,752,964,470,,2386,
524288,597595.122656212,1232083,0,1,495,765,675,395,,2330,
524288,597595.122667074,1232081,1,0,188,743,696,404,,2031,
524288,597595.122675277,1232083,0,1,239,750,679,389,,2057,
524288,597595.122685986,1232081,1,0,201,754,688,422,,2065,
524288,597595.122694394,1232083,0,1,211,753,644,365,,1973,
524288,597595.122705014,1232081,1,0,188,757,686,423,,2054,
524288,597595.122713053,1232083,0,1,219,748,758,377,,2102,
524288,597595.122723791,1232081,1,0,229,770,695,418,,2112,
524288,597595.122731918,1232083,0,1,200,748,637,502,,2087,
524288,597595.122742400,1232081,1,0,236,752,779,436,,2203,
524288,597595.122750494,1232083,0,1,206,747,669,409,,2031,
524288,597595.122760998,1232081,1,0,210,755,686,397,,2048,
524288,597595.122769754,1232083,0,1,194,788,757,431,,2170,
524288,597595.122780598,1232081,1,0,196,763,715,399,,2073,
524288,597595.122789346,1232083,0,1,436,752,666,379,,2233,
524288,597595.122800150,1232081,1,0,228,762,697,450,,2137,
524288,597595.122808749,1232083,0,1,199,762,630,383,,1974,
524288,597595.122819278,1232081,1,0,183,733,638,359,,1913,
524288,597595.122830776,1232083,0,1,212,813,628,421,,2074,
524288,597595.122842646,1232081,1,0,206,731,708,457,,2102,
524288,597595.122851921,1232083,0,1,189,736,741,401,,2067,
524288,597595.122863798,1232081,1,0,182,730,625,440,,1977,
524288,597595.122873649,1232083,0,1,209,811,720,412,,2152,
524288,597595.122886003,1232081,1,0,211,748,715,474,,2148,
524288,597595.122895953,1232083,0,1,185,811,629,401,,2026,
524288,597595.122908349,1232081,1,0,218,835,745,487,,2285,
524288,597595.122930177,1232083,0,1,271,749,630,388,,2038,
524288,597595.122942555,1232081,1,0,246,755,718,434,,2153,
524288,597595.122952568,1232083,0,1,215,785,638,384,,2022,
524288,597595.122965172,1232081,1,0,218,837,694,428,,2177,
524288,597595.122975461,1232083,0,1,193,734,650,414,,1991,
524288,597595.122987361,1232081,1,0,191,739,611,393,,1934,
524288,597595.122996952,1232083,0,1,285,743,653,438,,2119,
524288,597595.123008690,1232081,1,0,208,723,618,355,,1904,
524288,597595.123018259,1232083,0,1,244,741,679,404,,2068,
524288,597595.123029912,1232081,1,0,209,732,617,365,,1923,
524288,597595.123038678,1232083,0,1,202,724,668,401,,1995,
524288,597595.123066178,1232081,1,0,199,728,625,401,,1953,
524288,597595.123075685,1232083,0,1,187,727,661,407,,1982,
524288,597595.123087320,1232081,1,0,317,738,749,437,,2241,
524288,597595.123096390,1232083,0,1,201,732,789,375,,2097,
524288,597595.123107853,1232081,1,0,319,722,674,443,,2158,
524288,597595.123116926,1232083,0,1,219,737,770,374,,2100,
524288,597595.123128218,1232081,1,0,196,735,636,378,,1945,
524288,597595.123139991,1232083,0,1,218,746,655,400,,2019,
524288,597595.123150223,1232081,1,0,186,744,645,391,,1966,
524288,597595.123157961,1232083,0,1,204,739,663,362,,1968,
524288,597595.123168170,1232081,1,0,188,735,632,393,,1948,
524288,597595.123176795,1232083,0,1,195,741,643,363,,1942,
524288,597595.123187641,1232081,1,0,184,837,630,419,,2070,
524288,597595.123196474,1232083,0,1,177,719,644,379,,1919,
524288,597595.123207399,1232081,1,0,204,732,651,434,,2021,
524288,597595.123216603,1232083,0,1,192,753,618,431,,1994,
524288,597595.123227654,1232081,1,0,215,732,653,450,,2050,
524288,597595.123235812,1232083,0,1,200,736,649,413,,1998,
524288,597595.123246680,1232081,1,0,211,733,644,366,,1954,
524288,597595.123255009,1232083,0,1,319,750,617,434,,2120,
524288,597595.123265625,1232081,1,0,291,735,697,446,,2169,
524288,597595.123274449,1232083,0,1,203,720,657,414,,1994,
524288,597595.123285555,1232081,1,0,190,732,625,400,,1947,
524288,597595.123293765,1232083,0,1,185,728,660,361,,1934,
524288,597595.123304195,1232081,1,0,274,728,635,408,,2045,
524288,597595.123312746,1232083,0,1,207,739,647,400,,1993,
524288,597595.123323507,1232081,1,0,209,730,640,421,,2000,
524288,597595.123332171,1232083,0,1,190,734,713,522,,2159,
524288,597595.123342991,1232081,1,0,191,733,624,426,,1974,
524288,597595.123351455,1232083,0,1,185,718,628,401,,1932,
524288,597595.123362202,1232081,1,0,193,722,635,361,,1911,
524288,597595.123370821,1232083,0,1,187,732,723,417,,2059,
524288,597595.123381712,1232081,1,0,200,717,661,419,,1997,
524288,597595.123389938,1232083,0,1,208,728,634,359,,1929,
524288,597595.123400496,1232081,1,0,204,724,673,455,,2056,
524288,597595.123408997,1232083,0,1,217,728,650,397,,1992,
524288,597595.123419463,1232081,1,0,313,738,638,468,,2157,
524288,597595.123427750,1232083,0,1,183,714,665,458,,2020,
524288,597595.123437946,1232081,1,0,176,728,660,390,,1954,
524288,597595.123445828,1232083,0,1,199,762,725,411,,2097,
524288,597595.123455918,1232081,1,0,186,717,668,390,,1961,
524288,597595.123463922,1232083,0,1,198,725,686,383,,1992,
524288,597595.123474366,1232081,1,0,172,723,672,408,,1975,
524288,597595.123487726,1232083,0,1,291,742,723,404,,2160,
524288,597595.123498018,1232081,1,0,194,724,646,1358,,2922,
524288,597595.123507021,1232083,0,1,221,728,760,504,,2213,
524288,597595.123517349,1232081,1,0,209,725,660,401,,1995,
524288,597595.123525476,1232083,0,1,183,743,655,360,,1941,
524288,597595.123535396,1232081,1,0,169,736,611,434,,1950,
524288,597595.123543335,1232083,0,1,194,738,653,415,,2000,
524288,597595.123553547,1232081,1,0,208,760,635,377,,1980,
524288,597595.123561500,1232083,0,1,186,739,628,390,,1943,
524288,597595.123571428,1232081,1,0,175,730,625,374,,1904,
524288,597595.123579599,1232083,0,1,194,860,661,413,,2128,
524288,597595.123590061,1232081,1,0,217,768,646,416,,2047,
524288,597595.123598082,1232083,0,1,219,885,641,371,,2116,
524288,597595.123608692,1232081,1,0,445,723,707,416,,2291,
524288,597595.123617118,1232083,0,1,210,740,751,403,,2104,
524288,597595.123627658,1232081,1,0,208,727,648,358,,1941,
524288,597595.123635319,1232083,0,1,193,764,630,394,,1981,
524288,597595.123645285,1232081,1,0,197,740,632,437,,2006,
524288,597595.123653144,1232083,0,1,280,735,704,361,,2080,
524288,597595.123663457,1232081,1,0,309,747,632,385,,2073,
524288,597595.123671336,1232083,0,1,243,741,622,363,,1969,
524288,597595.123681477,1232081,1,0,213,730,617,404,,1964,
524288,597595.123689174,1232083,0,1,190,730,673,357,,1950,
524288,597595.123699145,1232081,1,0,182,724,613,379,,1898,
524288,597595.123706838,1232083,0,1,195,750,621,414,,1980,
524288,597595.123716796,1232081,1,0,188,734,625,423,,1970,
524288,597595.123724553,1232083,0,1,202,744,710,390,,2046,
524288,597595.123734409,1232081,1,0,286,730,618,383,,2017,
524288,597595.123742234,1232083,0,1,197,733,623,378,,1931,
524288,597595.123751867,1232081,1,0,185,729,632,414,,1960,
524288,597595.123759556,1232083,0,1,209,734,763,405,,2111,
524288,597595.123769998,1232081,1,0,207,730,627,401,,1965,
524288,597595.123777925,1232083,0,1,426,737,899,472,,2534,
524288,597595.123788198,1232081,1,0,202,732,619,430,,1983,
524288,597595.123796091,1232083,0,1,199,748,703,392,,2042,
524288,597595.123805997,1232081,1,0,184,735,646,434,,1999,
524288,597595.123813853,1232083,0,1,180,761,645,392,,1978,
524288,597595.123823689,1232081,1,0,190,738,617,429,,1974,
524288,597595.123831205,1232083,0,1,193,739,647,363,,1942,
524288,597595.123841213,1232081,1,0,213,735,662,382,,1992,
524288,597595.123849019,1232083,0,1,184,744,770,375,,2073,
524288,597595.123858750,1232081,1,0,298,731,635,435,,2099,
524288,597595.123866380,1232083,0,1,208,732,814,469,,2223,
524288,597595.123876599,1232081,1,0,177,721,621,380,,1899,
524288,597595.123884218,1232083,0,1,180,726,629,359,,1894,
524288,597595.123893958,1232081,1,0,216,728,622,371,,1937,
524288,597595.123901570,1232083,0,1,190,748,665,387,,1990,
524288,597595.123911724,1232081,1,0,220,732,747,420,,2119,
524288,597595.123919636,1232083,0,1,187,729,672,357,,1945,
524288,597595.123929339,1232081,1,0,196,719,701,393,,2009,
524288,597595.123937474,1232083,0,1,206,751,727,378,,2062,
524288,597595.123980584,1232081,1,0,394,751,683,363,,2191,
524288,597595.123988679,1232083,0,1,173,761,693,418,,2045,
524288,597595.123998940,1232081,1,0,212,757,625,375,,1969,
524288,597595.124006890,1232083,0,1,200,764,952,422,,2338,
524288,597595.124017202,1232081,1,0,307,780,682,435,,2204,
524288,597595.124025309,1232083,0,1,206,752,715,463,,2136,
524288,597595.124035582,1232081,1,0,210,792,689,434,,2125,
524288,597595.124043494,1232083,0,1,210,763,720,396,,2089,
524288,597595.124053636,1232081,1,0,202,760,632,365,,1959,
524288,597595.124061434,1232083,0,1,187,756,690,410,,2043,
524288,597595.124071683,1232081,1,0,204,739,622,396,,1961,
524288,597595.124079856,1232083,0,1,202,756,840,412,,2210,
524288,597595.124090061,1232081,1,0,206,738,631,380,,1955,
524288,597595.124097898,1232083,0,1,307,748,734,566,,2355,
524288,597595.124108172,1232081,1,0,222,745,629,404,,2000,
524288,597595.124116311,1232083,0,1,276,834,836,459,,2405,
524288,597595.124126622,1232081,1,0,237,744,637,430,,2048,
524288,597595.124134937,1232083,0,1,733,791,685,402,,2611,
524288,597595.124145384,1232081,1,0,315,744,656,401,,2116,
524288,597595.124153573,1232083,0,1,234,798,727,423,,2182,
524288,597595.124163700,1232081,1,0,219,751,743,375,,2088,
524288,597595.124188041,1232083,0,1,322,768,709,508,,2307,
524288,597595.124198282,1232081,1,0,218,742,671,409,,2040,
524288,597595.124204363,1232083,0,1,175,728,665,363,,1931,
524288,597595.124215693,1232081,1,0,187,718,647,424,,1976,
524288,597595.124222023,1232083,0,1,193,726,626,395,,1940,
524288,597595.124233166,1232081,1,0,191,936,657,372,,2156,
524288,597595.124239769,1232083,0,1,204,701,656,375,,1936,
524288,597595.124251221,1232081,1,0,195,749,694,514,,2152,
524288,597595.124257841,1232083,0,1,206,755,693,449,,2103,
524288,597595.124269309,1232081,1,0,200,760,621,394,,1975,
524288,597595.124275407,1232083,0,1,341,752,724,405,,2222,
524288,597595.124286979,1232081,1,0,210,757,640,416,,2023,
524288,597595.124293440,1232083,0,1,208,762,689,451,,2110,
524288,597595.124305071,1232081,1,0,307,749,653,394,,2103,
524288,597595.124311400,1232083,0,1,220,742,705,407,,2074,
524288,597595.124323211,1232081,1,0,227,747,645,434,,2053,
524288,597595.124329899,1232083,0,1,316,766,823,407,,2312,
524288,597595.124341381,1232081,1,0,230,786,657,373,,2046,
524288,597595.124347590,1232083,0,1,180,745,677,423,,2025,
524288,597595.124358837,1232081,1,0,216,755,737,453,,2161,
524288,597595.124365439,1232083,0,1,205,749,685,447,,2086,
524288,597595.124376787,1232081,1,0,218,763,636,435,,2052,
524288,597595.124383370,1232083,0,1,185,732,648,372,,1937,
524288,597595.124394573,1232081,1,0,194,721,657,421,,1993,
524288,597595.124401133,1232083,0,1,203,734,625,382,,1944,
524288,597595.124412093,1232081,1,0,197,741,642,421,,2001,
524288,597595.124417870,1232083,0,1,197,731,619,365,,1912,
524288,597595.124428295,1232081,1,0,185,741,664,384,,1974,
524288,597595.124434448,1232083,0,1,209,734,623,397,,1963,
524288,597595.124444951,1232081,1,0,195,742,714,377,,2028,
524288,597595.124450999,1232083,0,1,182,744,641,357,,1924,
524288,597595.124461357,1232081,1,0,189,726,635,422,,1972,
524288,597595.124467377,1232083,0,1,195,736,629,495,,2055,
524288,597595.124477964,1232081,1,0,209,722,690,549,,2170,
524288,597595.124484407,1232083,0,1,175,735,623,367,,1900,
524288,597595.124494920,1232081,1,0,219,719,650,374,,1962,
524288,597595.124502120,1232083,0,1,223,739,751,428,,2141,
524288,597595.124512761,1232081,1,0,216,738,711,405,,2070,
524288,597595.124518870,1232083,0,1,207,748,630,357,,1942,
524288,597595.124529090,1232081,1,0,181,740,734,453,,2108,
524288,597595.124535361,1232083,0,1,190,730,626,388,,1934,
524288,597595.124546313,1232081,1,0,192,721,615,388,,1916,
524288,597595.124552452,1232083,0,1,200,734,700,357,,1991,
524288,597595.124562961,1232081,1,0,205,730,658,450,,2043,
524288,597595.124569440,1232083,0,1,191,746,632,391,,1960,
524288,597595.124579964,1232081,1,0,193,736,686,391,,2006,
524288,597595.124586065,1232083,0,1,187,728,623,541,,2079,
524288,597595.124596815,1232081,1,0,188,736,656,390,,1970,
524288,597595.124603220,1232083,0,1,204,739,619,416,,1978,
524288,597595.124613708,1232081,1,0,202,731,684,406,,2023,
524288,597595.124619716,1232083,0,1,216,739,647,365,,1967,
524288,597595.124630129,1232081,1,0,174,752,646,420,,1992,
524288,597595.124636304,1232083,0,1,210,722,635,380,,1947,
524288,597595.124646479,1232081,1,0,196,738,630,392,,1956,
524288,597595.124652290,1232083,0,1,182,726,661,399,,1968,
524288,597595.124662563,1232081,1,0,189,733,629,444,,1995,
524288,597595.124669400,1232083,0,1,195,759,634,406,,1994,
524288,597595.124679578,1232081,1,0,185,733,643,370,,1931,
524288,597595.124685109,1232083,0,1,184,754,624,348,,1910,
524288,597595.124695059,1232081,1,0,181,743,695,442,,2061,
524288,597595.124700931,1232083,0,1,211,726,640,399,,1976,
524288,597595.124711238,1232081,1,0,285,737,654,374,,2050,
524288,597595.124717408,1232083,0,1,181,727,645,362,,1915,
524288,597595.124727337,1232081,1,0,212,727,644,402,,1985,
524288,597595.124733568,1232083,0,1,225,723,648,365,,1961,
524288,597595.124743478,1232081,1,0,221,727,658,507,,2113,
524288,597595.124749393,1232083,0,1,231,719,638,395,,1983,
524288,597595.124759533,1232081,1,0,218,736,626,373,,1953,
524288,597595.124765258,1232083,0,1,233,793,627,403,,2056,
524288,597595.124775682,1232081,1,0,195,725,663,411,,1994,
524288,597595.124781949,1232083,0,1,174,739,637,372,,1922,
524288,597595.124791821,1232081,1,0,188,741,631,369,,1929,
524288,597595.124798716,1232083,0,1,200,744,686,445,,2075,
524288,597595.124808751,1232081,1,0,194,727,650,363,,1934,
524288,597595.124814449,1232083,0,1,200,728,653,363,,1944,
524288,597595.124824391,1232081,1,0,193,730,617,400,,1940,
524288,597595.124831059,1232083,0,1,199,737,640,357,,1933,
524288,597595.124840832,1232081,1,0,194,728,654,395,,1971,
524288,597595.124848662,1232083,0,1,212,735,664,387,,1998,
524288,597595.124858831,1232081,1,0,194,811,606,378,,1989,
524288,597595.124866038,1232083,0,1,327,739,645,396,,2107,
524288,597595.124876190,1232081,1,0,194,729,678,524,,2125,
524288,597595.124882589,1232083,0,1,207,738,628,387,,1960,
524288,597595.124892216,1232081,1,0,190,729,625,395,,1939,
524288,597595.124898953,1232083,0,1,198,738,675,393,,2004,
524288,597595.124908736,1232081,1,0,184,739,617,372,,1912,
524288,597595.124914475,1232083,0,1,180,740,715,413,,2048,
524288,597595.124924059,1232081,1,0,184,729,621,442,,1976,
524288,597595.124929964,1232083,0,1,199,745,651,428,,2023,
524288,597595.124939630,1232081,1,0,286,729,744,408,,2167,
524288,597595.124948171,1232083,0,1,216,743,655,355,,1969,
524288,597595.124957889,1232081,1,0,187,726,656,418,,1987,
524288,597595.124965782,1232083,0,1,188,751,624,381,,1944,
524288,597595.124975425,1232081,1,0,196,735,631,376,,1938,
524288,597595.124983464,1232083,0,1,196,842,726,461,,2225,
524288,597595.124993425,1232081,1,0,198,740,643,520,,2101,
524288,597595.125001926,1232083,0,1,602,755,691,444,,2492,
524288,597595.125012100,1232081,1,0,246,730,618,384,,1978,
524288,597595.125020584,1232083,0,1,190,726,653,458,,2027,
524288,597595.125030534,1232081,1,0,217,849,613,379,,2058,
524288,597595.125038363,1232083,0,1,189,759,653,377,,1978,
524288,597595.125047931,1232081,1,0,177,731,650,389,,1947,
524288,597595.125056043,1232083,0,1,264,742,627,573,,2206,
524288,597595.125066199,1232081,1,0,269,746,962,400,,2377,
524288,597595.125074290,1232083,0,1,242,799,672,384,,2097,
524288,597595.125084209,1232081,1,0,191,724,627,395,,1937,
524288,597595.125091938,1232083,0,1,268,736,665,360,,2029,
524288,597595.125101666,1232081,1,0,192,723,654,370,,1939,
524288,597595.125109665,1232083,0,1,201,757,643,505,,2106,
524288,597595.125119731,1232081,1,0,180,754,674,421,,2029,
524288,597595.125127614,1232083,0,1,192,743,625,505,,2065,
524288,597595.125137531,1232081,1,0,211,716,639,442,,2008,
524288,597595.125145884,1232083,0,1,203,817,636,425,,2081,
524288,597595.125155834,1232081,1,0,198,739,629,495,,2061,
524288,597595.125164439,1232083,0,1,605,759,663,382,,2409,
524288,597595.125175322,1232081,1,0,273,759,702,427,,2161,
524288,597595.125184355,1232083,0,1,211,754,677,417,,2059,
524288,597595.125195075,1232081,1,0,188,742,708,469,,2107,
524288,597595.125203246,1232083,0,1,195,756,635,383,,1969,
524288,597595.125213598,1232081,1,0,287,756,681,401,,2125,
524288,597595.125221679,1232083,0,1,242,749,697,386,,2074,
524288,597595.125232155,1232081,1,0,198,957,701,422,,2278,
524288,597595.125240636,1232083,0,1,216,762,841,449,,2268,
524288,597595.125251567,1232081,1,0,213,771,705,483,,2172,
524288,597595.125260098,1232083,0,1,227,755,678,456,,2116,
524288,597595.125270964,1232081,1,0,221,768,714,429,,2132,
524288,597595.125279366,1232083,0,1,205,805,680,384,,2074,
524288,597595.125290283,1232081,1,0,211,767,703,421,,2102,
524288,597595.125298680,1232083,0,1,222,782,693,445,,2142,
524288,597595.125309292,1232081,1,0,214,780,753,448,,2195,
524288,597595.125317624,1232083,0,1,192,762,762,367,,2083,
524288,597595.125328725,1232081,1,0,238,779,705,498,,2220,
524288,597595.125337287,1232083,0,1,227,766,680,486,,2159,
524288,597595.125347982,1232081,1,0,231,772,712,415,,2130,
524288,597595.125356551,1232083,0,1,213,863,669,377,,2122,
524288,597595.125367417,1232081,1,0,195,776,701,471,,2143,
524288,597595.125375677,1232083,0,1,209,777,683,407,,2076,
524288,597595.125386408,1232081,1,0,221,778,736,461,,2196,
524288,597595.125394733,1232083,0,1,230,763,655,389,,2037,
524288,597595.125404817,1232081,1,0,200,748,675,397,,2020,
524288,597595.125412890,1232083,0,1,233,736,937,383,,2289,
524288,597595.125423059,1232081,1,0,175,742,651,387,,1955,
524288,597595.125430737,1232083,0,1,312,747,679,368,,2106,
524288,597595.125441385,1232081,1,0,211,770,716,411,,2108,
524288,597595.125477658,1232083,0,1,226,890,778,461,,2355,
524288,597595.125487178,1232081,1,0,210,925,720,453,,2308,
524288,597595.125495920,1232083,0,1,196,785,730,360,,2071,
524288,597595.125512311,1232081,1,0,238,779,839,448,,2304,
524288,597595.125521037,1232083,0,1,227,892,763,794,,2676,
524288,597595.125532856,1232081,1,0,361,819,972,529,,2681,
524288,597595.125541726,1232083,0,1,201,786,739,434,,2160,
524288,597595.125552666,1232081,1,0,233,767,653,396,,2049,
524288,597595.125560881,1232083,0,1,218,754,736,409,,2117,
524288,597595.125571066,1232081,1,0,215,760,665,374,,2014,
524288,597595.125579093,1232083,0,1,216,765,842,552,,2375,
524288,597595.125589615,1232081,1,0,236,779,678,394,,2087,
524288,597595.125597657,1232083,0,1,208,785,771,438,,2202,
524288,597595.125607786,1232081,1,0,203,756,694,404,,2057,
524288,597595.125615846,1232083,0,1,185,753,726,438,,2102,
524288,597595.125626387,1232081,1,0,392,746,647,442,,2227,
524288,597595.125634472,1232083,0,1,225,763,742,433,,2163,
524288,597595.125644522,1232081,1,0,212,748,732,378,,2070,
524288,597595.125652726,1232083,0,1,276,760,819,408,,2263,
524288,597595.125663580,1232081,1,0,218,762,665,397,,2042,
524288,597595.125671761,1232083,0,1,298,762,769,543,,2372,
524288,597595.125682100,1232081,1,0,256,766,769,365,,2156,
524288,597595.125690391,1232083,0,1,187,746,662,378,,1973,
524288,597595.125781209,1232081,1,0,303,898,825,507,,2533,
524288,597595.125789453,1232083,0,1,200,732,713,441,,2086,
524288,597595.125799324,1232081,1,0,189,744,659,377,,1969,
524288,597595.125807250,1232083,0,1,212,740,659,372,,1983,
524288,597595.125816932,1232081,1,0,179,727,746,412,,2064,
524288,597595.125825216,1232083,0,1,211,760,678,399,,2048,
524288,597595.125835032,1232081,1,0,215,728,636,425,,2004,
524288,597595.125842796,1232083,0,1,212,750,649,365,,1976,
524288,597595.125852483,1232081,1,0,233,724,625,388,,1970,
524288,597595.125860428,1232083,0,1,189,742,658,445,,2034,
524288,597595.125870283,1232081,1,0,216,738,666,396,,2016,
524288,597595.125878240,1232083,0,1,177,738,661,369,,1945,
524288,597595.125887992,1232081,1,0,180,743,626,382,,1931,
524288,597595.125896162,1232083,0,1,202,737,673,469,,2081,
524288,597595.125906224,1232081,1,0,196,742,713,443,,2094,
524288,597595.125914161,1232083,0,1,308,744,718,365,,2135,
524288,597595.125923986,1232081,1,0,183,742,625,408,,1958,
524288,597595.125931662,1232083,0,1,334,750,661,367,,2112,
524288,597595.125941740,1232081,1,0,200,729,614,414,,1957,
524288,597595.125949808,1232083,0,1,203,741,653,378,,1975,
524288,597595.125959358,1232081,1,0,206,724,633,383,,1946,
524288,597595.125967439,1232083,0,1,198,735,648,398,,1979,
524288,597595.125977081,1232081,1,0,202,740,653,432,,2027,
524288,597595.125985312,1232083,0,1,182,748,668,528,,2126,
524288,597595.125995602,1232081,1,0,185,733,626,395,,1939,
524288,597595.126003664,1232083,0,1,200,734,649,384,,1967,
524288,597595.126013288,1232081,1,0,247,740,656,401,,2044,
524288,597595.126021475,1232083,0,1,191,730,742,379,,2042,
524288,597595.126031462,1232081,1,0,252,733,632,399,,2016,
524288,597595.126039525,1232083,0,1,208,736,644,410,,1998,
524288,597595.126049181,1232081,1,0,212,736,648,436,,2032,
524288,597595.126057203,1232083,0,1,199,738,731,375,,2043,
524288,597595.126067383,1232081,1,0,186,732,619,377,,1914,
524288,597595.126075120,1232083,0,1,192,748,634,381,,1955,
524288,597595.126084688,1232081,1,0,188,734,655,385,,1962,
524288,597595.126092227,1232083,0,1,212,743,814,417,,2186,
524288,597595.126102143,1232081,1,0,223,764,619,437,,2043,
524288,597595.126110083,1232083,0,1,220,730,655,468,,2073,
524288,597595.126119996,1232081,1,0,217,725,638,394,,1974,
524288,597595.126128022,1232083,0,1,200,735,698,378,,2011,
524288,597595.126137640,1232081,1,0,172,727,661,454,,2014,
524288,597595.126145699,1232083,0,1,201,823,677,412,,2113,
524288,597595.126155791,1232081,1,0,207,735,657,375,,1974,
524288,597595.126163593,1232083,0,1,188,734,655,356,,1933,
524288,597595.126173098,1232081,1,0,190,722,615,401,,1928,
524288,597595.126180732,1232083,0,1,203,752,736,410,,2101,
524288,597595.126190630,1232081,1,0,209,732,668,433,,2042,
524288,597595.126198709,1232083,0,1,219,737,643,630,,2229,
524288,597595.126208556,1232081,1,0,179,732,648,405,,1964,
524288,597595.126216427,1232083,0,1,183,741,674,400,,1998,
524288,597595.126226558,1232081,1,0,191,717,625,390,,1923,
524288,597595.126234267,1232083,0,1,288,729,631,366,,2014,
524288,597595.126244073,1232081,1,0,224,737,743,407,,2111,
524288,597595.126251857,1232083,0,1,195,729,632,411,,1967,
524288,597595.126261560,1232081,1,0,200,723,636,398,,1957,
524288,597595.126269272,1232083,0,1,200,729,648,429,,2006,
524288,597595.126279069,1232081,1,0,185,736,650,409,,1980,
524288,597595.126286773,1232083,0,1,194,714,649,381,,1938,
524288,597595.126296489,1232081,1,0,192,752,618,389,,1951,
524288,597595.126304470,1232083,0,1,184,734,650,379,,1947,
524288,597595.126314324,1232081,1,0,203,731,627,391,,1952,
524288,597595.126322374,1232083,0,1,205,727,647,390,,1969,
524288,597595.126331965,1232081,1,0,182,746,659,396,,1983,
524288,597595.126340025,1232083,0,1,190,735,681,362,,1968,
524288,597595.126349701,1232081,1,0,189,736,609,390,,1924,
524288,597595.126357878,1232083,0,1,207,804,653,415,,2079,
524288,597595.126367571,1232081,1,0,212,747,621,434,,2014,
524288,597595.126376397,1232083,0,1,179,732,660,386,,1957,
524288,597595.126386181,1232081,1,0,335,730,672,372,,2109,
524288,597595.126394412,1232083,0,1,212,739,689,365,,2005,
524288,597595.126404348,1232081,1,0,328,722,628,385,,2063,
524288,597595.126412033,1232083,0,1,200,736,652,375,,1963,
524288,597595.126422482,1232081,1,0,202,748,676,420,,2046,
524288,597595.126430706,1232083,0,1,220,751,651,402,,2024,
524288,597595.126441316,1232081,1,0,207,760,726,472,,2165,
524288,597595.126449522,1232083,0,1,192,827,715,453,,2187,
524288,597595.126460126,1232081,1,0,206,754,767,447,,2174,
524288,597595.126468952,1232083,0,1,202,758,641,363,,1964,
524288,597595.126479659,1232081,1,0,183,763,678,424,,2048,
524288,597595.126488301,1232083,0,1,188,751,678,408,,2025,
524288,597595.126498929,1232081,1,0,218,210,717,1504,,2649,
524288,597595.126516209,1232081,1,0,213,760,736,433,,2142,
524288,597595.126524906,1232083,0,1,283,949,946,617,,2795,
524288,597595.126536330,1232081,1,0,223,765,686,471,,2145,
524288,597595.126545008,1232083,0,1,197,762,630,407,,1996,
524288,597595.126555352,1232081,1,0,195,753,689,408,,2045,
524288,597595.126563770,1232083,0,1,207,787,864,487,,2345,
524288,597595.126574675,1232081,1,0,207,753,703,460,,2123,
524288,597595.126583059,1232083,0,1,204,760,687,381,,2032,
524288,597595.126593705,1232081,1,0,209,760,691,427,,2087,
524288,597595.126602023,1232083,0,1,210,755,682,479,,2126,
524288,597595.126612755,1232081,1,0,189,741,619,429,,1978,
524288,597595.126620834,1232083,0,1,163,743,622,487,,2015,
524288,597595.126630641,1232081,1,0,221,728,624,400,,1973,
524288,597595.126638558,1232083,0,1,237,737,706,559,,2239,
524288,597595.126648830,1232081,1,0,198,740,619,448,,2005,
524288,597595.126656984,1232083,0,1,284,738,716,428,,2166,
524288,597595.126666748,1232081,1,0,181,721,646,391,,1939,
524288,597595.126674463,1232083,0,1,256,734,799,387,,2176,
524288,597595.126684513,1232081,1,0,290,757,642,450,,2139,
524288,597595.126693139,1232083,0,1,179,725,635,367,,1906,
524288,597595.126702959,1232081,1,0,192,737,656,396,,1981,
524288,597595.126710637,1232083,0,1,195,732,646,379,,1952,
524288,597595.126720268,1232081,1,0,187,740,877,360,,2164,
524288,597595.126728454,1232083,0,1,402,725,640,384,,2151,
524288,597595.126738513,1232081,1,0,180,760,624,423,,1987,
524288,597595.126746459,1232083,0,1,193,751,682,398,,2024,
524288,597595.126756307,1232081,1,0,199,732,623,373,,1927,
524288,597595.126764484,1232083,0,1,246,735,628,371,,1980,
524288,597595.126774422,1232081,1,0,189,735,654,385,,1963,
524288,597595.126782673,1232083,0,1,183,743,722,409,,2057,
524288,597595.126792386,1232081,1,0,205,767,653,369,,1994,
524288,597595.126800544,1232083,0,1,190,766,673,367,,1996,
524288,597595.126810211,1232081,1,0,171,736,639,366,,1912,
524288,597595.126818113,1232083,0,1,211,738,669,407,,2025,
524288,597595.126828031,1232081,1,0,177,723,625,398,,1923,
524288,597595.126835777,1232083,0,1,181,743,639,375,,1938,
524288,597595.126845591,1232081,1,0,573,738,647,382,,2340,
524288,597595.126853724,1232083,0,1,222,723,679,406,,2030,
524288,597595.126863484,1232081,1,0,201,731,633,382,,1947,
524288,597595.126871357,1232083,0,1,182,752,628,363,,1925,
524288,597595.126880866,1232081,1,0,192,737,677,454,,2060,
524288,597595.126888816,1232083,0,1,275,731,650,376,,2032,
524288,597595.126898941,1232081,1,0,196,726,630,395,,1947,
524288,597595.126906843,1232083,0,1,183,851,623,374,,2031,
524288,597595.126916484,1232081,1,0,190,731,648,401,,1970,
524288,597595.126924564,1232083,0,1,179,732,652,398,,1961,
524288,597595.126934524,1232081,1,0,191,738,631,401,,1961,
524288,597595.126942568,1232083,0,1,169,750,646,385,,1950,
524288,597595.126952156,1232081,1,0,180,737,664,361,,1942,
524288,597595.126959851,1232083,0,1,217,741,649,408,,2015,
524288,597595.126969524,1232081,1,0,215,729,636,357,,1937,
524288,597595.126978233,1232083,0,1,207,723,636,351,,1917,
524288,597595.126988104,1232081,1,0,196,723,724,359,,2002,
524288,597595.126996651,1232083,0,1,197,721,633,378,,1929,
524288,597595.127006474,1232081,1,0,221,727,634,370,,1952,
524288,597595.127014364,1232083,0,1,246,739,618,399,,2002,
524288,597595.127024240,1232081,1,0,199,736,665,374,,1974,
524288,597595.127032135,1232083,0,1,199,736,659,385,,1979,
524288,597595.127041931,1232081,1,0,221,731,637,351,,1940,
524288,597595.127049935,1232083,0,1,191,734,728,555,,2208,
524288,597595.127060166,1232081,1,0,177,729,616,390,,1912,
524288,597595.127068067,1232083,0,1,208,737,650,429,,2024,
524288,597595.127077898,1232081,1,0,186,729,629,386,,1930,
524288,597595.127085921,1232083,0,1,182,745,636,372,,1935,
524288,597595.127095654,1232081,1,0,213,736,638,376,,1963,
524288,597595.127103523,1232083,0,1,214,736,633,381,,1964,
524288,597595.127113087,1232081,1,0,187,719,630,390,,1926,
524288,597595.127121044,1232083,0,1,362,740,627,377,,2106,
524288,597595.127130881,1232081,1,0,192,735,638,378,,1943,
524288,597595.127139104,1232083,0,1,203,741,651,428,,2023,
524288,597595.127149025,1232081,1,0,197,725,627,379,,1928,
524288,597595.127157161,1232083,0,1,172,747,625,381,,1925,
524288,597595.127166526,1232081,1,0,220,828,625,359,,2032,
524288,597595.127174650,1232083,0,1,207,762,651,406,,2026,
524288,597595.127185014,1232081,1,0,213,736,653,425,,2027,
524288,597595.127193412,1232083,0,1,177,802,708,356,,2043,
524288,597595.127203058,1232081,1,0,207,728,639,383,,1957,
524288,597595.127211625,1232083,0,1,193,751,666,418,,2028,
524288,597595.127221865,1232081,1,0,277,727,724,372,,2100,
524288,597595.127229952,1232083,0,1,190,747,622,440,,1999,
524288,597595.127239631,1232081,1,0,186,728,651,478,,2043,
524288,597595.127247395,1232083,0,1,199,743,627,405,,1974,
524288,597595.127257081,1232081,1,0,227,740,613,411,,1991,
524288,597595.127265109,1232083,0,1,175,731,642,404,,1952,
524288,597595.127275099,1232081,1,0,182,731,633,362,,1908,
524288,597595.127282646,1232083,0,1,192,746,700,384,,2022,
524288,597595.127292478,1232081,1,0,291,757,625,352,,2025,
524288,597595.127300528,1232083,0,1,232,722,633,388,,1975,
524288,597595.127310308,1232081,1,0,219,736,647,426,,2028,
524288,597595.127318447,1232083,0,1,430,811,713,400,,2354,
524288,597595.127328438,1232081,1,0,187,733,617,366,,1903,
524288,597595.127336612,1232083,0,1,203,742,624,367,,1936,
524288,597595.127346365,1232081,1,0,196,736,635,379,,1946,
524288,597595.127354365,1232083,0,1,191,741,688,586,,2206,
524288,597595.127364374,1232081,1,0,227,783,620,445,,2075,
524288,597595.127372668,1232083,0,1,189,735,631,385,,1940,
524288,597595.127382247,1232081,1,0,193,733,647,426,,1999,
524288,597595.127389850,1232083,0,1,186,733,619,384,,1922,
524288,597595.127399453,1232081,1,0,294,721,613,423,,2051,
524288,597595.127406654,1232083,0,1,194,743,638,410,,1985,
524288,597595.127416410,1232081,1,0,195,737,680,361,,1973,
524288,597595.127424716,1232083,0,1,192,732,646,406,,1976,
524288,597595.127434454,1232081,1,0,193,730,614,385,,1922,
524288,597595.127442924,1232083,0,1,174,760,631,366,,1931,
524288,597595.127452405,1232081,1,0,191,727,625,360,,1903,
524288,597595.127460817,1232083,0,1,216,744,644,352,,1956,
524288,597595.127470684,1232081,1,0,339,726,622,394,,2081,
524288,597595.127479195,1232083,0,1,470,811,628,426,,2335,
524288,597595.127489053,1232081,1,0,187,807,628,377,,1999,
524288,597595.127497148,1232083,0,1,354,726,636,4138,,5854,
524288,597595.127510983,1232081,1,0,207,739,660,496,,2102,
524288,597595.127518971,1232083,0,1,181,727,737,393,,2038,
524288,597595.127528597,1232081,1,0,191,734,642,395,,1962,
524288,597595.127536314,1232083,0,1,201,740,684,396,,2021,
524288,597595.127545989,1232081,1,0,184,736,625,422,,1967,
524288,597595.127553404,1232083,0,1,215,733,688,363,,1999,
524288,597595.127563268,1232081,1,0,203,738,617,421,,1979,
524288,597595.127570366,1232083,0,1,200,729,686,392,,2007,
524288,597595.127580041,1232081,1,0,200,723,622,470,,2015,
524288,597595.127587815,1232083,0,1,187,726,641,389,,1943,
524288,597595.127597842,1232081,1,0,186,811,745,382,,2124,
524288,597595.127605289,1232083,0,1,196,762,640,393,,1991,
524288,597595.127615112,1232081,1,0,363,739,672,353,,2127,
524288,597595.127622792,1232083,0,1,216,757,639,409,,2021,
524288,597595.127632589,1232081,1,0,181,733,641,473,,2028,
524288,597595.127640163,1232083,0,1,190,754,680,636,,2260,
524288,597595.127650141,1232081,1,0,202,735,625,369,,1931,
524288,597595.127657919,1232083,0,1,184,750,636,356,,1926,
524288,597595.127667632,1232081,1,0,181,739,634,442,,1996,
524288,597595.127674857,1232083,0,1,204,734,1034,436,,2408,
524288,597595.127685172,1232081,1,0,183,732,726,365,,2006,
524288,597595.127692156,1232083,0,1,192,732,644,390,,1958,
524288,597595.127702013,1232081,1,0,209,747,664,564,,2184,
524288,597595.127710178,1232083,0,1,221,736,622,388,,1967,
524288,597595.127720205,1232081,1,0,208,729,642,380,,1959,
524288,597595.127727730,1232083,0,1,182,738,625,381,,1926,
524288,597595.127737502,1232081,1,0,184,734,624,512,,2054,
524288,597595.127745094,1232083,0,1,191,728,655,401,,1975,
524288,597595.127754945,1232081,1,0,224,734,648,376,,1982,
524288,597595.127762405,1232083,0,1,201,739,629,362,,1931,
524288,597595.127772135,1232081,1,0,184,732,647,376,,1939,
524288,597595.127779733,1232083,0,1,200,744,633,436,,2013,
524288,597595.127789924,1232081,1,0,193,725,630,412,,1960,
524288,597595.127797692,1232083,0,1,186,729,625,365,,1905,
524288,597595.127807357,1232081,1,0,177,729,705,432,,2043,
524288,597595.127815494,1232083,0,1,188,737,692,406,,2023,
524288,597595.127825289,1232081,1,0,367,720,658,413,,2158,
524288,597595.127833460,1232083,0,1,204,736,630,382,,1952,
524288,597595.127843488,1232081,1,0,188,831,783,476,,2278,
524288,597595.127851767,1232083,0,1,209,734,653,385,,1981,
524288,597595.127861585,1232081,1,0,514,727,647,431,,2319,
524288,597595.127869397,1232083,0,1,184,749,631,369,,1933,
524288,597595.127879274,1232081,1,0,178,777,726,416,,2097,
524288,597595.127886377,1232083,0,1,207,741,669,473,,2090,
524288,597595.127896295,1232081,1,0,190,734,621,379,,1924,
524288,597595.127903205,1232083,0,1,221,725,624,383,,1953,
524288,597595.127913168,1232081,1,0,190,740,697,646,,2273,
524288,597595.127921240,1232083,0,1,211,723,691,382,,2007,
524288,597595.127930911,1232081,1,0,238,781,800,387,,2206,
524288,597595.127939380,1232083,0,1,209,735,687,432,,2063,
524288,597595.127949352,1232081,1,0,176,739,636,435,,1986,
524288,597595.127956721,1232083,0,1,199,732,676,408,,2015,
524288,597595.127966628,1232081,1,0,196,739,738,392,,2065,
524288,597595.127973790,1232083,0,1,188,733,623,372,,1916,
524288,597595.127983452,1232081,1,0,242,725,659,473,,2099,
524288,597595.127991414,1232083,0,1,218,728,657,395,,1998,
524288,597595.128001312,1232081,1,0,186,726,620,490,,2022,
524288,597595.128008883,1232083,0,1,182,743,631,371,,1927,
524288,597595.128018552,1232081,1,0,188,721,622,414,,1945,
524288,597595.128026302,1232083,0,1,208,735,657,409,,2009,
524288,597595.128036404,1232081,1,0,209,745,691,393,,2038,
524288,597595.128044310,1232083,0,1,175,732,636,361,,1904,
524288,597595.128054048,1232081,1,0,488,720,729,468,,2405,
524288,597595.128062528,1232083,0,1,184,729,680,410,,2003,
524288,597595.128072471,1232081,1,0,219,724,740,410,,2093,
524288,597595.128080712,1232083,0,1,180,734,643,378,,1935,
524288,597595.128090666,1232081,1,0,183,739,623,430,,1975,
524288,597595.128098441,1232083,0,1,190,737,688,383,,1998,
524288,597595.128108188,1232081,1,0,253,716,709,377,,2055,
524288,597595.128116220,1232083,0,1,188,748,650,404,,1990,
524288,597595.128125988,1232081,1,0,182,858,622,415,,2077,
524288,597595.128134043,1232083,0,1,209,744,683,378,,2014,
524288,597595.128143888,1232081,1,0,223,733,632,378,,1966,
524288,597595.128182288,1232083,0,1,232,780,726,403,,2141,
524288,597595.128191754,1232081,1,0,199,723,658,442,,2022,
524288,597595.128199526,1232083,0,1,204,723,629,407,,1963,
524288,597595.128211161,1232081,1,0,204,738,667,376,,1985,
524288,597595.128219341,1232083,0,1,218,736,828,408,,2190,
524288,597595.128231459,1232081,1,0,278,724,649,451,,2102,
524288,597595.128238752,1232083,0,1,191,742,642,525,,2100,
524288,597595.128250109,1232081,1,0,204,761,618,374,,1957,
524288,597595.128257643,1232083,0,1,253,780,666,361,,2060,
524288,597595.128269197,1232081,1,0,195,733,638,394,,1960,
524288,597595.128276856,1232083,0,1,214,742,654,393,,2003,
524288,597595.128288598,1232081,1,0,375,729,662,368,,2134,
524288,597595.128296605,1232083,0,1,277,758,621,391,,2047,
524288,597595.128308526,1232081,1,0,281,725,665,418,,2089,
524288,597595.128316436,1232083,0,1,186,743,633,368,,1930,
524288,597595.128327931,1232081,1,0,196,732,656,393,,1977,
524288,597595.128335648,1232083,0,1,184,744,635,357,,1920,
524288,597595.128347570,1232081,1,0,189,745,663,418,,2015,
524288,597595.128355127,1232083,0,1,218,738,624,394,,1974,
524288,597595.128366333,1232081,1,0,191,737,624,389,,1941,
524288,597595.128374144,1232083,0,1,309,728,654,381,,2072,
524288,597595.128385677,1232081,1,0,193,728,622,381,,1924,
524288,597595.128393900,1232083,0,1,211,735,645,363,,1954,
524288,597595.128442597,1232081,1,0,209,743,649,384,,1985,
524288,597595.128450308,1232083,0,1,174,737,703,378,,1992,
524288,597595.128461929,1232081,1,0,186,732,644,385,,1947,
524288,597595.128468563,1232083,0,1,197,729,623,410,,1959,
524288,597595.128479232,1232081,1,0,206,801,734,391,,2132,
524288,597595.128486759,1232083,0,1,193,743,649,393,,1978,
524288,597595.128497285,1232081,1,0,287,748,623,4637,,6295,
524288,597595.128509142,1232083,0,1,196,728,694,510,,2128,
524288,597595.128519664,1232081,1,0,215,841,705,386,,2147,
524288,597595.128527852,1232083,0,1,259,738,633,367,,1997,
524288,597595.128538589,1232081,1,0,328,725,730,433,,2216,
524288,597595.128546580,1232083,0,1,189,726,627,376,,1918,
524288,597595.128557414,1232081,1,0,298,722,655,375,,2050,
524288,597595.128565025,1232083,0,1,214,730,697,364,,2005,
524288,597595.128575739,1232081,1,0,205,724,662,409,,2000,
524288,597595.128583300,1232083,0,1,183,725,630,365,,1903,
524288,597595.128593902,1232081,1,0,188,727,671,376,,1962,
524288,597595.128601192,1232083,0,1,193,728,639,367,,1927,
524288,597595.128611732,1232081,1,0,311,735,668,445,,2159,
524288,597595.128619465,1232083,0,1,229,728,662,410,,2029,
524288,597595.128630616,1232081,1,0,194,734,912,422,,2262,
524288,597595.128638549,1232083,0,1,184,728,636,376,,1924,
524288,597595.128649204,1232081,1,0,191,729,651,456,,2027,
524288,597595.128656880,1232083,0,1,205,743,661,376,,1985,
524288,597595.128667494,1232081,1,0,230,727,824,373,,2154,
524288,597595.128675028,1232083,0,1,215,735,671,407,,2028,
524288,597595.128685668,1232081,1,0,201,742,619,434,,1996,
524288,597595.128693157,1232083,0,1,181,741,670,449,,2041,
524288,597595.128704021,1232081,1,0,196,765,774,407,,2142,
524288,597595.128711121,1232083,0,1,206,731,660,403,,2000,
524288,597595.128721917,1232081,1,0,207,735,644,490,,2076,
524288,597595.128728997,1232083,0,1,173,762,628,374,,1937,
524288,597595.128739329,1232081,1,0,192,733,638,389,,1952,
524288,597595.128746832,1232083,0,1,201,742,665,383,,1991,
524288,597595.128757159,1232081,1,0,177,731,625,432,,1965,
524288,597595.128763710,1232083,0,1,182,730,633,407,,1952,
524288,597595.128773658,1232081,1,0,199,735,660,377,,1971,
524288,597595.128780611,1232083,0,1,215,742,662,432,,2051,
524288,597595.128791084,1232081,1,0,189,740,641,373,,1943,
524288,597595.128797596,1232083,0,1,184,738,832,354,,2108,
524288,597595.128807650,1232081,1,0,182,723,627,407,,1939,
524288,597595.128814553,1232083,0,1,218,731,656,388,,1993,
524288,597595.128824756,1232081,1,0,217,747,651,406,,2021,
524288,597595.128832065,1232083,0,1,179,761,638,385,,1963,
524288,597595.128842227,1232081,1,0,219,737,629,365,,1950,
524288,597595.128849375,1232083,0,1,197,752,667,423,,2039,
524288,597595.128859780,1232081,1,0,183,733,617,390,,1923,
524288,597595.128867093,1232083,0,1,183,735,633,372,,1923,
524288,597595.128877070,1232081,1,0,285,726,622,359,,1992,
524288,597595.128884599,1232083,0,1,186,749,661,397,,1993,
524288,597595.128894906,1232081,1,0,185,731,649,359,,1924,
524288,597595.128902096,1232083,0,1,177,739,635,379,,1930,
524288,597595.128912253,1232081,1,0,264,755,727,401,,2147,
524288,597595.128920296,1232083,0,1,225,739,692,387,,2043,
524288,597595.128930517,1232081,1,0,473,847,729,364,,2413,
524288,597595.128938514,1232083,0,1,245,740,644,401,,2030,
524288,597595.128948589,1232081,1,0,213,729,636,386,,1964,
524288,597595.128955808,1232083,0,1,413,715,673,362,,2163,
524288,597595.128966118,1232081,1,0,186,730,704,520,,2140,
524288,597595.128973080,1232083,0,1,206,729,639,404,,1978,
524288,597595.128982971,1232081,1,0,175,725,653,371,,1924,
524288,597595.128989974,1232083,0,1,216,715,658,372,,1961,
524288,597595.128999929,1232081,1,0,210,1117,639,409,,2375,
524288,597595.129007535,1232083,0,1,183,735,631,367,,1916,
524288,597595.129017328,1232081,1,0,283,735,739,502,,2259,
524288,597595.129024671,1232083,0,1,209,736,640,456,,2041,
524288,597595.129034813,1232081,1,0,195,730,761,390,,2076,
524288,597595.129041973,1232083,0,1,186,748,623,362,,1919,
524288,597595.129051663,1232081,1,0,200,731,649,376,,1956,
524288,597595.129059120,1232083,0,1,194,726,651,361,,1932,
524288,597595.129069284,1232081,1,0,190,723,618,373,,1904,
524288,597595.129076006,1232083,0,1,186,723,631,410,,1950,
524288,597595.129086213,1232081,1,0,195,719,646,409,,1969,
524288,597595.129093616,1232083,0,1,200,717,680,383,,1980,
524288,597595.129103537,1232081,1,0,202,720,626,354,,1902,
524288,597595.129110261,1232083,0,1,203,729,628,395,,1955,
524288,597595.129120303,1232081,1,0,231,724,634,430,,2019,
524288,597595.129127707,1232083,0,1,197,740,671,382,,1990,
524288,597595.129138028,1232081,1,0,194,721,683,427,,2025,
524288,597595.129145840,1232083,0,1,184,737,641,379,,1941,
524288,597595.129155856,1232081,1,0,200,731,632,403,,1966,
524288,597595.129163263,1232083,0,1,237,729,651,385,,2002,
524288,597595.129173182,1232081,1,0,192,837,631,467,,2127,
524288,597595.129180842,1232083,0,1,197,754,636,421,,2008,
524288,597595.129190632,1232081,1,0,214,726,627,357,,1924,
524288,597595.129197499,1232083,0,1,193,743,679,398,,2013,
524288,597595.129207635,1232081,1,0,293,738,623,490,,2144,
524288,597595.129214362,1232083,0,1,206,744,625,393,,1968,
524288,597595.129224043,1232081,1,0,205,724,621,391,,1941,
524288,597595.129231377,1232083,0,1,192,733,668,388,,1981,
524288,597595.129241321,1232081,1,0,198,726,714,373,,2011,
524288,597595.129248836,1232083,0,1,178,730,631,448,,1987,
524288,597595.129258600,1232081,1,0,197,732,620,426,,1975,
524288,597595.129265723,1232083,0,1,205,729,671,427,,2032,
524288,597595.129275879,1232081,1,0,187,730,721,356,,1994,
524288,597595.129282719,1232083,0,1,176,742,634,377,,1929,
524288,597595.129292419,1232081,1,0,285,747,605,431,,2068,
524288,597595.129299678,1232083,0,1,201,725,729,375,,2030,
524288,597595.129309390,1232081,1,0,181,754,664,375,,1974,
524288,597595.129316593,1232083,0,1,184,739,634,390,,1947,
524288,597595.129326236,1232081,1,0,195,738,657,369,,1959,
524288,597595.129333452,1232083,0,1,188,779,647,375,,1989,
524288,597595.129343504,1232081,1,0,206,843,622,382,,2053,
524288,597595.129350532,1232083,0,1,179,726,635,410,,1950,
524288,597595.129360430,1232081,1,0,200,744,634,380,,1958,
524288,597595.129367453,1232083,0,1,207,736,711,388,,2042,
524288,597595.129377343,1232081,1,0,209,729,624,401,,1963,
524288,597595.129384664,1232083,0,1,197,728,632,423,,1980,
524288,597595.129394503,1232081,1,0,688,,,2309,,3362,
524288,597595.129404251,1232083,0,1,280,747,750,460,,2237,
524288,597595.129414522,1232081,1,0,443,,,1314,,1970,
524288,597595.129421810,1232083,0,1,208,766,685,405,,2064,
524288,597595.129432007,1232081,1,0,260,755,764,542,,2321,
524288,597595.129441138,1232083,0,1,341,760,815,366,,2282,
524288,597595.129452278,1232081,1,0,231,755,693,430,,2109,
524288,597595.129460486,1232083,0,1,203,756,663,388,,2010,
524288,597595.129470925,1232081,1,0,198,756,687,436,,2077,
524288,597595.129479137,1232083,0,1,263,768,847,370,,2248,
524288,597595.129489906,1232081,1,0,197,752,690,409,,2048,
524288,597595.129497520,1232083,0,1,218,768,741,1872,,3599,
524288,597595.129509824,1232081,1,0,256,764,722,493,,2235,
524288,597595.129516685,1232083,0,1,288,744,808,472,,2312,
524288,597595.129527322,1232081,1,0,196,756,690,414,,2056,
524288,597595.129534894,1232083,0,1,204,754,694,383,,2035,
524288,597595.129545542,1232081,1,0,307,753,699,506,,2265,
524288,597595.129552500,1232083,0,1,213,761,667,409,,2050,
524288,597595.129562947,1232081,1,0,178,768,706,409,,2061,
524288,597595.129570372,1232083,0,1,208,747,639,368,,1962,
524288,597595.129580989,1232081,1,0,220,754,680,462,,2116,
524288,597595.129588240,1232083,0,1,240,757,695,412,,2104,
524288,597595.129598676,1232081,1,0,201,754,678,447,,2080,
524288,597595.129606004,1232083,0,1,230,829,632,365,,2056,
524288,597595.129616838,1232081,1,0,195,758,689,462,,2104,
524288,597595.129624031,1232083,0,1,207,758,681,374,,2020,
524288,597595.129634542,1232081,1,0,221,762,689,465,,2137,
524288,597595.129641999,1232083,0,1,203,753,664,406,,2026,
524288,597595.129651961,1232081,1,0,201,734,685,538,,2158,
524288,597595.129659836,1232083,0,1,192,735,668,403,,1998,
524288,597595.129669641,1232081,1,0,184,728,614,371,,1897,
524288,597595.129677308,1232083,0,1,189,753,620,370,,1932,
524288,597595.129686903,1232081,1,0,190,716,627,426,,1959,
524288,597595.129694280,1232083,0,1,183,726,678,391,,1978,
524288,597595.129703915,1232081,1,0,222,726,700,372,,2020,
524288,597595.129710425,1232083,0,1,217,735,700,358,,2010,
524288,597595.129720184,1232081,1,0,187,732,666,393,,1978,
524288,597595.129726644,1232083,0,1,199,752,682,368,,2001,
524288,597595.129736426,1232081,1,0,213,728,752,358,,2051,
524288,597595.129744181,1232083,0,1,200,759,699,346,,2004,
524288,597595.129754048,1232081,1,0,199,736,627,419,,1981,
524288,597595.129761139,1232083,0,1,202,737,653,385,,1977,
524288,597595.129771245,1232081,1,0,168,733,627,390,,1918,
524288,597595.129778282,1232083,0,1,211,741,637,379,,1968,
524288,597595.129788071,1232081,1,0,206,743,620,428,,1997,
524288,597595.129795456,1232083,0,1,184,737,676,383,,1980,
524288,597595.129805104,1232081,1,0,205,726,735,378,,2044,
524288,597595.129812818,1232083,0,1,194,729,637,409,,1969,
524288,597595.129822766,1232081,1,0,199,717,615,400,,1931,
524288,597595.129830679,1232083,0,1,202,741,644,360,,1947,
524288,597595.129840550,1232081,1,0,192,837,705,373,,2107,
524288,597595.129848030,1232083,0,1,189,760,624,360,,1933,
524288,597595.129858006,1232081,1,0,265,729,627,410,,2031,
524288,597595.129865898,1232083,0,1,235,736,676,384,,2031,
524288,597595.129875438,1232081,1,0,179,730,704,396,,2009,
524288,597595.129883200,1232083,0,1,192,739,631,406,,1968,
524288,597595.129892979,1232081,1,0,194,738,608,430,,1970,
524288,597595.129900004,1232083,0,1,195,745,687,403,,2030,
524288,597595.129909874,1232081,1,0,206,761,652,372,,1991,
524288,597595.129916732,1232083,0,1,191,731,629,378,,1929,
524288,597595.129926523,1232081,1,0,203,729,639,423,,1994,
524288,597595.129933808,1232083,0,1,197,737,676,427,,2037,
524288,597595.129943689,1232081,1,0,188,731,665,469,,2053,
524288,597595.129950451,1232083,0,1,206,745,620,372,,1943,
524288,597595.129960143,1232081,1,0,203,730,632,441,,2006,
524288,597595.129967201,1232083,0,1,195,734,691,387,,2007,
524288,597595.129977189,1232081,1,0,279,723,620,412,,2034,
524288,597595.129984351,1232083,0,1,197,738,627,395,,1957,
524288,597595.129993934,1232081,1,0,197,743,634,460,,2034,
524288,597595.130001116,1232083,0,1,185,722,698,384,,1989,
524288,597595.130010972,1232081,1,0,324,759,691,409,,2183,
524288,597595.130019332,1232083,0,1,207,724,644,394,,1969,
524288,597595.130029081,1232081,1,0,229,753,623,552,,2157,
524288,597595.130037030,1232083,0,1,209,745,678,417,,2049,
524288,597595.130046723,1232081,1,0,198,734,623,361,,1916,
524288,597595.130054185,1232083,0,1,180,738,623,393,,1934,
524288,597595.130064108,1232081,1,0,198,734,623,428,,1983,
524288,597595.130070671,1232083,0,1,178,733,646,406,,1963,
524288,597595.130080286,1232081,1,0,201,738,648,374,,1961,
524288,597595.130087343,1232083,0,1,211,758,692,446,,2107,
524288,597595.130097571,1232081,1,0,202,751,714,403,,2070,
524288,597595.130104284,1232083,0,1,400,774,745,399,,2318,
524288,597595.130114421,1232081,1,0,194,751,625,421,,1991,
524288,597595.130121749,1232083,0,1,194,754,691,440,,2079,
524288,597595.130131895,1232081,1,0,215,846,639,404,,2104,
524288,597595.130139361,1232083,0,1,204,771,736,411,,2122,
524288,597595.130149254,1232081,1,0,180,753,804,472,,2209,
524288,597595.130156949,1232083,0,1,192,752,688,464,,2096,
524288,597595.130166990,1232081,1,0,215,746,635,385,,1981,
524288,597595.130174558,1232083,0,1,195,741,747,428,,2111,
524288,597595.130184668,1232081,1,0,196,750,644,382,,1972,
524288,597595.130192298,1232083,0,1,192,764,714,427,,2097,
524288,597595.130202409,1232081,1,0,218,764,640,373,,1995,
524288,597595.130210075,1232083,0,1,201,757,780,618,,2356,
524288,597595.130220554,1232081,1,0,363,736,649,356,,2104,
524288,597595.130227448,1232083,0,1,242,760,715,479,,2196,
524288,597595.130237535,1232081,1,0,202,746,661,375,,1984,
524288,597595.130245020,1232083,0,1,204,763,730,444,,2141,
524288,597595.130255340,1232081,1,0,208,755,1016,394,,2373,
524288,597595.130263705,1232083,0,1,211,745,726,405,,2087,
524288,597595.130273785,1232081,1,0,320,755,648,447,,2170,
524288,597595.130282025,1232083,0,1,209,741,727,446,,2123,
524288,597595.130291887,1232081,1,0,359,745,736,370,,2210,
524288,597595.130300293,1232083,0,1,185,742,633,362,,1922,
524288,597595.130310012,1232081,1,0,199,753,735,417,,2104,
524288,597595.130318093,1232083,0,1,223,734,827,411,,2195,
524288,597595.130328064,1232081,1,0,529,746,653,429,,2357,
524288,597595.130336849,1232083,0,1,212,741,690,390,,2033,
524288,597595.130346775,1232081,1,0,403,846,675,365,,2289,
524288,597595.130355223,1232083,0,1,204,746,685,348,,1983,
524288,597595.130364968,1232081,1,0,482,725,665,366,,2238,
524288,597595.130373388,1232083,0,1,188,752,646,375,,1961,
524288,597595.130383255,1232081,1,0,309,743,637,388,,2077,
524288,597595.130391230,1232083,0,1,192,736,698,364,,1990,
524288,597595.130401271,1232081,1,0,185,723,660,371,,1939,
524288,597595.130409602,1232083,0,1,200,743,640,421,,2004,
524288,597595.130419593,1232081,1,0,195,849,720,491,,2255,
524288,597595.130427776,1232083,0,1,193,733,713,406,,2045,
524288,597595.130437707,1232081,1,0,227,747,638,384,,1996,
524288,597595.130445858,1232083,0,1,211,749,662,381,,2003,
524288,597595.130455818,1232081,1,0,249,743,665,361,,2018,
524288,597595.130463692,1232083,0,1,199,837,762,394,,2192,
524288,597595.130473900,1232081,1,0,212,843,654,389,,2098,
524288,597595.130481993,1232083,0,1,216,753,670,357,,1996,
524288,597595.130492307,1232081,1,0,258,755,634,370,,2017,
524288,597595.130502193,1232083,0,1,224,765,833,411,,2233,
524288,597595.130512383,1232081,1,0,216,736,661,377,,1990,
524288,597595.130520651,1232083,0,1,201,752,705,365,,2023,
524288,597595.130530826,1232081,1,0,200,758,665,428,,2051,
524288,597595.130539063,1232083,0,1,249,740,690,562,,2241,
524288,597595.130549130,1232081,1,0,188,738,716,388,,2030,
524288,597595.130557150,1232083,0,1,210,763,649,391,,2013,
524288,597595.130567064,1232081,1,0,180,743,656,393,,1972,
524288,597595.130575001,1232083,0,1,228,742,675,436,,2081,
524288,597595.130585121,1232081,1,0,317,767,715,408,,2207,
524288,597595.130593506,1232083,0,1,243,742,641,411,,2037,
524288,597595.130603376,1232081,1,0,197,747,664,506,,2114,
524288,597595.130611529,1232083,0,1,197,743,648,598,,2186,
524288,597595.130621625,1232081,1,0,209,747,655,391,,2002,
524288,597595.130630155,1232083,0,1,216,752,664,423,,2055,
524288,597595.130639981,1232081,1,0,187,735,651,355,,1928,
524288,597595.130647992,1232083,0,1,231,742,707,454,,2134,
524288,597595.130657968,1232081,1,0,203,729,641,379,,1952,
524288,597595.130666414,1232083,0,1,184,751,634,378,,1947,
524288,597595.130676213,1232081,1,0,196,749,654,364,,1963,
524288,597595.130684443,1232083,0,1,270,742,675,396,,2083,
524288,597595.130694186,1232081,1,0,212,747,656,378,,1993,
524288,597595.130702520,1232083,0,1,307,848,646,411,,2212,
524288,597595.130712498,1232081,1,0,215,753,671,395,,2034,
524288,597595.130720916,1232083,0,1,197,846,679,404,,2126,
524288,597595.130730888,1232081,1,0,205,816,681,401,,2103,
524288,597595.130739281,1232083,0,1,209,733,809,372,,2123,
524288,597595.130749277,1232081,1,0,267,743,633,419,,2062,
524288,597595.130757620,1232083,0,1,201,736,694,540,,2171,
524288,597595.130767594,1232081,1,0,250,737,667,395,,2049,
524288,597595.130776197,1232083,0,1,188,756,655,446,,2045,
524288,597595.130785975,1232081,1,0,193,742,701,377,,2013,
524288,597595.130815217,1232083,0,1,210,837,711,557,,2315,
524288,597595.130825058,1232081,1,0,195,744,662,432,,2033,
524288,597595.130832182,1232083,0,1,195,756,668,382,,2001,
524288,597595.130843445,1232081,1,0,190,734,636,394,,1954,
524288,597595.130850023,1232083,0,1,210,743,652,518,,2123,
524288,597595.130861457,1232081,1,0,195,768,637,384,,1984,
524288,597595.130867907,1232083,0,1,213,745,671,376,,2005,
524288,597595.130880103,1232081,1,0,199,732,642,422,,1995,
524288,597595.130886609,1232083,0,1,219,742,672,499,,2132,
524288,597595.130897948,1232081,1,0,202,738,636,368,,1944,
524288,597595.130904658,1232083,0,1,185,735,729,408,,2057,
524288,597595.130916906,1232081,1,0,223,733,684,433,,2073,
524288,597595.130924132,1232083,0,1,343,749,676,367,,2135,
524288,597595.130936127,1232081,1,0,195,731,683,426,,2035,
524288,597595.130942405,1232083,0,1,201,747,643,365,,1956,
524288,597595.130953775,1232081,1,0,222,736,740,421,,2119,
524288,597595.130960678,1232083,0,1,229,753,659,377,,2018,
524288,597595.130971576,1232081,1,0,217,875,690,397,,2179,
524288,597595.130978791,1232083,0,1,179,737,638,384,,1938,
524288,597595.130991336,1232081,1,0,194,773,747,506,,2220,
524288,597595.130999285,1232083,0,1,202,770,645,411,,2028,
524288,597595.131011441,1232081,1,0,214,772,749,434,,2169,
524288,597595.131018780,1232083,0,1,202,850,685,369,,2106,
524288,597595.131069666,1232081,1,0,206,841,741,415,,2203,
524288,597595.131078064,1232083,0,1,195,737,645,387,,1964,
524288,597595.131088567,1232081,1,0,215,764,700,470,,2149,
524288,597595.131097116,1232083,0,1,219,762,677,379,,2037,
524288,597595.131107534,1232081,1,0,182,756,683,437,,2058,
524288,597595.131114291,1232083,0,1,215,757,651,408,,2031,
524288,597595.131125034,1232081,1,0,369,760,690,452,,2271,
524288,597595.131131486,1232083,0,1,191,752,667,391,,2001,
524288,597595.131142029,1232081,1,0,207,755,682,418,,2062,
524288,597595.131149004,1232083,0,1,201,747,633,366,,1947,
524288,597595.131159445,1232081,1,0,210,749,705,635,,2299,
524288,597595.131166959,1232083,0,1,252,873,671,407,,2203,
524288,597595.131177613,1232081,1,0,211,765,679,532,,2187,
524288,597595.131185055,1232083,0,1,231,769,644,415,,2059,
524288,597595.131195942,1232081,1,0,212,771,766,526,,2275,
524288,597595.131203857,1232083,0,1,194,749,656,386,,1985,
524288,597595.131214168,1232081,1,0,185,756,684,406,,2031,
524288,597595.131222051,1232083,0,1,209,759,644,543,,2155,
524288,597595.131233125,1232081,1,0,207,759,696,447,,2109,
524288,597595.131241791,1232083,0,1,239,853,675,402,,2169,
524288,597595.131252351,1232081,1,0,183,775,685,449,,2092,
524288,597595.131260513,1232083,0,1,219,769,693,406,,2087,
524288,597595.131271331,1232081,1,0,301,764,704,509,,2278,
524288,597595.131279609,1232083,0,1,191,753,657,416,,2017,
524288,597595.131289904,1232081,1,0,177,731,636,386,,1930,
524288,597595.131297129,1232083,0,1,196,725,660,433,,2014,
524288,597595.131306841,1232081,1,0,308,743,623,425,,2099,
524288,597595.131314513,1232083,0,1,195,715,652,378,,1940,
524288,597595.131324482,1232081,1,0,179,756,676,401,,2012,
524288,597595.131332170,1232083,0,1,228,745,733,585,,2291,
524288,597595.131343014,1232081,1,0,203,756,705,463,,2127,
524288,597595.131351132,1232083,0,1,191,759,646,374,,1970,
524288,597595.131361803,1232081,1,0,200,759,689,403,,2051,
524288,597595.131369925,1232083,0,1,211,756,694,392,,2053,
524288,597595.131380467,1232081,1,0,191,757,769,519,,2236,
524288,597595.131388156,1232083,0,1,186,757,659,363,,1965,
524288,597595.131398501,1232081,1,0,196,758,684,466,,2104,
524288,597595.131407039,1232083,0,1,212,754,849,584,,2399,
524288,597595.131418093,1232081,1,0,203,837,637,408,,2085,
524288,597595.131426400,1232083,0,1,406,739,657,393,,2195,
524288,597595.131436278,1232081,1,0,192,729,633,368,,1922,
524288,597595.131444774,1232083,0,1,298,708,663,375,,2044,
524288,597595.131454578,1232081,1,0,199,723,616,400,,1938,
524288,597595.131462029,1232083,0,1,195,730,653,366,,1944,
524288,597595.131471714,1232081,1,0,191,727,636,371,,1925,
524288,597595.131479533,1232083,0,1,201,729,653,388,,1971,
524288,597595.131489411,1232081,1,0,213,732,868,406,,2219,
524288,597595.131497090,1232083,0,1,209,725,649,2499,,4082,
524288,597595.131508937,1232081,1,0,218,725,722,444,,2109,
524288,597595.131516778,1232083,0,1,235,731,649,390,,2005,
524288,597595.131526556,1232081,1,0,197,743,654,365,,1959,
524288,597595.131533750,1232083,0,1,195,739,680,361,,1975,
524288,597595.131543215,1232081,1,0,203,739,654,367,,1963,
524288,597595.131550560,1232083,0,1,199,733,645,377,,1954,
524288,597595.131560230,1232081,1,0,177,738,647,425,,1987,
524288,597595.131567521,1232083,0,1,178,742,630,397,,1947,
524288,597595.131577227,1232081,1,0,201,731,642,367,,1941,
524288,597595.131584862,1232083,0,1,204,1025,647,392,,2268,
524288,597595.131594759,1232081,1,0,190,730,639,448,,2007,
524288,597595.131602607,1232083,0,1,185,728,689,409,,2011,
524288,597595.131612779,1232081,1,0,194,738,614,392,,1938,
524288,597595.131621166,1232083,0,1,202,731,663,379,,1975,
524288,597595.131630795,1232081,1,0,182,741,634,400,,1957,
524288,597595.131638593,1232083,0,1,193,730,833,436,,2192,
524288,597595.131648535,1232081,1,0,262,788,633,401,,2084,
524288,597595.131655626,1232083,0,1,203,753,659,362,,1977,
524288,597595.131665404,1232081,1,0,181,748,610,360,,1899,
524288,597595.131671995,1232083,0,1,197,734,646,421,,1998,
524288,597595.131681577,1232081,1,0,296,731,628,395,,2050,
524288,597595.131689409,1232083,0,1,222,732,664,395,,2013,
524288,597595.131699217,1232081,1,0,279,734,655,440,,2108,
524288,597595.131706769,1232083,0,1,200,733,671,382,,1986,
524288,597595.131716456,1232081,1,0,215,729,662,380,,1986,
524288,597595.131724098,1232083,0,1,189,745,624,399,,1957,
524288,597595.131733951,1232081,1,0,174,720,617,555,,2066,
524288,597595.131741353,1232083,0,1,194,726,651,416,,1987,
524288,597595.131751186,1232081,1,0,204,732,658,397,,1991,
524288,597595.131759211,1232083,0,1,221,731,648,382,,1982,
524288,597595.131769177,1232081,1,0,195,737,654,386,,1972,
524288,597595.131777292,1232083,0,1,186,850,646,384,,2066,
524288,597595.131787202,1232081,1,0,207,733,711,419,,2070,
524288,597595.131795211,1232083,0,1,184,747,749,386,,2066,
524288,597595.131805112,1232081,1,0,275,726,685,396,,2082,
524288,597595.131812872,1232083,0,1,188,736,631,398,,1953,
524288,597595.131822599,1232081,1,0,215,729,629,375,,1948,
524288,597595.131829650,1232083,0,1,190,731,654,382,,1957,
524288,597595.131839532,1232081,1,0,192,720,649,474,,2035,
524288,597595.131847693,1232083,0,1,193,753,635,588,,2169,
524288,597595.131857638,1232081,1,0,204,734,633,409,,1980,
524288,597595.131866038,1232083,0,1,481,740,700,412,,2333,
524288,597595.131876104,1232081,1,0,240,727,642,354,,1963,
524288,597595.131884264,1232083,0,1,174,736,648,366,,1924,
524288,597595.131893999,1232081,1,0,188,719,750,385,,2042,
524288,597595.131902061,1232083,0,1,238,729,652,383,,2002,
524288,597595.131911876,1232081,1,0,207,719,636,436,,1998,
524288,597595.131919991,1232083,0,1,207,733,663,369,,1972,
524288,597595.131929795,1232081,1,0,198,727,700,387,,2012,
524288,597595.131937018,1232083,0,1,213,737,660,391,,2001,
524288,597595.131946731,1232081,1,0,182,717,623,379,,1901,
524288,597595.131953805,1232083,0,1,178,750,943,365,,2236,
524288,597595.131963761,1232081,1,0,196,724,648,428,,1996,
524288,597595.131971556,1232083,0,1,211,739,722,404,,2076,
524288,597595.131981425,1232081,1,0,188,718,645,353,,1904,
524288,597595.131988283,1232083,0,1,201,729,632,364,,1926,
524288,597595.131998068,1232081,1,0,223,724,652,401,,2000,
524288,597595.132005944,1232083,0,1,195,745,763,483,,2186,
524288,597595.132016158,1232081,1,0,192,729,636,388,,1945,
524288,597595.132023675,1232083,0,1,189,740,677,423,,2029,
524288,597595.132033431,1232081,1,0,213,718,652,378,,1961,
524288,597595.132040748,1232083,0,1,209,734,654,365,,1962,
524288,597595.132050574,1232081,1,0,201,726,660,396,,1983,
524288,597595.132058332,1232083,0,1,203,731,651,415,,2000,
524288,597595.132067922,1232081,1,0,188,729,616,397,,1930,
524288,597595.132075277,1232083,0,1,204,737,659,385,,1985,
524288,597595.132084934,1232081,1,0,202,740,626,424,,1992,
524288,597595.132092075,1232083,0,1,198,773,652,368,,1991,
524288,597595.132101806,1232081,1,0,213,735,743,393,,2084,
524288,597595.132108792,1232083,0,1,193,738,656,384,,1971,
524288,597595.132118429,1232081,1,0,184,723,635,528,,2070,
524288,597595.132126068,1232083,0,1,176,775,726,445,,2122,
524288,597595.132136166,1232081,1,0,215,738,661,393,,2007,
524288,597595.132143514,1232083,0,1,207,740,633,379,,1959,
524288,597595.132153127,1232081,1,0,191,780,727,356,,2054,
524288,597595.132160749,1232083,0,1,170,736,686,392,,1984,
524288,597595.132170476,1232081,1,0,180,726,627,393,,1926,
524288,597595.132178242,1232083,0,1,195,732,647,379,,1953,
524288,597595.132187895,1232081,1,0,193,728,643,414,,1978,
524288,597595.132195688,1232083,0,1,257,741,606,351,,1955,
524288,597595.132205425,1232081,1,0,194,731,641,398,,1964,
524288,597595.132213234,1232083,0,1,206,723,668,385,,1982,
524288,597595.132223002,1232081,1,0,188,728,624,388,,1928,
524288,597595.132230435,1232083,0,1,179,740,656,359,,1934,
524288,597595.132240134,1232081,1,0,310,734,655,372,,2071,
524288,597595.132248100,1232083,0,1,212,737,680,395,,2024,
524288,597595.132258074,1232081,1,0,348,725,661,376,,2110,
524288,597595.132265898,1232083,0,1,189,737,631,369,,1926,
524288,597595.132275474,1232081,1,0,207,733,635,393,,1968,
524288,597595.132287691,1232083,0,1,199,740,653,405,,1997,
524288,597595.132297746,1232081,1,0,183,745,635,450,,2013,
524288,597595.132306080,1232083,0,1,185,733,631,411,,1960,
524288,597595.132315904,1232081,1,0,193,746,642,382,,1963,
524288,597595.132324205,1232083,0,1,198,744,671,412,,2025,
524288,597595.132334620,1232081,1,0,182,746,640,376,,1944,
524288,597595.132342307,1232083,0,1,194,738,629,400,,1961,
524288,597595.132351916,1232081,1,0,192,745,634,375,,1946,
524288,597595.132360349,1232083,0,1,214,747,650,404,,2015,
524288,597595.132370132,1232081,1,0,189,755,613,409,,1966,
524288,597595.132378100,1232083,0,1,187,740,647,382,,1956,
524288,597595.132387740,1232081,1,0,190,743,756,364,,2053,
524288,597595.132396075,1232083,0,1,189,740,678,366,,1973,
524288,597595.132405714,1232081,1,0,181,750,698,648,,2277,
524288,597595.132414782,1232083,0,1,175,748,628,380,,1931,
524288,597595.132424579,1232081,1,0,188,866,663,427,,2144,
524288,597595.132433495,1232083,0,1,195,774,658,433,,2060,
524288,597595.132443339,1232081,1,0,270,744,613,376,,2003,
524288,597595.132451681,1232083,0,1,237,744,661,435,,2077,
524288,597595.132461796,1232081,1,0,199,756,747,395,,2097,
524288,597595.132470794,1232083,0,1,183,756,722,683,,2344,
524288,597595.132481016,1232081,1,0,345,886,655,478,,2364,
524288,597595.132490764,1232083,0,1,191,740,888,421,,2240,
524288,597595.132505057,1232081,1,0,347,1160,842,467,,2816,
524288,597595.132514562,1232083,0,1,234,808,865,459,,2366,
524288,597595.132524562,1232081,1,0,177,738,652,370,,1937,
524288,597595.132532884,1232083,0,1,177,749,623,436,,1985,
524288,597595.132542568,1232081,1,0,192,732,623,385,,1932,
524288,597595.132550555,1232083,0,1,197,850,728,410,,2185,
524288,597595.132560553,1232081,1,0,221,761,620,451,,2053,
524288,597595.132568859,1232083,0,1,207,794,681,358,,2040,
524288,597595.132579483,1232081,1,0,219,754,726,461,,2160,
524288,597595.132588432,1232083,0,1,210,784,659,409,,2062,
524288,597595.132599581,1232081,1,0,206,766,722,454,,2148,
524288,597595.132608085,1232083,0,1,197,768,758,402,,2125,
524288,597595.132618605,1232081,1,0,195,773,720,432,,2120,
524288,597595.132627067,1232083,0,1,229,975,656,404,,2264,
524288,597595.132638070,1232081,1,0,219,761,804,458,,2242,
524288,597595.132645484,1232083,0,1,245,762,656,392,,2055,
524288,597595.132656021,1232081,1,0,184,771,681,411,,2047,
524288,597595.132663786,1232083,0,1,216,794,678,396,,2084,
524288,597595.132674244,1232081,1,0,205,777,673,424,,2079,
524288,597595.132683291,1232083,0,1,290,796,649,415,,2150,
524288,597595.132693882,1232081,1,0,210,857,718,413,,2198,
524288,597595.132702571,1232083,0,1,214,754,831,453,,2252,
524288,597595.132713259,1232081,1,0,224,769,791,470,,2254,
524288,597595.132722495,1232083,0,1,312,905,638,369,,2224,
524288,597595.132733163,1232081,1,0,181,775,767,591,,2314,
524288,597595.132743642,1232083,0,1,675,780,694,408,,2557,
524288,597595.132754516,1232081,1,0,293,778,701,430,,2202,
524288,597595.132763887,1232083,0,1,209,752,643,386,,1990,
524288,597595.132774597,1232081,1,0,186,773,708,410,,2077,
524288,597595.132782982,1232083,0,1,218,760,780,401,,2159,
524288,597595.132793727,1232081,1,0,355,771,718,451,,2295,
524288,597595.132802516,1232083,0,1,233,761,631,369,,1994,
524288,597595.132813084,1232081,1,0,382,767,676,398,,2223,
524288,597595.132821737,1232083,0,1,209,761,655,445,,2070,
524288,597595.132831405,1232081,1,0,180,740,667,414,,2001,
524288,597595.132839321,1232083,0,1,241,748,638,419,,2046,
524288,597595.132848983,1232081,1,0,203,746,654,773,,2376,
524288,597595.132858181,1232083,0,1,276,814,789,446,,2325,
524288,597595.132868935,1232081,1,0,198,777,812,494,,2281,
524288,597595.132878117,1232083,0,1,501,769,679,370,,2319,
524288,597595.132889126,1232081,1,0,349,766,740,398,,2253,
524288,597595.132898799,1232083,0,1,213,910,748,460,,2331,
524288,597595.132909525,1232081,1,0,218,770,699,427,,2114,
524288,597595.132918559,1232083,0,1,799,778,678,608,,2863,
524288,597595.132930212,1232081,1,0,299,769,693,449,,2210,
524288,597595.132939507,1232083,0,1,223,771,658,429,,2081,
524288,597595.132950292,1232081,1,0,199,791,667,397,,2054,
524288,597595.132958196,1232083,0,1,174,745,628,385,,1932,
524288,597595.132967922,1232081,1,0,179,758,802,353,,2092,
524288,597595.132976018,1232083,0,1,203,754,630,419,,2006,
524288,597595.132985591,1232081,1,0,197,748,723,396,,2064,
524288,597595.132994489,1232083,0,1,167,889,631,444,,2131,
524288,597595.133004645,1232081,1,0,201,734,635,543,,2113,
524288,597595.133013379,1232083,0,1,208,746,652,407,,2013,
524288,597595.133023352,1232081,1,0,191,741,634,442,,2008,
524288,597595.133031924,1232083,0,1,179,743,746,437,,2105,
524288,597595.133041777,1232081,1,0,184,746,637,373,,1940,
524288,597595.133049736,1232083,0,1,204,754,648,525,,2131,
524288,597595.133059536,1232081,1,0,198,724,657,441,,2020,
524288,597595.133067987,1232083,0,1,186,750,760,484,,2180,
524288,597595.133078241,1232081,1,0,190,743,620,405,,1958,
524288,597595.133086412,1232083,0,1,202,774,809,421,,2206,
524288,597595.133096362,1232081,1,0,211,723,657,391,,1982,
524288,597595.133104466,1232083,0,1,203,752,626,367,,1948,
524288,597595.133114203,1232081,1,0,181,739,636,380,,1936,
524288,597595.133122051,1232083,0,1,198,750,656,460,,2064,
524288,597595.133131843,1232081,1,0,189,740,638,392,,1959,
524288,597595.133139808,1232083,0,1,169,754,623,453,,1999,
524288,597595.133149599,1232081,1,0,178,751,642,391,,1962,
524288,597595.133157473,1232083,0,1,199,744,626,384,,1953,
524288,597595.133167285,1232081,1,0,203,737,638,374,,1952,
524288,597595.133175165,1232083,0,1,195,847,843,381,,2266,
524288,597595.133185491,1232081,1,0,218,743,764,420,,2145,
524288,597595.133193816,1232083,0,1,346,750,674,498,,2268,
524288,597595.133204042,1232081,1,0,201,740,636,434,,2011,
524288,597595.133212455,1232083,0,1,796,751,644,458,,2649,
524288,597595.133222884,1232081,1,0,194,742,646,415,,1997,
524288,597595.133231064,1232083,0,1,189,749,653,420,,2011,
524288,597595.133241078,1232081,1,0,191,784,625,381,,1981,
524288,597595.133249243,1232083,0,1,505,761,647,421,,2334,
524288,597595.133259414,1232081,1,0,184,876,756,375,,2191,
524288,597595.133268020,1232083,0,1,189,750,669,433,,2041,
524288,597595.133277952,1232081,1,0,293,743,741,413,,2190,
524288,597595.133286611,1232083,0,1,514,764,863,507,,2648,
524288,597595.133297015,1232081,1,0,213,760,788,417,,2178,
524288,597595.133305766,1232083,0,1,798,746,692,386,,2622,
524288,597595.133316049,1232081,1,0,217,755,666,423,,2061,
524288,597595.133324209,1232083,0,1,181,741,626,393,,1941,
524288,597595.133333908,1232081,1,0,217,743,627,394,,1981,
524288,597595.133341158,1232083,0,1,193,742,677,385,,1997,
524288,597595.133350875,1232081,1,0,231,763,627,385,,2006,
524288,597595.133359045,1232083,0,1,196,736,757,408,,2097,
524288,597595.133369073,1232081,1,0,187,736,670,398,,1991,
524288,597595.133376827,1232083,0,1,208,751,659,455,,2073,
524288,597595.133386606,1232081,1,0,206,746,631,478,,2061,
524288,597595.133394497,1232083,0,1,179,734,808,421,,2142,
524288,597595.133404681,1232081,1,0,205,746,689,391,,2031,
524288,597595.133412299,1232083,0,1,310,857,659,414,,2240,
524288,597595.133422328,1232081,1,0,190,891,634,448,,2163,
524288,597595.133430199,1232083,0,1,675,763,628,382,,2448,
524288,597595.133440382,1232081,1,0,245,757,641,386,,2029,
524288,597595.133448332,1232083,0,1,200,739,650,388,,1977,
524288,597595.133458576,1232081,1,0,186,762,630,436,,2014,
524288,597595.133466088,1232083,0,1,190,741,697,378,,2006,
524288,597595.133475665,1232081,1,0,193,756,682,394,,2025,
524288,597595.133518778,1232083,0,1,242,762,686,608,,2298,
524288,597595.133528458,1232081,1,0,341,754,766,662,,2523,
524288,597595.133534962,1232083,0,1,184,752,670,436,,2042,
524288,597595.133546619,1232081,1,0,207,758,692,461,,2118,
524288,597595.133553072,1232083,0,1,240,747,677,440,,2104,
524288,597595.133564848,1232081,1,0,186,737,660,373,,1956,
524288,597595.133570958,1232083,0,1,202,750,621,439,,2012,
524288,597595.133582118,1232081,1,0,185,745,642,450,,2022,
524288,597595.133588526,1232083,0,1,190,750,630,466,,2036,
524288,597595.133599921,1232081,1,0,335,739,615,437,,2126,
524288,597595.133606478,1232083,0,1,182,739,653,374,,1948,
524288,597595.133618313,1232081,1,0,337,761,605,396,,2099,
524288,597595.133625016,1232083,0,1,226,734,666,446,,2072,
524288,597595.133636464,1232081,1,0,198,737,657,381,,1973,
524288,597595.133642698,1232083,0,1,220,743,637,412,,2012,
524288,597595.133654461,1232081,1,0,324,754,670,382,,2130,
524288,597595.133660700,1232083,0,1,195,747,638,449,,2029,
524288,597595.133672371,1232081,1,0,196,747,629,372,,1944,
524288,597595.133679000,1232083,0,1,191,762,657,399,,2009,
524288,597595.133690224,1232081,1,0,231,758,623,412,,2024,
524288,597595.133696931,1232083,0,1,183,747,626,422,,1978,
524288,597595.133708815,1232081,1,0,364,740,647,493,,2244,
524288,597595.133717780,1232083,0,1,222,753,629,470,,2074,
524288,597595.133767599,1232081,1,0,209,756,632,395,,1992,
524288,597595.133775409,1232083,0,1,208,777,650,434,,2069,
524288,597595.133787072,1232081,1,0,210,739,626,412,,1987,
524288,597595.133794538,1232083,0,1,206,744,644,457,,2051,
524288,597595.133805123,1232081,1,0,466,749,632,376,,2223,
524288,597595.133813122,1232083,0,1,180,780,651,413,,2024,
524288,597595.133823671,1232081,1,0,199,743,659,412,,2013,
524288,597595.133831756,1232083,0,1,334,749,700,365,,2148,
524288,597595.133842575,1232081,1,0,246,826,678,393,,2143,
524288,597595.133851168,1232083,0,1,189,741,645,447,,2022,
524288,597595.133862052,1232081,1,0,296,750,674,361,,2081,
524288,597595.133869931,1232083,0,1,187,747,630,367,,1931,
524288,597595.133880722,1232081,1,0,202,750,690,429,,2071,
524288,597595.133889085,1232083,0,1,202,777,682,457,,2118,
524288,597595.133900095,1232081,1,0,346,784,665,372,,2167,
524288,597595.133908634,1232083,0,1,179,746,658,440,,2023,
524288,597595.133919181,1232081,1,0,186,765,646,372,,1969,
524288,597595.133927219,1232083,0,1,197,740,797,399,,2133,
524288,597595.133938908,1232081,1,0,216,740,647,380,,1983,
524288,597595.133947420,1232083,0,1,341,768,663,370,,2142,
524288,597595.133958357,1232081,1,0,405,753,652,432,,2242,
524288,597595.133966812,1232083,0,1,190,740,658,448,,2036,
524288,597595.133977533,1232081,1,0,477,756,693,374,,2300,
524288,597595.133986760,1232083,0,1,180,753,639,367,,1939,
524288,597595.133997617,1232081,1,0,221,752,646,431,,2050,
524288,597595.134006586,1232083,0,1,204,749,632,438,,2023,
524288,597595.134017603,1232081,1,0,194,749,643,363,,1949,
524288,597595.134025883,1232083,0,1,190,757,770,420,,2137,
524288,597595.134036879,1232081,1,0,188,745,677,436,,2046,
524288,597595.134044790,1232083,0,1,185,747,715,418,,2065,
524288,597595.134055301,1232081,1,0,206,754,651,384,,1995,
524288,597595.134064002,1232083,0,1,185,752,661,439,,2037,
524288,597595.134074737,1232081,1,0,185,743,814,416,,2158,
524288,597595.134083300,1232083,0,1,227,748,657,390,,2022,
524288,597595.134093935,1232081,1,0,202,736,625,419,,1982,
524288,597595.134101966,1232083,0,1,173,750,643,530,,2096,
524288,597595.134112277,1232081,1,0,182,752,666,708,,2308,
524288,597595.134120337,1232083,0,1,190,745,687,431,,2053,
524288,597595.134130792,1232081,1,0,311,754,669,382,,2116,
524288,597595.134138974,1232083,0,1,201,742,681,449,,2073,
524288,597595.134149330,1232081,1,0,337,758,668,427,,2190,
524288,597595.134157669,1232083,0,1,215,761,677,449,,2102,
524288,597595.134168039,1232081,1,0,182,748,744,494,,2168,
524288,597595.134176055,1232083,0,1,289,778,1037,427,,2531,
524288,597595.134186784,1232081,1,0,169,743,665,434,,2011,
524288,597595.134195247,1232083,0,1,200,771,631,386,,1988,
524288,597595.134205176,1232081,1,0,179,751,703,379,,2012,
524288,597595.134212771,1232083,0,1,191,744,773,395,,2103,
524288,597595.134223069,1232081,1,0,188,865,799,397,,2249,
524288,597595.134230845,1232083,0,1,199,751,631,497,,2078,
524288,597595.134241090,1232081,1,0,173,739,713,390,,2015,
524288,597595.134248960,1232083,0,1,179,768,642,515,,2104,
524288,597595.134259238,1232081,1,0,182,756,613,403,,1954,
524288,597595.134267582,1232083,0,1,193,742,634,443,,2012,
524288,597595.134277733,1232081,1,0,197,748,682,376,,2003,
524288,597595.134285997,1232083,0,1,206,744,659,448,,2057,
524288,597595.134296340,1232081,1,0,198,747,762,708,,2415,
524288,597595.134304797,1232083,0,1,191,757,635,398,,1981,
524288,597595.134315315,1232081,1,0,199,770,777,413,,2159,
524288,597595.134323386,1232083,0,1,206,735,648,359,,1948,
524288,597595.134333371,1232081,1,0,187,754,620,423,,1984,
524288,597595.134341214,1232083,0,1,206,731,751,464,,2152,
524288,597595.134351192,1232081,1,0,192,733,670,388,,1983,
524288,597595.134359074,1232083,0,1,182,739,693,385,,1999,
524288,597595.134369304,1232081,1,0,194,745,621,357,,1917,
524288,597595.134377368,1232083,0,1,200,739,664,408,,2011,
524288,597595.134387012,1232081,1,0,204,778,656,390,,2028,
524288,597595.134394564,1232083,0,1,196,729,653,421,,1999,
524288,597595.134404395,1232081,1,0,187,744,626,375,,1932,
524288,597595.134411815,1232083,0,1,206,912,651,400,,2169,
524288,597595.134421950,1232081,1,0,210,767,711,395,,2083,
524288,597595.134428756,1232083,0,1,186,999,626,369,,2180,
524288,597595.134438755,1232081,1,0,199,749,639,387,,1974,
524288,597595.134445914,1232083,0,1,184,739,649,453,,2025,
524288,597595.134455688,1232081,1,0,182,738,624,374,,1918,
524288,597595.134463461,1232083,0,1,196,752,652,417,,2017,
524288,597595.134473461,1232081,1,0,178,754,614,388,,1934,
524288,597595.134480686,1232083,0,1,203,746,656,451,,2056,
524288,597595.134490583,1232081,1,0,232,740,639,395,,2006,
524288,597595.134498355,1232083,0,1,309,748,637,1724,,3418,
524288,597595.134509879,1232081,1,0,233,728,699,432,,2092,
524288,597595.134518487,1232083,0,1,260,758,766,466,,2250,
524288,597595.134529357,1232081,1,0,403,752,647,489,,2291,
524288,597595.134537459,1232083,0,1,203,738,663,378,,1982,
524288,597595.134547390,1232081,1,0,214,743,632,401,,1990,
524288,597595.134555111,1232083,0,1,222,748,713,437,,2120,
524288,597595.134565051,1232081,1,0,205,728,684,409,,2026,
524288,597595.134572412,1232083,0,1,306,809,609,357,,2081,
524288,597595.134582423,1232081,1,0,229,753,633,394,,2009,
524288,597595.134589710,1232083,0,1,232,741,658,390,,2021,
524288,597595.134599769,1232081,1,0,209,735,642,371,,1957,
524288,597595.134607282,1232083,0,1,180,751,689,378,,1998,
524288,597595.134617169,1232081,1,0,196,738,632,422,,1988,
524288,597595.134625212,1232083,0,1,288,744,666,375,,2073,
524288,597595.134635238,1232081,1,0,195,752,638,351,,1936,
524288,597595.134642591,1232083,0,1,176,742,657,406,,1981,
524288,597595.134652525,1232081,1,0,197,744,625,438,,2004,
524288,597595.134660165,1232083,0,1,201,747,686,506,,2140,
524288,597595.134669936,1232081,1,0,195,733,636,369,,1933,
524288,597595.134678051,1232083,0,1,169,752,630,369,,1920,
524288,597595.134687540,1232081,1,0,214,831,627,549,,2221,
524288,597595.134695717,1232083,0,1,189,748,683,498,,2118,
524288,597595.134705548,1232081,1,0,185,750,644,509,,2088,
524288,597595.134713401,1232083,0,1,175,750,654,407,,1986,
524288,597595.134723292,1232081,1,0,225,732,660,460,,2077,
524288,597595.134731391,1232083,0,1,235,740,756,376,,2107,
524288,597595.134741305,1232081,1,0,187,747,985,632,,2551,
524288,597595.134749525,1232083,0,1,176,752,628,404,,1960,
524288,597595.134759399,1232081,1,0,214,740,683,399,,2036,
524288,597595.134766926,1232083,0,1,254,753,660,456,,2123,
524288,597595.134777658,1232081,1,0,181,768,681,420,,2050,
524288,597595.134785541,1232083,0,1,196,756,651,370,,1973,
524288,597595.134796156,1232081,1,0,214,773,690,444,,2121,
524288,597595.134805347,1232083,0,1,260,772,638,483,,2153,
524288,597595.134815747,1232081,1,0,186,770,709,405,,2070,
524288,597595.134823641,1232083,0,1,291,756,780,500,,2327,
524288,597595.134834348,1232081,1,0,198,764,687,420,,2069,
524288,597595.134842185,1232083,0,1,237,757,665,400,,2059,
524288,597595.134852794,1232081,1,0,201,763,718,411,,2093,
524288,597595.134859998,1232083,0,1,185,758,667,388,,1998,
524288,597595.134870676,1232081,1,0,215,765,717,471,,2168,
524288,597595.134878480,1232083,0,1,223,758,653,463,,2097,
524288,597595.134888931,1232081,1,0,183,763,714,439,,2099,
524288,597595.134897023,1232083,0,1,197,776,646,354,,1973,
524288,597595.134907520,1232081,1,0,198,811,723,545,,2277,
524288,597595.134916213,1232083,0,1,218,773,654,508,,2153,
524288,597595.134927135,1232081,1,0,342,751,715,469,,2277,
524288,597595.134935987,1232083,0,1,203,753,648,426,,2030,
524288,597595.134946795,1232081,1,0,453,760,696,467,,2376,
524288,597595.134955441,1232083,0,1,216,884,909,500,,2509,
524288,597595.134966604,1232081,1,0,208,769,802,517,,2296,
524288,597595.134975098,1232083,0,1,533,762,671,461,,2427,
524288,597595.134985435,1232081,1,0,323,746,784,412,,2265,
524288,597595.134992428,1232083,0,1,189,763,649,405,,2006,
524288,597595.135002254,1232081,1,0,220,737,639,396,,1992,
524288,597595.135008578,1232083,0,1,180,751,626,367,,1924,
524288,597595.135018200,1232081,1,0,214,1012,663,419,,2308,
524288,597595.135025522,1232083,0,1,187,750,661,443,,2041,
524288,597595.135035323,1232081,1,0,335,753,647,390,,2125,
524288,597595.135042454,1232083,0,1,193,746,651,469,,2059,
524288,597595.135052134,1232081,1,0,199,747,667,378,,1991,
524288,597595.135059394,1232083,0,1,240,920,633,386,,2179,
524288,597595.135069443,1232081,1,0,172,752,646,572,,2142,
524288,597595.135077097,1232083,0,1,182,740,637,418,,1977,
524288,597595.135086752,1232081,1,0,180,747,760,392,,2079,
524288,597595.135094371,1232083,0,1,211,747,648,402,,2008,
524288,597595.135104006,1232081,1,0,201,747,642,385,,1975,
524288,597595.135110982,1232083,0,1,177,747,654,370,,1948,
524288,597595.135120682,1232081,1,0,202,742,656,431,,2031,
524288,597595.135127389,1232083,0,1,204,750,631,464,,2049,
524288,597595.135137178,1232081,1,0,207,750,630,377,,1964,
524288,597595.135144120,1232083,0,1,195,750,630,434,,2009,
524288,597595.135153925,1232081,1,0,207,868,636,425,,2136,
524288,597595.135160783,1232083,0,1,190,729,635,408,,1962,
524288,597595.135170290,1232081,1,0,201,728,640,400,,1969,
524288,597595.135177823,1232083,0,1,184,747,663,426,,2020,
524288,597595.135187840,1232081,1,0,207,755,751,389,,2102,
524288,597595.135196061,1232083,0,1,347,742,674,355,,2118,
524288,597595.135206039,1232081,1,0,176,746,644,394,,1960,
524288,597595.135213777,1232083,0,1,316,744,765,428,,2253,
524288,597595.135223925,1232081,1,0,182,741,630,392,,1945,
524288,597595.135232018,1232083,0,1,203,742,669,722,,2336,
524288,597595.135242260,1232081,1,0,211,755,679,498,,2143,
524288,597595.135250542,1232083,0,1,185,760,663,534,,2142,
524288,597595.135260498,1232081,1,0,216,749,694,756,,2415,
524288,597595.135268814,1232083,0,1,338,774,674,453,,2239,
524288,597595.135279102,1232081,1,0,205,758,640,385,,1988,
524288,597595.135286166,1232083,0,1,187,743,840,597,,2367,
524288,597595.135296270,1232081,1,0,178,762,669,459,,2068,
524288,597595.135304113,1232083,0,1,226,765,674,384,,2049,
524288,597595.135314025,1232081,1,0,352,763,669,425,,2209,
524288,597595.135322065,1232083,0,1,209,769,874,474,,2326,
524288,597595.135332274,1232081,1,0,220,751,689,476,,2136,
524288,597595.135340665,1232083,0,1,223,763,643,431,,2060,
524288,597595.135350815,1232081,1,0,199,754,650,399,,2002,
524288,597595.135358968,1232083,0,1,785,924,671,366,,2746,
524288,597595.135369559,1232081,1,0,198,756,816,435,,2205,
524288,597595.135377844,1232083,0,1,345,753,676,433,,2207,
524288,597595.135388033,1232081,1,0,342,750,643,387,,2122,
524288,597595.135395562,1232083,0,1,173,753,726,431,,2083,
524288,597595.135405706,1232081,1,0,357,759,634,423,,2173,
524288,597595.135413309,1232083,0,1,201,744,671,410,,2026,
524288,597595.135423195,1232081,1,0,235,739,653,365,,1992,
524288,597595.135430453,1232083,0,1,183,748,682,419,,2032,
524288,597595.135440469,1232081,1,0,207,750,655,401,,2013,
524288,597595.135447765,1232083,0,1,255,762,673,409,,2099,
524288,597595.135457569,1232081,1,0,199,758,634,367,,1958,
524288,597595.135465249,1232083,0,1,183,760,677,392,,2012,
524288,597595.135475295,1232081,1,0,184,753,651,464,,2052,
524288,597595.135482942,1232083,0,1,213,753,679,508,,2153,
524288,597595.135492852,1232081,1,0,201,906,660,379,,2146,
524288,597595.135506528,1232083,0,1,207,752,874,427,,2260,
524288,597595.135517002,1232081,1,0,234,884,767,385,,2270,
524288,597595.135525365,1232083,0,1,186,760,696,390,,2032,
524288,597595.135535079,1232081,1,0,197,750,772,411,,2130,
524288,597595.135542832,1232083,0,1,202,780,681,426,,2089,
524288,597595.135552708,1232081,1,0,206,762,651,362,,1981,
524288,597595.135561133,1232083,0,1,215,914,662,411,,2202,
524288,597595.135571178,1232081,1,0,217,762,661,416,,2056,
524288,597595.135579235,1232083,0,1,220,743,781,421,,2165,
524288,597595.135589370,1232081,1,0,238,757,693,396,,2084,
524288,597595.135597796,1232083,0,1,183,760,670,541,,2154,
524288,597595.135607793,1232081,1,0,186,751,645,375,,1957,
524288,597595.135615378,1232083,0,1,329,759,673,440,,2201,
524288,597595.135625378,1232081,1,0,192,763,635,372,,1962,
524288,597595.135633046,1232083,0,1,177,748,676,385,,1986,
524288,597595.135643303,1232081,1,0,209,764,644,441,,2058,
524288,597595.135650737,1232083,0,1,214,753,705,463,,2135,
524288,597595.135660622,1232081,1,0,209,749,673,382,,2013,
524288,597595.135668007,1232083,0,1,235,760,676,380,,2051,
524288,597595.135678049,1232081,1,0,196,761,640,377,,1974,
524288,597595.135686471,1232083,0,1,194,749,666,423,,2032,
524288,597595.135696319,1232081,1,0,236,782,640,409,,2067,
524288,597595.135704006,1232083,0,1,191,745,668,395,,1999,
524288,597595.135713724,1232081,1,0,190,765,650,395,,2000,
524288,597595.135722182,1232083,0,1,210,759,671,411,,2051,
524288,597595.135732456,1232081,1,0,218,747,816,404,,2185,
524288,597595.135740848,1232083,0,1,176,748,736,419,,2079,
524288,597595.135750705,1232081,1,0,190,763,652,394,,1999,
524288,597595.135758824,1232083,0,1,203,758,665,422,,2048,
524288,597595.135769058,1232081,1,0,194,894,634,427,,2149,
524288,597595.135777107,1232083,0,1,181,766,678,394,,2019,
524288,597595.135786787,1232081,1,0,187,753,837,469,,2246,
524288,597595.135795176,1232083,0,1,208,753,682,421,,2064,
524288,597595.135805261,1232081,1,0,209,750,653,390,,2002,
524288,597595.135813096,1232083,0,1,206,760,672,418,,2056,
524288,597595.135823042,1232081,1,0,206,751,634,405,,1996,
524288,597595.135830607,1232083,0,1,195,746,645,433,,2019,
524288,597595.135840514,1232081,1,0,224,776,644,423,,2067,
524288,597595.135848647,1232083,0,1,174,757,803,427,,2161,
524288,597595.135858598,1232081,1,0,195,745,668,388,,1996,
524288,597595.135866186,1232083,0,1,210,756,657,439,,2062,
524288,597595.135876110,1232081,1,0,199,750,681,393,,2023,
524288,597595.135884378,1232083,0,1,215,748,683,558,,2204,
524288,597595.135894456,1232081,1,0,187,757,738,514,,2196,
524288,597595.135902899,1232083,0,1,317,764,727,404,,2212,
524288,597595.135913006,1232081,1,0,211,751,649,390,,2001,
524288,597595.135921135,1232083,0,1,177,756,668,540,,2141,
524288,597595.135931023,1232081,1,0,181,759,662,388,,1990,
524288,597595.135938460,1232083,0,1,223,746,646,395,,2010,
524288,597595.135948467,1232081,1,0,231,811,651,384,,2077,
524288,597595.135956296,1232083,0,1,186,739,657,414,,1996,
524288,597595.135965987,1232081,1,0,188,745,661,376,,1970,
524288,597595.135973446,1232083,0,1,239,750,684,462,,2135,
524288,597595.135983464,1232081,1,0,326,755,642,430,,2153,
524288,597595.135991093,1232083,0,1,200,777,647,386,,2010,
524288,597595.136000974,1232081,1,0,197,750,717,368,,2032,
524288,597595.136007984,1232083,0,1,203,742,651,439,,2035,
524288,597595.136017812,1232081,1,0,209,754,651,365,,1979,
524288,597595.136024501,1232083,0,1,216,748,711,431,,2106,
524288,597595.136034384,1232081,1,0,188,744,655,419,,2006,
524288,597595.136041628,1232083,0,1,222,750,680,425,,2077,
524288,597595.136052025,1232081,1,0,470,932,765,492,,2659,
524288,597595.136060229,1232083,0,1,199,748,695,452,,2094,
524288,597595.136069949,1232081,1,0,206,727,641,383,,1957,
524288,597595.136077309,1232083,0,1,187,755,669,469,,2080,
524288,597595.136087343,1232081,1,0,225,770,736,376,,2107,
524288,597595.136094705,1232083,0,1,201,812,692,384,,2089,
524288,597595.136105072,1232081,1,0,245,750,636,557,,2188,
524288,597595.136112723,1232083,0,1,181,769,684,443,,2077,
524288,597595.136122661,1232081,1,0,309,763,703,397,,2172,
524288,597595.136131106,1232083,0,1,204,751,669,369,,1993,
524288,597595.136140780,1232081,1,0,223,903,780,444,,2350,
524288,597595.136149209,1232083,0,1,541,761,684,369,,2355,
524288,597595.136159775,1232081,1,0,230,763,654,417,,2064,
524288,597595.136189708,1232083,0,1,198,780,696,465,,2139,
524288,597595.136198798,1232081,1,0,207,785,650,409,,2051,
524288,597595.136205094,1232083,0,1,176,765,678,348,,1967,
524288,597595.136217058,1232081,1,0,212,758,683,395,,2048,
524288,597595.136223940,1232083,0,1,220,749,650,416,,2035,
524288,597595.136235399,1232081,1,0,187,756,663,419,,2025,
524288,597595.136242563,1232083,0,1,179,763,661,439,,2042,
524288,597595.136254281,1232081,1,0,197,775,748,479,,2199,
524288,597595.136260993,1232083,0,1,201,742,641,589,,2173,
524288,597595.136273669,1232081,1,0,201,766,698,532,,2197,
524288,597595.136280156,1232083,0,1,187,757,685,601,,2230,
524288,597595.136292415,1232081,1,0,176,777,647,426,,2026,
524288,597595.136299160,1232083,0,1,231,750,705,501,,2187,
524288,597595.136311066,1232081,1,0,209,763,657,389,,2018,
524288,597595.136317502,1232083,0,1,181,751,650,429,,2011,
524288,597595.136329169,1232081,1,0,223,781,758,517,,2279,
524288,597595.136336416,1232083,0,1,209,781,669,381,,2040,
524288,597595.136348754,1232081,1,0,216,929,743,450,,2338,
524288,597595.136356359,1232083,0,1,232,772,691,462,,2157,
524288,597595.136368962,1232081,1,0,335,789,711,508,,2343,
524288,597595.136376193,1232083,0,1,251,775,676,397,,2099,
524288,597595.136389350,1232081,1,0,211,805,703,430,,2149,
524288,597595.136397120,1232083,0,1,200,780,870,475,,2325,
524288,597595.136450392,1232081,1,0,228,799,712,441,,2180,
524288,597595.136458720,1232083,0,1,206,792,678,481,,2157,
524288,597595.136469518,1232081,1,0,221,774,724,425,,2144,
524288,597595.136477541,1232083,0,1,194,768,665,428,,2055,
524288,597595.136488342,1232081,1,0,239,769,885,506,,2399,
524288,597595.136497068,1232083,0,1,222,776,696,2126,,3820,
524288,597595.136509763,1232081,1,0,233,777,772,530,,2312,
524288,597595.136517797,1232083,0,1,231,774,779,568,,2352,
524288,597595.136529111,1232081,1,0,238,770,816,430,,2254,
524288,597595.136536420,1232083,0,1,198,783,656,364,,2001,
524288,597595.136546987,1232081,1,0,212,773,705,464,,2154,
524288,597595.136553462,1232083,0,1,231,786,687,479,,2183,
524288,597595.136564163,1232081,1,0,206,780,757,442,,2185,
524288,597595.136571142,1232083,0,1,228,773,654,410,,2065,
524288,597595.136582051,1232081,1,0,229,776,764,420,,2189,
524288,597595.136589493,1232083,0,1,221,1079,707,423,,2430,
524288,597595.136600634,1232081,1,0,189,782,700,456,,2127,
524288,597595.136608331,1232083,0,1,226,777,665,371,,2039,
524288,597595.136619568,1232081,1,0,214,761,630,422,,2027,
524288,597595.136626599,1232083,0,1,213,743,704,439,,2099,
524288,597595.136636509,1232081,1,0,194,743,759,373,,2069,
524288,597595.136643848,1232083,0,1,225,796,670,405,,2096,
524288,597595.136653930,1232081,1,0,235,856,655,376,,2122,
524288,597595.136662462,1232083,0,1,213,741,669,499,,2122,
524288,597595.136673297,1232081,1,0,187,785,702,407,,2081,
524288,597595.136681726,1232083,0,1,249,774,669,386,,2078,
524288,597595.136692396,1232081,1,0,195,775,753,440,,2163,
524288,597595.136700857,1232083,0,1,229,767,710,370,,2076,
524288,597595.136711531,1232081,1,0,206,791,821,432,,2250,
524288,597595.136720224,1232083,0,1,378,792,673,377,,2220,
524288,597595.136730831,1232081,1,0,226,781,800,441,,2248,
524288,597595.136739370,1232083,0,1,208,774,706,405,,2093,
524288,597595.136750172,1232081,1,0,190,784,690,436,,2100,
524288,597595.136757437,1232083,0,1,239,781,652,436,,2108,
524288,597595.136767357,1232081,1,0,309,758,641,387,,2095,
524288,597595.136774281,1232083,0,1,211,755,833,400,,2199,
524288,597595.136784292,1232081,1,0,198,743,645,384,,1970,
524288,597595.136792531,1232083,0,1,189,746,638,777,,2350,
524288,597595.136802863,1232081,1,0,231,762,674,520,,2187,
524288,597595.136811283,1232083,0,1,201,749,700,414,,2064,
524288,597595.136821202,1232081,1,0,304,746,646,384,,2080,
524288,597595.136829040,1232083,0,1,180,768,643,564,,2155,
524288,597595.136839264,1232081,1,0,202,755,648,409,,2014,
524288,597595.136846384,1232083,0,1,207,767,736,410,,2120,
524288,597595.136856294,1232081,1,0,191,766,649,409,,2015,
524288,597595.136863625,1232083,0,1,194,756,652,449,,2051,
524288,597595.136873772,1232081,1,0,210,763,717,399,,2089,
524288,597595.136881200,1232083,0,1,194,758,703,382,,2037,
524288,597595.136891081,1232081,1,0,180,752,646,374,,1952,
524288,597595.136898292,1232083,0,1,284,750,682,365,,2081,
524288,597595.136908183,1232081,1,0,197,776,700,473,,2146,
524288,597595.136915694,1232083,0,1,214,743,819,478,,2254,
524288,597595.136925696,1232081,1,0,184,752,687,450,,2073,
524288,597595.136932752,1232083,0,1,204,780,647,424,,2055,
524288,597595.136942565,1232081,1,0,216,753,643,374,,1986,
524288,597595.136951096,1232083,0,1,229,747,690,409,,2075,
524288,597595.136961156,1232081,1,0,336,756,681,452,,2225,
524288,597595.136969811,1232083,0,1,180,760,700,584,,2224,
524288,597595.136979750,1232081,1,0,185,742,762,391,,2080,
524288,597595.136987968,1232083,0,1,194,762,670,433,,2059,
524288,597595.136998345,1232081,1,0,187,768,623,386,,1964,
524288,597595.137005867,1232083,0,1,183,767,638,415,,2003,
524288,597595.137015809,1232081,1,0,347,762,678,425,,2212,
524288,597595.137023780,1232083,0,1,222,762,676,384,,2044,
524288,597595.137034255,1232081,1,0,194,753,648,403,,1998,
524288,597595.137041322,1232083,0,1,188,740,819,381,,2128,
524288,597595.137051169,1232081,1,0,191,746,654,367,,1958,
524288,597595.137057705,1232083,0,1,236,761,642,377,,2016,
524288,597595.137067695,1232081,1,0,189,745,655,388,,1977,
524288,597595.137075567,1232083,0,1,205,751,645,430,,2031,
524288,597595.137085396,1232081,1,0,294,752,785,465,,2296,
524288,597595.137093338,1232083,0,1,234,756,674,403,,2067,
524288,597595.137103120,1232081,1,0,206,752,784,390,,2132,
524288,597595.137111755,1232083,0,1,176,858,643,381,,2058,
524288,597595.137121728,1232081,1,0,192,742,661,407,,2002,
524288,597595.137130658,1232083,0,1,213,754,706,428,,2101,
524288,597595.137140702,1232081,1,0,210,781,673,440,,2104,
524288,597595.137149554,1232083,0,1,288,764,643,422,,2117,
524288,597595.137159903,1232081,1,0,2225,,,2176,,4762,
524288,597595.137171305,1232083,0,1,342,874,720,475,,2411,
524288,597595.137181476,1232081,1,0,603,,,993,,2018,
524288,597595.137189676,1232083,0,1,221,755,732,443,,2151,
524288,597595.137199681,1232081,1,0,699,,,1837,,2850,
524288,597595.137208266,1232083,0,1,466,899,847,488,,2700,
524288,597595.137218880,1232081,1,0,434,,,1110,,1732,
524288,597595.137226012,1232083,0,1,291,761,854,390,,2296,
524288,597595.137236216,1232081,1,0,494,,,1199,,1890,
524288,597595.137244779,1232083,0,1,234,762,749,394,,2139,
524288,597595.137254755,1232081,1,0,221,759,814,601,,2395,
524288,597595.137262669,1232083,0,1,192,786,670,388,,2036,
524288,597595.137272343,1232081,1,0,190,752,689,417,,2048,
524288,597595.137280392,1232083,0,1,233,766,728,469,,2196,
524288,597595.137290496,1232081,1,0,181,754,808,406,,2149,
524288,597595.137298428,1232083,0,1,184,752,675,429,,2040,
524288,597595.137308252,1232081,1,0,300,755,766,450,,2271,
524288,597595.137317009,1232083,0,1,238,758,674,412,,2082,
524288,597595.137327053,1232081,1,0,226,746,646,390,,2008,
524288,597595.137335653,1232083,0,1,208,926,683,495,,2312,
524288,597595.137345887,1232081,1,0,188,785,813,460,,2246,
524288,597595.137355061,1232083,0,1,222,753,804,362,,2141,
524288,597595.137364976,1232081,1,0,233,751,681,426,,2091,
524288,597595.137373540,1232083,0,1,172,754,724,523,,2173,
524288,597595.137383507,1232081,1,0,190,787,640,410,,2027,
524288,597595.137391360,1232083,0,1,208,749,648,592,,2197,
524288,597595.137401313,1232081,1,0,225,758,650,412,,2045,
524288,597595.137409386,1232083,0,1,198,749,752,419,,2118,
524288,597595.137419447,1232081,1,0,211,750,644,407,,2012,
524288,597595.137426866,1232083,0,1,228,764,665,409,,2066,
524288,597595.137436559,1232081,1,0,207,757,654,384,,2002,
524288,597595.137444581,1232083,0,1,190,756,686,663,,2295,
524288,597595.137454955,1232081,1,0,227,769,752,486,,2234,
524288,597595.137463417,1232083,0,1,239,910,736,473,,2358,
524288,597595.137473570,1232081,1,0,197,781,632,397,,2007,
524288,597595.137481475,1232083,0,1,179,751,662,371,,1963,
524288,597595.137491196,1232081,1,0,221,734,644,413,,2012,
524288,597595.137502216,1232083,0,1,203,749,682,472,,2106,
524288,597595.137512104,1232081,1,0,211,753,713,403,,2080,
524288,597595.137519777,1232083,0,1,199,778,677,415,,2069,
524288,597595.137529547,1232081,1,0,190,746,648,397,,1981,
524288,597595.137537925,1232083,0,1,214,760,666,401,,2041,
524288,597595.137547852,1232081,1,0,227,755,650,385,,2017,
524288,597595.137556491,1232083,0,1,184,791,823,412,,2210,
524288,597595.137566356,1232081,1,0,178,757,679,383,,1997,
524288,597595.137574646,1232083,0,1,212,752,661,392,,2017,
524288,597595.137584795,1232081,1,0,179,768,671,388,,2006,
524288,597595.137592016,1232083,0,1,228,761,686,721,,2396,
524288,597595.137602308,1232081,1,0,180,761,644,376,,1961,
524288,597595.137609788,1232083,0,1,226,752,770,462,,2210,
524288,597595.137619793,1232081,1,0,321,765,648,383,,2117,
524288,597595.137627379,1232083,0,1,190,751,671,488,,2100,
524288,597595.137637395,1232081,1,0,188,748,643,378,,1957,
524288,597595.137644831,1232083,0,1,200,758,673,391,,2022,
524288,597595.137654780,1232081,1,0,196,746,661,377,,1980,
524288,597595.137663439,1232083,0,1,214,928,645,433,,2220,
524288,597595.137673636,1232081,1,0,188,747,649,431,,2015,
524288,597595.137682161,1232083,0,1,212,753,649,389,,2003,
524288,597595.137691943,1232081,1,0,210,748,765,380,,2103,
524288,597595.137700599,1232083,0,1,184,750,665,435,,2034,
524288,597595.137710599,1232081,1,0,198,759,789,365,,2111,
524288,597595.137718868,1232083,0,1,213,748,692,603,,2256,
524288,597595.137729067,1232081,1,0,500,,,1390,,2074,
524288,597595.137737379,1232083,0,1,215,755,710,391,,2071,
524288,597595.137747408,1232081,1,0,192,768,668,582,,2210,
524288,597595.137755930,1232083,0,1,274,754,716,460,,2204,
524288,597595.137765997,1232081,1,0,201,749,665,389,,2004,
524288,597595.137773915,1232083,0,1,186,792,659,391,,2028,
524288,597595.137783667,1232081,1,0,175,735,638,365,,1913,
524288,597595.137791245,1232083,0,1,215,761,686,436,,2098,
524288,597595.137801210,1232081,1,0,203,953,637,387,,2180,
524288,597595.137808853,1232083,0,1,206,755,640,433,,2034,
524288,597595.137818634,1232081,1,0,188,763,631,370,,1952,
524288,597595.137826261,1232083,0,1,240,760,692,528,,2220,
524288,597595.137836838,1232081,1,0,194,750,650,383,,1977,
524288,597595.137843951,1232083,0,1,183,756,659,381,,1979,
524288,597595.137853707,1232081,1,0,192,755,645,381,,1973,
524288,597595.137861613,1232083,0,1,206,819,868,449,,2342,
524288,597595.137871959,1232081,1,0,206,757,663,406,,2032,
524288,597595.137880031,1232083,0,1,164,754,645,389,,1952,
524288,597595.137889828,1232081,1,0,180,763,634,437,,2014,
524288,597595.137897877,1232083,0,1,195,751,664,394,,2004,
524288,597595.137907976,1232081,1,0,218,763,637,387,,2005,
524288,597595.137915796,1232083,0,1,201,754,641,434,,2030,
524288,597595.137925733,1232081,1,0,181,751,649,375,,1956,
524288,597595.137933449,1232083,0,1,196,757,670,442,,2065,
524288,597595.137943498,1232081,1,0,201,754,633,421,,2009,
524288,597595.137951510,1232083,0,1,176,756,640,408,,1980,
524288,597595.137961376,1232081,1,0,202,876,651,368,,2097,
524288,597595.137969414,1232083,0,1,239,754,725,450,,2168,
524288,597595.137979453,1232081,1,0,449,757,656,469,,2331,
524288,597595.137988322,1232083,0,1,182,798,772,451,,2203,
524288,597595.137998394,1232081,1,0,211,748,687,401,,2047,
524288,597595.138006442,1232083,0,1,221,770,730,467,,2188,
524288,597595.138016551,1232081,1,0,200,742,654,441,,2037,
524288,597595.138024937,1232083,0,1,181,763,646,403,,1993,
524288,597595.138034861,1232081,1,0,202,746,645,370,,1963,
524288,597595.138041666,1232083,0,1,205,747,704,396,,2052,
524288,597595.138051543,1232081,1,0,229,748,633,430,,2040,
524288,597595.138059159,1232083,0,1,203,752,649,398,,2002,
524288,597595.138069180,1232081,1,0,192,751,641,368,,1952,
524288,597595.138077556,1232083,0,1,202,761,704,614,,2281,
524288,597595.138088008,1232081,1,0,198,756,654,389,,1997,
524288,597595.138095688,1232083,0,1,211,774,844,413,,2242,
524288,597595.138106078,1232081,1,0,218,766,692,437,,2113,
524288,597595.138113995,1232083,0,1,230,790,966,502,,2488,
524288,597595.138124721,1232081,1,0,211,774,656,384,,2025,
524288,597595.138132188,1232083,0,1,203,760,742,434,,2139,
524288,597595.138142516,1232081,1,0,210,769,656,416,,2051,
524288,597595.138150649,1232083,0,1,217,777,799,440,,2233,
524288,597595.138161227,1232081,1,0,255,765,680,424,,2124,
524288,597595.138169618,1232083,0,1,190,766,698,433,,2087,
524288,597595.138179719,1232081,1,0,199,758,721,537,,2215,
524288,597595.138187684,1232083,0,1,215,770,721,463,,2169,
524288,597595.138197923,1232081,1,0,222,766,666,417,,2071,
524288,597595.138206568,1232083,0,1,223,771,835,539,,2368,
524288,597595.138217129,1232081,1,0,217,771,675,506,,2169,
524288,597595.138225643,1232083,0,1,493,774,712,457,,2436,
524288,597595.138236066,1232081,1,0,219,777,778,399,,2173,
524288,597595.138244982,1232083,0,1,190,782,767,527,,2266,
524288,597595.138255447,1232081,1,0,355,769,685,378,,2187,
524288,597595.138263635,1232083,0,1,243,771,741,435,,2190,
524288,597595.138273766,1232081,1,0,225,798,672,390,,2085,
524288,597595.138281780,1232083,0,1,192,795,732,434,,2153,
524288,597595.138291977,1232081,1,0,263,789,618,417,,2087,
524288,597595.138299845,1232083,0,1,206,729,685,397,,2017,
524288,597595.138309802,1232081,1,0,210,878,636,423,,2147,
524288,597595.138318182,1232083,0,1,196,754,699,455,,2104,
524288,597595.138328163,1232081,1,0,188,791,660,384,,2023,
524288,597595.138336270,1232083,0,1,332,803,763,565,,2463,
524288,597595.138346649,1232081,1,0,317,873,673,421,,2284,
524288,597595.138355189,1232083,0,1,176,757,656,412,,2001,
524288,597595.138365029,1232081,1,0,184,752,662,391,,1989,
524288,597595.138373147,1232083,0,1,207,833,683,411,,2134,
524288,597595.138383237,1232081,1,0,199,766,628,430,,2023,
524288,597595.138391433,1232083,0,1,477,808,643,414,,2342,
524288,597595.138401526,1232081,1,0,328,761,650,377,,2116,
524288,597595.138410107,1232083,0,1,197,748,680,459,,2084,
524288,597595.138420175,1232081,1,0,194,752,641,417,,2004,
524288,597595.138428288,1232083,0,1,201,768,745,397,,2111,
524288,597595.138438069,1232081,1,0,400,751,657,365,,2173,
524288,597595.138446306,1232083,0,1,193,746,691,410,,2040,
524288,597595.138456334,1232081,1,0,213,764,773,389,,2139,
524288,597595.138464541,1232083,0,1,190,751,662,452,,2055,
524288,597595.138474473,1232081,1,0,361,754,673,417,,2205,
524288,597595.138483136,1232083,0,1,210,762,908,421,,2301,
524288,597595.138493538,1232081,1,0,349,763,680,389,,2181,
524288,597595.138503973,1232083,0,1,232,990,684,483,,2389,
524288,597595.138514091,1232081,1,0,200,744,646,399,,1989,
524288,597595.138521966,1232083,0,1,219,746,695,434,,2094,
524288,597595.138531784,1232081,1,0,194,764,662,406,,2026,
524288,597595.138539965,1232083,0,1,187,746,692,908,,2533,
524288,597595.138550436,1232081,1,0,358,755,645,366,,2124,
524288,597595.138558529,1232083,0,1,212,795,685,522,,2214,
524288,597595.138568666,1232081,1,0,200,895,634,380,,2109,
524288,597595.138577130,1232083,0,1,217,737,657,378,,1989,
524288,597595.138587081,1232081,1,0,192,761,627,376,,1956,
524288,597595.138594897,1232083,0,1,258,752,771,511,,2292,
524288,597595.138604940,1232081,1,0,181,756,641,364,,1942,
524288,597595.138613188,1232083,0,1,306,749,640,501,,2196,
524288,597595.138623268,1232081,1,0,203,754,673,407,,2037,
524288,597595.138630709,1232083,0,1,222,772,698,411,,2103,
524288,597595.138640616,1232081,1,0,190,747,642,422,,2001,
524288,597595.138648051,1232083,0,1,223,763,648,453,,2087,
524288,597595.138658005,1232081,1,0,234,761,642,383,,2020,
524288,597595.138666270,1232083,0,1,225,761,697,419,,2102,
524288,597595.138676360,1232081,1,0,197,768,632,396,,1993,
524288,597595.138684912,1232083,0,1,662,750,655,417,,2484,
524288,597595.138695230,1232081,1,0,226,789,797,367,,2179,
524288,597595.138703493,1232083,0,1,213,758,803,376,,2150,
524288,597595.138713658,1232081,1,0,212,866,681,442,,2201,
524288,597595.138722265,1232083,0,1,610,757,663,421,,2451,
524288,597595.138732343,1232081,1,0,229,751,645,358,,1983,
524288,597595.138740971,1232083,0,1,218,769,809,390,,2186,
524288,597595.138751124,1232081,1,0,204,929,793,428,,2354,
524288,597595.138759929,1232083,0,1,377,801,703,478,,2359,
524288,597595.138770088,1232081,1,0,400,902,749,414,,2465,
524288,597595.138778719,1232083,0,1,335,754,691,446,,2226,
524288,597595.138788884,1232081,1,0,176,751,642,389,,1958,
524288,597595.138796459,1232083,0,1,186,758,634,402,,1980,
524288,597595.138806192,1232081,1,0,179,760,664,392,,1995,
524288,597595.138813857,1232083,0,1,217,768,674,415,,2074,
524288,597595.138823768,1232081,1,0,182,764,836,496,,2278,
524288,597595.138832067,1232083,0,1,206,760,647,445,,2058,
524288,597595.138842336,1232081,1,0,351,758,637,365,,2111,
524288,597595.138849767,1232083,0,1,222,751,700,410,,2083,
524288,597595.138859781,1232081,1,0,197,1109,636,356,,2298,
524288,597595.138892335,1232083,0,1,227,755,709,528,,2219,
524288,597595.138902113,1232081,1,0,221,744,665,432,,2062,
524288,597595.138908615,1232083,0,1,174,754,641,375,,1944,
524288,597595.138920406,1232081,1,0,200,742,631,470,,2043,
524288,597595.138927044,1232083,0,1,204,762,682,397,,2045,
524288,597595.138938527,1232081,1,0,208,754,654,453,,2069,
524288,597595.138944783,1232083,0,1,177,878,651,428,,2134,
524288,597595.138956705,1232081,1,0,195,762,648,472,,2077,
524288,597595.138963646,1232083,0,1,202,755,822,484,,2263,
524288,597595.138975171,1232081,1,0,511,765,701,416,,2393,
524288,597595.138981866,1232083,0,1,187,753,645,378,,1963,
524288,597595.138993692,1232081,1,0,204,755,671,391,,2021,
524288,597595.139000117,1232083,0,1,189,755,659,420,,2023,
524288,597595.139011322,1232081,1,0,212,756,626,438,,2032,
524288,597595.139017601,1232083,0,1,176,751,674,415,,2016,
524288,597595.139029533,1232081,1,0,226,755,652,485,,2118,
524288,597595.139036411,1232083,0,1,189,759,652,392,,1992,
524288,597595.139047678,1232081,1,0,193,759,685,389,,2026,
524288,597595.139054243,1232083,0,1,189,804,643,411,,2047,
524288,597595.139065634,1232081,1,0,203,754,798,451,,2206,
524288,597595.139072756,1232083,0,1,184,753,678,417,,2032,
524288,597595.139084310,1232081,1,0,192,749,662,417,,2020,
524288,597595.139092484,1232083,0,1,192,780,695,732,,2399,
524288,597595.139141453,1232081,1,0,366,776,633,408,,2183,
524288,597595.139150390,1232083,0,1,202,755,840,456,,2253,
524288,597595.139162587,1232081,1,0,208,754,761,423,,2146,
524288,597595.139170541,1232083,0,1,284,767,705,389,,2145,
524288,597595.139181402,1232081,1,0,215,767,640,365,,1987,
524288,597595.139189654,1232083,0,1,216,800,803,402,,2221,
524288,597595.139200268,1232081,1,0,192,753,656,388,,1989,
524288,597595.139208133,1232083,0,1,436,769,657,369,,2231,
524288,597595.139218802,1232081,1,0,221,768,671,399,,2059,
524288,597595.139227303,1232083,0,1,206,747,654,435,,2042,
524288,597595.139238427,1232081,1,0,199,762,756,430,,2147,
524288,597595.139247388,1232083,0,1,350,755,850,413,,2368,
524288,597595.139258749,1232081,1,0,191,758,648,379,,1976,
524288,597595.139267125,1232083,0,1,193,744,687,408,,2032,
524288,597595.139278179,1232081,1,0,203,762,651,383,,1999,
524288,597595.139286820,1232083,0,1,193,745,672,739,,2349,
524288,597595.139297725,1232081,1,0,367,755,660,440,,2222,
524288,597595.139306055,1232083,0,1,350,763,643,393,,2149,
524288,597595.139316873,1232081,1,0,301,814,708,482,,2305,
524288,597595.139325418,1232083,0,1,203,764,652,400,,2019,
524288,597595.139336779,1232081,1,0,215,759,682,374,,2030,
524288,597595.139345173,1232083,0,1,193,753,682,387,,2015,
524288,597595.139356045,1232081,1,0,200,764,794,388,,2146,
524288,597595.139365379,1232083,0,1,206,764,817,466,,2253,
524288,597595.139376544,1232081,1,0,216,749,657,395,,2017,
524288,597595.139384865,1232083,0,1,210,752,724,404,,2090,
524288,597595.139395830,1232081,1,0,211,756,687,401,,2055,
524288,597595.139404252,1232083,0,1,187,771,780,403,,2141,
524288,597595.139415481,1232081,1,0,221,745,689,401,,2056,
524288,597595.139423954,1232083,0,1,182,753,680,366,,1981,
524288,597595.139434724,1232081,1,0,196,753,726,625,,2300,
524288,597595.139443316,1232083,0,1,207,761,638,446,,2052,
524288,597595.139453978,1232081,1,0,225,749,637,518,,2129,
524288,597595.139462718,1232083,0,1,206,755,685,392,,2038,
524288,597595.139473398,1232081,1,0,321,911,648,430,,2310,
524288,597595.139481961,1232083,0,1,206,786,699,427,,2118,
524288,597595.139492422,1232081,1,0,345,759,637,396,,2137,
524288,597595.139502636,1232083,0,1,238,759,769,417,,2183,
524288,597595.139513315,1232081,1,0,225,745,665,425,,2060,
524288,597595.139521301,1232083,0,1,196,759,740,368,,2063,
524288,597595.139531743,1232081,1,0,204,751,648,387,,1990,
524288,597595.139539318,1232083,0,1,401,772,675,505,,2353,
524288,597595.139549734,1232081,1,0,212,787,739,489,,2227,
524288,597595.139558263,1232083,0,1,176,764,656,370,,1966,
524288,597595.139568862,1232081,1,0,189,756,645,366,,1956,
524288,597595.139576805,1232083,0,1,229,753,653,400,,2035,
524288,597595.139587758,1232081,1,0,213,888,654,437,,2192,
524288,597595.139595894,1232083,0,1,192,755,722,396,,2065,
524288,597595.139606029,1232081,1,0,203,753,635,371,,1962,
524288,597595.139613919,1232083,0,1,180,747,639,401,,1967,
524288,597595.139624043,1232081,1,0,215,750,645,394,,2004,
524288,597595.139632622,1232083,0,1,196,739,673,408,,2016,
524288,597595.139642701,1232081,1,0,186,749,767,362,,2064,
524288,597595.139650809,1232083,0,1,217,760,794,499,,2270,
524288,597595.139661502,1232081,1,0,362,746,653,535,,2296,
524288,597595.139670228,1232083,0,1,230,762,657,374,,2023,
524288,597595.139680783,1232081,1,0,301,749,679,455,,2184,
524288,597595.139688728,1232083,0,1,194,752,903,460,,2309,
524288,597595.139698975,1232081,1,0,234,766,649,481,,2130,
524288,597595.139707574,1232083,0,1,293,757,914,629,,2593,
524288,597595.139718555,1232081,1,0,203,764,659,476,,2102,
524288,597595.139726881,1232083,0,1,324,885,877,517,,2603,
524288,597595.139737647,1232081,1,0,186,907,889,393,,2375,
524288,597595.139745783,1232083,0,1,220,764,670,389,,2043,
524288,597595.139755917,1232081,1,0,196,755,660,388,,1999,
524288,597595.139763437,1232083,0,1,247,841,645,533,,2266,
524288,597595.139773630,1232081,1,0,223,759,709,482,,2173,
524288,597595.139782418,1232083,0,1,185,783,734,395,,2097,
524288,597595.139792541,1232081,1,0,220,890,768,455,,2333,
524288,597595.139801135,1232083,0,1,356,750,678,482,,2266,
524288,597595.139811497,1232081,1,0,231,762,660,368,,2021,
524288,597595.139819289,1232083,0,1,175,747,678,389,,1989,
524288,597595.139829356,1232081,1,0,193,758,634,448,,2033,
524288,597595.139837593,1232083,0,1,208,771,657,379,,2015,
524288,597595.139847610,1232081,1,0,410,1056,674,497,,2637,
524288,597595.139855615,1232083,0,1,309,913,682,437,,2341,
524288,597595.139866301,1232081,1,0,225,758,649,451,,2083,
524288,597595.139873839,1232083,0,1,419,752,698,598,,2467,
524288,597595.139884323,1232081,1,0,211,754,656,370,,1991,
524288,597595.139892420,1232083,0,1,218,751,705,381,,2055,
524288,597595.139902588,1232081,1,0,192,775,637,386,,1990,
524288,597595.139910238,1232083,0,1,195,748,646,468,,2057,
524288,597595.139920252,1232081,1,0,198,758,650,407,,2013,
524288,597595.139928673,1232083,0,1,188,753,677,426,,2044,
524288,597595.139938989,1232081,1,0,192,781,646,419,,2038,
524288,597595.139947561,1232083,0,1,314,787,796,352,,2249,
524288,597595.139958039,1232081,1,0,227,747,876,417,,2267,
524288,597595.139966660,1232083,0,1,175,754,821,387,,2137,
524288,597595.139976807,1232081,1,0,190,739,690,444,,2063,
524288,597595.139984328,1232083,0,1,205,766,668,429,,2068,
524288,597595.139994311,1232081,1,0,207,755,634,401,,1997,
524288,597595.140002268,1232083,0,1,180,754,790,394,,2118,
524288,597595.140012442,1232081,1,0,476,755,811,372,,2414,
524288,597595.140020625,1232083,0,1,331,760,719,471,,2281,
524288,597595.140030968,1232081,1,0,334,751,651,370,,2106,
524288,597595.140039137,1232083,0,1,203,755,684,414,,2056,
524288,597595.140049076,1232081,1,0,206,762,646,400,,2014,
524288,597595.140057047,1232083,0,1,217,752,796,427,,2192,
524288,597595.140066999,1232081,1,0,202,766,639,417,,2024,
524288,597595.140074292,1232083,0,1,210,763,668,443,,2084,
524288,597595.140083996,1232081,1,0,191,751,988,472,,2402,
524288,597595.140093014,1232083,0,1,206,762,681,589,,2238,
524288,597595.140103389,1232081,1,0,190,766,635,581,,2172,
524288,597595.140111539,1232083,0,1,183,766,686,502,,2137,
524288,597595.140121769,1232081,1,0,197,757,652,396,,2002,
524288,597595.140129719,1232083,0,1,213,755,679,404,,2051,
524288,597595.140139606,1232081,1,0,254,756,630,428,,2068,
524288,597595.140147799,1232083,0,1,281,775,666,365,,2087,
524288,597595.140158007,1232081,1,0,189,760,643,362,,1954,
524288,597595.140166024,1232083,0,1,243,763,690,468,,2164,
524288,597595.140176657,1232081,1,0,198,754,640,407,,1999,
524288,597595.140184462,1232083,0,1,188,750,682,444,,2064,
524288,597595.140194474,1232081,1,0,189,764,633,384,,1970,
524288,597595.140201838,1232083,0,1,217,743,722,556,,2238,
524288,597595.140211781,1232081,1,0,205,759,640,401,,2005,
524288,597595.140219895,1232083,0,1,185,749,730,639,,2303,
524288,597595.140229799,1232081,1,0,184,752,765,412,,2113,
524288,597595.140237693,1232083,0,1,206,767,672,566,,2211,
524288,597595.140247769,1232081,1,0,213,763,690,382,,2048,
524288,597595.140255968,1232083,0,1,320,789,689,374,,2172,
524288,597595.140266151,1232081,1,0,185,754,639,366,,1944,
524288,597595.140274575,1232083,0,1,948,760,696,427,,2831,
524288,597595.140285435,1232081,1,0,307,757,657,374,,2095,
524288,597595.140293735,1232083,0,1,194,808,794,424,,2220,
524288,597595.140303955,1232081,1,0,181,762,652,371,,1966,
524288,597595.140311755,1232083,0,1,356,761,836,418,,2371,
524288,597595.140321984,1232081,1,0,197,757,665,390,,2009,
524288,597595.140329995,1232083,0,1,182,766,691,419,,2058,
524288,597595.140339943,1232081,1,0,329,755,641,426,,2151,
524288,597595.140347832,1232083,0,1,242,756,677,435,,2110,
524288,597595.140357752,1232081,1,0,220,760,657,361,,1998,
524288,597595.140365476,1232083,0,1,192,749,780,487,,2208,
524288,597595.140375473,1232081,1,0,199,764,652,599,,2214,
524288,597595.140382654,1232083,0,1,201,755,704,505,,2165,
524288,597595.140392743,1232081,1,0,204,768,638,394,,2004,
524288,597595.140399133,1232083,0,1,288,757,673,401,,2119,
524288,597595.140409026,1232081,1,0,231,761,652,468,,2112,
524288,597595.140417089,1232083,0,1,198,754,646,447,,2045,
524288,597595.140427058,1232081,1,0,192,762,858,371,,2183,
524288,597595.140434082,1232083,0,1,216,762,682,486,,2146,
524288,597595.140443861,1232081,1,0,201,755,639,384,,1979,
524288,597595.140451381,1232083,0,1,202,754,688,562,,2206,
524288,597595.140461782,1232081,1,0,221,757,784,432,,2194,
524288,597595.140469200,1232083,0,1,174,750,677,391,,1992,
524288,597595.140478906,1232081,1,0,206,756,649,386,,1997,
524288,597595.140486437,1232083,0,1,206,756,673,414,,2049,
524288,597595.140496565,1232081,1,0,208,756,633,382,,1979,
524288,597595.140505885,1232083,0,1,236,743,742,447,,2168,
524288,597595.140515907,1232081,1,0,222,753,808,456,,2239,
524288,597595.140523222,1232083,0,1,200,784,675,400,,2059,
524288,597595.140533191,1232081,1,0,193,748,633,375,,1949,
524288,597595.140541361,1232083,0,1,199,765,655,408,,2027,
524288,597595.140551238,1232081,1,0,247,756,679,431,,2113,
524288,597595.140559611,1232083,0,1,203,751,696,396,,2046,
524288,597595.140569489,1232081,1,0,193,754,642,395,,1984,
524288,597595.140576755,1232083,0,1,214,763,676,360,,2013,
524288,597595.140586869,1232081,1,0,212,770,638,441,,2061,
524288,597595.140594010,1232083,0,1,206,756,654,441,,2057,
524288,597595.140603879,1232081,1,0,180,749,706,469,,2104,
524288,597595.140611024,1232083,0,1,181,750,665,429,,2025,
524288,597595.140620958,1232081,1,0,228,765,867,445,,2305,
524288,597595.140628671,1232083,0,1,196,755,713,707,,2371,
524288,597595.140638849,1232081,1,0,197,759,637,384,,1977,
524288,597595.140646081,1232083,0,1,204,756,678,384,,2022,
524288,597595.140656115,1232081,1,0,202,751,652,447,,2052,
524288,597595.140663897,1232083,0,1,214,744,679,371,,2008,
524288,597595.140674079,1232081,1,0,259,748,680,419,,2106,
524288,597595.140681588,1232083,0,1,183,761,671,385,,2000,
524288,597595.140691318,1232081,1,0,216,756,646,429,,2047,
524288,597595.140699223,1232083,0,1,206,761,843,456,,2266,
524288,597595.140709615,1232081,1,0,182,755,767,390,,2094,
524288,597595.140717494,1232083,0,1,193,775,751,365,,2084,
524288,597595.140727477,1232081,1,0,203,749,633,430,,2015,
524288,597595.140735506,1232083,0,1,234,766,828,428,,2256,
524288,597595.140745763,1232081,1,0,234,761,652,373,,2020,
524288,597595.140753585,1232083,0,1,478,902,829,413,,2622,
524288,597595.140764010,1232081,1,0,290,756,682,425,,2153,
524288,597595.140772210,1232083,0,1,350,765,669,415,,2199,
524288,597595.140782307,1232081,1,0,193,752,641,371,,1957,
524288,597595.140790320,1232083,0,1,178,740,681,380,,1979,
524288,597595.140800066,1232081,1,0,187,884,638,422,,2131,
524288,597595.140808040,1232083,0,1,218,761,690,524,,2193,
524288,597595.140818074,1232081,1,0,220,879,664,400,,2163,
524288,597595.140825826,1232083,0,1,181,779,671,370,,2001,
524288,597595.140835800,1232081,1,0,227,767,752,414,,2160,
524288,597595.140843112,1232083,0,1,252,755,699,408,,2114,
524288,597595.140853054,1232081,1,0,209,780,668,414,,2071,
524288,597595.140860891,1232083,0,1,176,753,655,410,,1994,
524288,597595.140870932,1232081,1,0,349,886,763,416,,2414,
524288,597595.140879105,1232083,0,1,224,752,678,423,,2077,
524288,597595.140889134,1232081,1,0,201,759,689,606,,2255,
524288,597595.140897461,1232083,0,1,181,797,647,363,,1988,
524288,597595.140907830,1232081,1,0,190,886,631,537,,2244,
524288,597595.140916281,1232083,0,1,257,987,703,414,,2361,
524288,597595.140926820,1232081,1,0,190,759,685,367,,2001,
524288,597595.140935428,1232083,0,1,527,768,656,373,,2324,
524288,597595.140945662,1232081,1,0,336,862,655,386,,2239,
524288,597595.140953818,1232083,0,1,199,796,658,620,,2273,
524288,597595.140964357,1232081,1,0,208,761,706,370,,2045,
524288,597595.140972167,1232083,0,1,194,749,645,359,,1947,
524288,597595.140981996,1232081,1,0,182,746,646,366,,1940,
524288,597595.140990364,1232083,0,1,206,807,779,509,,2301,
524288,597595.141000794,1232081,1,0,335,755,699,439,,2228,
524288,597595.141009053,1232083,0,1,224,745,675,496,,2140,
524288,597595.141018888,1232081,1,0,191,763,648,365,,1967,
524288,597595.141026818,1232083,0,1,225,745,652,473,,2095,
524288,597595.141036865,1232081,1,0,196,757,665,393,,2011,
524288,597595.141044158,1232083,0,1,186,754,650,393,,1983,
524288,597595.141054015,1232081,1,0,478,768,680,371,,2297,
524288,597595.141061595,1232083,0,1,202,744,711,461,,2118,
524288,597595.141071817,1232081,1,0,350,783,724,385,,2242,
524288,597595.141079596,1232083,0,1,199,824,798,417,,2238,
524288,597595.141089692,1232081,1,0,191,756,671,387,,2005,
524288,597595.141097087,1232083,0,1,216,774,698,412,,2100,
524288,597595.141106935,1232081,1,0,203,747,656,369,,1975,
524288,597595.141114814,1232083,0,1,183,759,671,546,,2159,
524288,597595.141124861,1232081,1,0,392,899,700,462,,2453,
524288,597595.141132535,1232083,0,1,236,756,683,425,,2100,
524288,597595.141142374,1232081,1,0,203,757,658,370,,1988,
524288,597595.141150622,1232083,0,1,281,769,694,450,,2194,
524288,597595.141160998,1232081,1,0,194,757,744,417,,2112,
524288,597595.141169585,1232083,0,1,355,867,766,434,,2422,
524288,597595.141179835,1232081,1,0,341,746,693,370,,2150,
524288,597595.141188263,1232083,0,1,465,762,665,393,,2285,
524288,597595.141198381,1232081,1,0,191,734,645,418,,1988,
524288,597595.141206975,1232083,0,1,202,764,675,430,,2071,
524288,597595.141217057,1232081,1,0,199,759,640,396,,1994,
524288,597595.141225538,1232083,0,1,185,762,674,401,,2022,
524288,597595.141235624,1232081,1,0,347,753,1016,474,,2590,
524288,597595.141245056,1232083,0,1,207,758,683,578,,2226,
524288,597595.141255306,1232081,1,0,216,749,683,422,,2070,
524288,597595.141263758,1232083,0,1,216,752,769,624,,2361,
524288,597595.141273932,1232081,1,0,208,756,666,375,,2005,
524288,597595.141281772,1232083,0,1,195,765,823,417,,2200,
524288,597595.141291953,1232081,1,0,193,742,731,384,,2050,
524288,597595.141298953,1232083,0,1,207,748,648,427,,2030,
524288,597595.141308815,1232081,1,0,203,755,640,427,,2025,
524288,597595.141316425,1232083,0,1,200,756,671,412,,2039,
524288,597595.141326414,1232081,1,0,347,750,760,459,,2316,
524288,597595.141333646,1232083,0,1,197,761,688,427,,2073,
524288,597595.141343636,1232081,1,0,194,746,704,422,,2066,
524288,597595.141350731,1232083,0,1,212,751,651,393,,2007,
524288,597595.141360601,1232081,1,0,219,753,662,443,,2077,
524288,597595.141368603,1232083,0,1,182,790,649,456,,2077,
524288,597595.141378659,1232081,1,0,186,766,636,363,,1951,
524288,597595.141385877,1232083,0,1,252,751,677,465,,2145,
524288,597595.141395984,1232081,1,0,212,759,658,414,,2043,
524288,597595.141403500,1232083,0,1,193,744,717,406,,2060,
524288,597595.141413392,1232081,1,0,196,765,659,572,,2192,
524288,597595.141420786,1232083,0,1,221,776,672,421,,2090,
524288,597595.141430866,1232081,1,0,249,772,671,360,,2052,
524288,597595.141438899,1232083,0,1,192,798,670,461,,2121,
524288,597595.141448841,1232081,1,0,192,897,771,457,,2317,
524288,597595.141456829,1232083,0,1,184,754,716,505,,2159,
524288,597595.141466729,1232081,1,0,201,791,645,423,,2060,
524288,597595.141474889,1232083,0,1,211,754,705,595,,2265,
524288,597595.141484858,1232081,1,0,196,758,639,395,,1988,
524288,597595.141492371,1232083,0,1,202,753,746,480,,2181,
524288,597595.141504665,1232081,1,0,217,775,682,435,,2109,
524288,597595.141512275,1232083,0,1,215,744,671,387,,2017,
524288,597595.141521989,1232081,1,0,197,755,654,367,,1973,
524288,597595.141529941,1232083,0,1,195,760,652,390,,1997,
524288,597595.141540029,1232081,1,0,216,757,651,385,,2009,
524288,597595.141548157,1232083,0,1,314,944,665,384,,2307,
524288,597595.141558217,1232081,1,0,218,948,645,382,,2193,
524288,597595.141592088,1232083,0,1,329,785,717,715,,2546,
524288,597595.141602128,1232081,1,0,234,800,679,408,,2121,
524288,597595.141608509,1232083,0,1,181,757,682,428,,2048,
524288,597595.141620441,1232081,1,0,204,765,652,385,,2006,
524288,597595.141627374,1232083,0,1,229,758,679,372,,2038,
524288,597595.141639108,1232081,1,0,210,766,645,401,,2022,
524288,597595.141645880,1232083,0,1,215,760,685,396,,2056,
524288,597595.141658045,1232081,1,0,218,758,648,386,,2010,
524288,597595.141664414,1232083,0,1,193,748,651,506,,2098,
524288,597595.141676307,1232081,1,0,208,758,829,519,,2314,
524288,597595.141682845,1232083,0,1,194,769,658,430,,2051,
524288,597595.141695330,1232081,1,0,194,757,658,421,,2030,
524288,597595.141701684,1232083,0,1,204,751,644,390,,1989,
524288,597595.141713976,1232081,1,0,224,752,632,382,,1990,
524288,597595.141720247,1232083,0,1,177,756,672,394,,1999,
524288,597595.141731766,1232081,1,0,341,757,713,402,,2213,
524288,597595.141738448,1232083,0,1,202,764,655,437,,2058,
524288,597595.141750308,1232081,1,0,223,757,670,402,,2052,
524288,597595.141757380,1232083,0,1,220,755,662,427,,2064,
524288,597595.141769248,1232081,1,0,200,759,668,396,,2023,
524288,597595.141775746,1232083,0,1,191,775,692,468,,2126,
524288,597595.141787699,1232081,1,0,192,765,627,407,,1991,
524288,597595.141794986,1232083,0,1,188,773,677,418,,2056,
524288,597595.141849072,1232081,1,0,202,760,715,390,,2067,
524288,597595.141857617,1232083,0,1,193,748,740,554,,2235,
524288,597595.141867759,1232081,1,0,206,764,720,784,,2474,
524288,597595.141876390,1232083,0,1,181,760,651,412,,2004,
524288,597595.141886310,1232081,1,0,187,763,656,433,,2039,
524288,597595.141894291,1232083,0,1,234,761,674,390,,2059,
524288,597595.141904410,1232081,1,0,200,753,631,388,,1972,
524288,597595.141912133,1232083,0,1,183,764,675,423,,2045,
524288,597595.141922599,1232081,1,0,188,762,655,369,,1974,
524288,597595.141930490,1232083,0,1,214,845,805,608,,2472,
524288,597595.141940945,1232081,1,0,242,759,657,434,,2092,
524288,597595.141949123,1232083,0,1,184,775,798,360,,2117,
524288,597595.141959301,1232081,1,0,826,757,673,366,,2622,
524288,597595.141967796,1232083,0,1,197,755,1045,455,,2452,
524288,597595.141978188,1232081,1,0,213,746,629,374,,1962,
524288,597595.141985106,1232083,0,1,210,756,691,398,,2055,
524288,597595.141994908,1232081,1,0,192,755,662,399,,2008,
524288,597595.142001646,1232083,0,1,205,755,711,401,,2072,
524288,597595.142011880,1232081,1,0,221,754,645,391,,2011,
524288,597595.142018911,1232083,0,1,175,748,679,396,,1998,
524288,597595.142028595,1232081,1,0,196,754,648,511,,2109,
524288,597595.142035604,1232083,0,1,208,1216,685,509,,2618,
524288,597595.142046081,1232081,1,0,200,751,667,402,,2020,
524288,597595.142053827,1232083,0,1,216,750,670,389,,2025,
524288,597595.142064097,1232081,1,0,317,781,650,423,,2171,
524288,597595.142072095,1232083,0,1,200,741,661,451,,2053,
524288,597595.142082016,1232081,1,0,196,757,779,389,,2121,
524288,597595.142090430,1232083,0,1,218,881,825,550,,2474,
524288,597595.142100871,1232081,1,0,200,781,646,392,,2019,
524288,597595.142108822,1232083,0,1,237,758,673,391,,2059,
524288,597595.142119062,1232081,1,0,207,906,665,394,,2172,
524288,597595.142127320,1232083,0,1,211,766,796,419,,2192,
524288,597595.142137428,1232081,1,0,187,762,665,388,,2002,
524288,597595.142144672,1232083,0,1,180,760,661,586,,2187,
524288,597595.142154753,1232081,1,0,341,764,631,424,,2160,
524288,597595.142162742,1232083,0,1,224,765,711,378,,2078,
524288,597595.142172554,1232081,1,0,186,1027,648,365,,2226,
524288,597595.142180221,1232083,0,1,237,758,679,449,,2123,
524288,597595.142190659,1232081,1,0,209,757,631,387,,1984,
524288,597595.142197712,1232083,0,1,196,767,678,383,,2024,
524288,597595.142207392,1232081,1,0,188,760,648,421,,2017,
524288,597595.142214983,1232083,0,1,204,762,670,397,,2033,
524288,597595.142225088,1232081,1,0,307,750,667,372,,2096,
524288,597595.142232310,1232083,0,1,188,752,709,385,,2034,
524288,597595.142242065,1232081,1,0,233,767,681,684,,2365,
524288,597595.142250074,1232083,0,1,193,771,693,440,,2097,
524288,597595.142260278,1232081,1,0,212,757,630,404,,2003,
524288,597595.142268434,1232083,0,1,333,888,677,510,,2408,
524288,597595.142278872,1232081,1,0,456,761,864,418,,2499,
524288,597595.142287417,1232083,0,1,339,753,697,455,,2244,
524288,597595.142297532,1232081,1,0,306,772,635,383,,2096,
524288,597595.142305870,1232083,0,1,191,750,672,421,,2034,
524288,597595.142315722,1232081,1,0,201,742,647,453,,2043,
524288,597595.142323881,1232083,0,1,205,744,701,422,,2072,
524288,597595.142333899,1232081,1,0,218,749,643,389,,1999,
524288,597595.142341469,1232083,0,1,184,752,693,642,,2271,
524288,597595.142351505,1232081,1,0,195,754,831,569,,2349,
524288,597595.142359306,1232083,0,1,203,757,676,417,,2053,
524288,597595.142369134,1232081,1,0,210,764,653,477,,2104,
524288,597595.142377038,1232083,0,1,179,759,713,395,,2046,
524288,597595.142387285,1232081,1,0,193,763,643,375,,1974,
524288,597595.142395239,1232083,0,1,298,747,739,441,,2225,
524288,597595.142405269,1232081,1,0,207,746,661,361,,1975,
524288,597595.142412797,1232083,0,1,208,766,682,399,,2055,
524288,597595.142422707,1232081,1,0,217,792,691,435,,2135,
524288,597595.142430783,1232083,0,1,216,759,691,550,,2216,
524288,597595.142440897,1232081,1,0,335,743,684,405,,2167,
524288,597595.142449244,1232083,0,1,242,755,678,402,,2077,
524288,597595.142459075,1232081,1,0,191,760,633,407,,1991,
524288,597595.142467914,1232083,0,1,209,751,713,419,,2092,
524288,597595.142478566,1232081,1,0,220,756,641,399,,2016,
524288,597595.142486895,1232083,0,1,186,761,809,463,,2219,
524288,597595.142496870,1232081,1,0,184,762,653,410,,2009,
524288,597595.142506253,1232083,0,1,251,752,854,514,,2371,
524288,597595.142516874,1232081,1,0,221,749,702,367,,2039,
524288,597595.142523843,1232083,0,1,180,751,661,371,,1963,
524288,597595.142533506,1232081,1,0,204,723,635,379,,1941,
524288,597595.142541119,1232083,0,1,203,737,682,438,,2060,
524288,597595.142551334,1232081,1,0,220,749,778,433,,2180,
524288,597595.142559561,1232083,0,1,175,848,680,387,,2090,
524288,597595.142569697,1232081,1,0,182,751,632,370,,1935,
524288,597595.142577864,1232083,0,1,195,749,649,399,,1992,
524288,597595.142587719,1232081,1,0,191,871,662,391,,2115,
524288,597595.142595806,1232083,0,1,197,764,751,601,,2313,
524288,597595.142605852,1232081,1,0,195,756,653,395,,1999,
524288,597595.142613372,1232083,0,1,204,751,648,429,,2032,
524288,597595.142623092,1232081,1,0,222,756,647,369,,1994,
524288,597595.142631926,1232083,0,1,208,882,823,366,,2279,
524288,597595.142642189,1232081,1,0,188,749,639,376,,1952,
524288,597595.142650921,1232083,0,1,192,760,712,446,,2110,
524288,597595.142660812,1232081,1,0,315,766,685,408,,2174,
524288,597595.142669362,1232083,0,1,388,746,743,418,,2295,
524288,597595.142679631,1232081,1,0,200,754,665,390,,2009,
524288,597595.142687142,1232083,0,1,201,765,705,427,,2098,
524288,597595.142697050,1232081,1,0,223,745,632,387,,1987,
524288,597595.142704544,1232083,0,1,189,751,717,557,,2214,
524288,597595.142714765,1232081,1,0,194,760,646,441,,2041,
524288,597595.142723470,1232083,0,1,325,744,791,449,,2309,
524288,597595.142733569,1232081,1,0,223,755,693,364,,2035,
524288,597595.142741994,1232083,0,1,497,770,750,380,,2397,
524288,597595.142752422,1232081,1,0,311,763,709,382,,2165,
524288,597595.142761556,1232083,0,1,192,750,741,397,,2080,
524288,597595.142771393,1232081,1,0,199,750,803,419,,2171,
524288,597595.142779992,1232083,0,1,206,756,654,367,,1983,
524288,597595.142789753,1232081,1,0,191,778,657,416,,2042,
524288,597595.142797882,1232083,0,1,215,762,688,381,,2046,
524288,597595.142808298,1232081,1,0,226,775,717,387,,2105,
524288,597595.142815149,1232083,0,1,192,761,644,415,,2012,
524288,597595.142825358,1232081,1,0,207,750,672,369,,1998,
524288,597595.142833020,1232083,0,1,227,765,735,368,,2095,
524288,597595.142843154,1232081,1,0,235,751,645,488,,2119,
524288,597595.142850650,1232083,0,1,177,753,679,410,,2019,
524288,597595.142860479,1232081,1,0,195,763,634,440,,2032,
524288,597595.142868758,1232083,0,1,231,761,658,481,,2131,
524288,597595.142879432,1232081,1,0,200,741,727,639,,2307,
524288,597595.142888755,1232083,0,1,187,755,683,362,,1987,
524288,597595.142898515,1232081,1,0,198,753,648,367,,1966,
524288,597595.142907426,1232083,0,1,209,785,889,538,,2421,
524288,597595.142917730,1232081,1,0,261,761,648,413,,2083,
524288,597595.142926043,1232083,0,1,182,787,829,519,,2317,
524288,597595.142936519,1232081,1,0,209,769,659,382,,2019,
524288,597595.142944102,1232083,0,1,205,779,746,458,,2188,
524288,597595.142954340,1232081,1,0,216,767,637,368,,1988,
524288,597595.142962620,1232083,0,1,212,806,751,428,,2197,
524288,597595.142973090,1232081,1,0,202,778,772,424,,2176,
524288,597595.142981832,1232083,0,1,211,779,740,501,,2231,
524288,597595.142992079,1232081,1,0,217,776,653,409,,2055,
524288,597595.143000696,1232083,0,1,205,796,743,399,,2143,
524288,597595.143011265,1232081,1,0,203,772,648,453,,2076,
524288,597595.143018442,1232083,0,1,221,785,739,511,,2256,
524288,597595.143028827,1232081,1,0,253,788,655,379,,2075,
524288,597595.143035941,1232083,0,1,193,782,748,472,,2195,
524288,597595.143046594,1232081,1,0,299,780,750,410,,2239,
524288,597595.143055072,1232083,0,1,269,802,787,427,,2285,
524288,597595.143066382,1232081,1,0,223,949,786,441,,2399,
524288,597595.143074330,1232083,0,1,216,793,757,415,,2181,
524288,597595.143085167,1232081,1,0,227,798,752,481,,2258,
524288,597595.143093931,1232083,0,1,224,822,969,471,,2486,
524288,597595.143105313,1232081,1,0,237,793,717,431,,2178,
524288,597595.143114265,1232083,0,1,228,796,761,484,,2269,
524288,597595.143125468,1232081,1,0,237,857,712,538,,2344,
524288,597595.143134638,1232083,0,1,225,796,797,481,,2299,
524288,597595.143145885,1232081,1,0,230,799,834,394,,2257,
524288,597595.143154453,1232083,0,1,203,820,782,546,,2351,
524288,597595.143165633,1232081,1,0,207,783,725,433,,2148,
524288,597595.143173852,1232083,0,1,257,814,753,465,,2289,
524288,597595.143185254,1232081,1,0,226,815,703,401,,2145,
524288,597595.143193614,1232083,0,1,197,758,732,417,,2104,
524288,597595.143204310,1232081,1,0,228,799,701,402,,2130,
524288,597595.143212720,1232083,0,1,254,810,704,418,,2186,
524288,597595.143223765,1232081,1,0,251,901,723,483,,2358,
524288,597595.143232210,1232083,0,1,241,798,759,442,,2240,
524288,597595.143243512,1232081,1,0,210,1049,727,412,,2398,
524288,597595.143251402,1232083,0,1,216,799,757,526,,2298,
524288,597595.143262568,1232081,1,0,224,801,799,427,,2251,
524288,597595.143270990,1232083,0,1,221,801,794,443,,2259,
524288,597595.143282240,1232081,1,0,217,808,709,443,,2177,
524288,597595.143289782,1232083,0,1,244,794,753,443,,2234,
524288,597595.143300401,1232081,1,0,213,777,648,421,,2059,
524288,597595.143308221,1232083,0,1,193,775,745,448,,2161,
524288,597595.143318776,1232081,1,0,195,775,678,393,,2041,
524288,597595.143326648,1232083,0,1,216,769,735,462,,2182,
524288,597595.143337607,1232081,1,0,224,807,757,453,,2241,
524288,597595.143345751,1232083,0,1,229,793,810,384,,2216,
524288,597595.143356573,1232081,1,0,257,764,713,461,,2195,
524288,597595.143365487,1232083,0,1,213,771,689,412,,2085,
524288,597595.143376411,1232081,1,0,246,771,743,453,,2213,
524288,597595.143384532,1232083,0,1,225,768,690,450,,2133,
524288,597595.143395265,1232081,1,0,190,790,703,408,,2091,
524288,597595.143403674,1232083,0,1,232,759,708,422,,2121,
524288,597595.143414646,1232081,1,0,220,899,898,583,,2600,
524288,597595.143423565,1232083,0,1,206,791,698,414,,2109,
524288,597595.143434300,1232081,1,0,299,789,836,607,,2531,
524288,597595.143443345,1232083,0,1,224,780,944,424,,2372,
524288,597595.143454519,1232081,1,0,252,790,830,482,,2354,
524288,597595.143462984,1232083,0,1,192,764,702,420,,2078,
524288,597595.143472963,1232081,1,0,183,751,641,365,,1940,
524288,597595.143480593,1232083,0,1,186,752,665,476,,2079,
524288,597595.143491030,1232081,1,0,209,764,628,436,,2037,
524288,597595.143498552,1232083,0,1,206,774,774,5970,,7724,
524288,597595.143514272,1232081,1,0,234,802,721,457,,2214,
524288,597595.143521651,1232083,0,1,214,757,703,436,,2110,
524288,597595.143531593,1232081,1,0,214,761,658,370,,2003,
524288,597595.143539363,1232083,0,1,187,764,712,414,,2077,
524288,597595.143549541,1232081,1,0,220,750,950,480,,2400,
524288,597595.143557601,1232083,0,1,192,750,675,396,,2013,
524288,597595.143567442,1232081,1,0,207,754,689,379,,2029,
524288,597595.143575688,1232083,0,1,212,762,913,407,,2294,
524288,597595.143585988,1232081,1,0,194,738,680,441,,2053,
524288,597595.143592820,1232083,0,1,207,752,687,413,,2059,
524288,597595.143602780,1232081,1,0,193,763,676,365,,1997,
524288,597595.143610421,1232083,0,1,196,744,654,389,,1983,
524288,597595.143620358,1232081,1,0,196,756,645,419,,2016,
524288,597595.143628435,1232083,0,1,228,752,669,449,,2098,
524288,597595.143638335,1232081,1,0,197,761,651,395,,2004,
524288,597595.143646074,1232083,0,1,190,768,909,401,,2268,
524288,597595.143656060,1232081,1,0,206,770,688,429,,2093,
524288,597595.143665043,1232083,0,1,211,755,664,425,,2055,
524288,597595.143674978,1232081,1,0,198,748,867,491,,2304,
524288,597595.143683830,1232083,0,1,681,760,803,447,,2691,
524288,597595.143694407,1232081,1,0,552,757,672,436,,2417,
524288,597595.143703380,1232083,0,1,195,761,727,592,,2275,
524288,597595.143713528,1232081,1,0,191,762,669,393,,2015,
524288,597595.143721214,1232083,0,1,199,758,651,367,,1975,
524288,597595.143731116,1232081,1,0,205,758,649,427,,2039,
524288,597595.143739376,1232083,0,1,209,767,717,457,,2150,
524288,597595.143749439,1232081,1,0,223,758,661,369,,2011,
524288,597595.143757494,1232083,0,1,179,1151,721,408,,2459,
524288,597595.143767603,1232081,1,0,194,761,694,387,,2036,
524288,597595.143775408,1232083,0,1,288,761,769,423,,2241,
524288,597595.143785660,1232081,1,0,229,798,647,366,,2040,
524288,597595.143793834,1232083,0,1,182,866,826,471,,2345,
524288,597595.143803821,1232081,1,0,252,928,779,429,,2388,
524288,597595.143812729,1232083,0,1,523,785,664,476,,2448,
524288,597595.143823080,1232081,1,0,206,770,666,367,,2009,
524288,597595.143831734,1232083,0,1,215,782,638,370,,2005,
524288,597595.143841892,1232081,1,0,230,796,700,471,,2197,
524288,597595.143850398,1232083,0,1,558,782,788,439,,2567,
524288,597595.143861046,1232081,1,0,214,777,674,373,,2038,
524288,597595.143869125,1232083,0,1,263,759,799,495,,2316,
524288,597595.143879747,1232081,1,0,248,760,661,458,,2127,
524288,597595.143887443,1232083,0,1,211,767,749,465,,2192,
524288,597595.143897772,1232081,1,0,555,772,700,415,,2442,
524288,597595.143906078,1232083,0,1,191,892,877,487,,2447,
524288,597595.143916751,1232081,1,0,211,796,806,442,,2255,
524288,597595.143924777,1232083,0,1,228,774,759,449,,2210,
524288,597595.143934885,1232081,1,0,257,896,697,358,,2208,
524288,597595.143943140,1232083,0,1,205,770,831,421,,2227,
524288,597595.143953553,1232081,1,0,366,774,674,451,,2265,
524288,597595.143962270,1232083,0,1,210,774,714,685,,2383,
524288,597595.143972872,1232081,1,0,234,792,695,421,,2142,
524288,597595.143980896,1232083,0,1,191,768,708,415,,2082,
524288,597595.143990930,1232081,1,0,245,780,660,462,,2147,
524288,597595.143999267,1232083,0,1,338,762,728,567,,2395,
524288,597595.144009888,1232081,1,0,249,774,643,363,,2029,
524288,597595.144018136,1232083,0,1,307,776,825,480,,2388,
524288,597595.144028441,1232081,1,0,269,782,714,381,,2146,
524288,597595.144036884,1232083,0,1,213,778,731,405,,2127,
524288,597595.144047184,1232081,1,0,195,762,666,368,,1991,
524288,597595.144056888,1232083,0,1,750,764,934,443,,2891,
524288,597595.144067715,1232081,1,0,192,760,653,424,,2029,
524288,597595.144076078,1232083,0,1,222,851,687,440,,2200,
524288,597595.144085939,1232081,1,0,228,759,738,478,,2203,
524288,597595.144094038,1232083,0,1,179,743,686,525,,2133,
524288,597595.144104083,1232081,1,0,208,760,649,435,,2052,
524288,597595.144111542,1232083,0,1,199,756,879,680,,2514,
524288,597595.144121958,1232081,1,0,231,761,645,372,,2009,
524288,597595.144130252,1232083,0,1,192,749,799,412,,2152,
524288,597595.144140983,1232081,1,0,327,755,700,503,,2285,
524288,597595.144149439,1232083,0,1,512,760,699,416,,2387,
524288,597595.144159744,1232081,1,0,397,742,640,367,,2146,
524288,597595.144168541,1232083,0,1,206,775,807,383,,2171,
524288,597595.144178723,1232081,1,0,199,747,671,374,,1991,
524288,597595.144187345,1232083,0,1,616,767,868,479,,2730,
524288,597595.144197886,1232081,1,0,226,758,667,429,,2080,
524288,597595.144206356,1232083,0,1,188,764,660,419,,2031,
524288,597595.144216278,1232081,1,0,210,762,654,424,,2050,
524288,597595.144224816,1232083,0,1,208,756,865,465,,2294,
524288,597595.144235225,1232081,1,0,205,761,678,360,,2004,
524288,597595.144243460,1232083,0,1,655,765,679,424,,2523,
524288,597595.144253772,1232081,1,0,202,730,649,385,,1966,
524288,597595.144261999,1232083,0,1,235,855,647,417,,2154,
524288,597595.144271998,1232081,1,0,226,758,670,437,,2091,
524288,597595.144279736,1232083,0,1,180,846,648,390,,2064,
524288,597595.144289487,1232081,1,0,230,751,647,423,,2051,
524288,597595.144324220,1232083,0,1,285,784,864,484,,2417,
524288,597595.144334346,1232081,1,0,210,764,677,483,,2134,
524288,597595.144341000,1232083,0,1,201,768,667,451,,2087,
524288,597595.144353460,1232081,1,0,199,767,692,418,,2076,
524288,597595.144360108,1232083,0,1,208,765,660,503,,2136,
524288,597595.144372261,1232081,1,0,203,762,687,378,,2030,
524288,597595.144378437,1232083,0,1,221,768,653,402,,2044,
524288,597595.144390107,1232081,1,0,212,758,672,421,,2063,
524288,597595.144396620,1232083,0,1,238,758,656,472,,2124,
524288,597595.144408408,1232081,1,0,195,754,638,421,,2008,
524288,597595.144414706,1232083,0,1,186,776,723,426,,2111,
524288,597595.144427013,1232081,1,0,212,746,662,386,,2006,
524288,597595.144433418,1232083,0,1,219,803,654,447,,2123,
524288,597595.144445204,1232081,1,0,369,751,688,448,,2256,
524288,597595.144452239,1232083,0,1,238,746,653,564,,2201,
524288,597595.144464289,1232081,1,0,256,824,652,427,,2159,
524288,597595.144470890,1232083,0,1,210,750,685,445,,2090,
524288,597595.144482715,1232081,1,0,191,761,644,402,,1998,
524288,597595.144489219,1232083,0,1,240,754,675,426,,2095,
524288,597595.144504395,1232081,1,0,220,,,559,,1932,
524288,597595.144511310,1232083,0,1,206,761,739,490,,2196,
524288,597595.144523666,1232081,1,0,189,758,653,419,,2019,
524288,597595.144532151,1232083,0,1,192,774,661,471,,2098,
524288,597595.144581605,1232081,1,0,389,789,688,549,,2415,
524288,597595.144590797,1232083,0,1,213,753,686,605,,2257,
524288,597595.144603308,1232081,1,0,181,759,675,490,,2105,
524288,597595.144611497,1232083,0,1,197,758,688,421,,2064,
524288,597595.144622525,1232081,1,0,412,756,641,446,,2255,
524288,597595.144630610,1232083,0,1,208,761,695,479,,2143,
524288,597595.144641556,1232081,1,0,212,765,656,415,,2048,
524288,597595.144650096,1232083,0,1,193,771,665,368,,1997,
524288,597595.144660773,1232081,1,0,241,769,679,413,,2102,
524288,597595.144669405,1232083,0,1,206,758,669,467,,2100,
524288,597595.144680327,1232081,1,0,209,754,697,371,,2031,
524288,597595.144688535,1232083,0,1,202,762,665,436,,2065,
524288,597595.144699731,1232081,1,0,191,749,714,693,,2347,
524288,597595.144708352,1232083,0,1,198,750,655,391,,1994,
524288,597595.144719324,1232081,1,0,184,767,669,373,,1993,
524288,597595.144727826,1232083,0,1,186,755,682,479,,2102,
524288,597595.144738857,1232081,1,0,193,764,657,437,,2051,
524288,597595.144747738,1232083,0,1,224,751,922,404,,2301,
524288,597595.144758940,1232081,1,0,194,757,683,369,,2003,
524288,597595.144767516,1232083,0,1,520,765,651,440,,2376,
524288,597595.144779544,1232081,1,0,340,776,681,392,,2189,
524288,597595.144788509,1232083,0,1,198,754,694,440,,2086,
524288,597595.144799136,1232081,1,0,207,763,648,387,,2005,
524288,597595.144807519,1232083,0,1,211,767,688,372,,2038,
524288,597595.144818755,1232081,1,0,222,767,861,563,,2413,
524288,597595.144828188,1232083,0,1,207,757,653,423,,2040,
524288,597595.144839438,1232081,1,0,213,776,678,357,,2024,
524288,597595.144848551,1232083,0,1,271,872,1022,486,,2651,
524288,597595.144860269,1232081,1,0,211,755,673,386,,2025,
524288,597595.144869037,1232083,0,1,196,778,686,368,,2028,
524288,597595.144879929,1232081,1,0,192,756,667,423,,2038,
524288,597595.144888409,1232083,0,1,227,756,680,486,,2149,
524288,597595.144899215,1232081,1,0,211,756,662,431,,2060,
524288,597595.144907578,1232083,0,1,190,765,679,371,,2005,
524288,597595.144918156,1232081,1,0,200,770,650,417,,2037,
524288,597595.144926516,1232083,0,1,242,885,766,497,,2390,
524288,597595.144937522,1232081,1,0,236,752,741,371,,2100,
524288,597595.144945872,1232083,0,1,217,761,646,373,,1997,
524288,597595.144955939,1232081,1,0,211,759,672,368,,2010,
524288,597595.144963987,1232083,0,1,208,776,693,761,,2438,
524288,597595.144974771,1232081,1,0,378,747,677,414,,2216,
524288,597595.144983216,1232083,0,1,177,756,685,394,,2012,
524288,597595.144993512,1232081,1,0,294,762,670,426,,2152,
524288,597595.145001649,1232083,0,1,300,941,811,399,,2451,
524288,597595.145012438,1232081,1,0,200,868,652,424,,2144,
524288,597595.145020552,1232083,0,1,202,761,674,425,,2062,
524288,597595.145030917,1232081,1,0,219,754,659,442,,2074,
524288,597595.145039215,1232083,0,1,278,862,654,437,,2231,
524288,597595.145049421,1232081,1,0,312,730,690,365,,2097,
524288,597595.145057420,1232083,0,1,205,757,688,379,,2029,
524288,597595.145067534,1232081,1,0,232,787,665,431,,2115,
524288,597595.145075549,1232083,0,1,233,755,658,453,,2099,
524288,597595.145086312,1232081,1,0,218,763,674,399,,2054,
524288,597595.145094853,1232083,0,1,217,761,655,588,,2221,
524288,597595.145105217,1232081,1,0,211,768,661,419,,2059,
524288,597595.145113437,1232083,0,1,213,762,726,420,,2121,
524288,597595.145124129,1232081,1,0,248,764,656,416,,2084,
524288,597595.145132525,1232083,0,1,196,774,814,434,,2218,
524288,597595.145143088,1232081,1,0,194,765,638,398,,1995,
524288,597595.145151029,1232083,0,1,524,756,664,412,,2356,
524288,597595.145161836,1232081,1,0,219,761,650,413,,2043,
524288,597595.145169876,1232083,0,1,216,763,684,384,,2047,
524288,597595.145180115,1232081,1,0,366,754,641,373,,2134,
524288,597595.145188788,1232083,0,1,216,760,649,485,,2110,
524288,597595.145199115,1232081,1,0,209,767,660,365,,2001,
524288,597595.145207128,1232083,0,1,201,755,677,373,,2006,
524288,597595.145217139,1232081,1,0,195,770,689,412,,2066,
524288,597595.145225770,1232083,0,1,210,905,679,392,,2186,
524288,597595.145236064,1232081,1,0,217,795,643,384,,2039,
524288,597595.145244140,1232083,0,1,226,753,698,413,,2090,
524288,597595.145254375,1232081,1,0,190,754,656,424,,2024,
524288,597595.145262528,1232083,0,1,211,891,709,392,,2203,
524288,597595.145272918,1232081,1,0,230,782,678,426,,2116,
524288,597595.145280832,1232083,0,1,227,758,696,473,,2154,
524288,597595.145291452,1232081,1,0,199,765,637,433,,2034,
524288,597595.145299122,1232083,0,1,215,761,677,444,,2097,
524288,597595.145309078,1232081,1,0,227,749,646,410,,2032,
524288,597595.145316867,1232083,0,1,187,781,685,369,,2022,
524288,597595.145326910,1232081,1,0,200,748,634,390,,1972,
524288,597595.145335169,1232083,0,1,203,760,695,446,,2104,
524288,597595.145345529,1232081,1,0,211,753,646,381,,1991,
524288,597595.145353108,1232083,0,1,190,763,876,398,,2227,
524288,597595.145363093,1232081,1,0,193,753,713,487,,2146,
524288,597595.145371872,1232083,0,1,344,761,713,412,,2230,
524288,597595.145382104,1232081,1,0,253,760,653,387,,2053,
524288,597595.145390069,1232083,0,1,186,758,823,573,,2340,
524288,597595.145400355,1232081,1,0,377,763,657,427,,2224,
524288,597595.145408544,1232083,0,1,260,884,694,467,,2305,
524288,597595.145419490,1232081,1,0,360,779,650,374,,2163,
524288,597595.145427565,1232083,0,1,210,766,746,377,,2099,
524288,597595.145437551,1232081,1,0,193,761,655,413,,2022,
524288,597595.145445962,1232083,0,1,693,755,693,456,,2597,
524288,597595.145456634,1232081,1,0,453,771,652,398,,2274,
524288,597595.145465465,1232083,0,1,237,798,756,414,,2205,
524288,597595.145475618,1232081,1,0,191,760,640,413,,2004,
524288,597595.145483308,1232083,0,1,192,793,681,365,,2031,
524288,597595.145493205,1232081,1,0,255,758,644,430,,2087,
524288,597595.145502478,1232083,0,1,213,,,466,,1734,
524288,597595.145512025,1232081,1,0,208,750,705,366,,2029,
524288,597595.145520777,1232083,0,1,238,767,712,485,,2202,
524288,597595.145530819,1232081,1,0,210,764,638,364,,1976,
524288,597595.145538428,1232083,0,1,188,745,688,387,,2008,
524288,597595.145548258,1232081,1,0,203,744,646,434,,2027,
524288,597595.145555822,1232083,0,1,196,752,630,384,,1962,
524288,597595.145565602,1232081,1,0,210,737,623,379,,1949,
524288,597595.145573284,1232083,0,1,386,782,646,459,,2273,
524288,597595.145583162,1232081,1,0,208,768,622,442,,2040,
524288,597595.145591224,1232083,0,1,200,731,643,368,,1942,
524288,597595.145600987,1232081,1,0,186,748,636,365,,1935,
524288,597595.145608879,1232083,0,1,169,762,649,411,,1991,
524288,597595.145618807,1232081,1,0,185,736,662,416,,1999,
524288,597595.145626718,1232083,0,1,181,745,657,400,,1983,
524288,597595.145636515,1232081,1,0,182,730,617,381,,1910,
524288,597595.145644903,1232083,0,1,177,746,687,384,,1994,
524288,597595.145654612,1232081,1,0,184,737,624,400,,1945,
524288,597595.145662023,1232083,0,1,236,748,652,449,,2085,
524288,597595.145671807,1232081,1,0,208,765,621,438,,2032,
524288,597595.145679764,1232083,0,1,261,770,652,416,,2099,
524288,597595.145689624,1232081,1,0,198,742,628,566,,2134,
524288,597595.145698352,1232083,0,1,197,738,751,702,,2388,
524288,597595.145708655,1232081,1,0,352,827,624,453,,2256,
524288,597595.145717218,1232083,0,1,294,753,836,453,,2336,
524288,597595.145727407,1232081,1,0,191,727,651,373,,1942,
524288,597595.145734996,1232083,0,1,356,749,659,478,,2242,
524288,597595.145745046,1232081,1,0,224,751,619,421,,2015,
524288,597595.145752931,1232083,0,1,298,744,658,356,,2056,
524288,597595.145762921,1232081,1,0,194,741,618,418,,1971,
524288,597595.145770857,1232083,0,1,200,738,668,356,,1962,
524288,597595.145781096,1232081,1,0,202,775,633,380,,1990,
524288,597595.145788826,1232083,0,1,210,764,713,451,,2138,
524288,597595.145798802,1232081,1,0,378,765,637,441,,2221,
524288,597595.145806230,1232083,0,1,209,761,810,404,,2184,
524288,597595.145816374,1232081,1,0,211,782,623,359,,1975,
524288,597595.145823621,1232083,0,1,223,781,728,585,,2317,
524288,597595.145833830,1232081,1,0,220,775,650,475,,2120,
524288,597595.145841510,1232083,0,1,197,761,709,442,,2109,
524288,597595.145851455,1232081,1,0,191,780,751,384,,2106,
524288,597595.145859584,1232083,0,1,175,757,760,480,,2172,
524288,597595.145869732,1232081,1,0,330,786,641,384,,2141,
524288,597595.145877964,1232083,0,1,208,768,709,423,,2108,
524288,597595.145888088,1232081,1,0,376,764,821,551,,2512,
524288,597595.145896616,1232083,0,1,296,772,710,462,,2240,
524288,597595.145906909,1232081,1,0,195,762,782,392,,2131,
524288,597595.145914733,1232083,0,1,531,779,721,561,,2592,
524288,597595.145925557,1232081,1,0,208,762,715,396,,2081,
524288,597595.145933441,1232083,0,1,222,766,732,487,,2207,
524288,597595.145943548,1232081,1,0,350,763,649,409,,2171,
524288,597595.145950596,1232083,0,1,221,765,703,431,,2120,
524288,597595.145960692,1232081,1,0,231,772,633,379,,2015,
524288,597595.145966729,1232083,0,1,181,792,721,416,,2110,
524288,597595.145976649,1232081,1,0,216,766,640,376,,1998,
524288,597595.145983971,1232083,0,1,200,744,654,437,,2035,
524288,597595.145994060,1232081,1,0,222,741,942,398,,2303,
524288,597595.146001758,1232083,0,1,209,756,647,350,,1962,
524288,597595.146011367,1232081,1,0,181,742,661,584,,2168,
524288,597595.146018991,1232083,0,1,206,745,906,517,,2374,
524288,597595.146029406,1232081,1,0,192,756,618,544,,2110,
524288,597595.146037091,1232083,0,1,196,752,649,472,,2069,
524288,597595.146046870,1232081,1,0,171,746,659,564,,2140,
524288,597595.146057915,1232083,0,1,184,,,492,,4444,
524288,597595.146070319,1232081,1,0,198,735,653,388,,1974,
524288,597595.146077136,1232083,0,1,829,,,2697,,3887,
524288,597595.146089013,1232081,1,0,206,744,712,429,,2091,
524288,597595.146095425,1232083,0,1,432,,,2093,,2698,
524288,597595.146106087,1232081,1,0,249,749,694,400,,2092,
524288,597595.146113650,1232083,0,1,428,,,962,,1588,
524288,597595.146123507,1232081,1,0,196,766,681,495,,2138,
524288,597595.146130711,1232083,0,1,463,,,1221,,1864,
524288,597595.146140726,1232081,1,0,212,780,694,378,,2064,
524288,597595.146148808,1232083,0,1,208,866,848,911,,2833,
524288,597595.146159371,1232081,1,0,185,754,630,382,,1951,
524288,597595.146167518,1232083,0,1,232,741,626,434,,2033,
524288,597595.146177257,1232081,1,0,194,746,662,379,,1981,
524288,597595.146185268,1232083,0,1,241,753,773,403,,2170,
524288,597595.146195352,1232081,1,0,215,750,638,451,,2054,
524288,597595.146203042,1232083,0,1,185,752,643,546,,2126,
524288,597595.146212794,1232081,1,0,196,740,621,402,,1959,
524288,597595.146220898,1232083,0,1,208,755,840,425,,2228,
524288,597595.146230783,1232081,1,0,181,757,624,388,,1950,
524288,597595.146238758,1232083,0,1,187,763,651,366,,1967,
524288,597595.146248441,1232081,1,0,206,755,637,365,,1963,
524288,597595.146255904,1232083,0,1,249,750,836,420,,2255,
524288,597595.146265814,1232081,1,0,213,747,642,425,,2027,
524288,597595.146273824,1232083,0,1,206,749,631,412,,1998,
524288,597595.146283673,1232081,1,0,186,748,647,382,,1963,
524288,597595.146291446,1232083,0,1,189,834,669,379,,2071,
524288,597595.146301149,1232081,1,0,210,752,637,432,,2031,
524288,597595.146309550,1232083,0,1,181,746,751,364,,2042,
524288,597595.146319402,1232081,1,0,179,746,657,379,,1961,
524288,597595.146327781,1232083,0,1,346,746,655,436,,2183,
524288,597595.146337601,1232081,1,0,209,748,647,534,,2138,
524288,597595.146345958,1232083,0,1,178,754,632,368,,1932,
524288,597595.146355722,1232081,1,0,184,740,639,367,,1930,
524288,597595.146362970,1232083,0,1,224,756,731,476,,2187,
524288,597595.146372899,1232081,1,0,194,748,632,395,,1969,
524288,597595.146380268,1232083,0,1,205,767,663,423,,2058,
524288,597595.146389974,1232081,1,0,216,733,663,421,,2033,
524288,597595.146397595,1232083,0,1,505,742,622,377,,2246,
524288,597595.146407742,1232081,1,0,199,747,627,445,,2018,
524288,597595.146415181,1232083,0,1,181,751,636,405,,1973,
524288,597595.146425013,1232081,1,0,199,769,620,399,,1987,
524288,597595.146432895,1232083,0,1,188,748,676,375,,1987,
524288,597595.146442971,1232081,1,0,235,762,682,436,,2115,
524288,597595.146450697,1232083,0,1,217,768,689,423,,2097,
524288,597595.146460983,1232081,1,0,210,951,638,371,,2170,
524288,597595.146468865,1232083,0,1,237,794,767,462,,2260,
524288,597595.146479245,1232081,1,0,194,760,669,376,,1999,
524288,597595.146487253,1232083,0,1,196,780,769,446,,2191,
524288,597595.146497365,1232081,1,0,226,768,639,2184,,3817,
524288,597595.146507490,1232083,0,1,208,763,783,470,,2224,
524288,597595.146517928,1232081,1,0,210,807,648,387,,2052,
524288,597595.146526681,1232083,0,1,192,773,692,504,,2161,
524288,597595.146536778,1232081,1,0,219,763,688,367,,2037,
524288,597595.146544911,1232083,0,1,193,762,756,434,,2145,
524288,597595.146554880,1232081,1,0,203,757,653,367,,1980,
524288,597595.146562763,1232083,0,1,196,774,712,471,,2153,
524288,597595.146573243,1232081,1,0,205,764,671,425,,2065,
524288,597595.146580946,1232083,0,1,193,762,714,453,,2122,
524288,597595.146590659,1232081,1,0,210,766,673,371,,2020,
524288,597595.146598778,1232083,0,1,207,772,820,499,,2298,
524288,597595.146609260,1232081,1,0,197,768,752,602,,2319,
524288,597595.146616576,1232083,0,1,227,778,710,408,,2123,
524288,597595.146626477,1232081,1,0,240,776,693,403,,2112,
524288,597595.146634350,1232083,0,1,217,763,694,468,,2142,
524288,597595.146644570,1232081,1,0,212,769,665,423,,2069,
524288,597595.146652177,1232083,0,1,192,762,728,421,,2103,
524288,597595.146662014,1232081,1,0,220,783,655,359,,2017,
524288,597595.146670334,1232083,0,1,212,776,882,486,,2356,
524288,597595.146680672,1232081,1,0,197,766,803,362,,2128,
524288,597595.146689360,1232083,0,1,203,769,955,425,,2352,
524288,597595.146699928,1232081,1,0,214,765,642,380,,2001,
524288,597595.146707988,1232083,0,1,215,770,826,449,,2260,
524288,597595.146718044,1232081,1,0,202,760,698,417,,2077,
524288,597595.146726628,1232083,0,1,212,751,666,369,,1998,
524288,597595.146736404,1232081,1,0,235,744,643,376,,1998,
524288,597595.146744433,1232083,0,1,195,747,812,510,,2264,
524288,597595.146754521,1232081,1,0,187,740,630,393,,1950,
524288,597595.146763199,1232083,0,1,199,746,679,379,,2003,
524288,597595.146773473,1232081,1,0,212,758,640,409,,2019,
524288,597595.146782426,1232083,0,1,353,783,799,607,,2542,
524288,597595.146792787,1232081,1,0,217,750,682,473,,2122,
524288,597595.146801881,1232083,0,1,210,771,714,446,,2141,
524288,597595.146811878,1232081,1,0,228,768,655,377,,2028,
524288,597595.146819418,1232083,0,1,182,802,689,576,,2249,
524288,597595.146829549,1232081,1,0,206,770,635,408,,2019,
524288,597595.146837165,1232083,0,1,224,783,744,461,,2212,
524288,597595.146847990,1232081,1,0,230,797,707,526,,2260,
524288,597595.146856853,1232083,0,1,196,797,672,471,,2136,
524288,597595.146867588,1232081,1,0,228,811,710,399,,2148,
524288,597595.146875405,1232083,0,1,225,812,716,400,,2153,
524288,597595.146886152,1232081,1,0,211,874,714,423,,2222,
524288,597595.146894469,1232083,0,1,201,763,632,439,,2035,
524288,597595.146905072,1232081,1,0,187,767,719,393,,2066,
524288,597595.146912588,1232083,0,1,211,781,660,400,,2052,
524288,597595.146923106,1232081,1,0,216,774,691,404,,2085,
524288,597595.146931310,1232083,0,1,272,792,647,422,,2133,
524288,597595.146941845,1232081,1,0,213,772,701,463,,2149,
524288,597595.146949080,1232083,0,1,211,761,686,364,,2022,
524288,597595.146959621,1232081,1,0,193,774,687,416,,2070,
524288,597595.146966760,1232083,0,1,227,779,668,434,,2108,
524288,597595.146977391,1232081,1,0,198,760,754,404,,2116,
524288,597595.146985217,1232083,0,1,207,763,680,363,,2013,
524288,597595.146996166,1232081,1,0,427,757,929,413,,2526,
524288,597595.147004381,1232083,0,1,202,777,643,463,,2085,
524288,597595.147015034,1232081,1,0,190,774,728,401,,2093,
524288,597595.147047521,1232083,0,1,336,762,807,528,,2433,
524288,597595.147057867,1232081,1,0,231,799,735,447,,2212,
524288,597595.147064978,1232083,0,1,196,758,693,374,,2021,
524288,597595.147077570,1232081,1,0,216,776,702,438,,2132,
524288,597595.147084511,1232083,0,1,222,774,646,398,,2040,
524288,597595.147097022,1232081,1,0,204,779,748,440,,2171,
524288,597595.147103982,1232083,0,1,206,772,633,440,,2051,
524288,597595.147116877,1232081,1,0,216,775,741,516,,2248,
524288,597595.147123615,1232083,0,1,232,778,674,454,,2138,
524288,597595.147136820,1232081,1,0,213,774,745,482,,2214,
524288,597595.147143812,1232083,0,1,197,774,653,410,,2034,
524288,597595.147156856,1232081,1,0,191,783,828,460,,2262,
524288,597595.147163933,1232083,0,1,212,772,658,427,,2069,
524288,597595.147176449,1232081,1,0,227,784,798,598,,2407,
524288,597595.147183208,1232083,0,1,201,769,630,407,,2007,
524288,597595.147195367,1232081,1,0,205,781,726,481,,2193,
524288,597595.147202912,1232083,0,1,221,795,628,473,,2117,
524288,597595.147215512,1232081,1,0,345,777,718,421,,2261,
524288,597595.147222971,1232083,0,1,224,785,658,391,,2058,
524288,597595.147234802,1232081,1,0,309,865,629,356,,2159,
524288,597595.147241318,1232083,0,1,219,745,723,644,,2331,
524288,597595.147253435,1232081,1,0,212,745,633,382,,1972,
524288,597595.147260728,1232083,0,1,170,746,675,415,,2006,
524288,597595.147313567,1232081,1,0,330,766,763,434,,2293,
524288,597595.147322211,1232083,0,1,192,752,747,421,,2112,
524288,597595.147332652,1232081,1,0,221,1106,1084,675,,3086,
524288,597595.147341542,1232083,0,1,208,774,848,446,,2276,
524288,597595.147351680,1232081,1,0,184,779,632,352,,1947,
524288,597595.147359397,1232083,0,1,208,757,674,494,,2133,
524288,597595.147369759,1232081,1,0,209,746,608,431,,1994,
524288,597595.147377130,1232083,0,1,179,754,672,393,,1998,
524288,597595.147387007,1232081,1,0,184,739,640,375,,1938,
524288,597595.147394478,1232083,0,1,219,748,672,451,,2090,
524288,597595.147404596,1232081,1,0,306,734,622,442,,2104,
524288,597595.147412721,1232083,0,1,195,756,718,394,,2063,
524288,597595.147422667,1232081,1,0,191,745,661,394,,1991,
524288,597595.147430734,1232083,0,1,194,753,668,395,,2010,
524288,597595.147440614,1232081,1,0,204,745,642,373,,1964,
524288,597595.147448057,1232083,0,1,188,755,668,436,,2047,
524288,597595.147457881,1232081,1,0,193,756,630,373,,1952,
524288,597595.147465444,1232083,0,1,218,743,668,455,,2084,
524288,597595.147475217,1232081,1,0,220,751,619,360,,1950,
524288,597595.147483585,1232083,0,1,180,743,670,401,,1994,
524288,597595.147493363,1232081,1,0,209,763,634,516,,2122,
524288,597595.147507890,1232083,0,1,203,740,735,453,,2131,
524288,597595.147517709,1232081,1,0,212,740,671,529,,2152,
524288,597595.147525507,1232083,0,1,206,774,705,393,,2078,
524288,597595.147535544,1232081,1,0,273,742,649,517,,2181,
524288,597595.147544972,1232083,0,1,218,758,700,682,,2358,
524288,597595.147556184,1232081,1,0,224,791,711,603,,2329,
524288,597595.147568099,1232083,0,1,720,745,640,498,,2603,
524288,597595.147578619,1232081,1,0,201,755,781,395,,2132,
524288,597595.147586853,1232083,0,1,194,734,639,398,,1965,
524288,597595.147596511,1232081,1,0,204,753,668,430,,2055,
524288,597595.147604393,1232083,0,1,245,785,628,394,,2052,
524288,597595.147614754,1232081,1,0,174,745,627,382,,1928,
524288,597595.147623060,1232083,0,1,215,880,632,439,,2166,
524288,597595.147632927,1232081,1,0,181,749,650,397,,1977,
524288,597595.147641009,1232083,0,1,214,753,750,356,,2073,
524288,597595.147650792,1232081,1,0,183,753,781,491,,2208,
524288,597595.147659680,1232083,0,1,241,754,633,355,,1983,
524288,597595.147669401,1232081,1,0,219,725,621,379,,1944,
524288,597595.147677848,1232083,0,1,300,760,653,400,,2113,
524288,597595.147687757,1232081,1,0,423,957,824,368,,2572,
524288,597595.147696344,1232083,0,1,181,743,650,386,,1960,
524288,597595.147706098,1232081,1,0,183,746,627,413,,1969,
524288,597595.147713581,1232083,0,1,249,749,820,531,,2349,
524288,597595.147723478,1232081,1,0,219,738,633,376,,1966,
524288,597595.147731376,1232083,0,1,186,743,645,414,,1988,
524288,597595.147741244,1232081,1,0,190,739,643,417,,1989,
524288,597595.147749756,1232083,0,1,183,749,634,396,,1962,
524288,597595.147759320,1232081,1,0,278,757,949,410,,2394,
524288,597595.147768761,1232083,0,1,199,748,658,391,,1996,
524288,597595.147778454,1232081,1,0,203,750,630,429,,2012,
524288,597595.147786310,1232083,0,1,174,746,640,402,,1962,
524288,597595.147795952,1232081,1,0,194,738,631,362,,1925,
524288,597595.147803656,1232083,0,1,197,767,710,379,,2053,
524288,597595.147813555,1232081,1,0,200,748,643,361,,1952,
524288,597595.147821305,1232083,0,1,182,749,811,396,,2138,
524288,597595.147831276,1232081,1,0,175,761,617,373,,1926,
524288,597595.147839469,1232083,0,1,218,751,648,429,,2046,
524288,597595.147849154,1232081,1,0,203,737,668,379,,1987,
524288,597595.147857140,1232083,0,1,303,743,712,366,,2124,
524288,597595.147867167,1232081,1,0,176,752,623,372,,1923,
524288,597595.147874721,1232083,0,1,204,750,681,420,,2055,
524288,597595.147884472,1232081,1,0,203,736,637,373,,1949,
524288,597595.147892190,1232083,0,1,200,743,650,440,,2033,
524288,597595.147902089,1232081,1,0,312,750,633,396,,2091,
524288,597595.147910921,1232083,0,1,209,756,637,358,,1960,
524288,597595.147920391,1232081,1,0,195,764,640,353,,1952,
524288,597595.147928862,1232083,0,1,189,742,631,468,,2030,
524288,597595.147938826,1232081,1,0,208,743,636,425,,2012,
524288,597595.147947210,1232083,0,1,210,748,636,408,,2002,
524288,597595.147957231,1232081,1,0,192,751,624,391,,1958,
524288,597595.147965068,1232083,0,1,192,934,653,377,,2156,
524288,597595.147974811,1232081,1,0,187,762,630,379,,1958,
524288,597595.147982707,1232083,0,1,194,757,670,419,,2040,
524288,597595.147992944,1232081,1,0,198,748,631,373,,1950,
524288,597595.148000187,1232083,0,1,177,748,654,388,,1967,
524288,597595.148009797,1232081,1,0,198,739,638,436,,2011,
524288,597595.148017569,1232083,0,1,183,749,618,386,,1936,
524288,597595.148027343,1232081,1,0,192,828,642,425,,2087,
524288,597595.148035140,1232083,0,1,167,754,629,423,,1973,
524288,597595.148044736,1232081,1,0,307,734,646,361,,2048,
524288,597595.148052962,1232083,0,1,228,757,708,422,,2115,
524288,597595.148062913,1232081,1,0,200,756,631,414,,2001,
524288,597595.148072102,1232083,0,1,193,756,684,361,,1994,
524288,597595.148081866,1232081,1,0,173,745,629,376,,1923,
524288,597595.148090322,1232083,0,1,197,814,737,554,,2302,
524288,597595.148100436,1232081,1,0,315,749,666,406,,2136,
524288,597595.148109587,1232083,0,1,202,750,773,407,,2132,
524288,597595.148119593,1232081,1,0,187,760,632,362,,1941,
524288,597595.148128507,1232083,0,1,358,746,617,381,,2102,
524288,597595.148138217,1232081,1,0,541,735,624,399,,2299,
524288,597595.148146916,1232083,0,1,187,770,694,439,,2090,
524288,597595.148156785,1232081,1,0,202,734,631,373,,1940,
524288,597595.148164640,1232083,0,1,205,746,653,440,,2044,
524288,597595.148174378,1232081,1,0,192,733,640,394,,1959,
524288,597595.148182614,1232083,0,1,189,751,623,404,,1967,
524288,597595.148192572,1232081,1,0,195,745,664,406,,2010,
524288,597595.148200897,1232083,0,1,197,767,636,400,,2000,
524288,597595.148210633,1232081,1,0,231,731,661,422,,2045,
524288,597595.148219112,1232083,0,1,198,747,657,376,,1978,
524288,597595.148228944,1232081,1,0,195,735,628,356,,1914,
524288,597595.148237443,1232083,0,1,186,753,629,589,,2157,
524288,597595.148247372,1232081,1,0,364,750,696,409,,2219,
524288,597595.148255803,1232083,0,1,226,739,685,407,,2057,
524288,597595.148265560,1232081,1,0,188,740,628,364,,1920,
524288,597595.148274441,1232083,0,1,198,739,688,434,,2059,
524288,597595.148284189,1232081,1,0,200,857,666,488,,2211,
524288,597595.148293374,1232083,0,1,191,742,632,392,,1957,
524288,597595.148303260,1232081,1,0,482,735,645,404,,2266,
524288,597595.148312320,1232083,0,1,206,739,643,457,,2045,
524288,597595.148322161,1232081,1,0,211,738,683,374,,2006,
524288,597595.148330172,1232083,0,1,186,749,655,379,,1969,
524288,597595.148339831,1232081,1,0,180,752,618,377,,1927,
524288,597595.148347890,1232083,0,1,206,878,719,689,,2492,
524288,597595.148358159,1232081,1,0,211,755,619,425,,2010,
524288,597595.148366141,1232083,0,1,212,750,649,408,,2019,
524288,597595.148375858,1232081,1,0,185,749,634,363,,1931,
524288,597595.148383660,1232083,0,1,207,759,666,396,,2028,
524288,597595.148393271,1232081,1,0,211,752,678,472,,2113,
524288,597595.148401477,1232083,0,1,173,888,633,517,,2211,
524288,597595.148411505,1232081,1,0,328,779,639,381,,2127,
524288,597595.148419689,1232083,0,1,193,745,624,438,,2000,
524288,597595.148429220,1232081,1,0,223,744,624,374,,1965,
524288,597595.148437448,1232083,0,1,198,754,656,357,,1965,
524288,597595.148447383,1232081,1,0,203,743,619,412,,1977,
524288,597595.148455288,1232083,0,1,206,768,642,599,,2215,
524288,597595.148465264,1232081,1,0,336,748,638,380,,2102,
524288,597595.148473763,1232083,0,1,217,744,716,375,,2052,
524288,597595.148483766,1232081,1,0,171,906,629,362,,2068,
524288,597595.148492314,1232083,0,1,227,760,661,429,,2077,
524288,597595.148504392,1232081,1,0,233,752,668,398,,2051,
524288,597595.148512853,1232083,0,1,202,740,715,370,,2027,
524288,597595.148522448,1232081,1,0,187,746,674,371,,1978,
524288,597595.148530046,1232083,0,1,202,761,635,477,,2075,
524288,597595.148540024,1232081,1,0,191,758,619,374,,1942,
524288,597595.148547451,1232083,0,1,203,744,652,359,,1958,
524288,597595.148556999,1232081,1,0,177,768,635,361,,1941,
524288,597595.148564679,1232083,0,1,199,744,656,458,,2057,
524288,597595.148574632,1232081,1,0,198,757,624,405,,1984,
524288,597595.148582429,1232083,0,1,188,742,682,392,,2004,
524288,597595.148592207,1232081,1,0,178,738,642,427,,1985,
524288,597595.148600610,1232083,0,1,204,754,649,428,,2035,
524288,597595.148610768,1232081,1,0,185,750,612,417,,1964,
524288,597595.148618973,1232083,0,1,206,740,658,420,,2024,
524288,597595.148628537,1232081,1,0,188,753,630,374,,1945,
524288,597595.148636881,1232083,0,1,201,759,888,476,,2324,
524288,597595.148646976,1232081,1,0,252,757,658,390,,2057,
524288,597595.148655178,1232083,0,1,174,751,644,402,,1971,
524288,597595.148664951,1232081,1,0,232,786,643,375,,2036,
524288,597595.148673308,1232083,0,1,204,783,657,423,,2067,
524288,597595.148683204,1232081,1,0,247,752,622,375,,1996,
524288,597595.148691660,1232083,0,1,352,735,655,396,,2138,
524288,597595.148701807,1232081,1,0,222,762,847,452,,2283,
524288,597595.148710249,1232083,0,1,213,760,699,412,,2084,
524288,597595.148720022,1232081,1,0,204,749,629,374,,1956,
524288,597595.148728159,1232083,0,1,215,740,641,386,,1982,
524288,597595.148738136,1232081,1,0,184,752,621,361,,1918,
524288,597595.148745691,1232083,0,1,227,745,775,411,,2158,
524288,597595.148755694,1232081,1,0,214,747,625,377,,1963,
524288,597595.148763361,1232083,0,1,179,906,648,359,,2092,
524288,597595.148774064,1232081,1,0,193,786,650,369,,1998,
524288,597595.148782162,1232083,0,1,244,745,690,393,,2072,
524288,597595.148791932,1232081,1,0,208,737,615,424,,1984,
524288,597595.148800013,1232083,0,1,182,753,664,380,,1979,
524288,597595.148809686,1232081,1,0,197,747,629,476,,2049,
524288,597595.148818386,1232083,0,1,199,855,780,407,,2241,
524288,597595.148828620,1232081,1,0,187,740,655,376,,1958,
524288,597595.148836562,1232083,0,1,198,743,662,569,,2172,
524288,597595.148846440,1232081,1,0,211,766,652,377,,2006,
524288,597595.148854923,1232083,0,1,200,741,656,397,,1994,
524288,597595.148864843,1232081,1,0,211,763,631,425,,2030,
524288,597595.148873351,1232083,0,1,213,766,696,536,,2211,
524288,597595.148883062,1232081,1,0,188,747,622,389,,1946,
524288,597595.148891611,1232083,0,1,188,877,683,404,,2152,
524288,597595.148901668,1232081,1,0,200,753,665,367,,1985,
524288,597595.148909761,1232083,0,1,170,757,626,378,,1931,
524288,597595.148919479,1232081,1,0,214,746,668,403,,2031,
524288,597595.148927815,1232083,0,1,192,748,648,384,,1972,
524288,597595.148937595,1232081,1,0,338,735,621,390,,2084,
524288,597595.148945823,1232083,0,1,177,748,652,439,,2016,
524288,597595.148955594,1232081,1,0,198,748,659,416,,2021,
524288,597595.148963874,1232083,0,1,194,757,662,365,,1978,
524288,597595.148973455,1232081,1,0,194,740,645,359,,1938,
524288,597595.148981685,1232083,0,1,193,748,950,462,,2353,
524288,597595.148991961,1232081,1,0,192,750,635,423,,2000,
524288,597595.148999788,1232083,0,1,220,758,658,414,,2050,
524288,597595.149009604,1232081,1,0,203,744,627,377,,1951,
524288,597595.149017502,1232083,0,1,230,835,648,376,,2089,
524288,597595.149027760,1232081,1,0,190,755,662,402,,2009,
524288,597595.149036007,1232083,0,1,195,756,625,403,,1979,
524288,597595.149045568,1232081,1,0,191,750,633,364,,1938,
524288,597595.149053791,1232083,0,1,295,751,637,424,,2107,
524288,597595.149063768,1232081,1,0,189,725,614,391,,1919,
524288,597595.149071590,1232083,0,1,209,751,682,363,,2005,
524288,597595.149081620,1232081,1,0,197,759,659,360,,1975,
524288,597595.149089505,1232083,0,1,179,754,776,419,,2128,
524288,597595.149099250,1232081,1,0,182,763,643,418,,2006,
524288,597595.149107431,1232083,0,1,206,747,629,438,,2020,
524288,597595.149117430,1232081,1,0,204,748,618,397,,1967,
524288,597595.149125499,1232083,0,1,220,741,741,378,,2080,
524288,597595.149135338,1232081,1,0,211,746,633,418,,2008,
524288,597595.149143713,1232083,0,1,213,737,640,394,,1984,
524288,597595.149153445,1232081,1,0,184,745,707,396,,2032,
524288,597595.149162115,1232083,0,1,462,745,649,394,,2250,
524288,597595.149172027,1232081,1,0,212,753,666,421,,2052,
524288,597595.149180967,1232083,0,1,208,748,649,404,,2009,
524288,597595.149190843,1232081,1,0,175,1130,621,364,,2290,
524288,597595.149199296,1232083,0,1,185,762,802,390,,2139,
524288,597595.149209119,1232081,1,0,197,752,642,392,,1983,
524288,597595.149217598,1232083,0,1,206,769,648,413,,2036,
524288,597595.149227398,1232081,1,0,190,741,652,481,,2064,
524288,597595.149235915,1232083,0,1,204,755,624,363,,1946,
524288,597595.149245527,1232081,1,0,192,749,659,438,,2038,
524288,597595.149253622,1232083,0,1,194,762,655,424,,2035,
524288,597595.149263326,1232081,1,0,172,762,637,362,,1933,
524288,597595.149271408,1232083,0,1,181,868,620,386,,2055,
524288,597595.149281201,1232081,1,0,198,752,762,427,,2139,
524288,597595.149289863,1232083,0,1,483,754,641,376,,2254,
524288,597595.149299806,1232081,1,0,434,740,651,396,,2221,
524288,597595.149308697,1232083,0,1,176,752,643,418,,1989,
524288,597595.149318699,1232081,1,0,207,742,606,373,,1928,
524288,597595.149327115,1232083,0,1,800,881,647,376,,2704,
524288,597595.149337745,1232081,1,0,190,739,806,438,,2173,
524288,597595.149346479,1232083,0,1,353,756,666,360,,2135,
524288,597595.149356445,1232081,1,0,206,733,621,423,,1983,
524288,597595.149364073,1232083,0,1,214,738,691,420,,2063,
524288,597595.149373772,1232081,1,0,183,740,645,373,,1941,
524288,597595.149381222,1232083,0,1,185,737,633,368,,1923,
524288,597595.149391018,1232081,1,0,185,747,833,559,,2324,
524288,597595.149399319,1232083,0,1,191,751,630,370,,1942,
524288,597595.149409642,1232081,1,0,215,732,730,546,,2223,
524288,597595.149418412,1232083,0,1,194,742,690,377,,2003,
524288,597595.149428475,1232081,1,0,340,735,631,422,,2128,
524288,597595.149437812,1232083,0,1,196,745,833,413,,2187,
524288,597595.149448033,1232081,1,0,255,741,642,412,,2050,
524288,597595.149456674,1232083,0,1,192,737,646,366,,1941,
524288,597595.149466229,1232081,1,0,210,746,680,409,,2045,
524288,597595.149474656,1232083,0,1,210,762,655,413,,2040,
524288,597595.149484666,1232081,1,0,182,737,634,382,,1935,
524288,597595.149492907,1232083,0,1,187,900,636,421,,2144,
524288,597595.149504744,1232081,1,0,218,774,707,440,,2139,
524288,597595.149513202,1232083,0,1,216,739,702,424,,2081,
524288,597595.149523216,1232081,1,0,208,753,602,427,,1990,
524288,597595.149531367,1232083,0,1,180,752,654,402,,1988,
524288,597595.149541061,1232081,1,0,181,753,614,434,,1982,
524288,597595.149549653,1232083,0,1,272,746,777,412,,2207,
524288,597595.149559541,1232081,1,0,186,753,681,390,,2010,
524288,597595.149567363,1232083,0,1,214,754,666,380,,2014,
524288,597595.149577274,1232081,1,0,224,744,621,455,,2044,
524288,597595.149584815,1232083,0,1,197,749,760,469,,2175,
524288,597595.149594588,1232081,1,0,186,748,691,384,,2009,
524288,597595.149602595,1232083,0,1,187,759,755,448,,2149,
524288,597595.149612875,1232081,1,0,195,736,756,400,,2087,
524288,597595.149621257,1232083,0,1,518,752,736,508,,2514,
524288,597595.149631417,1232081,1,0,256,907,833,472,,2468,
524288,597595.149640754,1232083,0,1,181,747,677,366,,1971,
524288,597595.149650734,1232081,1,0,260,757,826,420,,2263,
524288,597595.149659596,1232083,0,1,197,872,857,409,,2335,
524288,597595.149669759,1232081,1,0,215,866,625,352,,2058,
524288,597595.149678355,1232083,0,1,461,756,682,367,,2266,
524288,597595.149688421,1232081,1,0,202,769,734,545,,2250,
524288,597595.149697396,1232083,0,1,309,763,773,455,,2300,
524288,597595.149707519,1232081,1,0,187,748,745,366,,2046,
524288,597595.149716572,1232083,0,1,581,751,640,369,,2341,
524288,597595.149726813,1232081,1,0,295,774,673,408,,2150,
524288,597595.149761482,1232083,0,1,294,749,816,458,,2317,
524288,597595.149771396,1232081,1,0,187,742,626,424,,1979,
524288,597595.149777853,1232083,0,1,189,756,683,464,,2092,
524288,597595.149789916,1232081,1,0,181,747,702,560,,2190,
524288,597595.149796324,1232083,0,1,208,755,626,406,,1995,
524288,597595.149808095,1232081,1,0,191,740,673,585,,2189,
524288,597595.149814736,1232083,0,1,181,755,632,462,,2030,
524288,597595.149826974,1232081,1,0,194,744,671,452,,2061,
524288,597595.149833861,1232083,0,1,202,751,641,370,,1964,
524288,597595.149845566,1232081,1,0,475,752,649,405,,2281,
524288,597595.149851990,1232083,0,1,180,743,652,413,,1988,
524288,597595.149864373,1232081,1,0,214,823,621,431,,2089,
524288,597595.149870993,1232083,0,1,189,744,624,475,,2032,
524288,597595.149882676,1232081,1,0,200,736,648,395,,1979,
524288,597595.149889175,1232083,0,1,200,738,651,400,,1989,
524288,597595.149901093,1232081,1,0,190,742,621,454,,2007,
524288,597595.149907623,1232083,0,1,183,740,646,376,,1945,
524288,597595.149918848,1232081,1,0,197,746,725,426,,2094,
524288,597595.149925673,1232083,0,1,220,763,640,413,,2036,
524288,597595.149936961,1232081,1,0,210,757,647,393,,2007,
524288,597595.149944051,1232083,0,1,201,751,624,434,,2010,
524288,597595.149955661,1232081,1,0,205,743,633,427,,2008,
524288,597595.149963976,1232083,0,1,188,748,627,374,,1937,
524288,597595.150011984,1232081,1,0,191,757,784,374,,2106,
524288,597595.150021255,1232083,0,1,197,745,715,484,,2141,
524288,597595.150033692,1232081,1,0,195,751,630,375,,1951,
524288,597595.150041251,1232083,0,1,253,991,673,399,,2316,
524288,597595.150052204,1232081,1,0,221,755,638,423,,2037,
524288,597595.150060644,1232083,0,1,210,742,644,394,,1990,
524288,597595.150071298,1232081,1,0,213,745,648,389,,1995,
524288,597595.150079508,1232083,0,1,195,756,644,466,,2061,
524288,597595.150090080,1232081,1,0,220,780,648,422,,2070,
524288,597595.150098787,1232083,0,1,203,739,648,433,,2023,
524288,597595.150109775,1232081,1,0,191,742,634,394,,1961,
524288,597595.150118867,1232083,0,1,206,748,703,727,,2384,
524288,597595.150130554,1232081,1,0,197,753,658,423,,2031,
524288,597595.150139557,1232083,0,1,259,767,643,366,,2035,
524288,597595.150150299,1232081,1,0,207,749,640,416,,2012,
524288,597595.150158744,1232083,0,1,213,946,653,514,,2326,
524288,597595.150169770,1232081,1,0,208,768,674,393,,2043,
524288,597595.150178289,1232083,0,1,522,751,695,471,,2439,
524288,597595.150189092,1232081,1,0,224,747,655,400,,2026,
524288,597595.150197896,1232083,0,1,183,749,693,398,,2023,
524288,597595.150209574,1232081,1,0,219,753,646,443,,2061,
524288,597595.150218715,1232083,0,1,192,755,677,382,,2006,
524288,597595.150229534,1232081,1,0,220,753,701,368,,2042,
524288,597595.150238269,1232083,0,1,182,760,861,392,,2195,
524288,597595.150249453,1232081,1,0,203,762,706,410,,2081,
524288,597595.150258146,1232083,0,1,217,771,775,453,,2216,
524288,597595.150269141,1232081,1,0,221,764,676,386,,2047,
524288,597595.150277650,1232083,0,1,194,746,688,423,,2051,
524288,597595.150288899,1232081,1,0,308,757,684,416,,2165,
524288,597595.150298761,1232083,0,1,184,750,639,398,,1971,
524288,597595.150309542,1232081,1,0,345,756,645,387,,2133,
524288,597595.150317874,1232083,0,1,183,747,669,468,,2067,
524288,597595.150328697,1232081,1,0,194,751,646,425,,2016,
524288,597595.150337760,1232083,0,1,187,766,675,498,,2126,
524288,597595.150348611,1232081,1,0,305,753,681,364,,2103,
524288,597595.150357156,1232083,0,1,213,775,652,465,,2105,
524288,597595.150368064,1232081,1,0,200,762,804,459,,2225,
524288,597595.150376497,1232083,0,1,215,776,681,393,,2065,
524288,597595.150386646,1232081,1,0,222,752,763,857,,2594,
524288,597595.150395938,1232083,0,1,192,753,645,399,,1989,
524288,597595.150406278,1232081,1,0,232,757,657,439,,2085,
524288,597595.150414655,1232083,0,1,186,736,638,402,,1962,
524288,597595.150424845,1232081,1,0,209,746,657,391,,2003,
524288,597595.150432877,1232083,0,1,192,753,650,367,,1962,
524288,597595.150443219,1232081,1,0,350,755,646,383,,2134,
524288,597595.150452079,1232083,0,1,243,797,671,421,,2132,
524288,597595.150462329,1232081,1,0,182,855,675,417,,2129,
524288,597595.150470894,1232083,0,1,199,766,643,552,,2160,
524288,597595.150481579,1232081,1,0,219,782,649,430,,2080,
524288,597595.150489866,1232083,0,1,173,760,652,394,,1979,
524288,597595.150506738,1232081,1,0,268,883,826,456,,2433,
524288,597595.150515574,1232083,0,1,271,760,717,447,,2195,
524288,597595.150525957,1232081,1,0,358,746,654,426,,2184,
524288,597595.150534370,1232083,0,1,234,762,678,378,,2052,
524288,597595.150544647,1232081,1,0,238,749,653,371,,2011,
524288,597595.150552857,1232083,0,1,214,914,677,363,,2168,
524288,597595.150563465,1232081,1,0,211,763,812,389,,2175,
524288,597595.150572337,1232083,0,1,188,770,667,368,,1993,
524288,597595.150582520,1232081,1,0,381,748,687,400,,2216,
524288,597595.150590781,1232083,0,1,199,746,650,476,,2071,
524288,597595.150601046,1232081,1,0,238,754,646,426,,2064,
524288,597595.150609940,1232083,0,1,289,989,827,562,,2667,
524288,597595.150620758,1232081,1,0,194,759,646,448,,2047,
524288,597595.150628796,1232083,0,1,189,855,819,422,,2285,
524288,597595.150639382,1232081,1,0,228,973,876,368,,2445,
524288,597595.150647566,1232083,0,1,218,756,654,370,,1998,
524288,597595.150657534,1232081,1,0,202,767,678,415,,2062,
524288,597595.150665797,1232083,0,1,200,760,665,381,,2006,
524288,597595.150676205,1232081,1,0,201,751,682,444,,2078,
524288,597595.150684957,1232083,0,1,341,765,657,688,,2451,
524288,597595.150695378,1232081,1,0,201,747,959,384,,2291,
524288,597595.150704014,1232083,0,1,189,755,1002,406,,2352,
524288,597595.150714711,1232081,1,0,201,744,764,388,,2097,
524288,597595.150723466,1232083,0,1,297,758,646,372,,2073,
524288,597595.150733540,1232081,1,0,218,760,663,414,,2055,
524288,597595.150741956,1232083,0,1,194,771,774,399,,2138,
524288,597595.150752228,1232081,1,0,197,752,628,385,,1962,
524288,597595.150760528,1232083,0,1,178,751,648,475,,2052,
524288,597595.150770538,1232081,1,0,181,757,802,391,,2131,
524288,597595.150778573,1232083,0,1,199,750,670,391,,2010,
524288,597595.150788698,1232081,1,0,211,762,788,513,,2274,
524288,597595.150796883,1232083,0,1,197,744,712,626,,2279,
524288,597595.150807245,1232081,1,0,180,766,635,369,,1950,
524288,597595.150815576,1232083,0,1,201,756,837,540,,2334,
524288,597595.150826130,1232081,1,0,349,775,688,450,,2262,
524288,597595.150834865,1232083,0,1,183,757,647,371,,1958,
524288,597595.150844871,1232081,1,0,218,764,653,394,,2029,
524288,597595.150853593,1232083,0,1,205,751,711,410,,2077,
524288,597595.150863682,1232081,1,0,180,755,635,411,,1981,
524288,597595.150872073,1232083,0,1,191,769,784,435,,2179,
524288,597595.150882409,1232081,1,0,220,760,683,373,,2036,
524288,597595.150890983,1232083,0,1,176,752,735,436,,2099,
524288,597595.150901052,1232081,1,0,258,751,639,401,,2049,
524288,597595.150909139,1232083,0,1,167,846,642,430,,2085,
524288,597595.150919128,1232081,1,0,198,762,689,403,,2052,
524288,597595.150926746,1232083,0,1,223,758,664,406,,2051,
524288,597595.150937165,1232081,1,0,195,765,855,436,,2251,
524288,597595.150945014,1232083,0,1,204,754,645,388,,1991,
524288,597595.150954709,1232081,1,0,188,754,650,385,,1977,
524288,597595.150962555,1232083,0,1,348,763,804,562,,2477,
524288,597595.150973035,1232081,1,0,222,745,656,426,,2049,
524288,597595.150981273,1232083,0,1,212,756,640,431,,2039,
524288,597595.150991095,1232081,1,0,191,756,666,440,,2053,
524288,597595.150999590,1232083,0,1,210,751,666,400,,2027,
524288,597595.151009587,1232081,1,0,190,784,658,371,,2003,
524288,597595.151017518,1232083,0,1,186,780,639,415,,2020,
524288,597595.151027360,1232081,1,0,191,758,678,390,,2017,
524288,597595.151035246,1232083,0,1,200,742,677,379,,1998,
524288,597595.151045312,1232081,1,0,210,755,638,409,,2012,
524288,597595.151053918,1232083,0,1,203,755,705,387,,2050,
524288,597595.151063948,1232081,1,0,216,748,652,578,,2194,
524288,597595.151072041,1232083,0,1,184,750,786,457,,2177,
524288,597595.151082205,1232081,1,0,191,754,655,364,,1964,
524288,597595.151090367,1232083,0,1,302,751,673,557,,2283,
524288,597595.151100468,1232081,1,0,350,754,704,394,,2202,
524288,597595.151108974,1232083,0,1,220,750,816,390,,2176,
524288,597595.151118885,1232081,1,0,236,785,663,363,,2047,
524288,597595.151127798,1232083,0,1,212,756,659,452,,2079,
524288,597595.151137891,1232081,1,0,184,755,631,393,,1963,
524288,597595.151145410,1232083,0,1,228,796,727,399,,2150,
524288,597595.151155639,1232081,1,0,221,745,692,416,,2074,
524288,597595.151164006,1232083,0,1,202,774,674,364,,2014,
524288,597595.151174166,1232081,1,0,208,753,675,421,,2057,
524288,597595.151182363,1232083,0,1,251,763,688,417,,2119,
524288,597595.151192561,1232081,1,0,202,737,640,367,,1946,
524288,597595.151200584,1232083,0,1,178,946,659,361,,2144,
524288,597595.151210590,1232081,1,0,230,779,651,451,,2111,
524288,597595.151219481,1232083,0,1,478,766,695,423,,2362,
524288,597595.151230270,1232081,1,0,314,743,646,367,,2070,
524288,597595.151238489,1232083,0,1,335,764,659,393,,2151,
524288,597595.151248529,1232081,1,0,304,743,810,422,,2279,
524288,597595.151257243,1232083,0,1,416,752,784,407,,2359,
524288,597595.151267263,1232081,1,0,227,749,646,428,,2050,
524288,597595.151274353,1232083,0,1,225,758,650,385,,2018,
524288,597595.151284278,1232081,1,0,194,744,636,397,,1971,
524288,597595.151291179,1232083,0,1,215,764,698,499,,2176,
524288,597595.151301246,1232081,1,0,215,749,676,358,,1998,
524288,597595.151309254,1232083,0,1,179,760,635,367,,1941,
524288,597595.151319255,1232081,1,0,220,877,786,474,,2357,
524288,597595.151327741,1232083,0,1,516,762,724,512,,2514,
524288,597595.151338438,1232081,1,0,271,753,630,478,,2132,
524288,597595.151347160,1232083,0,1,173,758,773,379,,2083,
524288,597595.151357151,1232081,1,0,199,757,737,502,,2195,
524288,597595.151365028,1232083,0,1,215,775,802,508,,2300,
524288,597595.151375287,1232081,1,0,216,762,656,364,,1998,
524288,597595.151383424,1232083,0,1,260,751,644,380,,2035,
524288,597595.151393220,1232081,1,0,191,760,750,417,,2118,
524288,597595.151400464,1232083,0,1,196,761,671,489,,2117,
524288,597595.151410561,1232081,1,0,220,756,624,370,,1970,
524288,597595.151417511,1232083,0,1,182,764,639,382,,1967,
524288,597595.151427214,1232081,1,0,337,780,697,419,,2233,
524288,597595.151435272,1232083,0,1,210,754,1201,412,,2577,
524288,597595.151445848,1232081,1,0,300,759,642,410,,2111,
524288,597595.151453772,1232083,0,1,197,749,674,371,,1991,
524288,597595.151463439,1232081,1,0,186,758,700,659,,2303,
524288,597595.151472016,1232083,0,1,217,760,653,508,,2138,
524288,597595.151482850,1232081,1,0,243,763,639,382,,2027,
524288,597595.151490659,1232083,0,1,190,748,649,375,,1962,
524288,597595.151502532,1232081,1,0,208,754,687,430,,2079,
524288,597595.151510216,1232083,0,1,204,777,716,437,,2134,
524288,597595.151520176,1232081,1,0,200,752,801,400,,2153,
524288,597595.151527584,1232083,0,1,180,759,674,368,,1981,
524288,597595.151537459,1232081,1,0,296,765,615,432,,2108,
524288,597595.151544849,1232083,0,1,201,758,682,473,,2114,
524288,597595.151554521,1232081,1,0,213,758,738,368,,2077,
524288,597595.151563179,1232083,0,1,178,989,640,372,,2179,
524288,597595.151573380,1232081,1,0,196,767,668,387,,2018,
524288,597595.151581650,1232083,0,1,212,761,689,429,,2091,
524288,597595.151591704,1232081,1,0,194,753,647,425,,2019,
524288,597595.151599495,1232083,0,1,216,751,807,380,,2154,
524288,597595.151609536,1232081,1,0,211,749,762,460,,2182,
524288,597595.151616878,1232083,0,1,242,761,691,464,,2158,
524288,597595.151626878,1232081,1,0,207,747,639,359,,1952,
524288,597595.151634988,1232083,0,1,222,756,674,372,,2024,
524288,597595.151645255,1232081,1,0,332,1042,777,437,,2588,
524288,597595.151653084,1232083,0,1,213,764,700,564,,2241,
524288,597595.151662981,1232081,1,0,219,766,629,364,,1978,
524288,597595.151670359,1232083,0,1,205,982,640,378,,2205,
524288,597595.151680293,1232081,1,0,203,890,639,431,,2163,
524288,597595.151688391,1232083,0,1,235,783,695,419,,2132,
524288,597595.151698389,1232081,1,0,292,758,636,433,,2119,
524288,597595.151706138,1232083,0,1,183,746,640,384,,1953,
524288,597595.151715770,1232081,1,0,211,757,648,416,,2032,
524288,597595.151723818,1232083,0,1,219,745,688,407,,2059,
524288,597595.151734081,1232081,1,0,203,754,645,367,,1969,
524288,597595.151741903,1232083,0,1,182,754,640,391,,1967,
524288,597595.151751809,1232081,1,0,200,753,609,373,,1935,
524288,597595.151759808,1232083,0,1,200,752,665,487,,2104,
524288,597595.151769851,1232081,1,0,189,749,630,405,,1973,
524288,597595.151778584,1232083,0,1,463,741,868,405,,2477,
524288,597595.151788858,1232081,1,0,241,758,651,429,,2079,
524288,597595.151797335,1232083,0,1,191,753,669,386,,1999,
524288,597595.151807256,1232081,1,0,288,736,631,368,,2023,
524288,597595.151815227,1232083,0,1,198,760,643,529,,2130,
524288,597595.151825106,1232081,1,0,195,739,654,472,,2060,
524288,597595.151832927,1232083,0,1,238,757,697,588,,2280,
524288,597595.151842970,1232081,1,0,198,740,626,391,,1955,
524288,597595.151851103,1232083,0,1,181,789,632,366,,1968,
524288,597595.151861251,1232081,1,0,211,765,652,419,,2047,
524288,597595.151868970,1232083,0,1,219,762,705,379,,2065,
524288,597595.151878808,1232081,1,0,224,736,671,651,,2282,
524288,597595.151887293,1232083,0,1,201,773,650,364,,1988,
524288,597595.151897230,1232081,1,0,215,757,687,438,,2097,
524288,597595.151905473,1232083,0,1,207,746,680,451,,2084,
524288,597595.151915564,1232081,1,0,181,758,639,363,,1941,
524288,597595.151923636,1232083,0,1,214,749,647,422,,2032,
524288,597595.151933689,1232081,1,0,195,758,633,385,,1971,
524288,597595.151941990,1232083,0,1,489,758,716,423,,2386,
524288,597595.151952184,1232081,1,0,207,754,760,376,,2097,
524288,597595.151960810,1232083,0,1,319,754,716,423,,2212,
524288,597595.151970855,1232081,1,0,206,746,668,418,,2038,
524288,597595.151981106,1232083,0,1,190,952,950,414,,2506,
524288,597595.151991459,1232081,1,0,230,782,865,488,,2365,
524288,597595.152000017,1232083,0,1,171,754,635,371,,1931,
524288,597595.152009690,1232081,1,0,212,749,656,413,,2030,
524288,597595.152018344,1232083,0,1,202,754,671,394,,2021,
524288,597595.152028235,1232081,1,0,246,747,651,365,,2009,
524288,597595.152036442,1232083,0,1,193,774,642,530,,2139,
524288,597595.152046153,1232081,1,0,198,757,635,390,,1980,
524288,597595.152054231,1232083,0,1,216,757,675,412,,2060,
524288,597595.152064249,1232081,1,0,209,760,637,423,,2029,
524288,597595.152071890,1232083,0,1,179,751,641,413,,1984,
524288,597595.152081616,1232081,1,0,189,750,650,393,,1982,
524288,597595.152089480,1232083,0,1,198,762,653,444,,2057,
524288,597595.152099804,1232081,1,0,230,754,650,377,,2011,
524288,597595.152107657,1232083,0,1,189,738,645,411,,1983,
524288,597595.152117386,1232081,1,0,218,756,658,368,,2000,
524288,597595.152125113,1232083,0,1,213,744,752,436,,2145,
524288,597595.152135051,1232081,1,0,207,811,689,378,,2085,
524288,597595.152143250,1232083,0,1,193,756,675,565,,2189,
524288,597595.152153360,1232081,1,0,226,761,655,395,,2037,
524288,597595.152161182,1232083,0,1,208,752,696,411,,2067,
524288,597595.152171060,1232081,1,0,208,897,682,380,,2167,
524288,597595.152180121,1232083,0,1,404,760,785,468,,2417,
524288,597595.152190415,1232081,1,0,246,758,680,396,,2080,
524288,597595.152199152,1232083,0,1,380,862,661,457,,2360,
524288,597595.152209321,1232081,1,0,197,756,637,384,,1974,
524288,597595.152217946,1232083,0,1,181,752,640,402,,1975,
524288,597595.152227902,1232081,1,0,196,767,647,370,,1980,
524288,597595.152236205,1232083,0,1,195,756,734,425,,2110,
524288,597595.152246200,1232081,1,0,216,753,653,366,,1988,
524288,597595.152255193,1232083,0,1,177,762,642,400,,1981,
524288,597595.152264913,1232081,1,0,179,743,653,362,,1937,
524288,597595.152273259,1232083,0,1,206,758,668,423,,2055,
524288,597595.152283154,1232081,1,0,223,949,663,365,,2200,
524288,597595.152292251,1232083,0,1,208,751,641,397,,1997,
524288,597595.152301886,1232081,1,0,249,760,657,422,,2088,
524288,597595.152310954,1232083,0,1,368,758,651,560,,2337,
524288,597595.152321448,1232081,1,0,311,745,659,390,,2105,
524288,597595.152330123,1232083,0,1,186,741,777,365,,2069,
524288,597595.152339892,1232081,1,0,233,747,677,371,,2028,
524288,597595.152348322,1232083,0,1,201,747,665,467,,2080,
524288,597595.152358439,1232081,1,0,204,770,635,379,,1988,
524288,597595.152366573,1232083,0,1,194,754,647,371,,1966,
524288,597595.152376258,1232081,1,0,199,750,662,411,,2022,
524288,597595.152384216,1232083,0,1,193,755,668,407,,2023,
524288,597595.152394013,1232081,1,0,190,771,645,355,,1961,
524288,597595.152401516,1232083,0,1,193,752,656,393,,1994,
524288,597595.152411382,1232081,1,0,189,754,663,443,,2049,
524288,597595.152418882,1232083,0,1,330,750,680,410,,2170,
524288,597595.152429078,1232081,1,0,219,763,642,437,,2061,
524288,597595.152437244,1232083,0,1,340,764,959,386,,2449,
524288,597595.152447411,1232081,1,0,216,754,641,399,,2010,
524288,597595.152455349,1232083,0,1,225,753,693,440,,2111,
524288,597595.152465217,1232081,1,0,203,758,659,369,,1989,
524288,597595.152496908,1232083,0,1,331,758,720,536,,2345,
524288,597595.152507582,1232081,1,0,246,749,733,440,,2168,
524288,597595.152514572,1232083,0,1,233,743,697,678,,2351,
524288,597595.152527065,1232081,1,0,188,757,685,592,,2222,
524288,597595.152534382,1232083,0,1,217,765,702,388,,2072,
524288,597595.152545849,1232081,1,0,186,751,663,495,,2095,
524288,597595.152553018,1232083,0,1,217,764,648,427,,2056,
524288,597595.152564831,1232081,1,0,197,738,627,398,,1960,
524288,597595.152571232,1232083,0,1,175,758,642,427,,2002,
524288,597595.152583059,1232081,1,0,218,747,633,394,,1992,
524288,597595.152589448,1232083,0,1,222,759,813,424,,2218,
524288,597595.152601867,1232081,1,0,276,749,633,382,,2040,
524288,597595.152608710,1232083,0,1,205,749,640,360,,1954,
524288,597595.152620407,1232081,1,0,226,747,770,457,,2200,
524288,597595.152627211,1232083,0,1,257,774,826,401,,2258,
524288,597595.152638694,1232081,1,0,194,761,637,397,,1989,
524288,597595.152645476,1232083,0,1,226,794,648,367,,2035,
524288,597595.152656877,1232081,1,0,214,756,701,454,,2125,
524288,597595.152664231,1232083,0,1,205,762,678,414,,2059,
524288,597595.152675670,1232081,1,0,216,759,679,386,,2040,
524288,597595.152682420,1232083,0,1,174,774,653,455,,2056,
524288,597595.152694435,1232081,1,0,203,757,724,394,,2078,
524288,597595.152701605,1232083,0,1,188,755,652,398,,1993,
524288,597595.152756624,1232081,1,0,236,778,633,374,,2021,
524288,597595.152764919,1232083,0,1,202,760,676,403,,2041,
524288,597595.152775361,1232081,1,0,204,759,652,436,,2051,
524288,597595.152783348,1232083,0,1,207,775,692,413,,2087,
524288,597595.152793451,1232081,1,0,199,750,648,384,,1981,
524288,597595.152801290,1232083,0,1,399,737,679,424,,2239,
524288,597595.152811687,1232081,1,0,187,778,634,412,,2011,
524288,597595.152819588,1232083,0,1,195,746,699,412,,2052,
524288,597595.152829991,1232081,1,0,207,751,699,386,,2043,
524288,597595.152837882,1232083,0,1,214,757,700,420,,2091,
524288,597595.152847595,1232081,1,0,221,746,639,434,,2040,
524288,597595.152855313,1232083,0,1,208,751,688,432,,2079,
524288,597595.152865299,1232081,1,0,221,755,657,386,,2019,
524288,597595.152873396,1232083,0,1,185,768,647,365,,1965,
524288,597595.152883587,1232081,1,0,191,845,639,380,,2055,
524288,597595.152891485,1232083,0,1,318,761,700,486,,2265,
524288,597595.152901611,1232081,1,0,306,767,639,631,,2343,
524288,597595.152910150,1232083,0,1,176,773,643,382,,1974,
524288,597595.152919784,1232081,1,0,208,742,639,387,,1976,
524288,597595.152928015,1232083,0,1,216,755,678,381,,2030,
524288,597595.152937850,1232081,1,0,317,757,686,365,,2125,
524288,597595.152946081,1232083,0,1,187,762,650,383,,1982,
524288,597595.152955986,1232081,1,0,187,758,637,372,,1954,
524288,597595.152963229,1232083,0,1,197,757,684,412,,2050,
524288,597595.152973329,1232081,1,0,241,754,681,370,,2046,
524288,597595.152980299,1232083,0,1,192,758,646,375,,1971,
524288,597595.152990002,1232081,1,0,403,747,637,392,,2179,
524288,597595.152996998,1232083,0,1,235,755,694,390,,2074,
524288,597595.153006963,1232081,1,0,216,744,689,619,,2268,
524288,597595.153014500,1232083,0,1,190,757,647,389,,1983,
524288,597595.153024247,1232081,1,0,193,762,636,472,,2063,
524288,597595.153031776,1232083,0,1,203,755,701,415,,2074,
524288,597595.153042082,1232081,1,0,224,758,663,505,,2150,
524288,597595.153050016,1232083,0,1,181,772,636,415,,2004,
524288,597595.153059781,1232081,1,0,185,737,633,396,,1951,
524288,597595.153067465,1232083,0,1,199,769,668,472,,2108,
524288,597595.153077390,1232081,1,0,228,765,658,440,,2091,
524288,597595.153085698,1232083,0,1,192,924,694,447,,2257,
524288,597595.153095906,1232081,1,0,187,756,649,362,,1954,
524288,597595.153103912,1232083,0,1,216,774,691,444,,2125,
524288,597595.153113938,1232081,1,0,306,762,658,491,,2217,
524288,597595.153122396,1232083,0,1,179,760,636,536,,2111,
524288,597595.153132337,1232081,1,0,202,754,654,398,,2008,
524288,597595.153139671,1232083,0,1,196,756,671,377,,2000,
524288,597595.153149364,1232081,1,0,230,752,645,366,,1993,
524288,597595.153157373,1232083,0,1,201,755,642,568,,2166,
524288,597595.153167488,1232081,1,0,193,747,649,378,,1967,
524288,597595.153174459,1232083,0,1,228,768,829,420,,2245,
524288,597595.153184564,1232081,1,0,198,748,650,416,,2012,
524288,597595.153191940,1232083,0,1,196,753,843,451,,2243,
524288,597595.153201913,1232081,1,0,223,759,638,367,,1987,
524288,597595.153209358,1232083,0,1,200,759,700,431,,2090,
524288,597595.153219493,1232081,1,0,211,749,632,428,,2020,
524288,597595.153226991,1232083,0,1,194,762,679,362,,1997,
524288,597595.153237144,1232081,1,0,216,760,716,392,,2084,
524288,597595.153245550,1232083,0,1,234,756,671,365,,2026,
524288,597595.153255745,1232081,1,0,193,746,719,360,,2018,
524288,597595.153263854,1232083,0,1,633,755,658,442,,2488,
524288,597595.153274215,1232081,1,0,283,746,650,367,,2046,
524288,597595.153282505,1232083,0,1,197,765,684,387,,2033,
524288,597595.153292719,1232081,1,0,196,752,643,369,,1960,
524288,597595.153300963,1232083,0,1,182,753,708,425,,2068,
524288,597595.153310756,1232081,1,0,187,771,629,370,,1957,
524288,597595.153318821,1232083,0,1,197,819,688,438,,2142,
524288,597595.153328979,1232081,1,0,218,745,642,371,,1976,
524288,597595.153336522,1232083,0,1,181,756,643,402,,1982,
524288,597595.153346050,1232081,1,0,338,754,673,368,,2133,
524288,597595.153354064,1232083,0,1,237,767,699,399,,2102,
524288,597595.153363831,1232081,1,0,206,749,624,369,,1948,
524288,597595.153371791,1232083,0,1,181,794,666,401,,2042,
524288,597595.153381700,1232081,1,0,202,747,675,427,,2051,
524288,597595.153389677,1232083,0,1,223,773,666,381,,2043,
524288,597595.153399471,1232081,1,0,228,780,650,373,,2031,
524288,597595.153407615,1232083,0,1,188,766,639,557,,2150,
524288,597595.153417570,1232081,1,0,185,800,639,393,,2017,
524288,597595.153425724,1232083,0,1,392,753,682,406,,2233,
524288,597595.153435788,1232081,1,0,203,741,643,383,,1970,
524288,597595.153444701,1232083,0,1,182,754,638,370,,1944,
524288,597595.153455065,1232081,1,0,188,740,649,420,,1997,
524288,597595.153463338,1232083,0,1,243,753,692,447,,2135,
524288,597595.153473108,1232081,1,0,220,745,642,399,,2006,
524288,597595.153481670,1232083,0,1,188,765,643,400,,1996,
524288,597595.153491357,1232081,1,0,186,751,630,368,,1935,
524288,597595.153498686,1232083,0,1,241,742,716,3866,,5565,
524288,597595.153512289,1232081,1,0,297,787,733,418,,2235,
524288,597595.153519440,1232083,0,1,195,766,743,426,,2130,
524288,597595.153529179,1232081,1,0,196,752,803,426,,2177,
524288,597595.153537393,1232083,0,1,214,759,711,389,,2073,
524288,597595.153547390,1232081,1,0,216,748,635,386,,1985,
524288,597595.153555428,1232083,0,1,182,752,771,363,,2068,
524288,597595.153565129,1232081,1,0,214,768,653,391,,2026,
524288,597595.153573383,1232083,0,1,193,753,692,429,,2067,
524288,597595.153583546,1232081,1,0,215,759,632,384,,1990,
524288,597595.153592006,1232083,0,1,184,765,646,593,,2188,
524288,597595.153601886,1232081,1,0,180,754,644,464,,2042,
524288,597595.153609851,1232083,0,1,206,761,704,425,,2096,
524288,597595.153620348,1232081,1,0,204,750,633,419,,2006,
524288,597595.153628576,1232083,0,1,184,753,659,402,,1998,
524288,597595.153638497,1232081,1,0,184,748,1007,429,,2368,
524288,597595.153647654,1232083,0,1,210,763,819,408,,2200,
524288,597595.153657816,1232081,1,0,367,759,636,388,,2150,
524288,597595.153666252,1232083,0,1,188,738,681,379,,1986,
524288,597595.153676024,1232081,1,0,192,771,665,361,,1989,
524288,597595.153683749,1232083,0,1,222,740,685,456,,2103,
524288,597595.153693690,1232081,1,0,227,751,648,438,,2064,
524288,597595.153702296,1232083,0,1,190,748,643,398,,1979,
524288,597595.153712123,1232081,1,0,202,765,636,383,,1986,
524288,597595.153720598,1232083,0,1,353,747,759,584,,2443,
524288,597595.153730996,1232081,1,0,521,754,705,362,,2342,
524288,597595.153740487,1232083,0,1,177,752,653,375,,1957,
524288,597595.153750258,1232081,1,0,183,761,632,421,,1997,
524288,597595.153759082,1232083,0,1,202,750,729,412,,2093,
524288,597595.153768951,1232081,1,0,216,756,631,385,,1988,
524288,597595.153777325,1232083,0,1,230,756,646,381,,2013,
524288,597595.153787023,1232081,1,0,199,757,627,380,,1963,
524288,597595.153794625,1232083,0,1,208,757,693,459,,2117,
524288,597595.153804705,1232081,1,0,209,755,644,366,,1974,
524288,597595.153812208,1232083,0,1,209,759,652,370,,1990,
524288,597595.153822158,1232081,1,0,189,760,652,380,,1981,
524288,597595.153830144,1232083,0,1,195,745,965,460,,2365,
524288,597595.153840465,1232081,1,0,214,752,663,398,,2027,
524288,597595.153848253,1232083,0,1,196,786,681,352,,2015,
524288,597595.153858093,1232081,1,0,189,758,663,370,,1980,
524288,597595.153866538,1232083,0,1,223,764,722,415,,2124,
524288,597595.153876598,1232081,1,0,209,757,651,371,,1988,
524288,597595.153885425,1232083,0,1,169,753,647,365,,1934,
524288,597595.153895263,1232081,1,0,202,765,677,369,,2013,
524288,597595.153903853,1232083,0,1,215,780,760,495,,2250,
524288,597595.153914335,1232081,1,0,210,774,639,383,,2006,
524288,597595.153922016,1232083,0,1,194,773,712,493,,2172,
524288,597595.153932535,1232081,1,0,197,795,645,372,,2009,
524288,597595.153940326,1232083,0,1,211,798,760,466,,2235,
524288,597595.153950639,1232081,1,0,227,763,633,379,,2002,
524288,597595.153959715,1232083,0,1,222,767,720,436,,2145,
524288,597595.153970172,1232081,1,0,225,773,756,379,,2133,
524288,597595.153978745,1232083,0,1,241,781,709,436,,2167,
524288,597595.153989030,1232081,1,0,227,771,662,437,,2097,
524288,597595.153996896,1232083,0,1,215,781,704,449,,2149,
524288,597595.154007087,1232081,1,0,227,780,654,386,,2047,
524288,597595.154014218,1232083,0,1,205,768,775,471,,2219,
524288,597595.154024349,1232081,1,0,359,770,658,417,,2204,
524288,597595.154032177,1232083,0,1,193,793,718,399,,2103,
524288,597595.154042497,1232081,1,0,203,1030,679,404,,2316,
524288,597595.154050263,1232083,0,1,236,783,796,523,,2338,
524288,597595.154060801,1232081,1,0,300,776,643,422,,2141,
524288,597595.154068580,1232083,0,1,199,785,751,417,,2152,
524288,597595.154078481,1232081,1,0,208,782,646,432,,2068,
524288,597595.154086903,1232083,0,1,213,781,804,431,,2229,
524288,597595.154097057,1232081,1,0,211,768,661,367,,2007,
524288,597595.154105539,1232083,0,1,210,785,707,416,,2118,
524288,597595.154115591,1232081,1,0,224,772,677,436,,2109,
524288,597595.154124071,1232083,0,1,220,772,735,447,,2174,
524288,597595.154134473,1232081,1,0,217,775,654,399,,2045,
524288,597595.154142784,1232083,0,1,212,788,711,432,,2143,
524288,597595.154152993,1232081,1,0,315,805,641,390,,2151,
524288,597595.154160909,1232083,0,1,269,771,748,452,,2240,
524288,597595.154171110,1232081,1,0,211,768,712,469,,2160,
524288,597595.154179516,1232083,0,1,224,773,706,445,,2148,
524288,597595.154189588,1232081,1,0,189,739,639,366,,1933,
524288,597595.154197752,1232083,0,1,234,750,719,416,,2119,
524288,597595.154207936,1232081,1,0,226,746,631,405,,2008,
524288,597595.154215707,1232083,0,1,186,752,650,409,,1997,
524288,597595.154225599,1232081,1,0,205,766,645,373,,1989,
524288,597595.154232985,1232083,0,1,227,793,808,463,,2291,
524288,597595.154243325,1232081,1,0,204,776,676,406,,2062,
524288,597595.154251144,1232083,0,1,187,776,712,410,,2085,
524288,597595.154261760,1232081,1,0,212,764,661,421,,2058,
524288,597595.154268937,1232083,0,1,223,765,783,467,,2238,
524288,597595.154279816,1232081,1,0,244,760,662,419,,2085,
524288,597595.154287979,1232083,0,1,229,777,721,413,,2140,
524288,597595.154298193,1232081,1,0,207,760,646,375,,1988,
524288,597595.154305874,1232083,0,1,229,769,763,487,,2248,
524288,597595.154316138,1232081,1,0,285,763,729,370,,2147,
524288,597595.154324366,1232083,0,1,207,766,785,481,,2239,
524288,597595.154335069,1232081,1,0,207,923,644,411,,2185,
524288,597595.154343114,1232083,0,1,240,817,769,482,,2308,
524288,597595.154353831,1232081,1,0,215,759,639,477,,2090,
524288,597595.154361798,1232083,0,1,177,792,773,450,,2192,
524288,597595.154371869,1232081,1,0,209,766,643,397,,2015,
524288,597595.154380008,1232083,0,1,233,790,672,456,,2151,
524288,597595.154393097,1232081,1,0,2225,,,2983,,5434,
524288,597595.154405273,1232083,0,1,202,762,893,382,,2239,
524288,597595.154415154,1232081,1,0,535,,,1032,,1888,
524288,597595.154423486,1232083,0,1,194,746,798,469,,2207,
524288,597595.154433709,1232081,1,0,219,766,754,496,,2235,
524288,597595.154442660,1232083,0,1,206,762,760,401,,2129,
524288,597595.154452402,1232081,1,0,210,760,638,388,,1996,
524288,597595.154460650,1232083,0,1,188,761,681,373,,2003,
524288,597595.154471076,1232081,1,0,194,768,657,381,,2000,
524288,597595.154478523,1232083,0,1,223,755,683,466,,2127,
524288,597595.154488290,1232081,1,0,197,763,633,371,,1964,
524288,597595.154496626,1232083,0,1,220,984,645,365,,2214,
524288,597595.154510531,1232081,1,0,236,764,690,445,,2135,
524288,597595.154518647,1232083,0,1,213,762,721,423,,2119,
524288,597595.154528834,1232081,1,0,185,760,631,397,,1973,
524288,597595.154536847,1232083,0,1,186,758,819,426,,2189,
524288,597595.154546929,1232081,1,0,213,757,642,370,,1982,
524288,597595.154554869,1232083,0,1,196,756,707,412,,2071,
524288,597595.154565008,1232081,1,0,196,772,630,365,,1963,
524288,597595.154572624,1232083,0,1,186,760,686,496,,2128,
524288,597595.154582716,1232081,1,0,212,788,688,354,,2042,
524288,597595.154590825,1232083,0,1,217,758,680,422,,2077,
524288,597595.154600641,1232081,1,0,198,763,706,513,,2180,
524288,597595.154608866,1232083,0,1,230,755,650,424,,2059,
524288,597595.154618773,1232081,1,0,194,760,637,369,,1960,
524288,597595.154627184,1232083,0,1,196,755,831,470,,2252,
524288,597595.154637264,1232081,1,0,196,768,803,423,,2190,
524288,597595.154645869,1232083,0,1,191,770,781,396,,2138,
524288,597595.154655881,1232081,1,0,177,763,758,390,,2088,
524288,597595.154664552,1232083,0,1,196,759,714,425,,2094,
524288,597595.154674456,1232081,1,0,189,735,632,373,,1929,
524288,597595.154682620,1232083,0,1,189,758,1005,566,,2518,
524288,597595.154693037,1232081,1,0,233,765,637,393,,2028,
524288,597595.154700832,1232083,0,1,352,744,718,415,,2229,
524288,597595.154710881,1232081,1,0,197,743,934,445,,2319,
524288,597595.154719618,1232083,0,1,179,747,642,367,,1935,
524288,597595.154729452,1232081,1,0,216,766,635,356,,1973,
524288,597595.154737481,1232083,0,1,203,753,702,429,,2087,
524288,597595.154747365,1232081,1,0,189,755,640,385,,1969,
524288,597595.154755522,1232083,0,1,177,804,785,519,,2285,
524288,597595.154765685,1232081,1,0,231,753,759,375,,2118,
524288,597595.154774224,1232083,0,1,538,761,682,440,,2421,
524288,597595.154784438,1232081,1,0,201,754,678,397,,2030,
524288,597595.154793179,1232083,0,1,177,776,738,399,,2090,
524288,597595.154803208,1232081,1,0,225,773,637,366,,2001,
524288,597595.154811694,1232083,0,1,195,759,712,442,,2108,
524288,597595.154821463,1232081,1,0,192,763,636,379,,1970,
524288,597595.154829962,1232083,0,1,500,765,656,364,,2285,
524288,597595.154840237,1232081,1,0,425,768,653,388,,2234,
524288,597595.154848460,1232083,0,1,216,757,711,388,,2072,
524288,597595.154858523,1232081,1,0,195,763,633,383,,1974,
524288,597595.154866026,1232083,0,1,174,750,784,399,,2107,
524288,597595.154876093,1232081,1,0,196,758,675,368,,1997,
524288,597595.154884067,1232083,0,1,209,748,700,377,,2034,
524288,597595.154894124,1232081,1,0,189,869,741,399,,2198,
524288,597595.154902426,1232083,0,1,199,754,642,443,,2038,
524288,597595.154912451,1232081,1,0,207,769,635,366,,1977,
524288,597595.154920574,1232083,0,1,205,1238,674,429,,2546,
524288,597595.154930958,1232081,1,0,191,760,643,507,,2101,
524288,597595.154939330,1232083,0,1,211,749,794,469,,2223,
524288,597595.154949413,1232081,1,0,218,757,648,412,,2035,
524288,597595.154957733,1232083,0,1,184,753,689,538,,2164,
524288,597595.154967789,1232081,1,0,191,757,636,399,,1983,
524288,597595.154976486,1232083,0,1,226,770,648,379,,2023,
524288,597595.154986307,1232081,1,0,325,754,631,372,,2082,
524288,597595.154994504,1232083,0,1,201,791,803,400,,2195,
524288,597595.155004625,1232081,1,0,211,754,646,408,,2019,
524288,597595.155012936,1232083,0,1,191,747,644,403,,1985,
524288,597595.155022990,1232081,1,0,219,768,642,377,,2006,
524288,597595.155031166,1232083,0,1,198,771,670,509,,2148,
524288,597595.155041014,1232081,1,0,198,748,639,369,,1954,
524288,597595.155049148,1232083,0,1,291,758,770,367,,2186,
524288,597595.155059481,1232081,1,0,197,764,688,430,,2079,
524288,597595.155067217,1232083,0,1,191,755,872,407,,2225,
524288,597595.155077225,1232081,1,0,225,750,654,373,,2002,
524288,597595.155085283,1232083,0,1,287,754,651,373,,2065,
524288,597595.155095358,1232081,1,0,185,766,636,392,,1979,
524288,597595.155103910,1232083,0,1,198,763,852,521,,2334,
524288,597595.155114218,1232081,1,0,194,766,733,399,,2092,
524288,597595.155122697,1232083,0,1,594,758,713,369,,2434,
524288,597595.155133105,1232081,1,0,218,754,756,385,,2113,
524288,597595.155142302,1232083,0,1,206,748,689,496,,2139,
524288,597595.155152657,1232081,1,0,185,871,647,477,,2180,
524288,597595.155161089,1232083,0,1,582,764,732,371,,2449,
524288,597595.155171340,1232081,1,0,246,750,646,390,,2032,
524288,597595.155207271,1232083,0,1,211,943,752,504,,2410,
524288,597595.155217403,1232081,1,0,197,761,651,358,,1967,
524288,597595.155223604,1232083,0,1,184,759,719,386,,2048,
524288,597595.155235691,1232081,1,0,199,757,656,412,,2024,
524288,597595.155242019,1232083,0,1,200,763,717,420,,2100,
524288,597595.155253768,1232081,1,0,211,741,673,366,,1991,
524288,597595.155259688,1232083,0,1,201,776,655,363,,1995,
524288,597595.155271296,1232081,1,0,206,760,746,525,,2237,
524288,597595.155277835,1232083,0,1,206,763,656,592,,2217,
524288,597595.155289538,1232081,1,0,239,759,711,413,,2122,
524288,597595.155295899,1232083,0,1,185,745,676,384,,1990,
524288,597595.155307795,1232081,1,0,204,777,637,456,,2074,
524288,597595.155314538,1232083,0,1,200,751,648,512,,2111,
524288,597595.155325967,1232081,1,0,200,757,688,371,,2016,
524288,597595.155332045,1232083,0,1,229,754,651,392,,2026,
524288,597595.155343771,1232081,1,0,205,757,737,491,,2190,
524288,597595.155350714,1232083,0,1,198,749,636,446,,2029,
524288,597595.155362021,1232081,1,0,313,760,671,384,,2128,
524288,597595.155368569,1232083,0,1,201,749,641,374,,1965,
524288,597595.155379923,1232081,1,0,229,756,649,430,,2064,
524288,597595.155386853,1232083,0,1,191,755,647,413,,2006,
524288,597595.155398713,1232081,1,0,206,770,664,432,,2072,
524288,597595.155407172,1232083,0,1,214,755,654,403,,2026,
524288,597595.155454889,1232081,1,0,206,766,737,437,,2146,
524288,597595.155464318,1232083,0,1,182,760,706,388,,2036,
524288,597595.155476058,1232081,1,0,217,746,633,394,,1990,
524288,597595.155483725,1232083,0,1,186,767,668,438,,2059,
524288,597595.155494662,1232081,1,0,222,810,640,408,,2080,
524288,597595.155504645,1232083,0,1,,,,3923,,4601,
524288,597595.155518060,1232081,1,0,234,772,760,387,,2153,
524288,597595.155526614,1232083,0,1,215,,,507,,1849,
524288,597595.155537264,1232081,1,0,211,756,659,385,,2011,
524288,597595.155546164,1232083,0,1,362,793,722,377,,2254,
524288,597595.155557306,1232081,1,0,237,763,662,408,,2070,
524288,597595.155565706,1232083,0,1,199,761,707,390,,2057,
524288,597595.155576565,1232081,1,0,206,762,719,564,,2251,
524288,597595.155585124,1232083,0,1,211,760,702,414,,2087,
524288,597595.155596308,1232081,1,0,186,761,675,393,,2015,
524288,597595.155605312,1232083,0,1,232,789,713,420,,2154,
524288,597595.155616559,1232081,1,0,370,743,660,386,,2159,
524288,597595.155625113,1232083,0,1,205,760,774,382,,2121,
524288,597595.155635745,1232081,1,0,198,743,672,411,,2024,
524288,597595.155644488,1232083,0,1,203,953,654,390,,2200,
524288,597595.155656400,1232081,1,0,197,757,693,475,,2122,
524288,597595.155665633,1232083,0,1,382,749,667,428,,2226,
524288,597595.155676451,1232081,1,0,195,759,646,407,,2007,
524288,597595.155684978,1232083,0,1,210,743,706,442,,2101,
524288,597595.155695832,1232081,1,0,229,773,668,373,,2043,
524288,597595.155705405,1232083,0,1,232,776,646,371,,2025,
524288,597595.155716412,1232081,1,0,197,754,639,422,,2012,
524288,597595.155724934,1232083,0,1,198,768,677,464,,2107,
524288,597595.155736541,1232081,1,0,197,745,662,436,,2040,
524288,597595.155745155,1232083,0,1,215,779,638,366,,1998,
524288,597595.155755943,1232081,1,0,189,753,643,399,,1984,
524288,597595.155764221,1232083,0,1,179,752,688,444,,2063,
524288,597595.155774638,1232081,1,0,237,746,674,388,,2045,
524288,597595.155783153,1232083,0,1,190,824,638,466,,2118,
524288,597595.155794131,1232081,1,0,212,751,675,387,,2025,
524288,597595.155802629,1232083,0,1,191,758,709,443,,2101,
524288,597595.155813546,1232081,1,0,224,751,674,381,,2030,
524288,597595.155821620,1232083,0,1,183,757,814,487,,2241,
524288,597595.155832213,1232081,1,0,218,760,746,565,,2289,
524288,597595.155840831,1232083,0,1,199,755,894,560,,2408,
524288,597595.155851221,1232081,1,0,225,784,651,390,,2050,
524288,597595.155859357,1232083,0,1,209,762,633,415,,2019,
524288,597595.155869452,1232081,1,0,190,765,708,657,,2320,
524288,597595.155878322,1232083,0,1,188,761,711,369,,2029,
524288,597595.155888750,1232081,1,0,228,750,646,428,,2052,
524288,597595.155897167,1232083,0,1,297,778,637,385,,2097,
524288,597595.155907621,1232081,1,0,200,902,689,411,,2202,
524288,597595.155915970,1232083,0,1,207,772,729,453,,2161,
524288,597595.155926592,1232081,1,0,252,781,655,386,,2074,
524288,597595.155934897,1232083,0,1,221,780,711,455,,2167,
524288,597595.155945341,1232081,1,0,204,777,819,370,,2170,
524288,597595.155953383,1232083,0,1,206,787,841,485,,2319,
524288,597595.155964226,1232081,1,0,213,791,682,375,,2061,
524288,597595.155972505,1232083,0,1,215,766,719,596,,2296,
524288,597595.155983421,1232081,1,0,218,765,819,415,,2217,
524288,597595.155992021,1232083,0,1,226,773,705,457,,2161,
524288,597595.156002715,1232081,1,0,225,768,657,391,,2041,
524288,597595.156010911,1232083,0,1,198,772,812,522,,2304,
524288,597595.156021372,1232081,1,0,214,766,711,389,,2080,
524288,597595.156029865,1232083,0,1,220,795,744,446,,2205,
524288,597595.156040729,1232081,1,0,219,769,648,382,,2018,
524288,597595.156049022,1232083,0,1,285,768,706,447,,2206,
524288,597595.156059908,1232081,1,0,211,795,711,401,,2118,
524288,597595.156068345,1232083,0,1,204,776,704,471,,2155,
524288,597595.156078900,1232081,1,0,226,771,652,422,,2071,
524288,597595.156086984,1232083,0,1,277,884,855,507,,2523,
524288,597595.156097683,1232081,1,0,209,947,782,536,,2474,
524288,597595.156106285,1232083,0,1,210,804,780,436,,2230,
524288,597595.156116591,1232081,1,0,208,786,638,436,,2068,
524288,597595.156124856,1232083,0,1,268,787,851,444,,2350,
524288,597595.156135462,1232081,1,0,228,773,687,395,,2083,
524288,597595.156143937,1232083,0,1,220,759,698,407,,2084,
524288,597595.156154173,1232081,1,0,227,760,654,393,,2034,
524288,597595.156162539,1232083,0,1,205,774,645,362,,1986,
524288,597595.156172401,1232081,1,0,223,781,659,365,,2028,
524288,597595.156180794,1232083,0,1,216,897,677,534,,2324,
524288,597595.156191083,1232081,1,0,213,744,644,369,,1970,
524288,597595.156198811,1232083,0,1,181,846,652,416,,2095,
524288,597595.156209120,1232081,1,0,207,774,628,376,,1985,
524288,597595.156216410,1232083,0,1,195,752,712,415,,2074,
524288,597595.156226424,1232081,1,0,250,744,639,423,,2056,
524288,597595.156234519,1232083,0,1,177,756,641,370,,1944,
524288,597595.156244444,1232081,1,0,197,757,661,369,,1984,
524288,597595.156252560,1232083,0,1,190,765,706,425,,2086,
524288,597595.156262663,1232081,1,0,325,774,634,412,,2145,
524288,597595.156271003,1232083,0,1,376,755,648,372,,2151,
524288,597595.156281519,1232081,1,0,465,743,640,441,,2289,
524288,597595.156290290,1232083,0,1,257,758,702,459,,2176,
524288,597595.156300670,1232081,1,0,236,749,645,426,,2056,
524288,597595.156309002,1232083,0,1,375,754,645,381,,2155,
524288,597595.156318963,1232081,1,0,332,746,649,455,,2182,
524288,597595.156327486,1232083,0,1,218,754,674,559,,2205,
524288,597595.156337642,1232081,1,0,197,759,635,388,,1979,
524288,597595.156345647,1232083,0,1,196,760,651,377,,1984,
524288,597595.156355584,1232081,1,0,238,766,639,405,,2048,
524288,597595.156363819,1232083,0,1,224,756,681,503,,2164,
524288,597595.156374158,1232081,1,0,195,759,777,422,,2153,
524288,597595.156381642,1232083,0,1,186,759,713,514,,2172,
524288,597595.156391535,1232081,1,0,225,755,646,428,,2054,
524288,597595.156399598,1232083,0,1,285,770,715,433,,2203,
524288,597595.156409489,1232081,1,0,290,747,655,433,,2125,
524288,597595.156417739,1232083,0,1,346,789,658,368,,2161,
524288,597595.156427732,1232081,1,0,222,748,653,427,,2050,
524288,597595.156435723,1232083,0,1,240,772,703,416,,2131,
524288,597595.156445939,1232081,1,0,222,742,634,368,,1966,
524288,597595.156454117,1232083,0,1,190,754,725,406,,2075,
524288,597595.156464036,1232081,1,0,215,756,649,463,,2083,
524288,597595.156471956,1232083,0,1,242,755,702,389,,2088,
524288,597595.156482390,1232081,1,0,228,756,646,520,,2150,
524288,597595.156490147,1232083,0,1,191,762,982,423,,2358,
524288,597595.156503188,1232081,1,0,231,743,733,397,,2104,
524288,597595.156511632,1232083,0,1,249,748,746,439,,2182,
524288,597595.156521812,1232081,1,0,212,765,641,426,,2044,
524288,597595.156530212,1232083,0,1,189,756,643,410,,1998,
524288,597595.156540074,1232081,1,0,229,761,639,423,,2052,
524288,597595.156548400,1232083,0,1,190,747,724,414,,2075,
524288,597595.156558248,1232081,1,0,194,758,643,377,,1972,
524288,597595.156566408,1232083,0,1,197,815,655,362,,2029,
524288,597595.156576477,1232081,1,0,235,756,641,413,,2045,
524288,597595.156584932,1232083,0,1,194,761,672,388,,2015,
524288,597595.156594860,1232081,1,0,186,874,636,399,,2095,
524288,597595.156602993,1232083,0,1,212,782,648,480,,2122,
524288,597595.156612850,1232081,1,0,196,755,626,367,,1944,
524288,597595.156620967,1232083,0,1,235,808,691,423,,2157,
524288,597595.156631235,1232081,1,0,202,764,641,412,,2019,
524288,597595.156640022,1232083,0,1,188,757,797,389,,2131,
524288,597595.156650362,1232081,1,0,201,765,699,436,,2101,
524288,597595.156659516,1232083,0,1,200,757,748,529,,2234,
524288,597595.156669882,1232081,1,0,181,762,640,415,,1998,
524288,597595.156678309,1232083,0,1,290,777,826,500,,2393,
524288,597595.156688492,1232081,1,0,195,758,641,387,,1981,
524288,597595.156696711,1232083,0,1,205,756,708,412,,2081,
524288,597595.156706387,1232081,1,0,362,765,645,364,,2136,
524288,597595.156714015,1232083,0,1,192,756,657,412,,2017,
524288,597595.156723890,1232081,1,0,219,767,651,394,,2031,
524288,597595.156732687,1232083,0,1,674,762,740,416,,2592,
524288,597595.156743389,1232081,1,0,366,756,664,421,,2207,
524288,597595.156751634,1232083,0,1,213,750,646,372,,1981,
524288,597595.156761492,1232081,1,0,189,763,644,364,,1960,
524288,597595.156768392,1232083,0,1,196,750,692,455,,2093,
524288,597595.156778346,1232081,1,0,200,757,646,389,,1992,
524288,597595.156785587,1232083,0,1,220,742,642,539,,2143,
524288,597595.156795893,1232081,1,0,201,741,633,370,,1945,
524288,597595.156803671,1232083,0,1,205,779,694,489,,2167,
524288,597595.156813722,1232081,1,0,188,756,642,386,,1972,
524288,597595.156821136,1232083,0,1,194,762,674,396,,2026,
524288,597595.156830861,1232081,1,0,204,747,636,467,,2054,
524288,597595.156838745,1232083,0,1,220,760,731,395,,2106,
524288,597595.156848636,1232081,1,0,182,758,642,392,,1974,
524288,597595.156856231,1232083,0,1,185,740,645,385,,1955,
524288,597595.156866055,1232081,1,0,193,764,726,428,,2111,
524288,597595.156874264,1232083,0,1,189,768,702,416,,2075,
524288,597595.156884139,1232081,1,0,218,764,657,366,,2005,
524288,597595.156892003,1232083,0,1,198,785,646,381,,2010,
524288,597595.156901810,1232081,1,0,389,769,648,378,,2184,
524288,597595.156910685,1232083,0,1,193,753,898,651,,2495,
524288,597595.156921180,1232081,1,0,194,747,650,366,,1957,
524288,597595.156929357,1232083,0,1,191,750,649,457,,2047,
524288,597595.156939128,1232081,1,0,194,744,683,702,,2323,
524288,597595.156947416,1232083,0,1,291,760,707,388,,2146,
524288,597595.156957470,1232081,1,0,223,747,659,388,,2017,
524288,597595.156963995,1232083,0,1,197,750,652,366,,1965,
524288,597595.156973798,1232081,1,0,201,746,642,382,,1971,
524288,597595.156979903,1232083,0,1,208,756,699,496,,2159,
524288,597595.156989969,1232081,1,0,206,754,687,367,,2014,
524288,597595.156997710,1232083,0,1,228,755,641,390,,2014,
524288,597595.157007562,1232081,1,0,324,750,900,442,,2416,
524288,597595.157015250,1232083,0,1,192,749,702,483,,2126,
524288,597595.157025218,1232081,1,0,230,754,674,392,,2050,
524288,597595.157032999,1232083,0,1,212,788,659,425,,2084,
524288,597595.157043060,1232081,1,0,194,758,633,438,,2023,
524288,597595.157050488,1232083,0,1,200,753,701,392,,2046,
524288,597595.157060227,1232081,1,0,189,752,649,413,,2003,
524288,597595.157067618,1232083,0,1,194,737,657,399,,1987,
524288,597595.157077654,1232081,1,0,239,764,650,366,,2019,
524288,597595.157084079,1232083,0,1,219,749,678,457,,2103,
524288,597595.157094049,1232081,1,0,214,763,665,366,,2008,
524288,597595.157100857,1232083,0,1,230,748,667,370,,2015,
524288,597595.157110664,1232081,1,0,310,758,789,552,,2409,
524288,597595.157118338,1232083,0,1,215,767,679,487,,2148,
524288,597595.157128331,1232081,1,0,212,758,646,385,,2001,
524288,597595.157135455,1232083,0,1,204,766,657,415,,2042,
524288,597595.157145479,1232081,1,0,186,760,636,447,,2029,
524288,597595.157153609,1232083,0,1,221,755,837,490,,2303,
524288,597595.157164076,1232081,1,0,195,762,670,385,,2012,
524288,597595.157172701,1232083,0,1,646,763,657,428,,2494,
524288,597595.157183082,1232081,1,0,230,759,635,388,,2012,
524288,597595.157191823,1232083,0,1,222,744,830,621,,2417,
524288,597595.157202353,1232081,1,0,209,749,682,384,,2024,
524288,597595.157210476,1232083,0,1,199,744,643,387,,1973,
524288,597595.157220304,1232081,1,0,264,824,633,423,,2144,
524288,597595.157228963,1232083,0,1,184,771,666,584,,2205,
524288,597595.157239334,1232081,1,0,193,765,659,393,,2010,
524288,597595.157247284,1232083,0,1,194,799,674,395,,2062,
524288,597595.157257239,1232081,1,0,193,761,637,574,,2165,
524288,597595.157264950,1232083,0,1,222,760,703,404,,2089,
524288,597595.157274834,1232081,1,0,175,759,655,483,,2072,
524288,597595.157283221,1232083,0,1,187,772,708,458,,2125,
524288,597595.157293359,1232081,1,0,346,760,638,393,,2137,
524288,597595.157301633,1232083,0,1,212,746,669,413,,2040,
524288,597595.157311453,1232081,1,0,226,765,654,409,,2054,
524288,597595.157319869,1232083,0,1,334,873,776,371,,2354,
524288,597595.157330659,1232081,1,0,374,768,634,378,,2154,
524288,597595.157339269,1232083,0,1,415,763,706,445,,2329,
524288,597595.157349412,1232081,1,0,212,754,647,399,,2012,
524288,597595.157358021,1232083,0,1,382,752,638,402,,2174,
524288,597595.157368404,1232081,1,0,209,759,626,366,,1960,
524288,597595.157375783,1232083,0,1,187,738,728,413,,2066,
524288,597595.157385697,1232081,1,0,199,756,655,383,,1993,
524288,597595.157392989,1232083,0,1,195,759,679,462,,2095,
524288,597595.157402918,1232081,1,0,189,888,636,375,,2088,
524288,597595.157410645,1232083,0,1,211,764,670,394,,2039,
524288,597595.157420438,1232081,1,0,219,762,646,384,,2011,
524288,597595.157427778,1232083,0,1,187,767,787,430,,2171,
524288,597595.157437568,1232081,1,0,182,770,641,393,,1986,
524288,597595.157445560,1232083,0,1,202,753,682,440,,2077,
524288,597595.157455560,1232081,1,0,204,765,663,429,,2061,
524288,597595.157463289,1232083,0,1,176,753,648,410,,1987,
524288,597595.157473067,1232081,1,0,182,755,621,365,,1923,
524288,597595.157481202,1232083,0,1,195,765,681,423,,2064,
524288,597595.157491428,1232081,1,0,180,766,652,423,,2021,
524288,597595.157501179,1232083,0,1,210,884,672,436,,2202,
524288,597595.157511133,1232081,1,0,215,752,692,372,,2031,
524288,597595.157519202,1232083,0,1,228,836,679,389,,2132,
524288,597595.157529512,1232081,1,0,354,762,691,401,,2208,
524288,597595.157538157,1232083,0,1,203,756,713,431,,2103,
524288,597595.157547910,1232081,1,0,219,759,663,396,,2037,
524288,597595.157556105,1232083,0,1,219,759,708,458,,2144,
524288,597595.157566105,1232081,1,0,218,762,847,448,,2275,
524288,597595.157574751,1232083,0,1,219,882,651,368,,2120,
524288,597595.157584764,1232081,1,0,211,793,679,424,,2107,
524288,597595.157592731,1232083,0,1,195,767,719,375,,2056,
524288,597595.157602505,1232081,1,0,225,754,645,386,,2010,
524288,597595.157611061,1232083,0,1,194,778,672,400,,2044,
524288,597595.157621091,1232081,1,0,226,791,652,428,,2097,
524288,597595.157628575,1232083,0,1,213,758,694,390,,2055,
524288,597595.157638552,1232081,1,0,209,850,639,426,,2124,
524288,597595.157646778,1232083,0,1,203,765,646,418,,2032,
524288,597595.157656675,1232081,1,0,203,763,666,421,,2053,
524288,597595.157664158,1232083,0,1,192,762,639,422,,2015,
524288,597595.157674313,1232081,1,0,189,777,658,447,,2071,
524288,597595.157682235,1232083,0,1,203,750,653,393,,1999,
524288,597595.157692107,1232081,1,0,246,760,676,480,,2162,
524288,597595.157701170,1232083,0,1,194,765,663,387,,2009,
524288,597595.157711161,1232081,1,0,190,764,636,394,,1984,
524288,597595.157719334,1232083,0,1,218,768,646,362,,1994,
524288,597595.157729312,1232081,1,0,223,755,674,443,,2095,
524288,597595.157738428,1232083,0,1,201,758,673,402,,2034,
524288,597595.157748764,1232081,1,0,400,748,755,406,,2309,
524288,597595.157757480,1232083,0,1,208,763,673,428,,2072,
524288,597595.157767256,1232081,1,0,206,763,640,385,,1994,
524288,597595.157776112,1232083,0,1,266,801,673,403,,2143,
524288,597595.157786086,1232081,1,0,201,764,657,368,,1990,
524288,597595.157795081,1232083,0,1,340,764,632,357,,2093,
524288,597595.157804966,1232081,1,0,195,765,676,419,,2055,
524288,597595.157814107,1232083,0,1,201,773,701,471,,2146,
524288,597595.157824215,1232081,1,0,186,763,630,390,,1969,
524288,597595.157832522,1232083,0,1,198,758,639,390,,1985,
524288,597595.157842267,1232081,1,0,202,771,673,384,,2030,
524288,597595.157850679,1232083,0,1,193,756,675,433,,2057,
524288,597595.157860716,1232081,1,0,281,767,659,379,,2086,
524288,597595.157868741,1232083,0,1,209,760,655,426,,2050,
524288,597595.157878686,1232081,1,0,231,764,659,420,,2074,
524288,597595.157885961,1232083,0,1,274,764,684,418,,2140,
524288,597595.157895958,1232081,1,0,206,765,653,438,,2062,
524288,597595.157926064,1232083,0,1,207,764,648,425,,2044,
524288,597595.157935126,1232081,1,0,206,758,676,395,,2035,
524288,597595.157941795,1232083,0,1,211,756,667,399,,2033,
524288,597595.157953823,1232081,1,0,214,762,683,464,,2123,
524288,597595.157960717,1232083,0,1,194,753,701,391,,2039,
524288,597595.157972485,1232081,1,0,212,763,660,402,,2037,
524288,597595.157979722,1232083,0,1,215,753,715,665,,2348,
524288,597595.157992163,1232081,1,0,203,767,758,411,,2139,
524288,597595.157998971,1232083,0,1,191,763,654,445,,2053,
524288,597595.158010688,1232081,1,0,225,761,688,406,,2080,
524288,597595.158017626,1232083,0,1,216,745,684,475,,2120,
524288,597595.158030058,1232081,1,0,195,764,665,387,,2011,
524288,597595.158036629,1232083,0,1,196,757,709,371,,2033,
524288,597595.158048404,1232081,1,0,205,762,761,384,,2112,
524288,597595.158054840,1232083,0,1,194,747,640,474,,2055,
524288,597595.158066588,1232081,1,0,475,752,653,470,,2350,
524288,597595.158073646,1232083,0,1,187,749,672,373,,1981,
524288,597595.158084822,1232081,1,0,191,756,647,454,,2048,
524288,597595.158092162,1232083,0,1,207,767,823,455,,2252,
524288,597595.158103828,1232081,1,0,185,878,676,351,,2090,
524288,597595.158110525,1232083,0,1,177,746,644,377,,1944,
524288,597595.158122256,1232081,1,0,222,754,773,487,,2236,
524288,597595.158129876,1232083,0,1,212,756,710,424,,2102,
524288,597595.158181333,1232081,1,0,226,749,661,411,,2047,
524288,597595.158189327,1232083,0,1,198,754,684,422,,2058,
524288,597595.158199978,1232081,1,0,202,761,635,425,,2023,
524288,597595.158207741,1232083,0,1,200,754,660,430,,2044,
524288,597595.158218244,1232081,1,0,233,767,685,509,,2194,
524288,597595.158225937,1232083,0,1,193,763,693,407,,2056,
524288,597595.158236477,1232081,1,0,246,779,678,398,,2101,
524288,597595.158244313,1232083,0,1,209,754,704,461,,2128,
524288,597595.158254562,1232081,1,0,306,767,701,384,,2158,
524288,597595.158262606,1232083,0,1,207,766,692,411,,2076,
524288,597595.158272667,1232081,1,0,196,772,647,404,,2019,
524288,597595.158280039,1232083,0,1,199,763,674,378,,2014,
524288,597595.158289929,1232081,1,0,246,756,655,459,,2116,
524288,597595.158297812,1232083,0,1,164,763,690,378,,1995,
524288,597595.158307933,1232081,1,0,282,745,701,377,,2105,
524288,597595.158315736,1232083,0,1,203,773,676,383,,2035,
524288,597595.158325671,1232081,1,0,395,774,708,369,,2246,
524288,597595.158334291,1232083,0,1,191,761,810,609,,2371,
524288,597595.158344601,1232081,1,0,337,786,747,410,,2280,
524288,597595.158353030,1232083,0,1,217,761,681,472,,2131,
524288,597595.158362989,1232081,1,0,222,754,712,366,,2054,
524288,597595.158370887,1232083,0,1,188,788,652,389,,2017,
524288,597595.158380771,1232081,1,0,192,759,652,373,,1976,
524288,597595.158388477,1232083,0,1,202,747,677,426,,2052,
524288,597595.158398790,1232081,1,0,212,769,653,391,,2025,
524288,597595.158406308,1232083,0,1,200,753,683,387,,2023,
524288,597595.158416531,1232081,1,0,206,755,640,365,,1966,
524288,597595.158424338,1232083,0,1,377,767,703,371,,2218,
524288,597595.158434550,1232081,1,0,313,773,703,396,,2185,
524288,597595.158443089,1232083,0,1,221,750,671,383,,2025,
524288,597595.158452898,1232081,1,0,176,758,644,423,,2001,
524288,597595.158460864,1232083,0,1,214,770,700,449,,2133,
524288,597595.158471004,1232081,1,0,219,766,656,372,,2013,
524288,597595.158478239,1232083,0,1,221,1145,695,388,,2449,
524288,597595.158488418,1232081,1,0,200,767,645,421,,2033,
524288,597595.158495432,1232083,0,1,214,761,709,468,,2152,
524288,597595.158507189,1232081,1,0,193,748,828,478,,2247,
524288,597595.158514873,1232083,0,1,213,759,671,439,,2082,
524288,597595.158524855,1232081,1,0,197,909,680,403,,2189,
524288,597595.158532205,1232083,0,1,213,787,651,422,,2073,
524288,597595.158542508,1232081,1,0,207,762,651,391,,2011,
524288,597595.158550965,1232083,0,1,201,757,721,502,,2181,
524288,597595.158561619,1232081,1,0,380,765,657,389,,2191,
524288,597595.158569716,1232083,0,1,239,757,718,394,,2108,
524288,597595.158579607,1232081,1,0,253,771,696,489,,2209,
524288,597595.158587933,1232083,0,1,185,761,674,372,,1992,
524288,597595.158597979,1232081,1,0,198,778,641,443,,2060,
524288,597595.158606000,1232083,0,1,676,772,722,420,,2590,
524288,597595.158616277,1232081,1,0,197,768,640,436,,2041,
524288,597595.158625075,1232083,0,1,320,758,704,402,,2184,
524288,597595.158635011,1232081,1,0,338,763,664,371,,2136,
524288,597595.158642780,1232083,0,1,190,762,685,368,,2005,
524288,597595.158652803,1232081,1,0,213,780,648,389,,2030,
524288,597595.158659973,1232083,0,1,187,768,1016,399,,2370,
524288,597595.158670054,1232081,1,0,177,754,641,385,,1957,
524288,597595.158677939,1232083,0,1,214,754,678,561,,2207,
524288,597595.158688121,1232081,1,0,307,913,1118,522,,2860,
524288,597595.158697586,1232083,0,1,176,758,672,381,,1987,
524288,597595.158707549,1232081,1,0,344,763,661,382,,2150,
524288,597595.158716034,1232083,0,1,201,760,682,370,,2013,
524288,597595.158726178,1232081,1,0,231,780,643,390,,2044,
524288,597595.158734091,1232083,0,1,205,778,865,423,,2271,
524288,597595.158744266,1232081,1,0,225,761,646,372,,2004,
524288,597595.158751817,1232083,0,1,201,760,676,368,,2005,
524288,597595.158762205,1232081,1,0,237,753,643,392,,2025,
524288,597595.158770166,1232083,0,1,193,756,682,422,,2053,
524288,597595.158780288,1232081,1,0,196,747,642,369,,1954,
524288,597595.158788005,1232083,0,1,209,753,685,456,,2103,
524288,597595.158798119,1232081,1,0,234,769,685,362,,2050,
524288,597595.158805949,1232083,0,1,201,769,769,443,,2182,
524288,597595.158816347,1232081,1,0,218,801,656,379,,2054,
524288,597595.158823352,1232083,0,1,220,766,771,458,,2215,
524288,597595.158833736,1232081,1,0,256,784,665,382,,2087,
524288,597595.158842247,1232083,0,1,299,862,700,462,,2323,
524288,597595.158852714,1232081,1,0,237,767,683,367,,2054,
524288,597595.158861253,1232083,0,1,209,772,716,435,,2132,
524288,597595.158871355,1232081,1,0,287,1076,694,367,,2424,
524288,597595.158880309,1232083,0,1,193,766,772,489,,2220,
524288,597595.158890859,1232081,1,0,237,801,685,423,,2146,
524288,597595.158898788,1232083,0,1,240,1049,739,455,,2483,
524288,597595.158909481,1232081,1,0,233,771,841,408,,2253,
524288,597595.158918209,1232083,0,1,187,792,743,399,,2121,
524288,597595.158929009,1232081,1,0,303,774,674,377,,2128,
524288,597595.158936598,1232083,0,1,205,785,885,544,,2419,
524288,597595.158947034,1232081,1,0,232,782,642,406,,2062,
524288,597595.158954022,1232083,0,1,208,781,749,426,,2164,
524288,597595.158964264,1232081,1,0,216,776,707,424,,2123,
524288,597595.158972091,1232083,0,1,208,783,756,457,,2204,
524288,597595.158982439,1232081,1,0,266,771,690,518,,2245,
524288,597595.158990369,1232083,0,1,199,761,718,447,,2125,
524288,597595.159000421,1232081,1,0,189,751,643,540,,2123,
524288,597595.159009054,1232083,0,1,207,743,670,424,,2044,
524288,597595.159019136,1232081,1,0,228,756,680,392,,2056,
524288,597595.159027884,1232083,0,1,190,759,671,370,,1990,
524288,597595.159037779,1232081,1,0,194,758,640,364,,1956,
524288,597595.159046277,1232083,0,1,203,753,679,395,,2030,
524288,597595.159056344,1232081,1,0,210,757,700,368,,2035,
524288,597595.159064982,1232083,0,1,330,791,689,442,,2252,
524288,597595.159074959,1232081,1,0,193,758,776,445,,2172,
524288,597595.159083355,1232083,0,1,544,772,706,413,,2435,
524288,597595.159094099,1232081,1,0,509,770,780,363,,2422,
524288,597595.159102138,1232083,0,1,195,751,694,380,,2020,
524288,597595.159112010,1232081,1,0,194,766,658,501,,2119,
524288,597595.159119651,1232083,0,1,220,751,714,418,,2103,
524288,597595.159129678,1232081,1,0,218,764,677,386,,2045,
524288,597595.159137849,1232083,0,1,310,757,680,382,,2129,
524288,597595.159147768,1232081,1,0,202,777,649,381,,2009,
524288,597595.159155743,1232083,0,1,206,761,678,514,,2159,
524288,597595.159165754,1232081,1,0,240,759,647,371,,2017,
524288,597595.159174761,1232083,0,1,337,791,687,382,,2197,
524288,597595.159184871,1232081,1,0,193,756,758,443,,2150,
524288,597595.159193110,1232083,0,1,193,808,759,517,,2277,
524288,597595.159203250,1232081,1,0,344,752,792,386,,2274,
524288,597595.159212148,1232083,0,1,211,751,681,395,,2038,
524288,597595.159221976,1232081,1,0,203,751,798,406,,2158,
524288,597595.159230630,1232083,0,1,196,813,702,437,,2148,
524288,597595.159240633,1232081,1,0,228,907,659,365,,2159,
524288,597595.159249286,1232083,0,1,222,768,691,389,,2070,
524288,597595.159259271,1232081,1,0,187,758,638,367,,1950,
524288,597595.159267434,1232083,0,1,220,757,811,647,,2435,
524288,597595.159278070,1232081,1,0,215,760,683,443,,2101,
524288,597595.159285912,1232083,0,1,187,768,697,374,,2026,
524288,597595.159295523,1232081,1,0,188,754,637,429,,2008,
524288,597595.159303676,1232083,0,1,211,766,682,551,,2210,
524288,597595.159314078,1232081,1,0,197,765,648,412,,2022,
524288,597595.159322084,1232083,0,1,189,768,850,498,,2305,
524288,597595.159332122,1232081,1,0,180,755,642,395,,1972,
524288,597595.159340161,1232083,0,1,209,762,816,546,,2333,
524288,597595.159350703,1232081,1,0,191,768,686,420,,2065,
524288,597595.159358766,1232083,0,1,290,760,665,467,,2182,
524288,597595.159368682,1232081,1,0,192,755,641,370,,1958,
524288,597595.159376408,1232083,0,1,221,771,685,482,,2159,
524288,597595.159386514,1232081,1,0,187,771,641,396,,1995,
524288,597595.159395219,1232083,0,1,221,755,752,524,,2252,
524288,597595.159405451,1232081,1,0,194,797,659,398,,2048,
524288,597595.159413388,1232083,0,1,213,752,698,483,,2146,
524288,597595.159423451,1232081,1,0,211,756,659,448,,2074,
524288,597595.159432201,1232083,0,1,173,805,689,440,,2107,
524288,597595.159442236,1232081,1,0,202,764,645,378,,1989,
524288,597595.159450614,1232083,0,1,206,767,673,464,,2110,
524288,597595.159460831,1232081,1,0,212,761,655,413,,2041,
524288,597595.159469599,1232083,0,1,224,763,670,384,,2041,
524288,597595.159479679,1232081,1,0,191,751,640,394,,1976,
524288,597595.159487009,1232083,0,1,245,757,710,447,,2159,
524288,597595.159497065,1232081,1,0,223,770,657,365,,2015,
524288,597595.159506311,1232083,0,1,199,743,700,479,,2121,
524288,597595.159516540,1232081,1,0,187,879,800,401,,2267,
524288,597595.159524208,1232083,0,1,198,758,689,458,,2103,
524288,597595.159534192,1232081,1,0,335,760,641,365,,2101,
524288,597595.159541545,1232083,0,1,214,971,685,366,,2236,
524288,597595.159551758,1232081,1,0,201,765,657,455,,2078,
524288,597595.159560124,1232083,0,1,229,785,675,424,,2113,
524288,597595.159570135,1232081,1,0,203,762,680,396,,2041,
524288,597595.159578463,1232083,0,1,178,765,810,358,,2111,
524288,597595.159588222,1232081,1,0,215,753,669,397,,2034,
524288,597595.159596486,1232083,0,1,211,751,687,445,,2094,
524288,597595.159606689,1232081,1,0,200,719,694,384,,1997,
524288,597595.159614972,1232083,0,1,212,754,883,482,,2331,
524288,597595.159625298,1232081,1,0,231,745,646,440,,2062,
524288,597595.159633324,1232083,0,1,196,758,678,426,,2058,
524288,597595.159643229,1232081,1,0,205,750,676,370,,2001,
524288,597595.159650991,1232083,0,1,192,759,685,369,,2005,
524288,597595.159660817,1232081,1,0,213,758,680,433,,2084,
524288,597595.159668879,1232083,0,1,215,769,688,393,,2065,
524288,597595.159678793,1232081,1,0,220,760,668,373,,2021,
524288,597595.159686489,1232083,0,1,192,799,654,455,,2100,
524288,597595.159696642,1232081,1,0,229,764,685,446,,2124,
524288,597595.159703925,1232083,0,1,218,751,650,391,,2010,
524288,597595.159713810,1232081,1,0,230,757,671,384,,2042,
524288,597595.159721674,1232083,0,1,191,760,791,421,,2163,
524288,597595.159731895,1232081,1,0,216,748,654,424,,2042,
524288,597595.159738922,1232083,0,1,209,747,671,366,,1993,
524288,597595.159748796,1232081,1,0,210,761,703,846,,2520,
524288,597595.159757110,1232083,0,1,329,743,645,364,,2081,
524288,597595.159767572,1232081,1,0,219,747,853,396,,2215,
524288,597595.159775577,1232083,0,1,195,758,741,481,,2175,
524288,597595.159785934,1232081,1,0,222,898,686,399,,2205,
524288,597595.159793804,1232083,0,1,199,780,811,389,,2179,
524288,597595.159803992,1232081,1,0,248,756,649,431,,2084,
524288,597595.159812491,1232083,0,1,218,762,689,451,,2120,
524288,597595.159822600,1232081,1,0,195,806,639,401,,2041,
524288,597595.159830645,1232083,0,1,193,767,708,420,,2088,
524288,597595.159840444,1232081,1,0,227,760,654,394,,2035,
524288,597595.159848386,1232083,0,1,202,886,686,450,,2224,
524288,597595.159858740,1232081,1,0,223,770,902,519,,2414,
524288,597595.159867050,1232083,0,1,207,747,701,365,,2020,
524288,597595.159876858,1232081,1,0,441,771,689,412,,2313,
524288,597595.159885952,1232083,0,1,207,757,688,392,,2044,
524288,597595.159896096,1232081,1,0,205,763,644,402,,2014,
524288,597595.159904389,1232083,0,1,192,755,691,415,,2053,
524288,597595.159914284,1232081,1,0,189,759,654,427,,2029,
524288,597595.159922387,1232083,0,1,199,756,684,426,,2065,
524288,597595.159932657,1232081,1,0,230,849,637,399,,2115,
524288,597595.159940034,1232083,0,1,210,742,686,458,,2096,
524288,597595.159950192,1232081,1,0,190,751,651,423,,2015,
524288,597595.159957806,1232083,0,1,208,747,675,444,,2074,
524288,597595.159967692,1232081,1,0,212,781,648,412,,2053,
524288,597595.159976692,1232083,0,1,188,758,654,365,,1965,
524288,597595.159986732,1232081,1,0,209,760,651,424,,2044,
524288,597595.159994767,1232083,0,1,205,765,797,543,,2310,
524288,597595.160004813,1232081,1,0,262,789,657,371,,2079,
524288,597595.160012981,1232083,0,1,202,764,735,404,,2105,
524288,597595.160023073,1232081,1,0,207,763,646,405,,2021,
524288,597595.160030117,1232083,0,1,212,760,665,393,,2030,
524288,597595.160040224,1232081,1,0,303,758,673,423,,2157,
524288,597595.160048565,1232083,0,1,197,756,702,407,,2062,
524288,597595.160059147,1232081,1,0,215,753,694,421,,2083,
524288,597595.160067538,1232083,0,1,195,882,699,379,,2155,
524288,597595.160077475,1232081,1,0,185,760,643,544,,2132,
524288,597595.160085653,1232083,0,1,183,763,921,374,,2241,
524288,597595.160095776,1232081,1,0,212,752,684,426,,2074,
524288,597595.160104426,1232083,0,1,269,766,676,418,,2129,
524288,597595.160114367,1232081,1,0,237,949,632,577,,2395,
524288,597595.160123087,1232083,0,1,497,769,707,364,,2337,
524288,597595.160133237,1232081,1,0,234,755,637,427,,2053,
524288,597595.160141878,1232083,0,1,218,765,737,484,,2204,
524288,597595.160152272,1232081,1,0,205,753,781,395,,2134,
524288,597595.160160405,1232083,0,1,186,761,732,384,,2063,
524288,597595.160170155,1232081,1,0,210,761,652,424,,2047,
524288,597595.160178282,1232083,0,1,363,747,748,391,,2249,
524288,597595.160188600,1232081,1,0,199,754,639,371,,1963,
524288,597595.160196709,1232083,0,1,229,771,648,371,,2019,
524288,597595.160206505,1232081,1,0,204,753,691,402,,2050,
524288,597595.160214946,1232083,0,1,209,799,669,462,,2139,
524288,597595.160225148,1232081,1,0,240,762,669,438,,2109,
524288,597595.160233785,1232083,0,1,181,758,775,459,,2173,
524288,597595.160243771,1232081,1,0,207,769,770,426,,2172,
524288,597595.160252520,1232083,0,1,364,766,852,473,,2455,
524288,597595.160263024,1232081,1,0,531,766,696,382,,2375,
524288,597595.160272217,1232083,0,1,281,895,692,472,,2340,
524288,597595.160282500,1232081,1,0,196,758,784,488,,2226,
524288,597595.160290998,1232083,0,1,647,763,685,402,,2497,
524288,597595.160301402,1232081,1,0,353,768,708,417,,2246,
524288,597595.160310020,1232083,0,1,181,767,745,398,,2091,
524288,597595.160320065,1232081,1,0,224,764,654,456,,2098,
524288,597595.160327902,1232083,0,1,218,750,649,455,,2072,
524288,597595.160337812,1232081,1,0,210,765,671,377,,2023,
524288,597595.160345482,1232083,0,1,206,760,707,417,,2090,
524288,597595.160355528,1232081,1,0,228,768,755,379,,2130,
524288,597595.160363448,1232083,0,1,220,767,711,444,,2142,
524288,597595.160373879,1232081,1,0,205,779,736,373,,2093,
524288,597595.160382463,1232083,0,1,193,755,920,439,,2307,
524288,597595.160392683,1232081,1,0,311,771,767,660,,2509,
524288,597595.160401906,1232083,0,1,214,767,797,565,,2343,
524288,597595.160412085,1232081,1,0,207,759,768,395,,2129,
524288,597595.160420456,1232083,0,1,217,779,696,382,,2074,
524288,597595.160430378,1232081,1,0,207,745,664,458,,2074,
524288,597595.160438745,1232083,0,1,203,762,654,456,,2075,
524288,597595.160453671,1232081,1,0,282,758,882,418,,2340,
524288,597595.160595605,1232081,1,0,267,763,732,443,,2205,
