size_bytes,iteration,rtt_ns
4,0,3398.7
4,1,3504.7
4,2,3381.1
4,3,3460.5
4,4,3439.3
4,5,3495.6
4,6,3373.9
4,7,3415.7
4,8,4416.7
4,9,4286.5
4,10,3495.0
4,11,2393.4
4,12,2429.7
4,13,2425.5
4,14,2410.3
4,15,2409.7
4,16,2384.9
4,17,2355.8
4,18,3309.7
4,19,3106.2
4,20,3318.8
4,21,3112.2
4,22,3205.5
4,23,3204.3
4,24,3247.3
4,25,3120.7
4,26,3019.6
4,27,3995.8
4,28,3171.0
4,29,2837.3
4,30,2144.5
4,31,2160.2
4,32,2199.6
4,33,2295.3
4,34,2174.8
4,35,2074.2
4,36,2135.4
4,37,3133.4
4,38,3035.3
4,39,3088.0
4,40,3131.6
4,41,2855.5
4,42,3019.0
4,43,3092.9
4,44,2979.0
4,45,3765.7
4,46,3107.4
4,47,2187.5
4,48,2131.8
4,49,2263.2
4,50,2117.8
4,51,2105.7
4,52,2254.1
4,53,2211.1
4,54,2027.6
4,55,3124.4
4,56,3177.7
4,57,3106.2
4,58,3161.9
4,59,3089.8
4,60,3035.3
4,61,3152.2
4,62,3056.5
4,63,3025.6
4,64,8155.2
4,65,10440.2
4,66,2843.4
4,67,3217.6
4,68,3510.7
4,69,3303.6
4,70,3283.6
4,71,3777.2
4,72,3816.0
4,73,3088.6
4,74,3073.5
4,75,2262.0
4,76,2180.8
4,77,2274.1
4,78,2102.7
4,79,2041.5
4,80,2098.4
4,81,2180.8
4,82,2937.2
4,83,3252.1
4,84,3001.4
4,85,3194.0
4,86,3003.8
4,87,3038.4
4,88,2765.2
4,89,3072.3
4,90,3777.8
4,91,3077.1
4,92,3061.4
4,93,2908.8
4,94,3070.5
4,95,2863.3
4,96,3020.8
4,97,2844.0
4,98,3161.9
4,99,3711.8
4,100,3104.4
4,101,2819.7
4,102,3057.7
4,103,3048.0
4,104,3036.5
4,105,2986.9
4,106,3216.4
4,107,3116.5
4,108,3682.1
4,109,3042.6
4,110,3070.5
4,111,3118.9
4,112,3091.0
4,113,3055.3
4,114,2996.6
4,115,3038.4
4,116,3069.2
4,117,3984.3
4,118,3735.4
4,119,2231.7
4,120,2100.3
4,121,2128.7
4,122,2239.0
4,123,2277.7
4,124,2160.2
4,125,2142.7
4,126,4257.5
4,127,2293.5
4,128,2225.0
4,129,2098.4
4,130,2240.8
4,131,2098.4
4,132,2141.4
4,133,2150.5
4,134,2066.4
4,135,3988.0
4,136,10160.4
4,137,2887.0
4,138,3249.7
4,139,2991.7
4,140,3098.3
4,141,3062.6
4,142,3219.4
4,143,4017.0
4,144,4034.0
4,145,3121.3
4,146,2920.9
4,147,2331.0
4,148,2228.7
4,149,2246.2
4,150,2168.1
4,151,2146.9
4,152,2263.8
4,153,2208.7
4,154,4292.6
4,155,4218.1
4,156,4212.6
4,157,3262.4
4,158,3081.4
4,159,3972.2
4,160,4007.9
4,161,3139.5
4,162,3115.9
4,163,2994.8
4,164,3114.7
4,165,2370.4
4,166,2240.8
4,167,2366.7
4,168,2208.1
4,169,2248.0
4,170,3326.6
4,171,3078.9
4,172,3282.4
4,173,3312.1
4,174,3218.8
4,175,3353.9
4,176,3080.1
4,177,3263.0
4,178,4176.3
4,179,3894.1
4,180,2300.1
4,181,2361.3
4,182,2196.6
4,183,2412.8
4,184,2264.4
4,185,2221.4
4,186,2285.6
4,187,2965.7
4,188,3118.9
4,189,3220.0
4,190,3163.1
4,191,3271.5
4,192,3225.5
4,193,3184.3
4,194,3224.9
4,195,3194.0
4,196,4141.2
4,197,3128.6
4,198,2343.7
4,199,2242.0
4,200,2310.4
4,201,2289.2
4,202,2289.2
4,203,2297.7
4,204,2151.1
4,205,3128.0
4,206,3111.6
4,207,3332.7
4,208,3075.9
4,209,3282.4
4,210,3336.3
4,211,3121.3
4,212,3088.6
4,213,4156.3
4,214,3906.8
4,215,3282.4
4,216,2246.8
4,217,2341.3
4,218,2301.3
4,219,2330.4
4,220,2214.1
4,221,2265.0
4,222,2303.1
4,223,2286.8
4,224,4140.6
4,225,3351.5
4,226,2278.3
4,227,2321.3
4,228,2252.3
4,229,2216.5
4,230,2166.3
4,231,2188.7
4,232,2237.7
4,233,2277.7
4,234,4193.3
4,235,3059.6
4,236,3350.3
4,237,3044.4
4,238,3229.7
4,239,3084.4
4,240,3250.3
4,241,3221.9
4,242,3726.9
4,243,2828.2
4,244,3095.3
4,245,3124.4
4,246,3049.3
4,247,3009.3
4,248,3057.1
4,249,3175.8
4,250,3082.0
4,251,3556.2
4,252,3152.2
4,253,3089.8
4,254,3043.8
4,255,3061.4
4,256,2913.0
4,257,3147.4
4,258,3115.9
4,259,2881.5
4,260,3702.1
4,261,3199.5
4,262,2144.5
4,263,2153.0
4,264,2279.5
4,265,2124.5
4,266,2167.5
4,267,2210.5
4,268,2268.6
4,269,2116.0
4,270,3673.0
4,271,4004.3
4,272,3734.2
4,273,3064.4
4,274,3180.7
4,275,3102.6
4,276,3193.4
4,277,3272.7
4,278,3169.2
4,279,3210.4
4,280,4146.0
4,281,3284.2
4,282,3356.9
4,283,2298.9
4,284,2245.6
4,285,2268.6
4,286,2289.8
4,287,2282.6
4,288,2201.4
4,289,2402.5
4,290,3230.9
4,291,3117.7
4,292,3201.9
4,293,3328.4
4,294,3304.2
4,295,3329.7
4,296,3329.1
4,297,3280.0
4,298,3750.0
4,299,3127.4
4,300,2755.5
4,301,3083.2
4,302,3134.7
4,303,3120.7
4,304,3137.1
4,305,3027.5
4,306,2770.1
4,307,3660.9
4,308,2992.9
4,309,3037.1
4,310,3051.1
4,311,3076.5
4,312,3078.3
4,313,2980.8
4,314,3089.8
4,315,3099.5
4,316,4001.9
4,317,3472.6
4,318,3082.6
4,319,3163.7
4,320,3005.7
4,321,3046.2
4,322,3191.6
4,323,3160.1
4,324,3050.5
4,325,3226.7
4,326,3832.3
4,327,3032.3
4,328,3126.8
4,329,2931.2
4,330,3164.3
4,331,2184.4
4,332,2081.5
4,333,2192.3
4,334,2178.4
4,335,2154.2
4,336,3072.9
4,337,3101.9
4,338,3129.8
4,339,3088.0
4,340,3019.6
4,341,3108.6
4,342,2744.0
4,343,3042.0
4,344,3970.4
4,345,3705.7
4,346,2314.0
4,347,2171.1
4,348,2175.4
4,349,2274.7
4,350,2278.9
4,351,2107.5
4,352,2148.1
4,353,3087.4
4,354,3143.1
4,355,3433.2
4,356,3276.4
4,357,3424.7
4,358,3337.5
4,359,3329.1
4,360,3415.7
4,361,4124.2
4,362,3878.9
4,363,8362.3
4,364,6136.1
4,365,7691.3
4,366,3419.9
4,367,3252.1
4,368,3288.5
4,369,3208.5
4,370,2858.5
4,371,3117.1
4,372,4172.7
4,373,3275.2
4,374,2322.5
4,375,2286.8
4,376,2197.8
4,377,2401.9
4,378,2266.8
4,379,2334.0
4,380,2243.2
4,381,4131.5
4,382,8733.5
4,383,4127.3
4,384,8192.1
4,385,4703.8
4,386,4911.5
4,387,8618.5
4,388,4296.8
4,389,4190.8
4,390,3933.5
4,391,4156.9
4,392,3212.8
4,393,3235.2
4,394,3276.4
4,395,2221.4
4,396,2284.4
4,397,2301.3
4,398,2263.2
4,399,2289.2
4,400,2245.6
4,401,2905.7
4,402,3121.3
4,403,3128.6
4,404,3257.6
4,405,2990.5
4,406,3089.2
4,407,3157.7
4,408,3048.0
4,409,3895.9
4,410,3277.0
4,411,2260.8
4,412,2266.8
4,413,2241.4
4,414,2285.6
4,415,2202.0
4,416,2223.8
4,417,2272.3
4,418,2272.9
4,419,3750.0
4,420,3701.5
4,421,4017.0
4,422,3111.0
4,423,2192.9
4,424,2135.4
4,425,2168.1
4,426,2209.9
4,427,2208.7
4,428,2164.5
4,429,2202.0
4,430,2098.4
4,431,3999.5
4,432,3120.1
4,433,2214.7
4,434,2453.9
4,435,2258.9
4,436,2253.5
4,437,2417.0
4,438,2217.8
4,439,2292.9
4,440,2242.6
4,441,3870.5
4,442,4161.2
4,443,2965.7
4,444,3391.4
4,445,3432.0
4,446,3334.5
4,447,3323.6
4,448,3332.1
4,449,3312.7
4,450,4147.8
4,451,3897.1
4,452,4166.0
4,453,3321.2
4,454,2880.3
4,455,2352.8
4,456,2328.6
4,457,2372.8
4,458,2280.7
4,459,2235.9
4,460,2185.1
4,461,2257.1
4,462,2959.0
4,463,3214.6
4,464,3211.6
4,465,2843.4
4,466,3165.5
4,467,2891.8
4,468,3124.4
4,469,3175.8
4,470,4071.5
4,471,3103.8
4,472,2131.8
4,473,2169.9
4,474,2211.1
4,475,2223.2
4,476,2131.2
4,477,2106.9
4,478,2150.5
4,479,2108.1
4,480,3908.0
4,481,3648.8
4,482,3124.4
4,483,3079.5
4,484,3146.2
4,485,3081.4
4,486,3055.3
4,487,3164.9
4,488,2968.7
4,489,3963.7
4,490,3980.7
4,491,3941.9
4,492,3918.3
4,493,3972.2
4,494,3874.7
4,495,3972.8
4,496,3894.1
4,497,3683.9
4,498,3910.4
4,499,3955.3
4,500,3097.1
4,501,3115.3
4,502,2311.6
4,503,2238.3
4,504,2192.9
4,505,2192.3
4,506,2169.9
4,507,2081.5
4,508,2011.8
4,509,3089.8
4,510,3022.0
4,511,3118.3
4,512,2895.4
4,513,3054.1
4,514,3052.9
4,515,2710.7
4,516,2988.7
4,517,3683.3
4,518,3057.1
4,519,3043.2
4,520,3133.4
4,521,2861.5
4,522,3043.8
4,523,3006.9
4,524,2947.5
4,525,3032.3
4,526,3634.9
4,527,2980.2
4,528,3057.1
4,529,3046.2
4,530,3087.4
4,531,3020.8
4,532,2992.3
4,533,3080.1
4,534,3016.6
4,535,3915.9
4,536,3919.5
4,537,2196.6
4,538,2240.8
4,539,2195.3
4,540,2193.5
4,541,2122.7
4,542,2185.7
4,543,2108.1
4,544,2980.8
4,545,3140.7
4,546,3112.2
4,547,3086.2
4,548,3089.8
4,549,3103.8
4,550,3065.0
4,551,3061.4
4,552,3078.3
4,553,3952.2
4,554,3685.8
4,555,3057.1
4,556,3042.0
4,557,3071.1
4,558,3053.5
4,559,3115.3
4,560,3042.6
4,561,3244.3
4,562,2994.1
4,563,3669.4
4,564,3118.9
4,565,2977.2
4,566,3075.9
4,567,3087.4
4,568,3011.7
4,569,2987.5
4,570,3043.2
4,571,2982.6
4,572,3795.4
4,573,3066.8
4,574,3019.0
4,575,2996.6
4,576,3029.3
4,577,3039.6
4,578,3091.0
4,579,3092.3
4,580,3089.2
4,581,3936.5
4,582,3886.8
4,583,3693.0
4,584,3114.1
4,585,3154.0
4,586,3119.5
4,587,3066.8
4,588,3040.8
4,589,3121.9
4,590,3011.7
4,591,2986.3
4,592,3880.8
4,593,3660.9
4,594,3001.4
4,595,3066.8
4,596,3051.7
4,597,3164.9
4,598,2945.1
4,599,3095.9
4,600,3026.2
4,601,3039.0
4,602,4009.8
4,603,2839.1
4,604,2200.2
4,605,2212.3
4,606,2250.5
4,607,2220.8
4,608,2159.0
4,609,2140.2
4,610,2154.2
4,611,2819.1
4,612,3091.0
4,613,3093.5
4,614,3082.0
4,615,2992.3
4,616,2940.9
4,617,2773.7
4,618,3079.5
4,619,3791.7
4,620,2774.9
4,621,3133.4
4,622,3080.8
4,623,2851.2
4,624,3012.9
4,625,2993.5
4,626,3089.8
4,627,3007.5
4,628,3969.8
4,629,3977.7
4,630,2258.9
4,631,2191.7
4,632,2166.3
4,633,2164.5
4,634,2135.4
4,635,2114.2
4,636,2018.5
4,637,3202.5
4,638,3082.6
4,639,3087.4
4,640,4030.4
4,641,3189.8
4,642,2894.8
4,643,3074.7
4,644,2924.5
4,645,3086.2
4,646,2143.9
4,647,2140.2
4,648,2185.7
4,649,2208.7
4,650,2876.7
4,651,3087.4
4,652,3038.4
4,653,3073.5
4,654,3039.6
4,655,2889.4
4,656,3114.7
4,657,3091.7
4,658,3673.0
4,659,3040.2
4,660,2929.3
4,661,3161.3
4,662,3829.3
4,663,3034.1
4,664,3005.7
4,665,3070.5
4,666,3090.4
4,667,3705.7
4,668,3012.3
4,669,3171.6
4,670,3098.9
4,671,3006.3
4,672,3038.4
4,673,3126.8
4,674,3143.7
4,675,3086.8
4,676,3647.0
4,677,3124.4
4,678,3068.6
4,679,3028.7
4,680,3069.9
4,681,2992.3
4,682,3075.9
4,683,3023.8
4,684,3062.6
4,685,3695.4
4,686,3069.2
4,687,3083.8
4,688,3080.1
4,689,3075.3
4,690,3057.1
4,691,3153.4
4,692,3086.2
4,693,3185.5
4,694,3654.3
4,695,3057.1
4,696,3060.8
4,697,3034.1
4,698,3174.0
4,699,3139.5
4,700,3052.3
4,701,3208.5
4,702,3026.9
4,703,3717.9
4,704,3131.0
4,705,3020.2
4,706,3094.1
4,707,3087.4
4,708,2974.8
4,709,3064.4
4,710,3008.1
4,711,3084.4
4,712,3951.0
4,713,3953.4
4,714,3157.7
4,715,2286.8
4,716,2219.6
4,717,2226.8
4,718,2203.2
4,719,2210.5
4,720,2151.7
4,721,2192.3
4,722,3114.1
4,723,3123.8
4,724,3186.7
4,725,3164.9
4,726,3046.2
4,727,3075.9
4,728,3065.0
4,729,3069.2
4,730,3096.5
4,731,3951.6
4,732,3902.6
4,733,3909.2
4,734,3912.9
4,735,3954.0
4,736,3078.3
4,737,2925.7
4,738,2165.1
4,739,2182.0
4,740,2145.1
4,741,2189.9
4,742,2194.7
4,743,2200.2
4,744,2059.1
4,745,2808.2
4,746,3114.1
4,747,3071.1
4,748,3046.8
4,749,2935.4
4,750,3000.8
4,751,3015.3
4,752,3035.3
4,753,3925.0
4,754,3722.1
4,755,2314.0
4,756,2252.9
4,757,2262.6
4,758,2129.9
4,759,2080.9
4,760,2103.9
4,761,2157.8
4,762,3075.9
4,763,3105.0
4,764,3101.3
4,765,3082.6
4,766,3068.6
4,767,3137.1
4,768,3112.2
4,769,3129.2
4,770,3048.0
4,771,3988.6
4,772,3944.4
4,773,3954.7
4,774,3943.8
4,775,3906.8
4,776,3923.2
4,777,3938.9
4,778,3931.0
4,779,3938.3
4,780,3873.5
4,781,3922.6
4,782,3903.8
4,783,3926.2
4,784,3935.9
4,785,3944.4
4,786,3956.5
4,787,3925.0
4,788,3918.3
4,789,3944.4
4,790,3883.2
4,791,3901.4
4,792,3921.9
4,793,3944.4
4,794,3938.9
4,795,3965.6
4,796,3939.5
4,797,3931.0
4,798,3937.7
4,799,3914.1
4,800,3998.9
4,801,3088.6
4,802,3124.4
4,803,2324.9
4,804,2194.1
4,805,2347.4
4,806,2165.1
4,807,2203.2
4,808,2188.1
4,809,2268.0
4,810,3031.7
4,811,3074.1
4,812,3069.2
4,813,3083.2
4,814,2999.0
4,815,3088.0
4,816,3391.4
4,817,3213.4
4,818,3864.4
4,819,3249.7
4,820,3309.1
4,821,3332.7
4,822,3300.6
4,823,3239.4
4,824,3270.3
4,825,3312.7
4,826,3198.2
4,827,4069.7
4,828,3790.5
4,829,2361.9
4,830,2378.2
4,831,2258.9
4,832,2309.8
4,833,2321.3
4,834,2259.5
4,835,2207.5
4,836,2948.7
4,837,3196.4
4,838,3122.5
4,839,3098.9
4,840,3211.6
4,841,3197.6
4,842,3120.7
4,843,3185.5
4,844,3094.1
4,845,4117.0
4,846,3287.9
4,847,3281.8
4,848,2358.9
4,849,2387.3
4,850,2332.8
4,851,2294.1
4,852,2374.0
4,853,2312.2
4,854,2303.1
4,855,3302.4
4,856,3258.2
4,857,3252.1
4,858,3322.4
4,859,3352.1
4,860,3301.8
4,861,3307.3
4,862,3181.3
4,863,4089.1
4,864,3822.6
4,865,2174.8
4,866,2337.1
4,867,2320.1
4,868,2277.1
4,869,2257.7
4,870,2186.9
4,871,2234.1
4,872,2977.2
4,873,3041.4
4,874,3028.7
4,875,3160.1
4,876,3167.4
4,877,3249.1
4,878,3180.1
4,879,3002.0
4,880,3012.9
4,881,3974.0
4,882,3960.7
4,883,3894.1
4,884,3933.5
4,885,3971.0
4,886,3669.4
4,887,3954.7
4,888,3925.6
4,889,3926.8
4,890,3971.0
4,891,3693.6
4,892,3682.7
4,893,3078.3
4,894,3058.3
4,895,3091.7
4,896,3141.9
4,897,3054.1
4,898,3177.7
4,899,3085.6
4,900,3118.3
4,901,3954.0
4,902,3895.9
4,903,3925.6
4,904,3950.4
4,905,3143.1
4,906,2896.6
4,907,2202.0
4,908,2289.8
4,909,2254.1
4,910,2205.0
4,911,2295.9
4,912,2274.1
4,913,2168.7
4,914,3117.1
4,915,3092.9
4,916,3097.1
4,917,3059.6
4,918,2984.5
4,919,3034.1
4,920,3114.1
4,921,3075.9
4,922,3947.4
4,923,3699.7
4,924,2247.4
4,925,2208.1
4,926,2064.5
4,927,2153.6
4,928,2109.3
4,929,2120.3
4,930,2211.7
4,931,3324.2
4,932,3148.6
4,933,3117.7
4,934,2923.9
4,935,3114.7
4,936,3122.5
4,937,3131.6
4,938,3123.8
4,939,3077.1
4,940,3651.2
4,941,3148.0
4,942,3072.3
4,943,3008.1
4,944,3019.6
4,945,3094.1
4,946,3049.9
4,947,3026.9
4,948,3055.3
4,949,3934.7
4,950,3673.6
4,951,3075.9
4,952,3075.3
4,953,3919.5
4,954,3750.0
4,955,3708.8
4,956,3934.1
4,957,2850.0
4,958,2185.1
4,959,2182.6
4,960,2231.1
4,961,3538.6
4,962,2222.0
4,963,2137.8
4,964,2098.4
4,965,3161.9
4,966,3054.1
4,967,3059.0
4,968,3020.8
4,969,2995.4
4,970,3022.6
4,971,2794.9
4,972,3051.7
4,973,3558.6
4,974,2961.4
4,975,3040.2
4,976,3102.6
4,977,2986.3
4,978,2913.0
4,979,3038.4
4,980,3088.6
4,981,3045.6
4,982,3654.9
4,983,3022.0
4,984,3054.7
4,985,3054.1
4,986,3100.1
4,987,3007.5
4,988,3017.8
4,989,3026.2
4,990,3000.8
4,991,3679.7
4,992,3051.7
4,993,3098.3
4,994,3075.9
4,995,3022.0
4,996,2786.4
4,997,3083.2
4,998,3026.9
4,999,3009.9
4,1000,3949.2
4,1001,3683.3
4,1002,2364.9
4,1003,2309.2
4,1004,2215.9
4,1005,2189.3
4,1006,2190.5
4,1007,2246.2
4,1008,2260.8
4,1009,3098.9
4,1010,3250.3
4,1011,3174.6
4,1012,3086.2
4,1013,3243.1
4,1014,3126.2
4,1015,3072.9
4,1016,3103.8
4,1017,3067.4
4,1018,3929.8
4,1019,3680.3
4,1020,2985.7
4,1021,3024.4
4,1022,3087.4
4,1023,3061.4
4,1024,3029.3
4,1025,2977.2
4,1026,3017.8
4,1027,3052.3
4,1028,3900.8
4,1029,3959.5
4,1030,3639.1
4,1031,3059.0
4,1032,2985.1
4,1033,3005.1
4,1034,3087.4
4,1035,3059.0
4,1036,2991.1
4,1037,3005.1
4,1038,3026.9
4,1039,3971.0
4,1040,2883.3
4,1041,2116.6
4,1042,2180.2
4,1043,2208.1
4,1044,2039.1
4,1045,2197.8
4,1046,2036.7
4,1047,2092.4
4,1048,2862.1
4,1049,2928.1
4,1050,2844.0
4,1051,3094.1
4,1052,3067.4
4,1053,2873.0
4,1054,2980.8
4,1055,3058.3
4,1056,3716.0
4,1057,2781.0
4,1058,3066.8
4,1059,3017.2
4,1060,3088.6
4,1061,3134.0
4,1062,2995.4
4,1063,3002.0
4,1064,3009.3
4,1065,3677.3
4,1066,3000.8
4,1067,3015.3
4,1068,3049.3
4,1069,3068.6
4,1070,3069.9
4,1071,3009.9
4,1072,2818.5
4,1073,3014.7
4,1074,3972.8
4,1075,3659.1
4,1076,2275.9
4,1077,2236.5
4,1078,2091.8
4,1079,2194.1
4,1080,2111.2
4,1081,2157.8
4,1082,2133.0
4,1083,3005.1
4,1084,3136.5
4,1085,3111.0
4,1086,3079.5
4,1087,3105.6
4,1088,3072.9
4,1089,3023.8
4,1090,3038.4
4,1091,3115.3
4,1092,3662.1
4,1093,3965.6
4,1094,3954.7
4,1095,3917.1
4,1096,3645.8
4,1097,3067.4
4,1098,3048.0
4,1099,3073.5
4,1100,3132.2
4,1101,3043.2
4,1102,3074.7
4,1103,3117.7
4,1104,3098.3
4,1105,3679.7
4,1106,3074.1
4,1107,3163.1
4,1108,3094.7
4,1109,3121.9
4,1110,3079.5
4,1111,3039.6
4,1112,3029.3
4,1113,3131.6
4,1114,3989.8
4,1115,3990.4
4,1116,3082.6
4,1117,3144.3
4,1118,2105.1
4,1119,2219.0
4,1120,2219.0
4,1121,2177.2
4,1122,2152.3
4,1123,2149.9
4,1124,2268.0
4,1125,3098.9
4,1126,3036.5
4,1127,2973.6
4,1128,3112.8
4,1129,2827.6
4,1130,3147.4
4,1131,3039.6
4,1132,2970.5
4,1133,3719.7
4,1134,3102.6
4,1135,3156.5
4,1136,3220.0
4,1137,3075.9
4,1138,2891.8
4,1139,2848.8
4,1140,2848.8
4,1141,3175.8
4,1142,3821.4
4,1143,3162.5
4,1144,2315.3
4,1145,2349.2
4,1146,2263.2
4,1147,2250.5
4,1148,2335.2
4,1149,2262.6
4,1150,2255.3
4,1151,2328.6
4,1152,3813.5
4,1153,3894.1
4,1154,3386.6
4,1155,3342.4
4,1156,3253.4
4,1157,3346.6
4,1158,3362.4
4,1159,3295.1
4,1160,3363.6
4,1161,3860.2
4,1162,3878.3
4,1163,4074.6
4,1164,3812.9
4,1165,3854.1
4,1166,4078.8
4,1167,4086.1
4,1168,3848.1
4,1169,4070.3
4,1170,4099.4
4,1171,4060.0
4,1172,4050.9
4,1173,4117.0
4,1174,4046.1
4,1175,4069.7
4,1176,4066.7
4,1177,3846.9
4,1178,4146.0
4,1179,4095.2
4,1180,4091.5
4,1181,4133.9
4,1182,4041.9
4,1183,4060.0
4,1184,4132.7
4,1185,3913.5
4,1186,3725.7
4,1187,3912.3
4,1188,3961.3
4,1189,3212.2
4,1190,3085.6
4,1191,2299.5
4,1192,2269.8
4,1193,2093.0
4,1194,2206.2
4,1195,2287.4
4,1196,2114.2
4,1197,2243.8
4,1198,2916.6
4,1199,3149.2
4,1200,2963.9
4,1201,2965.1
4,1202,2973.6
4,1203,3036.5
4,1204,3073.5
4,1205,3112.8
4,1206,3969.2
4,1207,3680.9
4,1208,2258.9
4,1209,2126.9
4,1210,2205.0
4,1211,2385.5
4,1212,2129.3
4,1213,2229.9
4,1214,2122.1
4,1215,3051.7
4,1216,3082.0
4,1217,3051.1
4,1218,3060.8
4,1219,3070.5
4,1220,3148.0
4,1221,2992.9
4,1222,3045.0
4,1223,3143.1
4,1224,3889.2
4,1225,3912.9
4,1226,3763.9
4,1227,3938.9
4,1228,3920.1
4,1229,3954.7
4,1230,3116.5
4,1231,3141.3
4,1232,2136.6
4,1233,2162.0
4,1234,2164.5
4,1235,2090.0
4,1236,2093.6
4,1237,2120.9
4,1238,2064.5
4,1239,2819.7
4,1240,3072.9
4,1241,3016.6
4,1242,3088.0
4,1243,3135.9
4,1244,2970.5
4,1245,3028.1
4,1246,3022.0
4,1247,3437.5
4,1248,3085.6
4,1249,2220.2
4,1250,2123.3
4,1251,2226.8
4,1252,2174.1
4,1253,2153.0
4,1254,2081.5
4,1255,2054.2
4,1256,2057.9
4,1257,3938.3
4,1258,3700.9
4,1259,3114.1
4,1260,3028.1
4,1261,3095.9
4,1262,3121.9
4,1263,3089.2
4,1264,3115.9
4,1265,3869.3
4,1266,4213.2
4,1267,2186.3
4,1268,2153.6
4,1269,2234.7
4,1270,2196.6
4,1271,2117.2
4,1272,2090.0
4,1273,2091.2
4,1274,2172.9
4,1275,2897.9
4,1276,3941.3
4,1277,3189.2
4,1278,3118.3
4,1279,3132.8
4,1280,3093.5
4,1281,3136.5
4,1282,3169.2
4,1283,2983.9
4,1284,3918.9
4,1285,3941.9
4,1286,2826.4
4,1287,2164.5
4,1288,2134.8
4,1289,2186.9
4,1290,2080.3
4,1291,2051.2
4,1292,2135.4
4,1293,2214.1
4,1294,3005.1
4,1295,3076.5
4,1296,3086.8
4,1297,3067.4
4,1298,2857.9
4,1299,3061.4
4,1300,2869.4
4,1301,2945.7
4,1302,3668.8
4,1303,3032.3
4,1304,3120.1
4,1305,3048.7
4,1306,3003.8
4,1307,2917.2
4,1308,3143.1
4,1309,3145.6
4,1310,2788.2
4,1311,3895.3
4,1312,3081.4
4,1313,2223.8
4,1314,2157.2
4,1315,2119.0
4,1316,2166.3
4,1317,2123.3
4,1318,2114.8
4,1319,2167.5
4,1320,2280.7
4,1321,3680.9
4,1322,3710.0
4,1323,3450.8
4,1324,4014.6
4,1325,3148.6
4,1326,2171.1
4,1327,2134.8
4,1328,2000.9
4,1329,2091.8
4,1330,2113.0
4,1331,2031.8
4,1332,2158.4
4,1333,2126.3
4,1334,3644.6
4,1335,4000.7
4,1336,2965.7
4,1337,2112.4
4,1338,2163.9
4,1339,2272.3
4,1340,2156.0
4,1341,2178.4
4,1342,2126.3
4,1343,2174.8
4,1344,2162.0
4,1345,3550.1
4,1346,4055.2
4,1347,2273.5
4,1348,2165.1
4,1349,2208.1
4,1350,2153.6
4,1351,2163.9
4,1352,2262.0
4,1353,2172.3
4,1354,2303.1
4,1355,3116.5
4,1356,3805.7
4,1357,3818.4
4,1358,3099.5
4,1359,3155.2
4,1360,3258.8
4,1361,3268.5
4,1362,3203.7
4,1363,3219.4
4,1364,3187.9
4,1365,3820.8
4,1366,3851.7
4,1367,3773.6
4,1368,3748.1
4,1369,4109.1
4,1370,3003.2
4,1371,3255.8
4,1372,2260.1
4,1373,2367.9
4,1374,2215.9
4,1375,2215.9
4,1376,2131.8
4,1377,2132.4
4,1378,2142.1
4,1379,3230.3
4,1380,3225.5
4,1381,3230.3
4,1382,3145.6
4,1383,3016.0
4,1384,3128.6
4,1385,2870.0
4,1386,3155.2
4,1387,3801.4
4,1388,3198.2
4,1389,2355.8
4,1390,2315.9
4,1391,2251.7
4,1392,2286.8
4,1393,2255.3
4,1394,2265.0
4,1395,2134.2
4,1396,2107.5
4,1397,3800.8
4,1398,3761.5
4,1399,3183.7
4,1400,3224.3
4,1401,3227.9
4,1402,3297.6
4,1403,3226.7
4,1404,3152.8
4,1405,3240.0
4,1406,4012.8
4,1407,3266.7
4,1408,2896.6
4,1409,2262.0
4,1410,2367.3
4,1411,2223.2
4,1412,2131.2
4,1413,2250.5
4,1414,2126.9
4,1415,2237.7
4,1416,3158.3
4,1417,3190.4
4,1418,2978.4
4,1419,3273.9
4,1420,3131.6
4,1421,3213.4
4,1422,3231.5
4,1423,3162.5
4,1424,3781.4
4,1425,3203.1
4,1426,2228.7
4,1427,2274.7
4,1428,2218.4
4,1429,2286.8
4,1430,2214.7
4,1431,2318.9
4,1432,2309.8
4,1433,2166.3
4,1434,3802.0
4,1435,3830.5
4,1436,3808.1
4,1437,3140.1
4,1438,3188.6
4,1439,3181.3
4,1440,3155.8
4,1441,3232.8
4,1442,3132.2
4,1443,3197.0
4,1444,4043.7
4,1445,3017.8
4,1446,3214.6
4,1447,2286.8
4,1448,2254.1
4,1449,2206.9
4,1450,2232.9
4,1451,2209.9
4,1452,2108.1
4,1453,2172.9
4,1454,3223.7
4,1455,3219.4
4,1456,3144.3
4,1457,3147.4
4,1458,2968.7
4,1459,3091.0
4,1460,3146.2
4,1461,3228.5
4,1462,4063.7
4,1463,3808.1
4,1464,2328.0
4,1465,2185.7
4,1466,2176.0
4,1467,2305.0
4,1468,2179.0
4,1469,2158.4
4,1470,2117.2
4,1471,3180.1
4,1472,3164.3
4,1473,3218.2
4,1474,3157.1
4,1475,3177.7
4,1476,3133.4
4,1477,3241.8
4,1478,3075.3
4,1479,3168.6
4,1480,4066.7
4,1481,2966.9
4,1482,2315.9
4,1483,2312.8
4,1484,2340.1
4,1485,2168.1
4,1486,2221.4
4,1487,2181.4
4,1488,2113.6
4,1489,3275.2
4,1490,3158.9
4,1491,3258.8
4,1492,2947.5
4,1493,3245.5
4,1494,3112.2
4,1495,3069.2
4,1496,3135.9
4,1497,4043.7
4,1498,3791.1
4,1499,2233.5
4,1500,2240.2
4,1501,2253.5
4,1502,2298.3
4,1503,2285.0
4,1504,2277.7
4,1505,2111.2
4,1506,3013.5
4,1507,3195.8
4,1508,3254.6
4,1509,3135.9
4,1510,3181.3
4,1511,3247.3
4,1512,3171.0
4,1513,3086.8
4,1514,3209.7
4,1515,3835.3
4,1516,4021.9
4,1517,3256.4
4,1518,3207.3
4,1519,2326.2
4,1520,2371.6
4,1521,2224.4
4,1522,2209.3
4,1523,2233.5
4,1524,2286.8
4,1525,2239.0
4,1526,2869.4
4,1527,3052.9
4,1528,3082.6
4,1529,3165.5
4,1530,2922.7
4,1531,3153.4
4,1532,3160.1
4,1533,3034.7
4,1534,3771.8
4,1535,2957.2
4,1536,2894.8
4,1537,3102.6
4,1538,3109.8
4,1539,3187.9
4,1540,3154.6
4,1541,3234.6
4,1542,2314.0
4,1543,2301.3
4,1544,2264.4
4,1545,2199.6
4,1546,2223.2
4,1547,2209.9
4,1548,2240.8
4,1549,2202.6
4,1550,3780.8
4,1551,3776.0
4,1552,3564.6
4,1553,3814.1
4,1554,3232.8
4,1555,3206.1
4,1556,3271.5
4,1557,3355.1
4,1558,3183.1
4,1559,3208.5
4,1560,3198.8
4,1561,4054.0
4,1562,3028.7
4,1563,3228.5
4,1564,2260.8
4,1565,2287.4
4,1566,2188.1
4,1567,2217.1
4,1568,2214.7
4,1569,2149.9
4,1570,2199.6
4,1571,2910.6
4,1572,3227.9
4,1573,3223.1
4,1574,2963.9
4,1575,3080.8
4,1576,3211.6
4,1577,2854.3
4,1578,3234.0
4,1579,3916.5
4,1580,3043.2
4,1581,2272.3
4,1582,2262.0
4,1583,2223.8
4,1584,2265.6
4,1585,2245.6
4,1586,2110.6
4,1587,2225.0
4,1588,2246.2
4,1589,3822.0
4,1590,4006.7
4,1591,3054.7
4,1592,3172.2
4,1593,2989.9
4,1594,3218.2
4,1595,2957.2
4,1596,2959.6
4,1597,2844.6
4,1598,4124.2
4,1599,3819.6
4,1600,2344.3
4,1601,2292.9
4,1602,2318.3
4,1603,2257.1
4,1604,2232.3
4,1605,2277.1
4,1606,2165.7
4,1607,3172.2
4,1608,3145.6
4,1609,3227.9
4,1610,3228.5
4,1611,3433.8
4,1612,3420.5
4,1613,3386.6
4,1614,3963.1
4,1615,4232.0
4,1616,3375.7
4,1617,3042.6
4,1618,3126.2
4,1619,2986.3
4,1620,2425.5
4,1621,2384.3
4,1622,2306.8
4,1623,2378.2
4,1624,2510.3
4,1625,3286.7
4,1626,3345.4
4,1627,3187.9
4,1628,3255.2
4,1629,2946.3
4,1630,2913.0
4,1631,2946.3
4,1632,3211.0
4,1633,4251.4
4,1634,3755.4
4,1635,2418.8
4,1636,2343.1
4,1637,2461.2
4,1638,2399.4
4,1639,2334.6
4,1640,2287.4
4,1641,2416.4
4,1642,3414.4
4,1643,3407.8
4,1644,3300.0
4,1645,3347.8
4,1646,3367.8
4,1647,3481.1
4,1648,3415.7
4,1649,3396.3
4,1650,4256.9
4,1651,4238.1
4,1652,3966.2
4,1653,4231.4
4,1654,3190.4
4,1655,3223.7
4,1656,2997.8
4,1657,2380.7
4,1658,2445.5
4,1659,2457.0
4,1660,2301.3
4,1661,2360.7
4,1662,2361.9
4,1663,2945.1
4,1664,3247.3
4,1665,3198.2
4,1666,2953.0
4,1667,3045.6
4,1668,3261.8
4,1669,3317.5
4,1670,2987.5
4,1671,4252.6
4,1672,3982.5
4,1673,2528.4
4,1674,2438.8
4,1675,2344.9
4,1676,2382.5
4,1677,2317.7
4,1678,2397.0
4,1679,2364.9
4,1680,3529.5
4,1681,3413.8
4,1682,3463.5
4,1683,3441.1
4,1684,3973.4
4,1685,4009.2
4,1686,4194.5
4,1687,4201.1
4,1688,3839.0
4,1689,3823.2
4,1690,3804.5
4,1691,4143.6
4,1692,2948.1
4,1693,2992.9
4,1694,2214.7
4,1695,2311.6
4,1696,2270.4
4,1697,2202.0
4,1698,2270.4
4,1699,2291.0
4,1700,2198.4
4,1701,3230.3
4,1702,3243.1
4,1703,2968.7
4,1704,3178.3
4,1705,2985.7
4,1706,3218.2
4,1707,3247.9
4,1708,3178.9
4,1709,4261.7
4,1710,4195.7
4,1711,2536.9
4,1712,2288.0
4,1713,2327.4
4,1714,2375.8
4,1715,2354.6
4,1716,2289.2
4,1717,2368.6
4,1718,4332.6
4,1719,8628.8
4,1720,4406.4
4,1721,8009.2
4,1722,4415.5
4,1723,4329.5
4,1724,7811.8
4,1725,4927.3
4,1726,8153.4
4,1727,4858.2
4,1728,3948.0
4,1729,4087.9
4,1730,4063.1
4,1731,3197.6
4,1732,3181.9
4,1733,3290.3
4,1734,3163.1
4,1735,3168.0
4,1736,2315.9
4,1737,2318.3
4,1738,2380.1
4,1739,2247.4
4,1740,3131.0
4,1741,3140.7
4,1742,3130.4
4,1743,3115.9
4,1744,3179.5
4,1745,3209.1
4,1746,3145.6
4,1747,3177.0
4,1748,3796.0
4,1749,3177.0
4,1750,2232.9
4,1751,2262.6
4,1752,2267.4
4,1753,2337.7
4,1754,2318.3
4,1755,2259.5
4,1756,2230.5
4,1757,2354.0
4,1758,3737.8
4,1759,3748.1
4,1760,4074.0
4,1761,3204.3
4,1762,2197.2
4,1763,2144.5
4,1764,2204.4
4,1765,2250.5
4,1766,2162.0
4,1767,2186.3
4,1768,2262.0
4,1769,2151.7
4,1770,4043.7
4,1771,2993.5
4,1772,2229.3
4,1773,2230.5
4,1774,2255.3
4,1775,2237.7
4,1776,2231.7
4,1777,2170.5
4,1778,2202.0
4,1779,2189.9
4,1780,3554.9
4,1781,3831.7
4,1782,3732.4
4,1783,3143.1
4,1784,3192.8
4,1785,3195.2
4,1786,3250.9
4,1787,3160.7
4,1788,3085.0
4,1789,3265.5
4,1790,3740.9
4,1791,4050.3
4,1792,3208.5
4,1793,3209.7
4,1794,2292.9
4,1795,2273.5
4,1796,2205.6
4,1797,2228.0
4,1798,2143.9
4,1799,2140.8
4,1800,2124.5
4,1801,2943.9
4,1802,3027.5
4,1803,3197.0
4,1804,3231.5
4,1805,3202.5
4,1806,3088.6
4,1807,3153.4
4,1808,3083.2
4,1809,4028.5
4,1810,4147.2
4,1811,3190.4
4,1812,2245.6
4,1813,2340.1
4,1814,2323.1
4,1815,2355.8
4,1816,2279.5
4,1817,2190.5
4,1818,2190.5
4,1819,2983.2
4,1820,3134.7
4,1821,3163.1
4,1822,3185.5
4,1823,3206.7
4,1824,3148.0
4,1825,3149.8
4,1826,3171.6
4,1827,3089.2
4,1828,4117.6
4,1829,3023.8
4,1830,2922.7
4,1831,2232.9
4,1832,2368.6
4,1833,2327.4
4,1834,2352.2
4,1835,2228.0
4,1836,2243.2
4,1837,2190.5
4,1838,2194.7
4,1839,3198.2
4,1840,3144.9
4,1841,3131.6
4,1842,3183.1
4,1843,3179.5
4,1844,3151.6
4,1845,3147.4
4,1846,3135.3
4,1847,3204.9
4,1848,3815.4
4,1849,4053.4
4,1850,3011.1
4,1851,2321.3
4,1852,2349.8
4,1853,2371.0
4,1854,2170.5
4,1855,2157.2
4,1856,2205.6
4,1857,2197.2
4,1858,3018.4
4,1859,3157.1
4,1860,2992.3
4,1861,3071.1
4,1862,2856.1
4,1863,2847.6
4,1864,3102.6
4,1865,3086.8
4,1866,3591.3
4,1867,2850.6
4,1868,2892.4
4,1869,3103.2
4,1870,3267.3
4,1871,3099.5
4,1872,2886.4
4,1873,2914.2
4,1874,2931.2
4,1875,3582.8
4,1876,3187.3
4,1877,3100.7
4,1878,3166.1
4,1879,3159.5
4,1880,3160.1
4,1881,3227.3
4,1882,3089.8
4,1883,3103.2
4,1884,3822.0
4,1885,3185.5
4,1886,2341.9
4,1887,2219.6
4,1888,2375.2
4,1889,2315.3
4,1890,2242.0
4,1891,2233.5
4,1892,2211.1
4,1893,2333.4
4,1894,5950.8
4,1895,4069.7
4,1896,2308.0
4,1897,2275.3
4,1898,2255.3
4,1899,2176.6
4,1900,2183.2
4,1901,2188.7
4,1902,2095.4
4,1903,2232.9
4,1904,2985.1
4,1905,3524.7
4,1906,3868.0
4,1907,3777.8
4,1908,4036.4
4,1909,2320.1
4,1910,2122.1
4,1911,2270.4
4,1912,2108.7
4,1913,2148.7
4,1914,2176.0
4,1915,2160.2
4,1916,2329.8
4,1917,3125.6
4,1918,4048.5
4,1919,2267.4
4,1920,2145.1
4,1921,2120.9
4,1922,2139.6
4,1923,2125.7
4,1924,2160.8
4,1925,2179.0
4,1926,2102.7
4,1927,2965.1
4,1928,3809.3
4,1929,3161.9
4,1930,3143.1
4,1931,3144.9
4,1932,3144.9
4,1933,3218.2
4,1934,3161.9
4,1935,3081.4
4,1936,4090.3
4,1937,3249.1
4,1938,3232.2
4,1939,2238.3
4,1940,2386.7
4,1941,2280.1
4,1942,2096.6
4,1943,2142.7
4,1944,2172.9
4,1945,2280.7
4,1946,2934.8
4,1947,3180.1
4,1948,3003.8
4,1949,3212.2
4,1950,2938.4
4,1951,2899.1
4,1952,3137.1
4,1953,3127.4
4,1954,3587.0
4,1955,3221.9
4,1956,3181.9
4,1957,3052.3
4,1958,2902.1
4,1959,3184.9
4,1960,3190.4
4,1961,3211.0
4,1962,3264.3
4,1963,3778.4
4,1964,2911.2
4,1965,2320.1
4,1966,2194.1
4,1967,2286.8
4,1968,2308.0
4,1969,2225.6
4,1970,2215.9
4,1971,2213.5
4,1972,2249.2
4,1973,3562.8
4,1974,10342.0
4,1975,3424.7
4,1976,3110.4
4,1977,3168.0
4,1978,3121.3
4,1979,3157.1
4,1980,3266.1
4,1981,3300.0
4,1982,3144.9
4,1983,2255.9
4,1984,3272.7
4,1985,2312.2
4,1986,2292.9
4,1987,2240.8
4,1988,2238.3
4,1989,2179.6
4,1990,2155.4
4,1991,2199.6
4,1992,4011.0
4,1993,7388.5
4,1994,3057.1
4,1995,4871.5
4,1996,10632.1
4,1997,3105.6
4,1998,3261.2
4,1999,3149.8
16,0,2242.6
16,1,2344.3
16,2,2156.6
16,3,2137.2
16,4,4146.6
16,5,3159.5
16,6,2231.7
16,7,2218.4
16,8,2162.0
16,9,2182.6
16,10,2129.9
16,11,2151.7
16,12,2129.9
16,13,2129.3
16,14,3889.9
16,15,3792.3
16,16,3545.3
16,17,3287.3
16,18,3179.5
16,19,3191.0
16,20,3124.4
16,21,3229.1
16,22,3189.2
16,23,3144.3
16,24,3788.7
16,25,3840.2
16,26,3191.0
16,27,3144.9
16,28,3134.7
16,29,3155.2
16,30,3196.4
16,31,3201.3
16,32,3106.2
16,33,3195.2
16,34,4070.9
16,35,3295.7
16,36,3186.1
16,37,2306.8
16,38,2268.0
16,39,2209.9
16,40,2159.0
16,41,2142.1
16,42,2108.7
16,43,2206.9
16,44,2960.8
16,45,2891.8
16,46,3244.9
16,47,2976.6
16,48,3177.0
16,49,2969.3
16,50,3186.7
16,51,3194.6
16,52,3791.7
16,53,3127.4
16,54,3224.9
16,55,3192.2
16,56,3211.6
16,57,3212.8
16,58,3135.9
16,59,3052.3
16,60,3212.2
16,61,3802.0
16,62,3164.9
16,63,2346.7
16,64,2353.4
16,65,2407.9
16,66,2309.2
16,67,2270.4
16,68,2129.9
16,69,2329.8
16,70,2468.5
16,71,4094.5
16,72,3209.1
16,73,2214.7
16,74,2172.9
16,75,2100.9
16,76,2178.4
16,77,2183.2
16,78,2176.0
16,79,2129.3
16,80,2097.2
16,81,3581.6
16,82,3842.0
16,83,3209.7
16,84,3110.4
16,85,3223.7
16,86,3360.5
16,87,3212.8
16,88,3200.7
16,89,3172.2
16,90,4038.2
16,91,3301.2
16,92,3237.6
16,93,2267.4
16,94,2297.1
16,95,2273.5
16,96,2291.0
16,97,2220.8
16,98,2183.2
16,99,2203.8
16,100,3156.5
16,101,2994.1
16,102,2957.2
16,103,2945.7
16,104,2994.8
16,105,3172.8
16,106,2797.9
16,107,3166.1
16,108,3561.6
16,109,3092.3
16,110,2149.3
16,111,2278.3
16,112,2246.2
16,113,2203.8
16,114,2122.1
16,115,2255.3
16,116,2232.9
16,117,2168.1
16,118,4186.6
16,119,3215.2
16,120,2209.3
16,121,2147.5
16,122,2145.1
16,123,2126.9
16,124,2128.7
16,125,2165.7
16,126,2146.9
16,127,2114.8
16,128,4088.5
16,129,3260.6
16,130,2124.5
16,131,2263.8
16,132,2225.0
16,133,2113.0
16,134,2243.8
16,135,2223.8
16,136,2129.3
16,137,2236.5
16,138,3009.9
16,139,3129.2
16,140,3171.0
16,141,3148.6
16,142,3155.2
16,143,3260.6
16,144,3212.2
16,145,3122.5
16,146,3138.3
16,147,3801.4
16,148,3824.4
16,149,3806.9
16,150,3855.3
16,151,4109.7
16,152,3283.6
16,153,2936.6
16,154,2255.9
16,155,2336.5
16,156,2153.0
16,157,2231.1
16,158,2242.0
16,159,2106.3
16,160,2225.6
16,161,3000.2
16,162,2983.9
16,163,3000.8
16,164,2985.7
16,165,2968.7
16,166,3303.0
16,167,3203.7
16,168,3177.7
16,169,3622.2
16,170,2853.6
16,171,3190.4
16,172,3190.4
16,173,3190.4
16,174,3238.2
16,175,3188.6
16,176,3196.4
16,177,3189.2
16,178,3769.3
16,179,3173.4
16,180,3226.1
16,181,3212.8
16,182,3271.5
16,183,3223.1
16,184,3142.5
16,185,3292.1
16,186,3177.0
16,187,4109.1
16,188,4105.4
16,189,3201.9
16,190,2356.4
16,191,6985.7
16,192,3374.5
16,193,3216.4
16,194,3217.6
16,195,2358.9
16,196,2283.8
16,197,2341.9
16,198,2291.6
16,199,2228.7
16,200,2983.2
16,201,3235.2
16,202,3174.6
16,203,3203.1
16,204,3263.0
16,205,3180.7
16,206,3159.5
16,207,3108.0
16,208,3106.2
16,209,4207.8
16,210,3207.9
16,211,3210.4
16,212,2392.8
16,213,2331.0
16,214,2298.3
16,215,2165.7
16,216,2171.7
16,217,2169.3
16,218,2136.0
16,219,2132.4
16,220,3137.7
16,221,3154.0
16,222,3158.9
16,223,3231.5
16,224,3263.6
16,225,3198.8
16,226,3132.2
16,227,3137.7
16,228,3140.1
16,229,3843.8
16,230,3812.3
16,231,4097.0
16,232,2939.0
16,233,3273.9
16,234,2207.5
16,235,2376.4
16,236,2202.6
16,237,2111.8
16,238,2278.3
16,239,2140.8
16,240,2149.3
16,241,2974.2
16,242,2877.3
16,243,3232.2
16,244,3234.0
16,245,2941.5
16,246,2828.2
16,247,3214.6
16,248,3226.1
16,249,4114.5
16,250,3796.0
16,251,2324.3
16,252,2249.2
16,253,2303.8
16,254,2287.4
16,255,2242.6
16,256,2291.6
16,257,2304.4
16,258,3184.9
16,259,7178.9
16,260,2481.2
16,261,2322.5
16,262,2401.3
16,263,2242.6
16,264,2211.1
16,265,2303.8
16,266,2231.7
16,267,2177.8
16,268,3082.0
16,269,3660.3
16,270,4422.8
16,271,3484.1
16,272,3766.9
16,273,3405.4
16,274,3683.3
16,275,3650.0
16,276,4241.7
16,277,4322.3
16,278,4022.5
16,279,3172.8
16,280,3234.6
16,281,3215.8
16,282,2239.6
16,283,2314.7
16,284,2219.0
16,285,2123.9
16,286,2138.4
16,287,3079.5
16,288,3194.6
16,289,3240.0
16,290,3249.7
16,291,3197.6
16,292,3218.8
16,293,3203.1
16,294,3316.3
16,295,3235.2
16,296,4128.5
16,297,3008.1
16,298,3265.5
16,299,2346.7
16,300,2304.4
16,301,2325.6
16,302,2292.9
16,303,2274.7
16,304,2160.2
16,305,2216.5
16,306,3541.6
16,307,3729.4
16,308,3762.7
16,309,3866.8
16,310,3783.9
16,311,4318.0
16,312,4140.6
16,313,7446.0
16,314,5572.2
16,315,3364.2
16,316,3241.8
16,317,2401.3
16,318,2327.4
16,319,2285.6
16,320,2170.5
16,321,2286.2
16,322,2135.4
16,323,3362.4
16,324,3192.2
16,325,3201.9
16,326,3260.0
16,327,3192.8
16,328,3212.2
16,329,3240.6
16,330,3146.8
16,331,3181.9
16,332,4097.0
16,333,3280.6
16,334,2983.2
16,335,2297.7
16,336,2298.9
16,337,2318.3
16,338,2233.5
16,339,2182.0
16,340,2301.9
16,341,2141.4
16,342,3923.2
16,343,9970.8
16,344,3419.9
16,345,3119.5
16,346,3140.1
16,347,3142.5
16,348,3268.5
16,349,3163.1
16,350,3135.3
16,351,3215.8
16,352,3344.8
16,353,4173.9
16,354,3037.8
16,355,3265.5
16,356,2339.5
16,357,2306.2
16,358,2302.5
16,359,2171.1
16,360,2194.1
16,361,2268.0
16,362,2199.6
16,363,3711.2
16,364,7302.5
16,365,4193.9
16,366,5308.8
16,367,8226.6
16,368,4136.9
16,369,6305.6
16,370,8013.5
16,371,3248.5
16,372,3786.3
16,373,3815.4
16,374,4209.6
16,375,3283.6
16,376,3236.4
16,377,3052.3
16,378,4062.5
16,379,2344.9
16,380,2289.8
16,381,2231.7
16,382,2292.9
16,383,2163.2
16,384,2231.1
16,385,2420.0
16,386,2134.2
16,387,3390.8
16,388,3804.5
16,389,3177.7
16,390,3162.5
16,391,3228.5
16,392,3214.6
16,393,3212.2
16,394,3268.5
16,395,3172.2
16,396,3806.3
16,397,3779.0
16,398,3865.6
16,399,3834.7
16,400,3842.0
16,401,4127.9
16,402,3282.4
16,403,3257.0
16,404,2301.9
16,405,2247.4
16,406,2254.1
16,407,2180.2
16,408,2196.0
16,409,2170.5
16,410,2115.4
16,411,3169.8
16,412,3265.5
16,413,3295.7
16,414,2983.9
16,415,2953.6
16,416,3098.9
16,417,3240.0
16,418,3278.8
16,419,4197.5
16,420,3780.8
16,421,2290.4
16,422,2303.1
16,423,2247.4
16,424,2235.9
16,425,2189.9
16,426,2129.9
16,427,2146.9
16,428,3204.3
16,429,3141.9
16,430,3292.7
16,431,3281.2
16,432,3223.7
16,433,3200.7
16,434,3166.1
16,435,3214.0
16,436,3141.3
16,437,4145.4
16,438,3364.2
16,439,3286.7
16,440,2299.5
16,441,2379.5
16,442,2198.4
16,443,2253.5
16,444,2151.1
16,445,2274.7
16,446,2246.8
16,447,3246.1
16,448,3226.7
16,449,3355.1
16,450,3152.8
16,451,2977.8
16,452,3118.9
16,453,3140.7
16,454,3135.3
16,455,3845.6
16,456,3279.4
16,457,2323.1
16,458,2212.3
16,459,2249.2
16,460,2177.8
16,461,2152.3
16,462,2246.8
16,463,2148.1
16,464,2201.4
16,465,4192.7
16,466,3217.0
16,467,2271.7
16,468,2175.4
16,469,2236.5
16,470,2169.3
16,471,2266.2
16,472,2295.3
16,473,2243.2
16,474,2134.2
16,475,3848.7
16,476,3538.6
16,477,3844.4
16,478,3536.8
16,479,4093.9
16,480,2976.0
16,481,2205.0
16,482,2212.3
16,483,2147.5
16,484,2318.9
16,485,2255.3
16,486,2191.1
16,487,2249.9
16,488,2191.7
16,489,4152.1
16,490,3177.7
16,491,2250.5
16,492,2228.0
16,493,2203.8
16,494,6677.5
16,495,2435.2
16,496,2374.0
16,497,2311.0
16,498,2171.1
16,499,3373.3
16,500,3071.7
16,501,3312.1
16,502,3341.8
16,503,3284.2
16,504,3038.4
16,505,3143.7
16,506,3146.8
16,507,3830.5
16,508,2891.8
16,509,3086.2
16,510,3120.1
16,511,3092.3
16,512,2843.4
16,513,3261.8
16,514,3166.7
16,515,3159.5
16,516,3858.4
16,517,3202.5
16,518,2246.8
16,519,2277.1
16,520,2291.0
16,521,2307.4
16,522,2136.0
16,523,2185.7
16,524,2166.9
16,525,2234.1
16,526,3831.7
16,527,3811.7
16,528,3259.4
16,529,3383.6
16,530,3214.0
16,531,3212.2
16,532,3211.0
16,533,3161.3
16,534,3287.9
16,535,4146.0
16,536,2980.2
16,537,3184.9
16,538,2217.1
16,539,2361.3
16,540,2275.3
16,541,2237.7
16,542,2211.1
16,543,2252.3
16,544,2211.7
16,545,3283.0
16,546,3222.5
16,547,3238.2
16,548,3197.6
16,549,2919.7
16,550,2922.1
16,551,3182.5
16,552,3216.4
16,553,3902.0
16,554,2815.5
16,555,3227.3
16,556,3151.0
16,557,3159.5
16,558,3229.7
16,559,3168.0
16,560,2836.1
16,561,3178.3
16,562,3828.7
16,563,3121.9
16,564,2298.3
16,565,2167.5
16,566,2267.4
16,567,2302.5
16,568,2120.9
16,569,2217.8
16,570,2307.4
16,571,2214.1
16,572,3849.3
16,573,3843.8
16,574,3259.4
16,575,3286.1
16,576,3206.1
16,577,3278.8
16,578,3236.4
16,579,3166.1
16,580,3098.9
16,581,4157.5
16,582,3292.7
16,583,3066.8
16,584,2275.3
16,585,2397.0
16,586,2225.0
16,587,2257.1
16,588,2162.0
16,589,2120.3
16,590,2240.8
16,591,2903.9
16,592,3214.0
16,593,2947.5
16,594,3189.2
16,595,3260.0
16,596,3183.7
16,597,3199.5
16,598,3134.0
16,599,4160.6
16,600,4097.6
16,601,3286.7
16,602,2404.9
16,603,2296.5
16,604,2262.0
16,605,2145.7
16,606,2217.8
16,607,2281.9
16,608,2165.7
16,609,3037.1
16,610,3151.0
16,611,3221.3
16,612,3177.7
16,613,3220.0
16,614,3308.5
16,615,3209.7
16,616,3193.4
16,617,3206.1
16,618,4101.8
16,619,3278.2
16,620,3017.2
16,621,2275.9
16,622,2309.2
16,623,2322.5
16,624,2182.6
16,625,2215.9
16,626,2152.3
16,627,2145.7
16,628,3199.5
16,629,3002.6
16,630,3215.8
16,631,2988.7
16,632,3110.4
16,633,2916.6
16,634,2858.5
16,635,3207.3
16,636,3816.6
16,637,3143.7
16,638,2324.3
16,639,2268.0
16,640,2280.7
16,641,2312.2
16,642,2222.0
16,643,2136.6
16,644,2252.9
16,645,2250.5
16,646,4221.7
16,647,3289.7
16,648,2199.6
16,649,2231.7
16,650,2408.5
16,651,2191.7
16,652,2121.5
16,653,2118.4
16,654,2168.7
16,655,2125.7
16,656,3876.5
16,657,3599.2
16,658,3319.4
16,659,3269.7
16,660,3201.9
16,661,3227.3
16,662,3264.3
16,663,3297.6
16,664,3198.8
16,665,3847.5
16,666,4095.2
16,667,3332.1
16,668,3223.1
16,669,2343.7
16,670,2414.6
16,671,2333.4
16,672,2189.3
16,673,2193.5
16,674,2221.4
16,675,2228.7
16,676,3225.5
16,677,3209.7
16,678,3076.5
16,679,3285.4
16,680,3161.3
16,681,3255.2
16,682,2983.9
16,683,3217.0
16,684,4130.9
16,685,3828.1
16,686,2297.7
16,687,2373.4
16,688,2290.4
16,689,2381.9
16,690,2281.3
16,691,2354.6
16,692,2260.8
16,693,3292.7
16,694,3263.6
16,695,3156.5
16,696,3230.9
16,697,3221.3
16,698,3231.5
16,699,3223.1
16,700,3224.9
16,701,3245.5
16,702,4165.4
16,703,3287.9
16,704,3228.5
16,705,2294.1
16,706,2288.6
16,707,2271.0
16,708,2243.2
16,709,2210.5
16,710,2365.5
16,711,2139.0
16,712,3194.0
16,713,3267.3
16,714,3239.4
16,715,2991.1
16,716,3216.4
16,717,3130.4
16,718,2907.5
16,719,2872.4
16,720,2940.3
16,721,2274.1
16,722,2327.4
16,723,2201.4
16,724,2281.3
16,725,2158.4
16,726,2301.9
16,727,2154.8
16,728,3115.9
16,729,3235.2
16,730,3137.7
16,731,3244.9
16,732,3183.7
16,733,3215.8
16,734,3228.5
16,735,3221.9
16,736,3199.5
16,737,4145.4
16,738,3299.4
16,739,2985.1
16,740,2295.3
16,741,2331.0
16,742,2324.3
16,743,2300.7
16,744,2249.9
16,745,2297.1
16,746,2229.9
16,747,3232.2
16,748,3177.0
16,749,3208.5
16,750,3242.5
16,751,3188.6
16,752,3123.8
16,753,3231.5
16,754,2891.2
16,755,3909.8
16,756,2846.4
16,757,2903.9
16,758,3009.3
16,759,3207.3
16,760,2885.1
16,761,3198.2
16,762,3215.8
16,763,2902.7
16,764,3816.6
16,765,2956.6
16,766,3198.8
16,767,3112.2
16,768,3240.0
16,769,3130.4
16,770,3157.7
16,771,3121.3
16,772,3175.8
16,773,4125.4
16,774,4161.8
16,775,3259.4
16,776,2308.6
16,777,2268.6
16,778,2212.3
16,779,2312.2
16,780,2191.7
16,781,2270.4
16,782,2234.7
16,783,3014.1
16,784,3197.0
16,785,3320.0
16,786,3176.4
16,787,3141.9
16,788,3279.4
16,789,3121.9
16,790,3155.2
16,791,3136.5
16,792,4138.8
16,793,3278.2
16,794,2990.5
16,795,2351.6
16,796,2318.9
16,797,2243.8
16,798,2253.5
16,799,2230.5
16,800,2243.2
16,801,2272.9
16,802,2910.0
16,803,2976.0
16,804,3197.6
16,805,3267.3
16,806,3223.7
16,807,3197.6
16,808,3093.5
16,809,2879.1
16,810,4126.6
16,811,6169.4
16,812,2249.2
16,813,2246.2
16,814,2330.4
16,815,2217.1
16,816,2235.9
16,817,2228.7
16,818,2214.7
16,819,3869.3
16,820,3808.1
16,821,3250.3
16,822,3176.4
16,823,3277.0
16,824,3243.7
16,825,3297.0
16,826,3176.4
16,827,3144.9
16,828,3808.1
16,829,4124.8
16,830,3035.9
16,831,3267.9
16,832,2318.3
16,833,2407.9
16,834,2251.7
16,835,2176.0
16,836,2240.8
16,837,2243.2
16,838,2197.8
16,839,2951.8
16,840,3160.1
16,841,3257.0
16,842,2933.6
16,843,3248.5
16,844,3158.9
16,845,3157.1
16,846,2933.6
16,847,3843.8
16,848,2912.4
16,849,3206.7
16,850,3190.4
16,851,3123.8
16,852,3244.9
16,853,3201.9
16,854,3155.2
16,855,3255.2
16,856,3828.1
16,857,3161.3
16,858,2268.0
16,859,2298.3
16,860,2152.3
16,861,2243.8
16,862,2179.6
16,863,2135.4
16,864,2156.0
16,865,2211.1
16,866,3837.2
16,867,4152.7
16,868,2898.5
16,869,2243.2
16,870,2258.3
16,871,2188.7
16,872,2183.8
16,873,2234.7
16,874,2135.4
16,875,2205.6
16,876,2152.3
16,877,3535.6
16,878,3855.3
16,879,3842.0
16,880,3228.5
16,881,3224.3
16,882,3215.8
16,883,3277.0
16,884,3263.6
16,885,3263.6
16,886,3137.7
16,887,4096.4
16,888,3289.7
16,889,3092.9
16,890,2334.6
16,891,2323.7
16,892,2117.8
16,893,2209.3
16,894,2165.1
16,895,2337.1
16,896,2288.6
16,897,3246.1
16,898,3198.8
16,899,3003.2
16,900,3238.2
16,901,2969.9
16,902,2922.7
16,903,2919.7
16,904,3165.5
16,905,3579.8
16,906,3235.2
16,907,2242.0
16,908,2276.5
16,909,2251.1
16,910,2349.8
16,911,2203.2
16,912,2274.1
16,913,2234.7
16,914,2227.4
16,915,3634.9
16,916,4170.9
16,917,3237.0
16,918,2340.1
16,919,2252.3
16,920,2375.8
16,921,2391.0
16,922,2339.5
16,923,2363.7
16,924,2357.0
16,925,2389.1
16,926,3849.3
16,927,3734.2
16,928,3682.1
16,929,4388.9
16,930,2473.9
16,931,2494.5
16,932,2389.7
16,933,2441.2
16,934,2393.4
16,935,2494.5
16,936,2384.3
16,937,2383.7
16,938,3221.3
16,939,4032.2
16,940,3076.5
16,941,3329.1
16,942,3326.6
16,943,2381.3
16,944,3238.8
16,945,3333.9
16,946,3293.3
16,947,3239.4
16,948,3270.9
16,949,3261.2
16,950,3320.0
16,951,3355.7
16,952,3221.3
16,953,4352.5
16,954,3113.5
16,955,3443.5
16,956,2508.4
16,957,2439.4
16,958,2442.4
16,959,2326.8
16,960,2384.9
16,961,2424.9
16,962,2314.0
16,963,3427.2
16,964,3293.3
16,965,3263.6
16,966,3292.7
16,967,3275.8
16,968,3401.7
16,969,3445.3
16,970,3379.3
16,971,3984.3
16,972,4305.3
16,973,4310.8
16,974,3273.9
16,975,2425.5
16,976,2376.4
16,977,2413.4
16,978,2251.7
16,979,2134.2
16,980,2104.5
16,981,2225.6
16,982,2249.2
16,983,2246.8
16,984,3272.1
16,985,3252.7
16,986,3214.0
16,987,2963.3
16,988,2855.5
16,989,3209.1
16,990,3157.7
16,991,3125.0
16,992,3882.6
16,993,2914.8
16,994,3130.4
16,995,3211.6
16,996,2947.5
16,997,3227.3
16,998,3148.6
16,999,2965.1
16,1000,3009.3
16,1001,3834.7
16,1002,3174.6
16,1003,2262.0
16,1004,2282.6
16,1005,2294.1
16,1006,2318.3
16,1007,2112.4
16,1008,2149.9
16,1009,2300.1
16,1010,2113.0
16,1011,2162.0
16,1012,2236.5
16,1013,2295.9
16,1014,2415.2
16,1015,3192.2
16,1016,3187.9
16,1017,3164.3
16,1018,2307.4
16,1019,2200.2
16,1020,2226.2
16,1021,2246.8
16,1022,2974.2
16,1023,3133.4
16,1024,3210.4
16,1025,3317.5
16,1026,3231.5
16,1027,2304.4
16,1028,2430.9
16,1029,2281.3
16,1030,3023.8
16,1031,3316.3
16,1032,3205.5
16,1033,3290.9
16,1034,3114.7
16,1035,3203.1
16,1036,3235.8
16,1037,3167.4
16,1038,3332.1
16,1039,3823.8
16,1040,3820.2
16,1041,4195.1
16,1042,3232.8
16,1043,3264.9
16,1044,2237.1
16,1045,2345.5
16,1046,2318.3
16,1047,2281.9
16,1048,2205.0
16,1049,2277.1
16,1050,2258.9
16,1051,2982.0
16,1052,2973.6
16,1053,3194.6
16,1054,3226.7
16,1055,3137.7
16,1056,3140.7
16,1057,3260.0
16,1058,3108.6
16,1059,3860.2
16,1060,2862.7
16,1061,2847.6
16,1062,3196.4
16,1063,3240.6
16,1064,3140.7
16,1065,3161.9
16,1066,3148.6
16,1067,3200.1
16,1068,4090.3
16,1069,4065.5
16,1070,3149.2
16,1071,2369.8
16,1072,2312.2
16,1073,2300.7
16,1074,2215.9
16,1075,2207.5
16,1076,2235.3
16,1077,2143.3
16,1078,2202.6
16,1079,2174.8
16,1080,3200.1
16,1081,3272.1
16,1082,2933.6
16,1083,3284.2
16,1084,3134.7
16,1085,3217.6
16,1086,3187.9
16,1087,3121.9
16,1088,3834.1
16,1089,3301.2
16,1090,2329.2
16,1091,2220.2
16,1092,2263.8
16,1093,2282.6
16,1094,2268.6
16,1095,2203.8
16,1096,2166.9
16,1097,2178.4
16,1098,3543.4
16,1099,3842.6
16,1100,3164.3
16,1101,3230.9
16,1102,3214.0
16,1103,3197.6
16,1104,3231.5
16,1105,3278.8
16,1106,3164.3
16,1107,4140.0
16,1108,3008.1
16,1109,3237.0
16,1110,2344.3
16,1111,2328.0
16,1112,2176.6
16,1113,2181.4
16,1114,2239.6
16,1115,2258.3
16,1116,2283.2
16,1117,2937.2
16,1118,3044.4
16,1119,3264.3
16,1120,3266.7
16,1121,3251.5
16,1122,3196.4
16,1123,3242.5
16,1124,3158.3
16,1125,4164.2
16,1126,3565.8
16,1127,3389.6
16,1128,2403.7
16,1129,2306.2
16,1130,2272.9
16,1131,4586.3
16,1132,2579.3
16,1133,2294.1
16,1134,2276.5
16,1135,2459.4
16,1136,3730.6
16,1137,3994.6
16,1138,3728.8
16,1139,3809.3
16,1140,4522.1
16,1141,3368.4
16,1142,3344.2
16,1143,3209.1
16,1144,3260.0
16,1145,3317.5
16,1146,2262.0
16,1147,2335.2
16,1148,2353.4
16,1149,2153.6
16,1150,2977.2
16,1151,3246.1
16,1152,3200.7
16,1153,3289.1
16,1154,3184.3
16,1155,3270.3
16,1156,3203.1
16,1157,3152.8
16,1158,4200.5
16,1159,3862.0
16,1160,2329.2
16,1161,2265.6
16,1162,2278.3
16,1163,2274.1
16,1164,2301.3
16,1165,2220.2
16,1166,2266.8
16,1167,3676.7
16,1168,3514.4
16,1169,3490.1
16,1170,3479.9
16,1171,3526.5
16,1172,4011.6
16,1173,4031.0
16,1174,4351.3
16,1175,3986.7
16,1176,4391.9
16,1177,4360.4
16,1178,4344.7
16,1179,4336.8
16,1180,4311.4
16,1181,4324.1
16,1182,4961.2
16,1183,9094.5
16,1184,3781.4
16,1185,3401.1
16,1186,3306.0
16,1187,3336.9
16,1188,3080.8
16,1189,2346.1
16,1190,2309.8
16,1191,2250.5
16,1192,3297.0
16,1193,3175.2
16,1194,3261.2
16,1195,3189.8
16,1196,3181.9
16,1197,3138.3
16,1198,3211.6
16,1199,3125.6
16,1200,3811.1
16,1201,3222.5
16,1202,2280.1
16,1203,2346.1
16,1204,2132.4
16,1205,2269.2
16,1206,2285.0
16,1207,2211.7
16,1208,2223.8
16,1209,2262.6
16,1210,5021.1
16,1211,8992.1
16,1212,2501.2
16,1213,2175.4
16,1214,2291.6
16,1215,2283.8
16,1216,2229.3
16,1217,2257.7
16,1218,2212.9
16,1219,2205.6
16,1220,3393.2
16,1221,10879.8
16,1222,2592.6
16,1223,2917.8
16,1224,2936.6
16,1225,3298.8
16,1226,2926.3
16,1227,3170.4
16,1228,3072.9
16,1229,3207.9
16,1230,3174.6
16,1231,3885.0
16,1232,2899.1
16,1233,3241.2
16,1234,3216.4
16,1235,3144.9
16,1236,3212.2
16,1237,3233.4
16,1238,3257.6
16,1239,3195.2
16,1240,3822.6
16,1241,3201.9
16,1242,2300.7
16,1243,2420.0
16,1244,2351.0
16,1245,2232.9
16,1246,2188.1
16,1247,2228.0
16,1248,2214.1
16,1249,2285.6
16,1250,4454.3
16,1251,9173.8
16,1252,3941.3
16,1253,4104.8
16,1254,10326.9
16,1255,3562.8
16,1256,3398.7
16,1257,3502.3
16,1258,3358.7
16,1259,3383.6
16,1260,3382.3
16,1261,3997.0
16,1262,3430.8
16,1263,2379.5
16,1264,2379.5
16,1265,2504.8
16,1266,2430.3
16,1267,2354.0
16,1268,2357.7
16,1269,2349.2
16,1270,3717.3
16,1271,9045.4
16,1272,2931.8
16,1273,4964.8
16,1274,8907.4
16,1275,3526.5
16,1276,3384.8
16,1277,3235.8
16,1278,3432.6
16,1279,3136.5
16,1280,2392.2
16,1281,2434.6
16,1282,2506.0
16,1283,2464.8
16,1284,2377.0
16,1285,2438.8
16,1286,2379.5
16,1287,2332.2
16,1288,3878.3
16,1289,8717.8
16,1290,4307.7
16,1291,5540.1
16,1292,8680.9
16,1293,3207.9
16,1294,3526.5
16,1295,3346.6
16,1296,3198.8
16,1297,3396.3
16,1298,2372.8
16,1299,2449.7
16,1300,2339.5
16,1301,2364.9
16,1302,3498.6
16,1303,3504.7
16,1304,3294.5
16,1305,3424.1
16,1306,3348.4
16,1307,3325.4
16,1308,3374.5
16,1309,3418.1
16,1310,4363.4
16,1311,4006.1
16,1312,2492.7
16,1313,2451.5
16,1314,2423.7
16,1315,2349.2
16,1316,2142.1
16,1317,2268.0
16,1318,2201.4
16,1319,3050.5
16,1320,3165.5
16,1321,3116.5
16,1322,3170.4
16,1323,3272.7
16,1324,3224.3
16,1325,3264.3
16,1326,3162.5
16,1327,3166.1
16,1328,4112.7
16,1329,3286.1
16,1330,3008.7
16,1331,2318.9
16,1332,2268.6
16,1333,2294.1
16,1334,2286.2
16,1335,2167.5
16,1336,2117.8
16,1337,2353.4
16,1338,2913.0
16,1339,3164.3
16,1340,3158.3
16,1341,3071.7
16,1342,3228.5
16,1343,3206.7
16,1344,3181.3
16,1345,2887.0
16,1346,4124.8
16,1347,3826.9
16,1348,2326.2
16,1349,2256.5
16,1350,2229.9
16,1351,2301.3
16,1352,2223.8
16,1353,2322.5
16,1354,2336.5
16,1355,3174.6
16,1356,3160.7
16,1357,3162.5
16,1358,2994.1
16,1359,3175.2
16,1360,3219.4
16,1361,3241.8
16,1362,3197.6
16,1363,3129.8
16,1364,3803.9
16,1365,4104.2
16,1366,3281.2
16,1367,3275.2
16,1368,2292.2
16,1369,2292.2
16,1370,2306.8
16,1371,2202.0
16,1372,2182.6
16,1373,2159.6
16,1374,2201.4
16,1375,3222.5
16,1376,3162.5
16,1377,3234.6
16,1378,2953.0
16,1379,3104.4
16,1380,3131.0
16,1381,2866.4
16,1382,2887.0
16,1383,4144.8
16,1384,4138.8
16,1385,3132.8
16,1386,2251.1
16,1387,2295.3
16,1388,2252.9
16,1389,2235.3
16,1390,2169.9
16,1391,2222.6
16,1392,2192.9
16,1393,3010.5
16,1394,3183.7
16,1395,3217.6
16,1396,3224.3
16,1397,3207.9
16,1398,3257.0
16,1399,3201.3
16,1400,3248.5
16,1401,3155.2
16,1402,3845.0
16,1403,3846.9
16,1404,4078.8
16,1405,3277.6
16,1406,3017.2
16,1407,2199.0
16,1408,2250.5
16,1409,2411.6
16,1410,2153.6
16,1411,2312.8
16,1412,2220.8
16,1413,2151.1
16,1414,2983.2
16,1415,3257.0
16,1416,3231.5
16,1417,3039.0
16,1418,2939.0
16,1419,5514.1
16,1420,3457.4
16,1421,2494.5
16,1422,2267.4
16,1423,2289.8
16,1424,2148.1
16,1425,2434.6
16,1426,2248.6
16,1427,2240.8
16,1428,2172.9
16,1429,3730.6
16,1430,3878.9
16,1431,3232.2
16,1432,3132.2
16,1433,3238.2
16,1434,3210.4
16,1435,3213.4
16,1436,3141.3
16,1437,3238.2
16,1438,3839.6
16,1439,4106.1
16,1440,3305.4
16,1441,3072.9
16,1442,2232.3
16,1443,2329.2
16,1444,2207.5
16,1445,2191.1
16,1446,2174.8
16,1447,2163.9
16,1448,2118.4
16,1449,2974.8
16,1450,3169.2
16,1451,2979.0
16,1452,3064.4
16,1453,2955.4
16,1454,2964.5
16,1455,3156.5
16,1456,2860.9
16,1457,3857.1
16,1458,2869.4
16,1459,3148.6
16,1460,3261.2
16,1461,3152.2
16,1462,3207.3
16,1463,3230.3
16,1464,3245.5
16,1465,2934.2
16,1466,3852.9
16,1467,3155.2
16,1468,2260.1
16,1469,2350.4
16,1470,2241.4
16,1471,2235.9
16,1472,2196.6
16,1473,2194.1
16,1474,2246.2
16,1475,2194.7
16,1476,3837.2
16,1477,3875.3
16,1478,3303.0
16,1479,3129.8
16,1480,3267.3
16,1481,3280.6
16,1482,3205.5
16,1483,3142.5
16,1484,3101.3
16,1485,3797.8
16,1486,4201.1
16,1487,2971.1
16,1488,2995.4
16,1489,2382.5
16,1490,2249.9
16,1491,2169.3
16,1492,2203.2
16,1493,2179.0
16,1494,2259.5
16,1495,2204.4
16,1496,3244.3
16,1497,3218.8
16,1498,2957.2
16,1499,2920.3
16,1500,2830.0
16,1501,3188.6
16,1502,3132.2
16,1503,3135.3
16,1504,3800.2
16,1505,3219.4
16,1506,2274.7
16,1507,2268.6
16,1508,2266.8
16,1509,2261.4
16,1510,2267.4
16,1511,2218.4
16,1512,2158.4
16,1513,2210.5
16,1514,3804.5
16,1515,3546.5
16,1516,4109.1
16,1517,2227.4
16,1518,2208.1
16,1519,2220.2
16,1520,2218.4
16,1521,2217.8
16,1522,2191.7
16,1523,2295.3
16,1524,2217.8
16,1525,3161.3
16,1526,3925.0
16,1527,3149.2
16,1528,3046.8
16,1529,3211.6
16,1530,3185.5
16,1531,3261.2
16,1532,3222.5
16,1533,3152.2
16,1534,4117.0
16,1535,3266.1
16,1536,3071.1
16,1537,2336.5
16,1538,2281.9
16,1539,2272.9
16,1540,2177.8
16,1541,2271.7
16,1542,2191.1
16,1543,2182.0
16,1544,3206.7
16,1545,3270.9
16,1546,3166.1
16,1547,3220.0
16,1548,3144.3
16,1549,2835.5
16,1550,2916.6
16,1551,2940.3
16,1552,3555.6
16,1553,3189.2
16,1554,2239.0
16,1555,2346.1
16,1556,2494.5
16,1557,2423.7
16,1558,2267.4
16,1559,2281.9
16,1560,2255.3
16,1561,2171.7
16,1562,2971.1
16,1563,2232.9
16,1564,2139.6
16,1565,3236.4
16,1566,3241.8
16,1567,3177.7
16,1568,2259.5
16,1569,3177.0
16,1570,3284.2
16,1571,3191.6
16,1572,3200.7
16,1573,3138.3
16,1574,3192.8
16,1575,3118.9
16,1576,3089.2
16,1577,2335.8
16,1578,3258.8
16,1579,2329.2
16,1580,2260.8
16,1581,2199.0
16,1582,2223.2
16,1583,2171.1
16,1584,2194.1
16,1585,2197.8
16,1586,2146.3
16,1587,2981.4
16,1588,3163.1
16,1589,3162.5
16,1590,3307.3
16,1591,3165.5
16,1592,3230.3
16,1593,3177.0
16,1594,3152.2
16,1595,3177.0
16,1596,4181.8
16,1597,2950.5
16,1598,3175.2
16,1599,2397.6
16,1600,2292.9
16,1601,2262.0
16,1602,2173.5
16,1603,2165.7
16,1604,2210.5
16,1605,2237.1
16,1606,2982.0
16,1607,3227.3
16,1608,2935.4
16,1609,2997.8
16,1610,2853.0
16,1611,3104.4
16,1612,2243.8
16,1613,2185.1
16,1614,2293.5
16,1615,2244.4
16,1616,3174.6
16,1617,3341.2
16,1618,2995.4
16,1619,3237.6
16,1620,2913.6
16,1621,2891.2
16,1622,3234.6
16,1623,3201.9
16,1624,3155.2
16,1625,3207.9
16,1626,2265.0
16,1627,2285.0
16,1628,2219.6
16,1629,2291.6
16,1630,2275.9
16,1631,2188.1
16,1632,2243.8
16,1633,2226.8
16,1634,3232.8
16,1635,3208.5
16,1636,3221.3
16,1637,3147.4
16,1638,2992.9
16,1639,3163.7
16,1640,3183.7
16,1641,2968.7
16,1642,3798.4
16,1643,3157.7
16,1644,2270.4
16,1645,2366.7
16,1646,2327.4
16,1647,2291.0
16,1648,2232.9
16,1649,2234.7
16,1650,2221.4
16,1651,2134.2
16,1652,2942.7
16,1653,2998.4
16,1654,2970.5
16,1655,2905.1
16,1656,2858.5
16,1657,2926.9
16,1658,3205.5
16,1659,3111.6
16,1660,4167.2
16,1661,4163.0
16,1662,3137.7
16,1663,2322.5
16,1664,2323.7
16,1665,2263.8
16,1666,2244.4
16,1667,2277.1
16,1668,2243.2
16,1669,2291.6
16,1670,2289.8
16,1671,2196.6
16,1672,3315.1
16,1673,3246.1
16,1674,3175.8
16,1675,3226.1
16,1676,3169.2
16,1677,2920.3
16,1678,2980.8
16,1679,3241.2
16,1680,3909.2
16,1681,3260.6
16,1682,2388.5
16,1683,2320.1
16,1684,2278.9
16,1685,2240.8
16,1686,2283.8
16,1687,2152.3
16,1688,2308.6
16,1689,2196.0
16,1690,3201.3
16,1691,3271.5
16,1692,3217.6
16,1693,3266.1
16,1694,3161.9
16,1695,3232.2
16,1696,2896.0
16,1697,3193.4
16,1698,3826.9
16,1699,2860.9
16,1700,2942.7
16,1701,3148.6
16,1702,3238.8
16,1703,3155.8
16,1704,3175.2
16,1705,3154.0
16,1706,3226.1
16,1707,3808.1
16,1708,3211.0
16,1709,2291.6
16,1710,2291.0
16,1711,2306.8
16,1712,2293.5
16,1713,2267.4
16,1714,2135.4
16,1715,2178.4
16,1716,2164.5
16,1717,3595.5
16,1718,4121.8
16,1719,2235.3
16,1720,2230.5
16,1721,2338.9
16,1722,2245.6
16,1723,2286.8
16,1724,2245.0
16,1725,2202.0
16,1726,2213.5
16,1727,2953.0
16,1728,4144.2
16,1729,2295.9
16,1730,2233.5
16,1731,2265.0
16,1732,2249.9
16,1733,2258.9
16,1734,2176.6
16,1735,2164.5
16,1736,2226.2
16,1737,2975.4
16,1738,3853.5
16,1739,3163.1
16,1740,3244.3
16,1741,3202.5
16,1742,3335.1
16,1743,3177.0
16,1744,3216.4
16,1745,3204.3
16,1746,4192.7
16,1747,10408.7
16,1748,5477.8
16,1749,4525.1
16,1750,4295.0
16,1751,4210.8
16,1752,4371.3
16,1753,4394.9
16,1754,3292.7
16,1755,2466.1
16,1756,2375.8
16,1757,2393.4
16,1758,2375.2
16,1759,2184.4
16,1760,2144.5
16,1761,2290.4
16,1762,3072.3
16,1763,3329.1
16,1764,3189.2
16,1765,3076.5
16,1766,3171.6
16,1767,3227.9
16,1768,3206.7
16,1769,3151.6
16,1770,3158.9
16,1771,4150.3
16,1772,3348.4
16,1773,3066.8
16,1774,2306.2
16,1775,2306.8
16,1776,2289.8
16,1777,2222.6
16,1778,2176.6
16,1779,2126.3
16,1780,2201.4
16,1781,3264.3
16,1782,3233.4
16,1783,3172.2
16,1784,3134.0
16,1785,3292.7
16,1786,3027.5
16,1787,3130.4
16,1788,2934.2
16,1789,3845.0
16,1790,3209.7
16,1791,2282.6
16,1792,2203.8
16,1793,2341.9
16,1794,2291.6
16,1795,2181.4
16,1796,2193.5
16,1797,2259.5
16,1798,2208.7
16,1799,3908.0
16,1800,3859.6
16,1801,3137.1
16,1802,3213.4
16,1803,3156.5
16,1804,3142.5
16,1805,3151.0
16,1806,3253.4
16,1807,3100.7
16,1808,3831.7
16,1809,3895.9
16,1810,4103.6
16,1811,2918.4
16,1812,3304.2
16,1813,2238.3
16,1814,2315.9
16,1815,2433.4
16,1816,2189.9
16,1817,2248.0
16,1818,2186.9
16,1819,2181.4
16,1820,2966.3
16,1821,2969.9
16,1822,3024.4
16,1823,3240.6
16,1824,2920.9
16,1825,2938.4
16,1826,3198.8
16,1827,3125.6
16,1828,3841.4
16,1829,3127.4
16,1830,2422.5
16,1831,2295.3
16,1832,2256.5
16,1833,2377.6
16,1834,2357.0
16,1835,2214.7
16,1836,2237.1
16,1837,2154.2
16,1838,3877.1
16,1839,4153.3
16,1840,2300.1
16,1841,2338.9
16,1842,2166.3
16,1843,2204.4
16,1844,2191.1
16,1845,2180.2
16,1846,2257.7
16,1847,2180.8
16,1848,2976.6
16,1849,4158.1
16,1850,2239.0
16,1851,2220.8
16,1852,2314.7
16,1853,2266.8
16,1854,2168.1
16,1855,2300.7
16,1856,2223.2
16,1857,2239.0
16,1858,2996.0
16,1859,3871.7
16,1860,3577.4
16,1861,3284.2
16,1862,3252.7
16,1863,3158.9
16,1864,3153.4
16,1865,3176.4
16,1866,3132.8
16,1867,3227.9
16,1868,4182.4
16,1869,3061.4
16,1870,3290.3
16,1871,2180.8
16,1872,2320.1
16,1873,2360.7
16,1874,2142.7
16,1875,2172.3
16,1876,2188.1
16,1877,2261.4
16,1878,3013.5
16,1879,3230.9
16,1880,3206.1
16,1881,3289.7
16,1882,2819.7
16,1883,3186.7
16,1884,3129.2
16,1885,2934.8
16,1886,3833.5
16,1887,3246.1
16,1888,3225.5
16,1889,3254.6
16,1890,3226.7
16,1891,3175.2
16,1892,3180.7
16,1893,3214.0
16,1894,2910.6
16,1895,4197.5
16,1896,4089.7
16,1897,3217.6
16,1898,2361.3
16,1899,2301.3
16,1900,2359.5
16,1901,2208.1
16,1902,2257.7
16,1903,2228.7
16,1904,2249.2
16,1905,2400.0
16,1906,2295.9
16,1907,2976.6
16,1908,3206.1
16,1909,3128.0
16,1910,3436.2
16,1911,3213.4
16,1912,3248.5
16,1913,3310.9
16,1914,2960.2
16,1915,4051.5
16,1916,3311.5
16,1917,2321.9
16,1918,2503.0
16,1919,2429.1
16,1920,2530.3
16,1921,2437.0
16,1922,2418.8
16,1923,2361.9
16,1924,2341.3
16,1925,2985.7
16,1926,3004.4
16,1927,3235.2
16,1928,3223.7
16,1929,3298.2
16,1930,3271.5
16,1931,3215.8
16,1932,3328.4
16,1933,4342.8
16,1934,4078.2
16,1935,2472.7
16,1936,2366.7
16,1937,2514.5
16,1938,2330.4
16,1939,2378.8
16,1940,2371.0
16,1941,2344.9
16,1942,2333.4
16,1943,2320.7
16,1944,2363.1
16,1945,2392.8
16,1946,2319.5
16,1947,2431.5
16,1948,2404.3
16,1949,2308.6
16,1950,2387.3
16,1951,2380.7
16,1952,2355.8
16,1953,2443.0
16,1954,2366.7
16,1955,2332.2
16,1956,3298.8
16,1957,2994.8
16,1958,3012.3
16,1959,3027.5
16,1960,2968.1
16,1961,3306.6
16,1962,3235.2
16,1963,3232.8
16,1964,3985.5
16,1965,2991.1
16,1966,3171.0
16,1967,2920.3
16,1968,2885.7
16,1969,3229.1
16,1970,3194.0
16,1971,2949.3
16,1972,3173.4
16,1973,3826.9
16,1974,3287.3
16,1975,2311.0
16,1976,2262.6
16,1977,2343.1
16,1978,2248.0
16,1979,2164.5
16,1980,2176.0
16,1981,2188.7
16,1982,2189.9
16,1983,2943.9
16,1984,3229.7
16,1985,3261.2
16,1986,3241.2
16,1987,3213.4
16,1988,3248.5
16,1989,3146.2
16,1990,3215.2
16,1991,3816.0
16,1992,3168.0
16,1993,2457.6
16,1994,2246.2
16,1995,2282.6
16,1996,2169.3
16,1997,2293.5
16,1998,2186.3
16,1999,2374.6
64,0,3307.3
64,1,3284.8
64,2,3275.2
64,3,3079.5
64,4,3272.1
64,5,3273.3
64,6,3237.0
64,7,2885.1
64,8,4159.3
64,9,3815.4
64,10,2338.9
64,11,2314.0
64,12,2251.1
64,13,2347.4
64,14,2220.8
64,15,2362.5
64,16,2309.2
64,17,3207.9
64,18,3240.0
64,19,3194.0
64,20,3135.9
64,21,3361.8
64,22,3115.3
64,23,3166.1
64,24,3299.4
64,25,3197.0
64,26,3870.5
64,27,3918.9
64,28,4103.0
64,29,3090.4
64,30,3263.0
64,31,2433.4
64,32,2253.5
64,33,2263.2
64,34,2252.9
64,35,2156.6
64,36,2145.1
64,37,2278.3
64,38,3220.6
64,39,3249.7
64,40,3230.9
64,41,3215.2
64,42,3358.1
64,43,3143.7
64,44,3157.7
64,45,3383.0
64,46,13127.3
64,47,5617.7
64,48,4802.5
64,49,27400.3
64,50,45049.7
64,51,4361.0
64,52,3885.0
64,53,4725.0
64,54,3548.9
64,55,2933.6
64,56,3315.7
64,57,3289.7
64,58,3234.0
64,59,3280.0
64,60,2362.5
64,61,2379.5
64,62,2435.8
64,63,3556.8
64,64,3728.8
64,65,4329.5
64,66,10338.4
64,67,3759.0
64,68,3336.3
64,69,3468.3
64,70,3527.7
64,71,3524.1
64,72,4351.9
64,73,4295.0
64,74,4362.8
64,75,3303.6
64,76,3356.3
64,77,3433.8
64,78,3326.0
64,79,2464.8
64,80,2465.4
64,81,2417.6
64,82,2407.9
64,83,2392.2
64,84,4199.3
64,85,7868.1
64,86,3977.1
64,87,5457.2
64,88,8567.0
64,89,3439.9
64,90,3469.6
64,91,3399.3
64,92,3501.0
64,93,4354.4
64,94,3306.0
64,95,4335.0
64,96,3311.5
64,97,3287.9
64,98,2460.0
64,99,2378.8
64,100,2359.5
64,101,2380.1
64,102,2389.7
64,103,2394.6
64,104,2400.6
64,105,3937.1
64,106,7553.2
64,107,3293.9
64,108,5479.6
64,109,9830.9
64,110,3395.7
64,111,3412.0
64,112,3412.6
64,113,3279.4
64,114,4184.2
64,115,4171.5
64,116,4164.2
64,117,4227.8
64,118,3319.4
64,119,3295.1
64,120,3277.6
64,121,3287.3
64,122,3251.5
64,123,2403.7
64,124,2239.6
64,125,2220.2
64,126,2219.0
64,127,2142.7
64,128,2289.2
64,129,2186.3
64,130,3140.1
64,131,3226.1
64,132,3207.3
64,133,3275.8
64,134,3181.3
64,135,3245.5
64,136,3138.3
64,137,3193.4
64,138,3365.4
64,139,4156.9
64,140,2979.0
64,141,3074.7
64,142,2332.2
64,143,2315.9
64,144,2289.2
64,145,2198.4
64,146,2247.4
64,147,2216.5
64,148,2210.5
64,149,4026.1
64,150,7463.0
64,151,3326.6
64,152,4454.9
64,153,10029.6
64,154,3207.9
64,155,3201.9
64,156,3260.6
64,157,3300.0
64,158,3117.7
64,159,3175.8
64,160,2242.0
64,161,3015.3
64,162,2385.5
64,163,2384.3
64,164,2418.2
64,165,2321.9
64,166,2151.7
64,167,2352.2
64,168,2243.2
64,169,4087.9
64,170,7450.9
64,171,4827.3
64,172,3852.9
64,173,5811.5
64,174,8649.4
64,175,3232.8
64,176,3257.6
64,177,3241.2
64,178,2334.6
64,179,2282.6
64,180,2235.9
64,181,2230.5
64,182,2142.7
64,183,3022.6
64,184,3254.0
64,185,3310.3
64,186,3277.6
64,187,3183.1
64,188,3112.8
64,189,3191.0
64,190,3488.3
64,191,3128.0
64,192,3843.8
64,193,4174.5
64,194,4229.6
64,195,3324.2
64,196,3068.6
64,197,3291.5
64,198,2263.2
64,199,2268.6
64,200,2219.6
64,201,2392.8
64,202,2268.6
64,203,2715.6
64,204,3286.7
64,205,3301.8
64,206,3257.6
64,207,3239.4
64,208,3275.2
64,209,2904.5
64,210,2911.2
64,211,2829.4
64,212,3809.3
64,213,2968.7
64,214,3260.0
64,215,2933.6
64,216,3208.5
64,217,3248.5
64,218,3184.3
64,219,3230.9
64,220,3183.7
64,221,3857.8
64,222,3123.1
64,223,2275.9
64,224,2282.6
64,225,2386.7
64,226,2374.0
64,227,2181.4
64,228,2232.3
64,229,2226.8
64,230,2299.5
64,231,3941.3
64,232,3851.1
64,233,3919.5
64,234,3846.9
64,235,3159.5
64,236,3258.2
64,237,3292.1
64,238,3227.9
64,239,3250.3
64,240,3239.4
64,241,3277.6
64,242,3888.6
64,243,3855.3
64,244,4192.1
64,245,3287.9
64,246,2974.2
64,247,2301.9
64,248,2403.7
64,249,2265.0
64,250,2418.8
64,251,2381.9
64,252,2293.5
64,253,2395.8
64,254,3339.3
64,255,3017.2
64,256,3227.9
64,257,3280.0
64,258,3293.9
64,259,3146.2
64,260,3226.1
64,261,2973.6
64,262,4129.1
64,263,3534.4
64,264,2328.6
64,265,2254.7
64,266,2275.3
64,267,2260.1
64,268,2256.5
64,269,2397.0
64,270,2191.7
64,271,3088.6
64,272,3280.6
64,273,3204.3
64,274,3306.6
64,275,3295.7
64,276,3261.8
64,277,3216.4
64,278,3200.1
64,279,3232.2
64,280,4147.8
64,281,3052.3
64,282,3044.4
64,283,2245.6
64,284,2289.8
64,285,2321.9
64,286,2221.4
64,287,2170.5
64,288,2160.8
64,289,2145.1
64,290,3225.5
64,291,3282.4
64,292,3235.2
64,293,3017.8
64,294,2956.6
64,295,3164.3
64,296,2973.0
64,297,3135.9
64,298,3951.0
64,299,3268.5
64,300,2290.4
64,301,2341.3
64,302,2228.7
64,303,2283.8
64,304,2180.2
64,305,2193.5
64,306,2164.5
64,307,2215.9
64,308,3819.0
64,309,6623.0
64,310,3975.2
64,311,4345.9
64,312,3799.0
64,313,2295.3
64,314,2432.1
64,315,2352.8
64,316,2280.1
64,317,2235.9
64,318,2166.9
64,319,2289.2
64,320,2221.4
64,321,4271.4
64,322,4120.0
64,323,8393.2
64,324,3378.7
64,325,5259.7
64,326,9608.7
64,327,3234.6
64,328,3192.8
64,329,3217.6
64,330,3247.9
64,331,3343.6
64,332,3074.7
64,333,3035.3
64,334,2936.0
64,335,2343.1
64,336,2351.6
64,337,2198.4
64,338,2372.8
64,339,2208.1
64,340,2285.6
64,341,4063.7
64,342,7238.9
64,343,5055.1
64,344,4536.0
64,345,10323.3
64,346,3029.9
64,347,3231.5
64,348,3238.8
64,349,3264.9
64,350,3144.9
64,351,3247.3
64,352,2988.1
64,353,3275.2
64,354,2317.7
64,355,2352.8
64,356,2291.6
64,357,2231.1
64,358,2347.4
64,359,2156.0
64,360,2206.2
64,361,3921.9
64,362,7238.9
64,363,4077.6
64,364,5276.1
64,365,10128.9
64,366,3249.7
64,367,3348.4
64,368,3306.0
64,369,3261.2
64,370,3200.1
64,371,3259.4
64,372,3946.8
64,373,3097.1
64,374,2974.8
64,375,2242.6
64,376,2260.1
64,377,2275.3
64,378,2202.6
64,379,2143.3
64,380,2163.2
64,381,2297.7
64,382,3982.5
64,383,7323.1
64,384,3908.6
64,385,4235.1
64,386,10322.7
64,387,3259.4
64,388,3143.7
64,389,3301.8
64,390,3259.4
64,391,3244.9
64,392,3160.1
64,393,3272.7
64,394,3378.7
64,395,3336.3
64,396,2346.7
64,397,2374.0
64,398,2274.1
64,399,2308.0
64,400,2185.7
64,401,2171.7
64,402,2233.5
64,403,4098.8
64,404,7498.1
64,405,3113.5
64,406,4966.0
64,407,10453.5
64,408,3144.9
64,409,3166.1
64,410,3283.6
64,411,3185.5
64,412,3881.4
64,413,4232.6
64,414,4097.0
64,415,4226.6
64,416,2893.0
64,417,3011.7
64,418,3029.9
64,419,2228.0
64,420,2313.4
64,421,2317.7
64,422,2197.2
64,423,2224.4
64,424,2318.3
64,425,3240.0
64,426,3046.2
64,427,3234.6
64,428,3035.9
64,429,3229.1
64,430,3141.9
64,431,3294.5
64,432,3148.0
64,433,3593.1
64,434,3249.7
64,435,2449.7
64,436,2222.0
64,437,2328.6
64,438,2257.7
64,439,2317.7
64,440,2188.7
64,441,2133.6
64,442,2200.8
64,443,3553.1
64,444,3567.7
64,445,3891.7
64,446,3220.6
64,447,3243.7
64,448,3243.1
64,449,3243.7
64,450,3297.6
64,451,3155.2
64,452,3166.7
64,453,4256.9
64,454,3274.5
64,455,3354.5
64,456,2306.2
64,457,2222.0
64,458,2212.3
64,459,2178.4
64,460,2122.1
64,461,2260.8
64,462,2129.3
64,463,3207.3
64,464,3331.5
64,465,3012.3
64,466,3244.9
64,467,2895.4
64,468,3213.4
64,469,3001.4
64,470,3166.7
64,471,4123.6
64,472,4124.8
64,473,3158.3
64,474,2398.8
64,475,2308.0
64,476,2322.5
64,477,2432.1
64,478,2122.1
64,479,2195.3
64,480,2185.7
64,481,3005.1
64,482,3254.0
64,483,3301.8
64,484,3176.4
64,485,3277.6
64,486,3169.8
64,487,3255.2
64,488,3127.4
64,489,3138.3
64,490,3872.3
64,491,3828.7
64,492,4138.2
64,493,3345.4
64,494,3004.4
64,495,2465.4
64,496,2392.2
64,497,2389.1
64,498,2200.2
64,499,2186.3
64,500,2267.4
64,501,2341.9
64,502,3270.9
64,503,2957.2
64,504,3223.1
64,505,2984.5
64,506,3372.7
64,507,3267.9
64,508,3254.6
64,509,3008.1
64,510,4009.2
64,511,3277.6
64,512,2366.1
64,513,2337.1
64,514,2473.9
64,515,2487.3
64,516,2346.1
64,517,2359.5
64,518,2318.9
64,519,2489.1
64,520,3993.4
64,521,4373.7
64,522,2447.9
64,523,2419.4
64,524,2412.2
64,525,2427.9
64,526,2335.2
64,527,2383.7
64,528,2272.3
64,529,2354.6
64,530,3416.3
64,531,3734.2
64,532,3146.8
64,533,3561.0
64,534,3521.6
64,535,3490.8
64,536,3428.4
64,537,3493.2
64,538,3491.4
64,539,4447.6
64,540,3600.4
64,541,3656.1
64,542,2569.0
64,543,2539.3
64,544,2570.8
64,545,2526.0
64,546,2517.5
64,547,2424.3
64,548,2383.1
64,549,3538.0
64,550,3278.8
64,551,3289.7
64,552,3469.0
64,553,3184.3
64,554,3526.5
64,555,3130.4
64,556,3238.8
64,557,4229.0
64,558,4187.8
64,559,2616.2
64,560,2481.8
64,561,2504.8
64,562,2555.1
64,563,2590.2
64,564,5558.3
64,565,6478.8
64,566,3640.9
64,567,4386.5
64,568,5211.9
64,569,5129.5
64,570,4619.0
64,571,4674.7
64,572,4637.8
64,573,4678.4
64,574,4485.8
64,575,5117.4
64,576,4140.0
64,577,3645.8
64,578,3786.3
64,579,4518.5
64,580,4529.4
64,581,4371.9
64,582,3975.8
64,583,3464.1
64,584,4815.2
64,585,4232.0
64,586,3880.8
64,587,5521.4
64,588,3565.8
64,589,3564.0
64,590,4280.5
64,591,3752.4
64,592,3299.4
64,593,3751.2
64,594,3625.8
64,595,3556.2
64,596,3769.9
64,597,4369.5
64,598,4392.5
64,599,4603.9
64,600,5333.6
64,601,6571.5
64,602,4198.1
64,603,4174.5
64,604,4552.4
64,605,4756.5
64,606,2513.9
64,607,2388.5
64,608,2247.4
64,609,2326.2
64,610,2467.9
64,611,2602.3
64,612,2268.6
64,613,2338.9
64,614,3075.9
64,615,3247.3
64,616,3201.3
64,617,3204.9
64,618,3244.3
64,619,3306.6
64,620,3207.3
64,621,3195.2
64,622,3214.0
64,623,4270.2
64,624,3244.9
64,625,3267.3
64,626,2388.5
64,627,2316.5
64,628,2179.0
64,629,2203.8
64,630,2203.2
64,631,2159.6
64,632,2139.0
64,633,3224.9
64,634,3042.0
64,635,2961.4
64,636,2965.7
64,637,3243.7
64,638,3238.2
64,639,3149.2
64,640,2906.3
64,641,3887.4
64,642,2920.9
64,643,2862.7
64,644,3163.7
64,645,3293.3
64,646,3095.3
64,647,3137.1
64,648,3206.1
64,649,3177.0
64,650,3854.1
64,651,3251.5
64,652,2328.0
64,653,2355.2
64,654,2316.5
64,655,2384.9
64,656,2145.7
64,657,2338.3
64,658,2205.0
64,659,2215.3
64,660,3794.8
64,661,4147.8
64,662,3212.8
64,663,2283.2
64,664,2249.9
64,665,2209.3
64,666,2238.3
64,667,2258.3
64,668,2131.2
64,669,2206.2
64,670,2248.6
64,671,4120.6
64,672,3186.1
64,673,2225.0
64,674,2305.6
64,675,2219.6
64,676,2162.6
64,677,2350.4
64,678,2220.2
64,679,2250.5
64,680,2172.9
64,681,3836.0
64,682,4170.9
64,683,2269.8
64,684,2222.0
64,685,2256.5
64,686,2142.1
64,687,2167.5
64,688,2141.4
64,689,2195.3
64,690,2186.3
64,691,3048.7
64,692,3846.9
64,693,3938.9
64,694,3170.4
64,695,3243.1
64,696,3197.0
64,697,3217.0
64,698,3251.5
64,699,3196.4
64,700,3223.1
64,701,3874.7
64,702,4150.3
64,703,3295.7
64,704,3281.8
64,705,3259.4
64,706,3012.9
64,707,2343.1
64,708,2181.4
64,709,2217.8
64,710,2159.0
64,711,2175.4
64,712,2998.4
64,713,3051.1
64,714,3566.5
64,715,4043.1
64,716,3218.8
64,717,2923.9
64,718,2873.0
64,719,3553.7
64,720,4244.1
64,721,3857.8
64,722,2285.6
64,723,2226.8
64,724,2184.4
64,725,2216.5
64,726,2118.4
64,727,2145.1
64,728,2184.4
64,729,3180.7
64,730,3180.7
64,731,3227.3
64,732,3224.9
64,733,3319.4
64,734,3214.6
64,735,3154.6
64,736,3201.9
64,737,3273.9
64,738,4238.1
64,739,3200.7
64,740,2945.7
64,741,2353.4
64,742,2244.4
64,743,2204.4
64,744,2269.8
64,745,2189.3
64,746,2320.1
64,747,2198.4
64,748,3222.5
64,749,3295.1
64,750,3219.4
64,751,3182.5
64,752,3189.2
64,753,2877.9
64,754,3153.4
64,755,3241.2
64,756,3865.0
64,757,3225.5
64,758,3209.1
64,759,3221.9
64,760,2973.0
64,761,3111.6
64,762,3117.1
64,763,3123.1
64,764,3249.1
64,765,3900.8
64,766,2836.7
64,767,3179.5
64,768,3203.1
64,769,3224.3
64,770,3203.1
64,771,3151.0
64,772,2890.6
64,773,3307.3
64,774,4111.5
64,775,3860.2
64,776,2355.8
64,777,2275.3
64,778,2300.1
64,779,2289.8
64,780,2272.3
64,781,2360.7
64,782,2252.9
64,783,3284.8
64,784,3200.1
64,785,3301.2
64,786,3181.9
64,787,3226.7
64,788,3212.2
64,789,3269.1
64,790,3203.1
64,791,3288.5
64,792,4123.6
64,793,3332.7
64,794,3316.9
64,795,2372.2
64,796,2272.9
64,797,2366.1
64,798,2288.0
64,799,2178.4
64,800,2271.7
64,801,2240.8
64,802,3367.8
64,803,3245.5
64,804,3229.1
64,805,3633.7
64,806,3366.0
64,807,3181.3
64,808,3392.0
64,809,3421.7
64,810,4352.5
64,811,4054.6
64,812,2399.4
64,813,2483.0
64,814,2309.2
64,815,2295.3
64,816,2417.6
64,817,2350.4
64,818,2448.5
64,819,3369.6
64,820,3204.3
64,821,3285.4
64,822,3365.4
64,823,3408.4
64,824,3220.0
64,825,3298.2
64,826,3297.0
64,827,3312.1
64,828,4276.8
64,829,3292.7
64,830,3461.1
64,831,2521.8
64,832,2437.0
64,833,2437.6
64,834,2522.4
64,835,2416.4
64,836,2330.4
64,837,2444.3
64,838,3166.7
64,839,3416.3
64,840,3479.2
64,841,3458.7
64,842,3406.6
64,843,3218.2
64,844,3367.8
64,845,3451.4
64,846,3796.0
64,847,3494.4
64,848,2346.7
64,849,2398.2
64,850,2461.2
64,851,2381.3
64,852,2369.8
64,853,2374.0
64,854,2321.9
64,855,2373.4
64,856,4051.5
64,857,4003.1
64,858,3293.9
64,859,3384.2
64,860,3238.2
64,861,3449.6
64,862,3261.8
64,863,3268.5
64,864,3267.3
64,865,4316.2
64,866,3495.6
64,867,3530.7
64,868,2470.3
64,869,2481.8
64,870,2363.1
64,871,2419.4
64,872,2374.0
64,873,2444.9
64,874,2383.1
64,875,3407.8
64,876,3325.4
64,877,3329.1
64,878,3210.4
64,879,3474.4
64,880,3234.0
64,881,3433.2
64,882,3474.4
64,883,3756.6
64,884,3272.7
64,885,2343.7
64,886,2249.2
64,887,2233.5
64,888,2263.8
64,889,2202.0
64,890,2375.8
64,891,2315.3
64,892,2260.1
64,893,3634.3
64,894,3832.3
64,895,3211.6
64,896,4962.4
64,897,2519.3
64,898,2555.1
64,899,2321.9
64,900,2501.2
64,901,2515.1
64,902,2410.9
64,903,2391.0
64,904,2434.6
64,905,3023.2
64,906,4214.5
64,907,2745.8
64,908,2595.7
64,909,2526.6
64,910,2509.7
64,911,2408.5
64,912,2413.4
64,913,2357.7
64,914,2423.1
64,915,3025.6
64,916,3688.8
64,917,4477.9
64,918,3425.3
64,919,2376.4
64,920,2418.8
64,921,2369.2
64,922,2441.8
64,923,2419.4
64,924,2361.3
64,925,2440.0
64,926,2312.8
64,927,3990.4
64,928,4234.4
64,929,2225.6
64,930,2184.4
64,931,2212.9
64,932,2185.7
64,933,2225.0
64,934,2108.1
64,935,2186.9
64,936,2159.0
64,937,2985.1
64,938,3817.2
64,939,3234.6
64,940,3201.3
64,941,3313.3
64,942,3171.6
64,943,3259.4
64,944,3203.1
64,945,3230.3
64,946,3928.6
64,947,4179.3
64,948,3292.7
64,949,3395.1
64,950,2192.3
64,951,2242.0
64,952,2258.9
64,953,2157.8
64,954,2135.4
64,955,2186.3
64,956,2174.8
64,957,3000.2
64,958,2943.3
64,959,3316.3
64,960,2935.4
64,961,3241.8
64,962,3169.2
64,963,2931.2
64,964,2974.2
64,965,3888.6
64,966,2871.2
64,967,2261.4
64,968,2327.4
64,969,2252.3
64,970,2281.3
64,971,2207.5
64,972,2176.0
64,973,2263.2
64,974,2241.4
64,975,4187.8
64,976,3039.0
64,977,2190.5
64,978,2235.3
64,979,2213.5
64,980,2283.8
64,981,2250.5
64,982,2165.1
64,983,2297.7
64,984,2178.4
64,985,3831.1
64,986,4210.8
64,987,2321.9
64,988,2246.2
64,989,2318.9
64,990,2336.5
64,991,2261.4
64,992,2249.9
64,993,2293.5
64,994,2249.2
64,995,3238.8
64,996,3285.4
64,997,3266.7
64,998,3226.1
64,999,3273.3
64,1000,3230.3
64,1001,3243.1
64,1002,3900.1
64,1003,4143.0
64,1004,3048.0
64,1005,3030.5
64,1006,2341.9
64,1007,2320.1
64,1008,2138.4
64,1009,2166.3
64,1010,2276.5
64,1011,2309.2
64,1012,2153.0
64,1013,3320.6
64,1014,2959.0
64,1015,3191.0
64,1016,3235.8
64,1017,2907.5
64,1018,3207.3
64,1019,3149.8
64,1020,2857.3
64,1021,3906.8
64,1022,2959.6
64,1023,2923.9
64,1024,3130.4
64,1025,3128.0
64,1026,3163.7
64,1027,2890.6
64,1028,3224.3
64,1029,2925.1
64,1030,3540.4
64,1031,3152.8
64,1032,2246.8
64,1033,2275.3
64,1034,2308.6
64,1035,2326.2
64,1036,2149.9
64,1037,2356.4
64,1038,2159.0
64,1039,2176.6
64,1040,3827.5
64,1041,3834.1
64,1042,3214.6
64,1043,3145.6
64,1044,3184.9
64,1045,3275.2
64,1046,3218.8
64,1047,3226.7
64,1048,3143.1
64,1049,3901.4
64,1050,4167.8
64,1051,2969.9
64,1052,3340.0
64,1053,2337.1
64,1054,2294.1
64,1055,2297.1
64,1056,2120.3
64,1057,2278.9
64,1058,2248.0
64,1059,2210.5
64,1060,2922.1
64,1061,3249.7
64,1062,3180.1
64,1063,3235.2
64,1064,3209.7
64,1065,2943.3
64,1066,3183.7
64,1067,3150.4
64,1068,4129.7
64,1069,3907.4
64,1070,2387.9
64,1071,2374.0
64,1072,2252.9
64,1073,2354.0
64,1074,2208.1
64,1075,2275.9
64,1076,2295.9
64,1077,3179.5
64,1078,3181.9
64,1079,3206.7
64,1080,3161.3
64,1081,3249.1
64,1082,3301.8
64,1083,3270.3
64,1084,3230.9
64,1085,3189.8
64,1086,4111.5
64,1087,2949.3
64,1088,3052.9
64,1089,2295.9
64,1090,2408.5
64,1091,2404.3
64,1092,2240.8
64,1093,2239.0
64,1094,2163.9
64,1095,2198.4
64,1096,3229.1
64,1097,3161.9
64,1098,3096.5
64,1099,2991.1
64,1100,3117.7
64,1101,3293.9
64,1102,2934.8
64,1103,3131.6
64,1104,3840.2
64,1105,3200.1
64,1106,2288.0
64,1107,2234.7
64,1108,2257.7
64,1109,2339.5
64,1110,2137.2
64,1111,2209.9
64,1112,2162.6
64,1113,2153.0
64,1114,4233.8
64,1115,2937.8
64,1116,2172.9
64,1117,2215.9
64,1118,2131.8
64,1119,2168.7
64,1120,2228.7
64,1121,2182.6
64,1122,2228.0
64,1123,2176.0
64,1124,4149.7
64,1125,3280.0
64,1126,2179.0
64,1127,2191.7
64,1128,2219.0
64,1129,2172.3
64,1130,2231.7
64,1131,2157.8
64,1132,2247.4
64,1133,2214.7
64,1134,3818.4
64,1135,3845.6
64,1136,3159.5
64,1137,3175.8
64,1138,3330.3
64,1139,3249.7
64,1140,3200.1
64,1141,3287.3
64,1142,3186.1
64,1143,4130.9
64,1144,3326.6
64,1145,3050.5
64,1146,2311.6
64,1147,2285.0
64,1148,2208.1
64,1149,2191.1
64,1150,2135.4
64,1151,2218.4
64,1152,2185.7
64,1153,3275.2
64,1154,3008.1
64,1155,3019.0
64,1156,3241.8
64,1157,3276.4
64,1158,3225.5
64,1159,3186.1
64,1160,3111.6
64,1161,3827.5
64,1162,2862.7
64,1163,3318.8
64,1164,3237.0
64,1165,2919.7
64,1166,3155.8
64,1167,3242.5
64,1168,2967.5
64,1169,2916.0
64,1170,3891.1
64,1171,2929.3
64,1172,3161.3
64,1173,3248.5
64,1174,2954.2
64,1175,3162.5
64,1176,3168.6
64,1177,3201.3
64,1178,3018.4
64,1179,3819.0
64,1180,3165.5
64,1181,2389.7
64,1182,2163.2
64,1183,2414.0
64,1184,2366.1
64,1185,2280.7
64,1186,2258.3
64,1187,2263.2
64,1188,2253.5
64,1189,3912.3
64,1190,4117.0
64,1191,2226.8
64,1192,2326.2
64,1193,2296.5
64,1194,2371.6
64,1195,2260.1
64,1196,2240.2
64,1197,2435.2
64,1198,2254.7
64,1199,3009.9
64,1200,3891.7
64,1201,3220.0
64,1202,3149.2
64,1203,3272.1
64,1204,3247.3
64,1205,3223.1
64,1206,3193.4
64,1207,3186.1
64,1208,3805.7
64,1209,3864.4
64,1210,3882.6
64,1211,4201.7
64,1212,2909.4
64,1213,3404.8
64,1214,2312.2
64,1215,2235.3
64,1216,2227.4
64,1217,2259.5
64,1218,2239.0
64,1219,2193.5
64,1220,2251.7
64,1221,6289.9
64,1222,4227.8
64,1223,2255.3
64,1224,2278.9
64,1225,2146.9
64,1226,2273.5
64,1227,2146.3
64,1228,2160.8
64,1229,2205.0
64,1230,2148.1
64,1231,3185.5
64,1232,3806.9
64,1233,3290.9
64,1234,3187.3
64,1235,3228.5
64,1236,3209.1
64,1237,3329.1
64,1238,3229.1
64,1239,3227.9
64,1240,4125.4
64,1241,3287.9
64,1242,3032.9
64,1243,2313.4
64,1244,2314.7
64,1245,2297.7
64,1246,2193.5
64,1247,2216.5
64,1248,2206.2
64,1249,2203.8
64,1250,2970.5
64,1251,3298.2
64,1252,2969.3
64,1253,3299.4
64,1254,2894.2
64,1255,3299.4
64,1256,3154.0
64,1257,3198.2
64,1258,3880.2
64,1259,3213.4
64,1260,2355.8
64,1261,2261.4
64,1262,2287.4
64,1263,2269.2
64,1264,2197.2
64,1265,2181.4
64,1266,2211.7
64,1267,2169.3
64,1268,3866.8
64,1269,3224.9
64,1270,3193.4
64,1271,3270.3
64,1272,3304.8
64,1273,3341.2
64,1274,3300.0
64,1275,4172.1
64,1276,3335.1
64,1277,3399.3
64,1278,2350.4
64,1279,2333.4
64,1280,2242.0
64,1281,2214.1
64,1282,2281.9
64,1283,2269.8
64,1284,2376.4
64,1285,3294.5
64,1286,3191.6
64,1287,3025.0
64,1288,3230.3
64,1289,3235.8
64,1290,3016.6
64,1291,2953.6
64,1292,3080.1
64,1293,3668.8
64,1294,3241.2
64,1295,2369.2
64,1296,2303.8
64,1297,2225.0
64,1298,2305.6
64,1299,2288.0
64,1300,2238.3
64,1301,2401.9
64,1302,2209.9
64,1303,3838.4
64,1304,3823.8
64,1305,3257.6
64,1306,3257.0
64,1307,3272.1
64,1308,3248.5
64,1309,3323.0
64,1310,3149.8
64,1311,3184.3
64,1312,3903.8
64,1313,3908.0
64,1314,3885.6
64,1315,3891.1
64,1316,4169.6
64,1317,3075.9
64,1318,3240.6
64,1319,2297.1
64,1320,2355.8
64,1321,2263.8
64,1322,2230.5
64,1323,2214.7
64,1324,2303.8
64,1325,2237.7
64,1326,3261.2
64,1327,3062.6
64,1328,3066.2
64,1329,2973.0
64,1330,3191.0
64,1331,3210.4
64,1332,3189.8
64,1333,3197.6
64,1334,3825.7
64,1335,3238.2
64,1336,2332.8
64,1337,2233.5
64,1338,2292.2
64,1339,2316.5
64,1340,2240.2
64,1341,2315.3
64,1342,2230.5
64,1343,2154.8
64,1344,3599.2
64,1345,3860.8
64,1346,3233.4
64,1347,3194.0
64,1348,3202.5
64,1349,3272.1
64,1350,3242.5
64,1351,3290.3
64,1352,3267.3
64,1353,3878.3
64,1354,4141.8
64,1355,3002.6
64,1356,2969.9
64,1357,2323.7
64,1358,2217.8
64,1359,2245.6
64,1360,2181.4
64,1361,2194.1
64,1362,2194.7
64,1363,2236.5
64,1364,3243.7
64,1365,3062.0
64,1366,2991.1
64,1367,2998.4
64,1368,3007.5
64,1369,3136.5
64,1370,3154.0
64,1371,2905.1
64,1372,3854.7
64,1373,3270.3
64,1374,2304.4
64,1375,2162.0
64,1376,2367.9
64,1377,2282.6
64,1378,2186.9
64,1379,2289.2
64,1380,2126.9
64,1381,2214.1
64,1382,3553.1
64,1383,3857.8
64,1384,3244.3
64,1385,3157.1
64,1386,3246.1
64,1387,3250.3
64,1388,3224.9
64,1389,3297.6
64,1390,3166.1
64,1391,3844.4
64,1392,4109.7
64,1393,3319.4
64,1394,3032.3
64,1395,2387.3
64,1396,2324.9
64,1397,2217.8
64,1398,2116.0
64,1399,2293.5
64,1400,2240.2
64,1401,2260.8
64,1402,2943.3
64,1403,3005.1
64,1404,3009.3
64,1405,3118.9
64,1406,2874.8
64,1407,2900.9
64,1408,2929.3
64,1409,3230.9
64,1410,3941.3
64,1411,2883.9
64,1412,3252.7
64,1413,3231.5
64,1414,3175.8
64,1415,3259.4
64,1416,3146.2
64,1417,2879.1
64,1418,3178.9
64,1419,3849.3
64,1420,3318.8
64,1421,2263.8
64,1422,2226.2
64,1423,2244.4
64,1424,2305.0
64,1425,2194.1
64,1426,2251.1
64,1427,2277.7
64,1428,2140.2
64,1429,4144.2
64,1430,3292.1
64,1431,2236.5
64,1432,2231.7
64,1433,2268.0
64,1434,2206.9
64,1435,2234.1
64,1436,2152.3
64,1437,2269.8
64,1438,2137.2
64,1439,3908.6
64,1440,3848.1
64,1441,3201.3
64,1442,3295.1
64,1443,3243.1
64,1444,3262.4
64,1445,3281.8
64,1446,3233.4
64,1447,3209.1
64,1448,4128.5
64,1449,3264.9
64,1450,2993.5
64,1451,2305.0
64,1452,2203.8
64,1453,2318.3
64,1454,2225.6
64,1455,2181.4
64,1456,2153.6
64,1457,2203.8
64,1458,3239.4
64,1459,3010.5
64,1460,2949.9
64,1461,3246.7
64,1462,3215.2
64,1463,3160.1
64,1464,3118.3
64,1465,3239.4
64,1466,3920.7
64,1467,3177.7
64,1468,2254.7
64,1469,2378.8
64,1470,2238.3
64,1471,2331.0
64,1472,2162.0
64,1473,2196.6
64,1474,2242.0
64,1475,2278.9
64,1476,4164.8
64,1477,3323.0
64,1478,2152.3
64,1479,2257.7
64,1480,2250.5
64,1481,2218.4
64,1482,2272.3
64,1483,2170.5
64,1484,2204.4
64,1485,2338.9
64,1486,3550.7
64,1487,4140.0
64,1488,2257.1
64,1489,2151.1
64,1490,2199.0
64,1491,2201.4
64,1492,2224.4
64,1493,2215.9
64,1494,2117.8
64,1495,2276.5
64,1496,3215.8
64,1497,4196.3
64,1498,2298.3
64,1499,2372.2
64,1500,2255.3
64,1501,2421.2
64,1502,2234.7
64,1503,2181.4
64,1504,2218.4
64,1505,2166.9
64,1506,3157.7
64,1507,3852.3
64,1508,3178.3
64,1509,3281.2
64,1510,3266.7
64,1511,3264.3
64,1512,3215.8
64,1513,3201.9
64,1514,3198.8
64,1515,4153.3
64,1516,2979.0
64,1517,3324.2
64,1518,2189.9
64,1519,2306.2
64,1520,2298.3
64,1521,2187.5
64,1522,2219.6
64,1523,2213.5
64,1524,2151.7
64,1525,3292.7
64,1526,2941.5
64,1527,3060.2
64,1528,3228.5
64,1529,3180.1
64,1530,3177.0
64,1531,3136.5
64,1532,3261.2
64,1533,3618.5
64,1534,2955.4
64,1535,3002.0
64,1536,3128.0
64,1537,2849.4
64,1538,2914.8
64,1539,3206.1
64,1540,3285.4
64,1541,2904.5
64,1542,3176.4
64,1543,2305.6
64,1544,3200.1
64,1545,2285.6
64,1546,2254.1
64,1547,2235.9
64,1548,2256.5
64,1549,2246.2
64,1550,3227.3
64,1551,3246.1
64,1552,3230.3
64,1553,3291.5
64,1554,3384.8
64,1555,3277.0
64,1556,3171.0
64,1557,3226.1
64,1558,3201.9
64,1559,3862.6
64,1560,3850.5
64,1561,3834.7
64,1562,4187.8
64,1563,3273.3
64,1564,3011.7
64,1565,2334.6
64,1566,2323.7
64,1567,2269.2
64,1568,2250.5
64,1569,2151.1
64,1570,2215.9
64,1571,2166.3
64,1572,2990.5
64,1573,2994.1
64,1574,2968.7
64,1575,3277.0
64,1576,2913.6
64,1577,2837.9
64,1578,2928.1
64,1579,3181.9
64,1580,3820.8
64,1581,3341.8
64,1582,2271.0
64,1583,2297.1
64,1584,2197.8
64,1585,2280.7
64,1586,2324.9
64,1587,2191.1
64,1588,2149.3
64,1589,2235.3
64,1590,3845.6
64,1591,3855.3
64,1592,3234.0
64,1593,3175.2
64,1594,3250.9
64,1595,3258.8
64,1596,3281.2
64,1597,3258.2
64,1598,3136.5
64,1599,4123.0
64,1600,3298.2
64,1601,3305.4
64,1602,2385.5
64,1603,2349.2
64,1604,2242.6
64,1605,2234.1
64,1606,2215.9
64,1607,2288.0
64,1608,2331.0
64,1609,3215.8
64,1610,3266.1
64,1611,3229.7
64,1612,3254.0
64,1613,3288.5
64,1614,3178.3
64,1615,2993.5
64,1616,2920.9
64,1617,3894.7
64,1618,3216.4
64,1619,2329.8
64,1620,2272.3
64,1621,2387.9
64,1622,2250.5
64,1623,2189.3
64,1624,2243.2
64,1625,2159.6
64,1626,2179.0
64,1627,3853.5
64,1628,3554.9
64,1629,4273.8
64,1630,2226.2
64,1631,2241.4
64,1632,2166.3
64,1633,2327.4
64,1634,2176.0
64,1635,2175.4
64,1636,2213.5
64,1637,2225.6
64,1638,3014.1
64,1639,4240.5
64,1640,2275.9
64,1641,2165.7
64,1642,2328.6
64,1643,2220.8
64,1644,2139.6
64,1645,2251.7
64,1646,2205.6
64,1647,2133.6
64,1648,3146.2
64,1649,3615.5
64,1650,3234.0
64,1651,3221.3
64,1652,3201.3
64,1653,3312.7
64,1654,3105.6
64,1655,3134.0
64,1656,3211.0
64,1657,4143.0
64,1658,2931.8
64,1659,3287.9
64,1660,2349.8
64,1661,2366.7
64,1662,2317.7
64,1663,2270.4
64,1664,2240.8
64,1665,2209.3
64,1666,2259.5
64,1667,3210.4
64,1668,2958.4
64,1669,3046.2
64,1670,3259.4
64,1671,3220.0
64,1672,3200.1
64,1673,3008.7
64,1674,3290.9
64,1675,4041.3
64,1676,2977.8
64,1677,3293.3
64,1678,3321.2
64,1679,2977.2
64,1680,3268.5
64,1681,3266.1
64,1682,2990.5
64,1683,3251.5
64,1684,4046.7
64,1685,3305.4
64,1686,2387.9
64,1687,2377.0
64,1688,2364.9
64,1689,2397.0
64,1690,2372.2
64,1691,2462.4
64,1692,2386.7
64,1693,2409.1
64,1694,4281.1
64,1695,3080.1
64,1696,2375.2
64,1697,2388.5
64,1698,2361.9
64,1699,2450.9
64,1700,2458.8
64,1701,2410.9
64,1702,2398.8
64,1703,2478.2
64,1704,3428.4
64,1705,3467.1
64,1706,3541.6
64,1707,3527.1
64,1708,3573.7
64,1709,3596.7
64,1710,3494.4
64,1711,3537.4
64,1712,3428.4
64,1713,4164.2
64,1714,4541.5
64,1715,3304.8
64,1716,3290.9
64,1717,2541.8
64,1718,2537.5
64,1719,2475.7
64,1720,2364.3
64,1721,2374.0
64,1722,2461.2
64,1723,2351.6
64,1724,3275.2
64,1725,3625.8
64,1726,3204.3
64,1727,3636.1
64,1728,3551.9
64,1729,3518.6
64,1730,3590.1
64,1731,3490.8
64,1732,4266.5
64,1733,4543.3
64,1734,3445.3
64,1735,2499.4
64,1736,2568.4
64,1737,2469.1
64,1738,2551.4
64,1739,2397.0
64,1740,2339.5
64,1741,2446.7
64,1742,3313.3
64,1743,3555.6
64,1744,3596.1
64,1745,3277.0
64,1746,3352.7
64,1747,3269.1
64,1748,3275.8
64,1749,3265.5
64,1750,3226.1
64,1751,4320.4
64,1752,3126.8
64,1753,3503.5
64,1754,2467.9
64,1755,2414.6
64,1756,2406.1
64,1757,2475.1
64,1758,2371.0
64,1759,2392.8
64,1760,2337.1
64,1761,3462.9
64,1762,3477.4
64,1763,3274.5
64,1764,3248.5
64,1765,3283.0
64,1766,3193.4
64,1767,3190.4
64,1768,3420.5
64,1769,4146.0
64,1770,4024.3
64,1771,2380.7
64,1772,2327.4
64,1773,2476.4
64,1774,2335.8
64,1775,2381.9
64,1776,2324.3
64,1777,2438.2
64,1778,3311.5
64,1779,3242.5
64,1780,3197.6
64,1781,3295.1
64,1782,3224.3
64,1783,3262.4
64,1784,3233.4
64,1785,3132.2
64,1786,3270.3
64,1787,4163.6
64,1788,2946.3
64,1789,3069.2
64,1790,2249.9
64,1791,2326.2
64,1792,2447.3
64,1793,2392.2
64,1794,2401.9
64,1795,2426.7
64,1796,2343.1
64,1797,3257.6
64,1798,3431.4
64,1799,3254.6
64,1800,3452.0
64,1801,3397.5
64,1802,3435.6
64,1803,3359.9
64,1804,3306.6
64,1805,4057.6
64,1806,4399.8
64,1807,3202.5
64,1808,2305.6
64,1809,2423.7
64,1810,2361.9
64,1811,2297.7
64,1812,2434.0
64,1813,2448.5
64,1814,2417.6
64,1815,3427.2
64,1816,3444.7
64,1817,3177.0
64,1818,3501.7
64,1819,4372.5
64,1820,3180.7
64,1821,3244.9
64,1822,3441.7
64,1823,2380.7
64,1824,2374.0
64,1825,2375.8
64,1826,2423.1
64,1827,2354.0
64,1828,3248.5
64,1829,3432.6
64,1830,3158.3
64,1831,3490.1
64,1832,3290.3
64,1833,3167.4
64,1834,3160.7
64,1835,2925.7
64,1836,3826.9
64,1837,2916.6
64,1838,3187.9
64,1839,3210.4
64,1840,2971.7
64,1841,3226.7
64,1842,3214.0
64,1843,2933.0
64,1844,2919.1
64,1845,4218.1
64,1846,3588.9
64,1847,2401.9
64,1848,2285.6
64,1849,2214.1
64,1850,2360.1
64,1851,2262.0
64,1852,2208.1
64,1853,2309.8
64,1854,3205.5
64,1855,3206.7
64,1856,3290.3
64,1857,3660.9
64,1858,3312.1
64,1859,3171.6
64,1860,3145.6
64,1861,3177.7
64,1862,3135.9
64,1863,4138.8
64,1864,3019.6
64,1865,3244.9
64,1866,2318.9
64,1867,2306.8
64,1868,2203.8
64,1869,2417.6
64,1870,2278.3
64,1871,2257.1
64,1872,2196.6
64,1873,2988.7
64,1874,2939.0
64,1875,3027.5
64,1876,3259.4
64,1877,3301.8
64,1878,2919.1
64,1879,2914.2
64,1880,3203.7
64,1881,3582.2
64,1882,3273.3
64,1883,2282.6
64,1884,2310.4
64,1885,2326.8
64,1886,2239.6
64,1887,2289.2
64,1888,2226.8
64,1889,2256.5
64,1890,2206.2
64,1891,3568.9
64,1892,3594.9
64,1893,4225.4
64,1894,2291.6
64,1895,2186.3
64,1896,2250.5
64,1897,2231.7
64,1898,2183.8
64,1899,2195.3
64,1900,2172.3
64,1901,2216.5
64,1902,3043.2
64,1903,4138.8
64,1904,2364.9
64,1905,2241.4
64,1906,2249.2
64,1907,2176.0
64,1908,2145.7
64,1909,2234.7
64,1910,2206.9
64,1911,2251.7
64,1912,3189.2
64,1913,3820.8
64,1914,3190.4
64,1915,3235.2
64,1916,3209.1
64,1917,3275.8
64,1918,3247.9
64,1919,3301.2
64,1920,3252.1
64,1921,4178.1
64,1922,3069.2
64,1923,3304.8
64,1924,2329.8
64,1925,2328.0
64,1926,2163.9
64,1927,2177.8
64,1928,2200.2
64,1929,2200.2
64,1930,2266.2
64,1931,3212.8
64,1932,3281.8
64,1933,2999.6
64,1934,3181.3
64,1935,3132.8
64,1936,3134.0
64,1937,2924.5
64,1938,3215.8
64,1939,3837.2
64,1940,3156.5
64,1941,2308.0
64,1942,2228.0
64,1943,2284.4
64,1944,2208.7
64,1945,2202.0
64,1946,2235.9
64,1947,2194.1
64,1948,2206.2
64,1949,4180.5
64,1950,2923.3
64,1951,2177.2
64,1952,2186.9
64,1953,2212.9
64,1954,2288.6
64,1955,2219.0
64,1956,2149.9
64,1957,2291.6
64,1958,2159.0
64,1959,3574.9
64,1960,3545.3
64,1961,3524.1
64,1962,3588.9
64,1963,4170.2
64,1964,2329.2
64,1965,2222.6
64,1966,2128.7
64,1967,2152.3
64,1968,2174.1
64,1969,2201.4
64,1970,2210.5
64,1971,2169.3
64,1972,3155.8
64,1973,4215.7
64,1974,2230.5
64,1975,2189.3
64,1976,2191.1
64,1977,2182.0
64,1978,2250.5
64,1979,2197.8
64,1980,2185.7
64,1981,2311.0
64,1982,3008.1
64,1983,3640.9
64,1984,3547.1
64,1985,4190.8
64,1986,2334.6
64,1987,2240.8
64,1988,2237.7
64,1989,2220.8
64,1990,2231.7
64,1991,2199.6
64,1992,2153.6
64,1993,2291.6
64,1994,3039.6
64,1995,4201.1
64,1996,2359.5
64,1997,2309.2
64,1998,2234.7
64,1999,2220.2
256,0,3330.3
256,1,3351.5
256,2,3270.3
256,3,3237.6
256,4,3163.1
256,5,2873.0
256,6,3907.4
256,7,2983.2
256,8,3066.2
256,9,3298.2
256,10,2940.9
256,11,2940.9
256,12,3261.2
256,13,3257.6
256,14,2921.5
256,15,3935.9
256,16,3184.9
256,17,2454.5
256,18,2418.8
256,19,2381.3
256,20,2291.6
256,21,2157.8
256,22,2222.0
256,23,2205.6
256,24,2206.9
256,25,3974.0
256,26,3839.6
256,27,3339.3
256,28,3207.9
256,29,3340.6
256,30,3309.7
256,31,3345.4
256,32,3249.1
256,33,3219.4
256,34,4175.1
256,35,3330.9
256,36,3350.9
256,37,2404.9
256,38,2356.4
256,39,2316.5
256,40,2341.9
256,41,2380.1
256,42,2189.9
256,43,2251.1
256,44,3297.0
256,45,3251.5
256,46,3313.9
256,47,3005.1
256,48,3226.7
256,49,3320.6
256,50,3161.9
256,51,3185.5
256,52,3918.9
256,53,2881.5
256,54,2305.6
256,55,2288.0
256,56,2305.0
256,57,2427.3
256,58,2191.7
256,59,2266.8
256,60,2290.4
256,61,2195.3
256,62,3949.2
256,63,3926.8
256,64,3198.2
256,65,3328.4
256,66,3302.4
256,67,3319.4
256,68,3375.7
256,69,3264.9
256,70,3272.1
256,71,4187.8
256,72,3016.0
256,73,3341.2
256,74,2358.3
256,75,2287.4
256,76,2257.7
256,77,2263.8
256,78,2240.8
256,79,2232.3
256,80,2231.1
256,81,3320.0
256,82,3309.1
256,83,3309.7
256,84,2983.9
256,85,3297.6
256,86,2918.4
256,87,2977.8
256,88,3229.7
256,89,3946.8
256,90,2887.0
256,91,2325.6
256,92,2306.2
256,93,2309.2
256,94,2355.8
256,95,2296.5
256,96,2156.0
256,97,2252.3
256,98,2160.8
256,99,3086.2
256,100,3224.3
256,101,3264.3
256,102,3329.7
256,103,3278.2
256,104,3279.4
256,105,3301.8
256,106,3307.3
256,107,3310.9
256,108,4207.2
256,109,3015.3
256,110,3062.6
256,111,2341.3
256,112,2295.3
256,113,2360.7
256,114,2174.1
256,115,2249.9
256,116,2231.7
256,117,2226.8
256,118,3051.7
256,119,3368.4
256,120,2977.2
256,121,3339.3
256,122,2988.7
256,123,3001.4
256,124,3146.8
256,125,2922.7
256,126,3911.7
256,127,2996.6
256,128,3284.8
256,129,3217.6
256,130,3186.1
256,131,3295.1
256,132,3164.9
256,133,3183.7
256,134,2962.1
256,135,3584.0
256,136,3234.0
256,137,2384.3
256,138,2381.3
256,139,2320.7
256,140,2417.0
256,141,2350.4
256,142,2441.2
256,143,2369.8
256,144,2389.1
256,145,3578.6
256,146,3496.2
256,147,3588.9
256,148,3494.4
256,149,3418.1
256,150,3468.3
256,151,4348.9
256,152,3361.2
256,153,3088.0
256,154,3303.6
256,155,3326.6
256,156,2450.9
256,157,2476.4
256,158,2480.6
256,159,2394.6
256,160,2386.1
256,161,2424.9
256,162,2490.3
256,163,2402.5
256,164,5254.3
256,165,3465.9
256,166,3613.1
256,167,3523.5
256,168,3559.2
256,169,3465.3
256,170,3484.1
256,171,4387.1
256,172,3115.3
256,173,3413.2
256,174,3382.3
256,175,2472.7
256,176,2466.7
256,177,2410.9
256,178,2360.1
256,179,2429.1
256,180,2358.3
256,181,3358.1
256,182,3044.4
256,183,3369.0
256,184,3330.3
256,185,3442.3
256,186,3291.5
256,187,3481.7
256,188,3482.3
256,189,4253.2
256,190,4593.6
256,191,3507.7
256,192,2724.7
256,193,2687.1
256,194,2607.2
256,195,2563.6
256,196,2537.5
256,197,2463.6
256,198,2476.4
256,199,3333.9
256,200,3562.2
256,201,3521.0
256,202,3554.3
256,203,3576.7
256,204,3576.7
256,205,3548.9
256,206,3554.9
256,207,4230.8
256,208,4235.7
256,209,4251.4
256,210,4573.0
256,211,3701.5
256,212,3653.7
256,213,3572.5
256,214,2722.8
256,215,2415.2
256,216,2498.8
256,217,2514.5
256,218,2509.7
256,219,2452.1
256,220,3518.0
256,221,3233.4
256,222,3538.0
256,223,3479.2
256,224,3455.0
256,225,3496.2
256,226,3467.1
256,227,3405.4
256,228,4514.8
256,229,4244.1
256,230,2636.2
256,231,2702.2
256,232,2630.8
256,233,2516.3
256,234,2426.7
256,235,2352.2
256,236,2440.6
256,237,3529.5
256,238,3536.2
256,239,3459.3
256,240,3501.0
256,241,3521.0
256,242,4310.1
256,243,3483.5
256,244,3310.9
256,245,3330.9
256,246,2983.2
256,247,2461.2
256,248,2443.6
256,249,2491.5
256,250,2416.4
256,251,2389.1
256,252,2343.7
256,253,2396.4
256,254,2415.2
256,255,3515.6
256,256,3499.2
256,257,3525.9
256,258,3456.2
256,259,3487.1
256,260,4063.1
256,261,4236.3
256,262,3338.7
256,263,3120.7
256,264,3052.9
256,265,3342.4
256,266,2346.1
256,267,2335.2
256,268,2236.5
256,269,2246.2
256,270,2274.1
256,271,3340.6
256,272,3032.3
256,273,3327.8
256,274,3297.6
256,275,3204.9
256,276,3211.0
256,277,3286.7
256,278,3251.5
256,279,3917.7
256,280,3197.6
256,281,2321.3
256,282,2317.7
256,283,2258.9
256,284,2298.3
256,285,2184.4
256,286,2317.7
256,287,2209.3
256,288,2193.5
256,289,3631.3
256,290,3549.5
256,291,3887.4
256,292,3324.8
256,293,3284.2
256,294,3306.6
256,295,3279.4
256,296,3335.7
256,297,3331.5
256,298,3176.4
256,299,3883.2
256,300,4171.5
256,301,3049.3
256,302,3039.6
256,303,2318.9
256,304,2305.6
256,305,2326.8
256,306,2291.6
256,307,2214.1
256,308,2232.3
256,309,2291.6
256,310,3210.4
256,311,3232.8
256,312,2982.0
256,313,3349.0
256,314,3262.4
256,315,3277.0
256,316,3232.8
256,317,3075.3
256,318,4205.4
256,319,3883.2
256,320,2305.0
256,321,2331.6
256,322,2312.2
256,323,2264.4
256,324,2258.3
256,325,2217.1
256,326,2242.6
256,327,3197.6
256,328,3332.7
256,329,3342.4
256,330,3188.6
256,331,3316.3
256,332,3241.2
256,333,3172.2
256,334,3238.2
256,335,3296.4
256,336,3911.0
256,337,4215.1
256,338,3263.0
256,339,3286.7
256,340,2312.8
256,341,2414.0
256,342,2219.6
256,343,2235.9
256,344,2222.0
256,345,2269.8
256,346,2166.9
256,347,3285.4
256,348,2972.3
256,349,3155.2
256,350,3020.8
256,351,3065.0
256,352,2882.7
256,353,3177.7
256,354,2933.6
256,355,3890.5
256,356,3287.9
256,357,2317.1
256,358,2370.4
256,359,2301.9
256,360,2395.2
256,361,2332.8
256,362,2217.1
256,363,2389.7
256,364,2217.8
256,365,3687.6
256,366,4016.4
256,367,3203.1
256,368,3182.5
256,369,3361.8
256,370,3258.8
256,371,3312.7
256,372,4184.2
256,373,3014.7
256,374,3320.6
256,375,2976.0
256,376,3212.8
256,377,2457.0
256,378,2277.7
256,379,2341.9
256,380,2301.9
256,381,2200.2
256,382,3005.7
256,383,3288.5
256,384,3074.7
256,385,3319.4
256,386,3345.4
256,387,3199.5
256,388,3194.6
256,389,3286.1
256,390,3866.2
256,391,3264.9
256,392,2305.0
256,393,2405.5
256,394,2324.9
256,395,2338.3
256,396,2260.8
256,397,2209.9
256,398,2397.0
256,399,2290.4
256,400,3900.8
256,401,3638.5
256,402,3186.7
256,403,3200.1
256,404,3376.3
256,405,3327.2
256,406,3292.7
256,407,3264.9
256,408,3307.3
256,409,4214.5
256,410,3246.7
256,411,3016.0
256,412,2356.4
256,413,2403.7
256,414,2288.6
256,415,2243.2
256,416,2375.8
256,417,2400.6
256,418,2280.1
256,419,3288.5
256,420,3101.9
256,421,2963.9
256,422,3086.8
256,423,3181.3
256,424,3327.8
256,425,3323.6
256,426,3315.1
256,427,3895.9
256,428,3240.0
256,429,2256.5
256,430,2375.2
256,431,2315.9
256,432,2308.0
256,433,2268.0
256,434,2326.8
256,435,2323.1
256,436,2303.8
256,437,3585.8
256,438,4262.3
256,439,2281.3
256,440,2286.8
256,441,2277.7
256,442,2317.7
256,443,2217.1
256,444,2235.3
256,445,2258.3
256,446,2249.9
256,447,3084.4
256,448,3953.4
256,449,3920.7
256,450,3301.8
256,451,3271.5
256,452,3334.5
256,453,3372.1
256,454,3439.3
256,455,3227.9
256,456,3184.9
256,457,4253.2
256,458,3033.5
256,459,3355.7
256,460,2300.7
256,461,2280.1
256,462,2339.5
256,463,2348.0
256,464,2336.5
256,465,2403.1
256,466,2372.2
256,467,3304.2
256,468,3278.2
256,469,3001.4
256,470,3290.3
256,471,4652.3
256,472,3255.8
256,473,3201.3
256,474,2946.9
256,475,3890.5
256,476,3252.1
256,477,2317.7
256,478,2306.8
256,479,2374.0
256,480,2267.4
256,481,2306.2
256,482,2243.2
256,483,2242.0
256,484,2202.6
256,485,4195.1
256,486,3260.0
256,487,2293.5
256,488,2265.6
256,489,2336.5
256,490,2143.3
256,491,2291.0
256,492,2298.9
256,493,2319.5
256,494,2234.1
256,495,3894.1
256,496,3902.6
256,497,3372.7
256,498,3192.2
256,499,3255.2
256,500,3240.0
256,501,3191.0
256,502,3174.0
256,503,3197.6
256,504,4227.8
256,505,3105.6
256,506,3069.2
256,507,2321.9
256,508,2386.1
256,509,2283.2
256,510,2232.3
256,511,2271.0
256,512,2295.3
256,513,2291.6
256,514,2895.4
256,515,3308.5
256,516,3213.4
256,517,3254.6
256,518,3270.3
256,519,3219.4
256,520,3209.7
256,521,3329.1
256,522,4204.2
256,523,3874.7
256,524,2378.2
256,525,2328.0
256,526,2444.9
256,527,2315.9
256,528,2212.3
256,529,2340.7
256,530,2180.2
256,531,3236.4
256,532,3280.6
256,533,3300.6
256,534,3240.0
256,535,3337.5
256,536,3399.9
256,537,3277.6
256,538,3280.0
256,539,3254.0
256,540,4144.8
256,541,3370.2
256,542,3301.8
256,543,2339.5
256,544,2326.8
256,545,2292.9
256,546,2184.4
256,547,2199.0
256,548,2203.2
256,549,2236.5
256,550,3213.4
256,551,3054.1
256,552,3051.7
256,553,3100.1
256,554,3145.6
256,555,3210.4
256,556,3225.5
256,557,3275.8
256,558,3971.0
256,559,3026.2
256,560,3212.8
256,561,3212.8
256,562,3293.3
256,563,3222.5
256,564,3323.6
256,565,3364.2
256,566,3252.1
256,567,3902.6
256,568,3349.6
256,569,2364.3
256,570,2342.5
256,571,2307.4
256,572,2295.9
256,573,2254.1
256,574,2374.0
256,575,2427.3
256,576,2243.2
256,577,4197.5
256,578,3240.6
256,579,2309.2
256,580,2372.2
256,581,2182.6
256,582,2274.1
256,583,2355.2
256,584,2312.2
256,585,2266.8
256,586,2297.7
256,587,3903.8
256,588,3909.2
256,589,3260.6
256,590,3330.9
256,591,3288.5
256,592,3268.5
256,593,3375.1
256,594,3272.1
256,595,3339.3
256,596,3912.9
256,597,4192.1
256,598,3351.5
256,599,3081.4
256,600,2455.8
256,601,2448.5
256,602,2275.9
256,603,2324.3
256,604,2229.3
256,605,2310.4
256,606,2277.7
256,607,3298.2
256,608,3252.7
256,609,3299.4
256,610,3247.3
256,611,3328.4
256,612,2945.1
256,613,2958.4
256,614,2951.2
256,615,3932.2
256,616,3216.4
256,617,2325.6
256,618,2357.7
256,619,2277.7
256,620,2374.0
256,621,2231.1
256,622,2301.9
256,623,2271.0
256,624,2214.1
256,625,3680.9
256,626,3583.4
256,627,3634.3
256,628,3908.6
256,629,3270.9
256,630,3344.8
256,631,3306.0
256,632,3243.1
256,633,3370.2
256,634,3201.3
256,635,3238.8
256,636,4170.9
256,637,3045.6
256,638,3112.2
256,639,2315.9
256,640,2404.3
256,641,2348.6
256,642,2331.6
256,643,2261.4
256,644,2193.5
256,645,2227.4
256,646,2222.0
256,647,3207.3
256,648,3192.8
256,649,3192.2
256,650,3280.0
256,651,3271.5
256,652,3174.6
256,653,3251.5
256,654,3249.1
256,655,3181.9
256,656,3848.7
256,657,3951.6
256,658,4160.6
256,659,3319.4
256,660,3042.0
256,661,2457.6
256,662,2343.1
256,663,2240.2
256,664,2334.6
256,665,2291.6
256,666,2211.1
256,667,2298.3
256,668,2986.3
256,669,3250.3
256,670,3014.1
256,671,3272.7
256,672,3012.9
256,673,3003.2
256,674,2942.7
256,675,3194.6
256,676,4193.9
256,677,3581.6
256,678,2339.5
256,679,2310.4
256,680,2297.7
256,681,2338.9
256,682,2197.8
256,683,2216.5
256,684,2223.8
256,685,3186.1
256,686,3215.2
256,687,3280.0
256,688,3293.3
256,689,3284.8
256,690,3272.1
256,691,3238.8
256,692,3259.4
256,693,3232.8
256,694,3980.7
256,695,4169.0
256,696,3367.8
256,697,3072.3
256,698,2369.2
256,699,2403.7
256,700,2349.8
256,701,2265.6
256,702,2218.4
256,703,2266.2
256,704,2224.4
256,705,2997.2
256,706,3042.6
256,707,2996.6
256,708,3059.6
256,709,3022.6
256,710,3250.9
256,711,3158.9
256,712,2916.6
256,713,4254.4
256,714,4139.4
256,715,3171.6
256,716,2387.3
256,717,2410.9
256,718,2457.0
256,719,2358.9
256,720,2308.0
256,721,2249.2
256,722,2228.0
256,723,3043.8
256,724,3186.1
256,725,3174.6
256,726,3307.3
256,727,3278.2
256,728,3307.3
256,729,3367.8
256,730,3189.8
256,731,3186.1
256,732,3876.5
256,733,3898.3
256,734,4203.0
256,735,3356.9
256,736,3321.8
256,737,2283.8
256,738,2346.1
256,739,2305.6
256,740,2269.2
256,741,2268.6
256,742,2349.8
256,743,2239.6
256,744,3293.9
256,745,3301.2
256,746,2978.4
256,747,3252.1
256,748,3184.3
256,749,3240.0
256,750,2960.2
256,751,3213.4
256,752,3628.8
256,753,3308.5
256,754,2281.9
256,755,2340.7
256,756,2276.5
256,757,2306.2
256,758,2259.5
256,759,2332.8
256,760,2343.7
256,761,2453.9
256,762,3650.0
256,763,3619.7
256,764,3880.8
256,765,3302.4
256,766,3282.4
256,767,3247.9
256,768,3281.2
256,769,3323.6
256,770,3155.8
256,771,3309.1
256,772,4161.8
256,773,3438.1
256,774,3082.6
256,775,2380.7
256,776,2343.1
256,777,2277.7
256,778,2219.6
256,779,2219.0
256,780,2239.6
256,781,2225.0
256,782,3273.3
256,783,3077.1
256,784,2980.8
256,785,3353.3
256,786,3161.3
256,787,6149.4
256,788,3019.0
256,789,2306.8
256,790,2345.5
256,791,2507.8
256,792,2369.8
256,793,2285.0
256,794,2205.0
256,795,2223.2
256,796,2179.0
256,797,3756.0
256,798,3662.7
256,799,3925.6
256,800,3894.1
256,801,3307.3
256,802,3234.0
256,803,3280.0
256,804,3297.0
256,805,3283.6
256,806,3374.5
256,807,3211.6
256,808,4219.9
256,809,3121.9
256,810,3300.6
256,811,2332.8
256,812,2381.3
256,813,2265.0
256,814,2346.7
256,815,2267.4
256,816,2156.0
256,817,2336.5
256,818,2994.1
256,819,2969.9
256,820,3068.0
256,821,3225.5
256,822,3254.0
256,823,3286.1
256,824,3154.0
256,825,2953.6
256,826,3888.0
256,827,3340.6
256,828,2329.2
256,829,2357.0
256,830,2415.2
256,831,2287.4
256,832,2302.5
256,833,2306.2
256,834,2186.3
256,835,2275.9
256,836,4184.2
256,837,2997.8
256,838,2278.9
256,839,2188.7
256,840,2195.3
256,841,2383.1
256,842,2194.7
256,843,2242.0
256,844,2186.3
256,845,2228.0
256,846,3610.7
256,847,3590.7
256,848,3861.4
256,849,3239.4
256,850,3324.2
256,851,3323.0
256,852,3379.9
256,853,3333.3
256,854,3221.9
256,855,3169.2
256,856,4192.7
256,857,3083.2
256,858,3011.7
256,859,2346.7
256,860,2206.2
256,861,2340.1
256,862,2269.8
256,863,2222.6
256,864,2213.5
256,865,2343.1
256,866,3249.7
256,867,2979.0
256,868,3017.8
256,869,3259.4
256,870,3315.7
256,871,2959.6
256,872,3235.8
256,873,3530.1
256,874,4126.6
256,875,4100.0
256,876,2451.5
256,877,2432.1
256,878,2440.0
256,879,2483.0
256,880,2410.9
256,881,2509.1
256,882,2530.3
256,883,3309.1
256,884,3215.2
256,885,3326.0
256,886,3402.3
256,887,3316.9
256,888,3268.5
256,889,3393.2
256,890,3303.6
256,891,3295.1
256,892,4117.6
256,893,3189.8
256,894,3287.9
256,895,2440.0
256,896,2474.5
256,897,2464.2
256,898,2400.6
256,899,2399.4
256,900,2458.8
256,901,2460.6
256,902,3200.7
256,903,3456.2
256,904,3465.3
256,905,3556.8
256,906,3460.5
256,907,3481.1
256,908,3435.0
256,909,3310.9
256,910,4135.7
256,911,4056.4
256,912,2547.2
256,913,2506.0
256,914,2421.8
256,915,2461.2
256,916,2393.4
256,917,2470.3
256,918,2423.7
256,919,3302.4
256,920,3413.8
256,921,3496.8
256,922,3387.2
256,923,3330.9
256,924,3335.7
256,925,3367.2
256,926,3393.2
256,927,3410.2
256,928,4067.3
256,929,3541.6
256,930,3300.6
256,931,2487.3
256,932,2414.0
256,933,2228.0
256,934,2245.6
256,935,2231.7
256,936,2216.5
256,937,2273.5
256,938,2969.3
256,939,3050.5
256,940,3312.1
256,941,3272.1
256,942,2977.8
256,943,3330.3
256,944,2920.9
256,945,2959.0
256,946,3558.0
256,947,3226.7
256,948,2266.8
256,949,2330.4
256,950,2343.1
256,951,2358.3
256,952,2159.6
256,953,2277.7
256,954,2267.4
256,955,2242.0
256,956,3890.5
256,957,4298.0
256,958,2356.4
256,959,2255.9
256,960,2313.4
256,961,2321.9
256,962,2311.6
256,963,2280.7
256,964,2340.1
256,965,2366.7
256,966,3226.1
256,967,4198.1
256,968,2369.2
256,969,2340.7
256,970,2292.2
256,971,2234.7
256,972,2239.6
256,973,2201.4
256,974,2198.4
256,975,2217.8
256,976,3302.4
256,977,4299.2
256,978,2458.2
256,979,2262.0
256,980,2447.9
256,981,2387.3
256,982,2237.1
256,983,2204.4
256,984,2300.7
256,985,2293.5
256,986,3216.4
256,987,3646.4
256,988,3205.5
256,989,3281.8
256,990,3307.3
256,991,3275.2
256,992,3180.7
256,993,3315.1
256,994,3158.9
256,995,4247.2
256,996,3275.2
256,997,3287.3
256,998,2498.2
256,999,2296.5
256,1000,2273.5
256,1001,2251.7
256,1002,2250.5
256,1003,2245.0
256,1004,2249.2
256,1005,2958.4
256,1006,3306.6
256,1007,3290.3
256,1008,3359.3
256,1009,3295.7
256,1010,3250.3
256,1011,3223.1
256,1012,3208.5
256,1013,4213.2
256,1014,3908.0
256,1015,2355.8
256,1016,2360.1
256,1017,2441.2
256,1018,2357.7
256,1019,2202.6
256,1020,2299.5
256,1021,2229.3
256,1022,3052.9
256,1023,3304.2
256,1024,3207.3
256,1025,3376.9
256,1026,3268.5
256,1027,3371.4
256,1028,3200.7
256,1029,3248.5
256,1030,3337.5
256,1031,3872.9
256,1032,3945.6
256,1033,4236.9
256,1034,3305.4
256,1035,3035.3
256,1036,2328.0
256,1037,2409.7
256,1038,2397.0
256,1039,2251.7
256,1040,2275.9
256,1041,2329.8
256,1042,2211.7
256,1043,3314.5
256,1044,3254.0
256,1045,3237.0
256,1046,3031.1
256,1047,3247.3
256,1048,3205.5
256,1049,2977.2
256,1050,3152.8
256,1051,3646.4
256,1052,3295.7
256,1053,2266.8
256,1054,2329.2
256,1055,2279.5
256,1056,2358.9
256,1057,2313.4
256,1058,2258.3
256,1059,2245.6
256,1060,2325.6
256,1061,3868.0
256,1062,3903.8
256,1063,3617.3
256,1064,3203.7
256,1065,3376.9
256,1066,3276.4
256,1067,3352.7
256,1068,3388.4
256,1069,3230.3
256,1070,3320.0
256,1071,4166.0
256,1072,3264.9
256,1073,3098.9
256,1074,2326.2
256,1075,2437.0
256,1076,2280.1
256,1077,2398.8
256,1078,2296.5
256,1079,2379.5
256,1080,2273.5
256,1081,3048.0
256,1082,2967.5
256,1083,3241.2
256,1084,3279.4
256,1085,3364.8
256,1086,2963.3
256,1087,3002.6
256,1088,2991.7
256,1089,4111.5
256,1090,2999.0
256,1091,3337.5
256,1092,3005.7
256,1093,2980.8
256,1094,3043.8
256,1095,3000.8
256,1096,3260.6
256,1097,3333.3
256,1098,3750.0
256,1099,3358.1
256,1100,2404.9
256,1101,2422.5
256,1102,2473.9
256,1103,2377.6
256,1104,7056.6
256,1105,2549.0
256,1106,2485.4
256,1107,2602.3
256,1108,3643.4
256,1109,3512.6
256,1110,3468.3
256,1111,3473.2
256,1112,3432.0
256,1113,3510.7
256,1114,3468.3
256,1115,4118.8
256,1116,4421.6
256,1117,3094.1
256,1118,3412.6
256,1119,3134.0
256,1120,2451.5
256,1121,2395.2
256,1122,2500.6
256,1123,2378.2
256,1124,2460.6
256,1125,2430.3
256,1126,2340.1
256,1127,2406.1
256,1128,3425.3
256,1129,3634.3
256,1130,3445.9
256,1131,3368.4
256,1132,3458.0
256,1133,3456.8
256,1134,3462.3
256,1135,4129.7
256,1136,4355.0
256,1137,3522.8
256,1138,3066.8
256,1139,3052.3
256,1140,2493.9
256,1141,2410.9
256,1142,2442.4
256,1143,2410.9
256,1144,2421.8
256,1145,2553.9
256,1146,2994.1
256,1147,2994.8
256,1148,3029.3
256,1149,3227.3
256,1150,3000.8
256,1151,3179.5
256,1152,3176.4
256,1153,3079.5
256,1154,3860.8
256,1155,3016.6
256,1156,2908.2
256,1157,2851.2
256,1158,3275.2
256,1159,3234.6
256,1160,3188.6
256,1161,3237.0
256,1162,3281.2
256,1163,4201.7
256,1164,4184.2
256,1165,3276.4
256,1166,2381.9
256,1167,2417.6
256,1168,2250.5
256,1169,2374.0
256,1170,2296.5
256,1171,2332.2
256,1172,2329.8
256,1173,3186.7
256,1174,3305.4
256,1175,3248.5
256,1176,3273.3
256,1177,3361.2
256,1178,3232.2
256,1179,3325.4
256,1180,4200.5
256,1181,3082.6
256,1182,3303.6
256,1183,3356.9
256,1184,2342.5
256,1185,2345.5
256,1186,2273.5
256,1187,2226.8
256,1188,2342.5
256,1189,2233.5
256,1190,3250.9
256,1191,3254.6
256,1192,2984.5
256,1193,3406.0
256,1194,3186.7
256,1195,3175.2
256,1196,3246.7
256,1197,3255.2
256,1198,3906.2
256,1199,3206.7
256,1200,2301.9
256,1201,2454.5
256,1202,2252.3
256,1203,2236.5
256,1204,2214.7
256,1205,2203.8
256,1206,2249.2
256,1207,2207.5
256,1208,3883.8
256,1209,4338.0
256,1210,2235.9
256,1211,2224.4
256,1212,2189.3
256,1213,2275.3
256,1214,2214.1
256,1215,2219.6
256,1216,2211.1
256,1217,2405.5
256,1218,2999.6
256,1219,3861.4
256,1220,3286.1
256,1221,3220.0
256,1222,3298.8
256,1223,3312.7
256,1224,3275.8
256,1225,3379.9
256,1226,3250.9
256,1227,4212.6
256,1228,3103.8
256,1229,3330.9
256,1230,2423.7
256,1231,2405.5
256,1232,2292.9
256,1233,2262.6
256,1234,2205.0
256,1235,2208.7
256,1236,2228.7
256,1237,3011.1
256,1238,3012.3
256,1239,2953.0
256,1240,3292.1
256,1241,3281.2
256,1242,3172.2
256,1243,3256.4
256,1244,3214.0
256,1245,4168.4
256,1246,3893.5
256,1247,2334.6
256,1248,2361.9
256,1249,2364.9
256,1250,2289.2
256,1251,2224.4
256,1252,2226.8
256,1253,2254.7
256,1254,3037.8
256,1255,3370.8
256,1256,3285.4
256,1257,3206.7
256,1258,3264.9
256,1259,3309.7
256,1260,3172.8
256,1261,3329.7
256,1262,3364.2
256,1263,4175.1
256,1264,3260.6
256,1265,3115.3
256,1266,2366.1
256,1267,2395.2
256,1268,2359.5
256,1269,2266.2
256,1270,2335.2
256,1271,2277.7
256,1272,2294.1
256,1273,3329.1
256,1274,3248.5
256,1275,2979.6
256,1276,3290.9
256,1277,2954.8
256,1278,3292.1
256,1279,2987.5
256,1280,3039.0
256,1281,3924.4
256,1282,3483.5
256,1283,2406.7
256,1284,2399.4
256,1285,2415.2
256,1286,2476.4
256,1287,2393.4
256,1288,2484.8
256,1289,2543.0
256,1290,2495.7
256,1291,3808.1
256,1292,4109.7
256,1293,2475.1
256,1294,2502.4
256,1295,2406.7
256,1296,2395.2
256,1297,2435.2
256,1298,2297.7
256,1299,2407.9
256,1300,2363.7
256,1301,3005.7
256,1302,4097.0
256,1303,3453.2
256,1304,3259.4
256,1305,3426.6
256,1306,3373.9
256,1307,3346.6
256,1308,3302.4
256,1309,3322.4
256,1310,4095.8
256,1311,3213.4
256,1312,3338.7
256,1313,2501.8
256,1314,2417.6
256,1315,2495.1
256,1316,2398.2
256,1317,2410.9
256,1318,2441.2
256,1319,2394.6
256,1320,3613.1
256,1321,3470.2
256,1322,3300.6
256,1323,3442.9
256,1324,3268.5
256,1325,3309.1
256,1326,3526.5
256,1327,3304.8
256,1328,4056.4
256,1329,4443.4
256,1330,3254.6
256,1331,2490.9
256,1332,2412.2
256,1333,2479.4
256,1334,2588.4
256,1335,2460.6
256,1336,2434.6
256,1337,2469.1
256,1338,3291.5
256,1339,3126.2
256,1340,3267.3
256,1341,3255.2
256,1342,3378.1
256,1343,3299.4
256,1344,3295.7
256,1345,3282.4
256,1346,3214.0
256,1347,4167.2
256,1348,3112.8
256,1349,3398.1
256,1350,2378.8
256,1351,2320.7
256,1352,2233.5
256,1353,2330.4
256,1354,2226.2
256,1355,2242.6
256,1356,2192.3
256,1357,3308.5
256,1358,3329.1
256,1359,3301.2
256,1360,3289.1
256,1361,3376.9
256,1362,3003.8
256,1363,3260.6
256,1364,2928.1
256,1365,3852.9
256,1366,3326.6
256,1367,2363.1
256,1368,2314.7
256,1369,2329.2
256,1370,2324.9
256,1371,2282.6
256,1372,2323.1
256,1373,2294.1
256,1374,2369.8
256,1375,3877.1
256,1376,3881.4
256,1377,3923.8
256,1378,3178.3
256,1379,3353.3
256,1380,3335.7
256,1381,3410.2
256,1382,3291.5
256,1383,3261.8
256,1384,3212.2
256,1385,3953.4
256,1386,4187.2
256,1387,3008.7
256,1388,3300.6
256,1389,2353.4
256,1390,2356.4
256,1391,2281.3
256,1392,2214.7
256,1393,2220.2
256,1394,2160.2
256,1395,2206.2
256,1396,3009.3
256,1397,2981.4
256,1398,3108.6
256,1399,3338.7
256,1400,3214.0
256,1401,3236.4
256,1402,2917.2
256,1403,3265.5
256,1404,3889.2
256,1405,3236.4
256,1406,2392.2
256,1407,2368.6
256,1408,2259.5
256,1409,2427.9
256,1410,2277.7
256,1411,2275.9
256,1412,2241.4
256,1413,2179.0
256,1414,4201.1
256,1415,3298.8
256,1416,4675.9
256,1417,2339.5
256,1418,2201.4
256,1419,2313.4
256,1420,2220.8
256,1421,2261.4
256,1422,2272.9
256,1423,2274.7
256,1424,3575.5
256,1425,3928.0
256,1426,3280.6
256,1427,3229.7
256,1428,3243.1
256,1429,3297.6
256,1430,3320.6
256,1431,3274.5
256,1432,4141.8
256,1433,3330.3
256,1434,3062.0
256,1435,3279.4
256,1436,3033.5
256,1437,2399.4
256,1438,2366.1
256,1439,2437.6
256,1440,2261.4
256,1441,2254.1
256,1442,3282.4
256,1443,3042.6
256,1444,3000.2
256,1445,3258.8
256,1446,2940.9
256,1447,3235.2
256,1448,3045.0
256,1449,3294.5
256,1450,4156.3
256,1451,3893.5
256,1452,2387.9
256,1453,2336.5
256,1454,2306.2
256,1455,2307.4
256,1456,2185.1
256,1457,2272.9
256,1458,2174.8
256,1459,3048.0
256,1460,3346.6
256,1461,3259.4
256,1462,3341.2
256,1463,3336.9
256,1464,3239.4
256,1465,3233.4
256,1466,3181.3
256,1467,3191.6
256,1468,4210.2
256,1469,3181.9
256,1470,3138.9
256,1471,2370.4
256,1472,2330.4
256,1473,2334.6
256,1474,2349.8
256,1475,2243.8
256,1476,2318.3
256,1477,2252.3
256,1478,3270.9
256,1479,3004.4
256,1480,3013.5
256,1481,3023.2
256,1482,3264.3
256,1483,3201.9
256,1484,2946.3
256,1485,3229.1
256,1486,4106.1
256,1487,4093.9
256,1488,3426.0
256,1489,2559.9
256,1490,2513.3
256,1491,2395.2
256,1492,2405.5
256,1493,2398.2
256,1494,2527.8
256,1495,2450.3
256,1496,3289.7
256,1497,3366.6
256,1498,3092.3
256,1499,3088.6
256,1500,3330.3
256,1501,3433.8
256,1502,3442.9
256,1503,3304.8
256,1504,3352.1
256,1505,4367.1
256,1506,3485.3
256,1507,3536.8
256,1508,2498.8
256,1509,2528.4
256,1510,2398.2
256,1511,2406.7
256,1512,2420.0
256,1513,2458.2
256,1514,2343.1
256,1515,3437.5
256,1516,3412.6
256,1517,3465.9
256,1518,3500.4
256,1519,3438.1
256,1520,3449.6
256,1521,3319.4
256,1522,3476.8
256,1523,4410.7
256,1524,4081.8
256,1525,3314.5
256,1526,2530.9
256,1527,2403.7
256,1528,2406.7
256,1529,2461.2
256,1530,2441.8
256,1531,2453.3
256,1532,2357.0
256,1533,3070.5
256,1534,3111.0
256,1535,3339.3
256,1536,3136.5
256,1537,3360.5
256,1538,3384.8
256,1539,3393.2
256,1540,3246.7
256,1541,3303.0
256,1542,4388.9
256,1543,3542.8
256,1544,3263.0
256,1545,2589.6
256,1546,2510.3
256,1547,2430.3
256,1548,2388.5
256,1549,2447.3
256,1550,2340.7
256,1551,2282.6
256,1552,2947.5
256,1553,3321.8
256,1554,3293.9
256,1555,3295.7
256,1556,2989.3
256,1557,2916.0
256,1558,3300.0
256,1559,3251.5
256,1560,3877.1
256,1561,3355.1
256,1562,2331.6
256,1563,2313.4
256,1564,2256.5
256,1565,2470.9
256,1566,2242.6
256,1567,2305.0
256,1568,2268.6
256,1569,2375.8
256,1570,3855.3
256,1571,3898.9
256,1572,3270.9
256,1573,3272.1
256,1574,3363.6
256,1575,3344.8
256,1576,3343.0
256,1577,3350.9
256,1578,3250.3
256,1579,3942.5
256,1580,4252.0
256,1581,3036.5
256,1582,3367.2
256,1583,2440.6
256,1584,2377.6
256,1585,2378.2
256,1586,2265.6
256,1587,2251.1
256,1588,2337.7
256,1589,2297.7
256,1590,2992.9
256,1591,3254.6
256,1592,3237.6
256,1593,3054.1
256,1594,2980.2
256,1595,2970.5
256,1596,3160.7
256,1597,2938.4
256,1598,4227.8
256,1599,3919.5
256,1600,2439.4
256,1601,2312.8
256,1602,2276.5
256,1603,2220.8
256,1604,2229.9
256,1605,2231.7
256,1606,2197.8
256,1607,3169.8
256,1608,3352.1
256,1609,3191.6
256,1610,3155.8
256,1611,3264.3
256,1612,3262.4
256,1613,3212.2
256,1614,3327.2
256,1615,3214.0
256,1616,4174.5
256,1617,3361.8
256,1618,3327.8
256,1619,2343.1
256,1620,2268.6
256,1621,2246.2
256,1622,2252.9
256,1623,2203.2
256,1624,2286.8
256,1625,2274.7
256,1626,2991.7
256,1627,3241.8
256,1628,3042.6
256,1629,3290.9
256,1630,3300.6
256,1631,3323.0
256,1632,3140.7
256,1633,3225.5
256,1634,3899.5
256,1635,3043.8
256,1636,2971.7
256,1637,3206.7
256,1638,3137.7
256,1639,3309.7
256,1640,3261.2
256,1641,3278.2
256,1642,2983.9
256,1643,3892.3
256,1644,3183.7
256,1645,2357.7
256,1646,2372.8
256,1647,2301.9
256,1648,2265.6
256,1649,2361.3
256,1650,2288.6
256,1651,2234.7
256,1652,2331.0
256,1653,4196.9
256,1654,3295.7
256,1655,2243.2
256,1656,2314.0
256,1657,2329.8
256,1658,2177.8
256,1659,2308.6
256,1660,2199.0
256,1661,2200.8
256,1662,2277.7
256,1663,3940.1
256,1664,3626.4
256,1665,4210.2
256,1666,2400.6
256,1667,2333.4
256,1668,2226.8
256,1669,2271.0
256,1670,2257.1
256,1671,2186.9
256,1672,2328.0
256,1673,2532.7
256,1674,3316.3
256,1675,3954.0
256,1676,3321.2
256,1677,3197.6
256,1678,3289.7
256,1679,3303.6
256,1680,3249.7
256,1681,3312.7
256,1682,3306.0
256,1683,4168.4
256,1684,3370.8
256,1685,3300.0
256,1686,2296.5
256,1687,2498.2
256,1688,2941.5
256,1689,2378.8
256,1690,2280.7
256,1691,2251.1
256,1692,2212.9
256,1693,2391.6
256,1694,2349.2
256,1695,2330.4
256,1696,3050.5
256,1697,3174.0
256,1698,3040.8
256,1699,3334.5
256,1700,2991.1
256,1701,3002.6
256,1702,2990.5
256,1703,3094.7
256,1704,3639.7
256,1705,3331.5
256,1706,2446.1
256,1707,2374.0
256,1708,2387.3
256,1709,2366.7
256,1710,2460.0
256,1711,2420.0
256,1712,2367.9
256,1713,2472.7
256,1714,4359.8
256,1715,3518.6
256,1716,2377.0
256,1717,2540.5
256,1718,2484.8
256,1719,2473.9
256,1720,2452.7
256,1721,2441.8
256,1722,2435.8
256,1723,2412.2
256,1724,4090.3
256,1725,3475.0
256,1726,2424.3
256,1727,2435.8
256,1728,2398.8
256,1729,2587.8
256,1730,2349.8
256,1731,2389.1
256,1732,2363.7
256,1733,4170.9
256,1734,4447.6
256,1735,3415.7
256,1736,2454.5
256,1737,2462.4
256,1738,2382.5
256,1739,2374.0
256,1740,2375.8
256,1741,2403.7
256,1742,2431.5
256,1743,2417.6
256,1744,4338.0
256,1745,3533.1
256,1746,2504.8
256,1747,2498.2
256,1748,2549.6
256,1749,2424.3
256,1750,2448.5
256,1751,2356.4
256,1752,2404.3
256,1753,2460.6
256,1754,4348.3
256,1755,3501.7
256,1756,2448.5
256,1757,2434.0
256,1758,2638.7
256,1759,2409.1
256,1760,2425.5
256,1761,2485.4
256,1762,2359.5
256,1763,2410.9
256,1764,4052.2
256,1765,3289.7
256,1766,2192.9
256,1767,2265.6
256,1768,2253.5
256,1769,2303.8
256,1770,2312.2
256,1771,2250.5
256,1772,2208.1
256,1773,2226.2
256,1774,3621.0
256,1775,3926.2
256,1776,3191.6
256,1777,3346.0
256,1778,3373.9
256,1779,3304.8
256,1780,3166.7
256,1781,3264.9
256,1782,3294.5
256,1783,4177.5
256,1784,3289.1
256,1785,3161.3
256,1786,2300.7
256,1787,2333.4
256,1788,2384.3
256,1789,2222.6
256,1790,2270.4
256,1791,2278.9
256,1792,2278.3
256,1793,3307.9
256,1794,2930.6
256,1795,2979.6
256,1796,3304.2
256,1797,3286.7
256,1798,3293.3
256,1799,3185.5
256,1800,3296.4
256,1801,4252.6
256,1802,3883.8
256,1803,2376.4
256,1804,2351.0
256,1805,2416.4
256,1806,2438.2
256,1807,2311.6
256,1808,2306.8
256,1809,2273.5
256,1810,3181.9
256,1811,3207.9
256,1812,3174.0
256,1813,3301.8
256,1814,3267.9
256,1815,3308.5
256,1816,3229.1
256,1817,3323.6
256,1818,3267.3
256,1819,3883.8
256,1820,4199.3
256,1821,3297.0
256,1822,3316.9
256,1823,2383.1
256,1824,2344.3
256,1825,2397.6
256,1826,2220.8
256,1827,2163.9
256,1828,2187.5
256,1829,2189.9
256,1830,3287.3
256,1831,3261.8
256,1832,2955.4
256,1833,3349.6
256,1834,2908.8
256,1835,3237.6
256,1836,3234.6
256,1837,3227.9
256,1838,3662.1
256,1839,2915.4
256,1840,3180.1
256,1841,2963.3
256,1842,2926.9
256,1843,3263.6
256,1844,3197.6
256,1845,3165.5
256,1846,3284.8
256,1847,4149.7
256,1848,3647.0
256,1849,2420.0
256,1850,2274.1
256,1851,2425.5
256,1852,2521.2
256,1853,2222.0
256,1854,2307.4
256,1855,2223.8
256,1856,3171.6
256,1857,3234.6
256,1858,3221.3
256,1859,3293.3
256,1860,3280.0
256,1861,3295.1
256,1862,3281.2
256,1863,3328.4
256,1864,3297.6
256,1865,4237.5
256,1866,3355.7
256,1867,3332.1
256,1868,2454.5
256,1869,2312.2
256,1870,2382.5
256,1871,2312.2
256,1872,2265.6
256,1873,2381.9
256,1874,2275.3
256,1875,3032.3
256,1876,3287.9
256,1877,3212.8
256,1878,3019.0
256,1879,3148.0
256,1880,3175.2
256,1881,2949.9
256,1882,3140.1
256,1883,3928.0
256,1884,2985.7
256,1885,3213.4
256,1886,2936.0
256,1887,3235.2
256,1888,3333.3
256,1889,3243.7
256,1890,3169.2
256,1891,3197.6
256,1892,3909.2
256,1893,3314.5
256,1894,2361.9
256,1895,2347.4
256,1896,2303.1
256,1897,2378.2
256,1898,2222.6
256,1899,2263.2
256,1900,2344.3
256,1901,2286.8
256,1902,3613.7
256,1903,3886.2
256,1904,3198.2
256,1905,3224.3
256,1906,3306.6
256,1907,3269.7
256,1908,3353.3
256,1909,3260.0
256,1910,3244.3
256,1911,4226.0
256,1912,3350.9
256,1913,3316.9
256,1914,2311.0
256,1915,2508.4
256,1916,2438.8
256,1917,2443.0
256,1918,2385.5
256,1919,2446.7
256,1920,2540.5
256,1921,3335.1
256,1922,3377.5
256,1923,3445.3
256,1924,3288.5
256,1925,3446.5
256,1926,3287.3
256,1927,3470.8
256,1928,3470.2
256,1929,4121.8
256,1930,4110.9
256,1931,4085.5
256,1932,3126.2
256,1933,2415.2
256,1934,2506.6
256,1935,2376.4
256,1936,2474.5
256,1937,2474.5
256,1938,2381.3
256,1939,2484.8
256,1940,3076.5
256,1941,3103.2
256,1942,3429.0
256,1943,3369.6
256,1944,3473.8
256,1945,3370.2
256,1946,3323.6
256,1947,4343.5
256,1948,3157.1
256,1949,3519.2
256,1950,3249.1
256,1951,3532.5
256,1952,2329.2
256,1953,2516.9
256,1954,2364.3
256,1955,2470.9
256,1956,2439.4
256,1957,3430.8
256,1958,3321.8
256,1959,3444.7
256,1960,3372.1
256,1961,3564.0
256,1962,3219.4
256,1963,3410.2
256,1964,3459.3
256,1965,3820.2
256,1966,3533.8
256,1967,2475.1
256,1968,2424.9
256,1969,2583.5
256,1970,2450.9
256,1971,2443.6
256,1972,2297.7
256,1973,2599.3
256,1974,2395.8
256,1975,4363.4
256,1976,3452.0
256,1977,2444.3
256,1978,2364.9
256,1979,2432.7
256,1980,2210.5
256,1981,2328.6
256,1982,2280.1
256,1983,2236.5
256,1984,2202.0
256,1985,4221.1
256,1986,2942.7
256,1987,2241.4
256,1988,2205.6
256,1989,2194.7
256,1990,2283.2
256,1991,2193.5
256,1992,2197.2
256,1993,2357.0
256,1994,2201.4
256,1995,4193.3
256,1996,2956.6
256,1997,2280.7
256,1998,2300.7
256,1999,2332.2
1024,0,2589.0
1024,1,2649.0
1024,2,2626.5
1024,3,2616.9
1024,4,3287.3
1024,5,3697.3
1024,6,3373.9
1024,7,3357.5
1024,8,3525.3
1024,9,3573.1
1024,10,3517.4
1024,11,4243.5
1024,12,4218.1
1024,13,3682.1
1024,14,3594.3
1024,15,3309.7
1024,16,2662.9
1024,17,2562.3
1024,18,2562.3
1024,19,2526.6
1024,20,2437.6
1024,21,2580.5
1024,22,3544.7
1024,23,3330.3
1024,24,3564.6
1024,25,3204.3
1024,26,75459.4
1024,27,4498.5
1024,28,3292.1
1024,29,4663.8
1024,30,4602.1
1024,31,4674.7
1024,32,4505.8
1024,33,4511.8
1024,34,4479.1
1024,35,4523.3
1024,36,3551.9
1024,37,2601.1
1024,38,3568.3
1024,39,2708.9
1024,40,2549.6
1024,41,2652.0
1024,42,2670.1
1024,43,2590.8
1024,44,2625.9
1024,45,2650.8
1024,46,2470.3
1024,47,3618.5
1024,48,3405.4
1024,49,3384.2
1024,50,3599.2
1024,51,4169.0
1024,52,4491.2
1024,53,3729.4
1024,54,3642.2
1024,55,2698.6
1024,56,2476.4
1024,57,2547.8
1024,58,2564.2
1024,59,2494.5
1024,60,2559.9
1024,61,2610.8
1024,62,2512.7
1024,63,3237.0
1024,64,3303.6
1024,65,3356.3
1024,66,3498.6
1024,67,3625.8
1024,68,3673.0
1024,69,3708.2
1024,70,3561.6
1024,71,3526.5
1024,72,4206.6
1024,73,3622.8
1024,74,3363.0
1024,75,2670.1
1024,76,2612.0
1024,77,2696.8
1024,78,2593.2
1024,79,2619.3
1024,80,2613.8
1024,81,2575.7
1024,82,2480.6
1024,83,3234.0
1024,84,3384.2
1024,85,3369.0
1024,86,3415.7
1024,87,3659.7
1024,88,3653.1
1024,89,3718.5
1024,90,3659.1
1024,91,3619.7
1024,92,4358.6
1024,93,3868.0
1024,94,3773.6
1024,95,2878.5
1024,96,2801.6
1024,97,2654.4
1024,98,2704.1
1024,99,2738.6
1024,100,2702.2
1024,101,2771.3
1024,102,2689.5
1024,103,3315.7
1024,104,3464.7
1024,105,3365.4
1024,106,3702.1
1024,107,3800.8
1024,108,3705.1
1024,109,3644.6
1024,110,4629.9
1024,111,3499.2
1024,112,3782.7
1024,113,3544.0
1024,114,3828.1
1024,115,2879.7
1024,116,2751.3
1024,117,2776.1
1024,118,2633.8
1024,119,2718.6
1024,120,5329.4
1024,121,7079.6
1024,122,4048.5
1024,123,6954.9
1024,124,8177.0
1024,125,3456.8
1024,126,3698.5
1024,127,3719.1
1024,128,3670.0
1024,129,3725.7
1024,130,3645.2
1024,131,3497.4
1024,132,3804.5
1024,133,3875.3
1024,134,2741.6
1024,135,2748.3
1024,136,2738.6
1024,137,2732.5
1024,138,2781.6
1024,139,2728.3
1024,140,5354.8
1024,141,7024.5
1024,142,4097.0
1024,143,5517.7
1024,144,8656.6
1024,145,7678.6
1024,146,7454.5
1024,147,3334.5
1024,148,3676.1
1024,149,3594.3
1024,150,3527.7
1024,151,3614.9
1024,152,2526.0
1024,153,2679.8
1024,154,3439.9
1024,155,2734.9
1024,156,2654.4
1024,157,2622.3
1024,158,2477.0
1024,159,2510.9
1024,160,2557.5
1024,161,2614.4
1024,162,2621.1
1024,163,3531.9
1024,164,3352.1
1024,165,3336.9
1024,166,3510.7
1024,167,3614.9
1024,168,3624.6
1024,169,3624.0
1024,170,4422.2
1024,171,3874.1
1024,172,3538.0
1024,173,3878.3
1024,174,2813.1
1024,175,2853.0
1024,176,2784.0
1024,177,2733.7
1024,178,2772.5
1024,179,2736.8
1024,180,3439.9
1024,181,3842.0
1024,182,3753.6
1024,183,3614.9
1024,184,3711.2
1024,185,3805.7
1024,186,3514.4
1024,187,3517.4
1024,188,4637.8
1024,189,4401.6
1024,190,3319.4
1024,191,2679.2
1024,192,2692.6
1024,193,2592.0
1024,194,2620.5
1024,195,2553.3
1024,196,2461.2
1024,197,2557.5
1024,198,3385.4
1024,199,3617.3
1024,200,3612.5
1024,201,3574.3
1024,202,3602.8
1024,203,3529.5
1024,204,3520.4
1024,205,3676.1
1024,206,4462.8
1024,207,3670.6
1024,208,3614.9
1024,209,3619.1
1024,210,3545.3
1024,211,3163.1
1024,212,2602.9
1024,213,2665.9
1024,214,2632.0
1024,215,2601.1
1024,216,3648.8
1024,217,3276.4
1024,218,3572.5
1024,219,3495.6
1024,220,3480.5
1024,221,3478.6
1024,222,3165.5
1024,223,3452.0
1024,224,4206.6
1024,225,4152.7
1024,226,2748.3
1024,227,2597.5
1024,228,2575.1
1024,229,2602.3
1024,230,2494.5
1024,231,2543.0
1024,232,2615.0
1024,233,3192.8
1024,234,3364.8
1024,235,3409.6
1024,236,3240.6
1024,237,3524.7
1024,238,3449.0
1024,239,4475.5
1024,240,3670.6
1024,241,3392.6
1024,242,2659.2
1024,243,2719.2
1024,244,2621.7
1024,245,2698.6
1024,246,2486.0
1024,247,2546.0
1024,248,2591.4
1024,249,2578.7
1024,250,3571.3
1024,251,3602.8
1024,252,3514.4
1024,253,3623.4
1024,254,3633.1
1024,255,3579.8
1024,256,3523.5
1024,257,3688.8
1024,258,4207.8
1024,259,4444.0
1024,260,3615.5
1024,261,3596.1
1024,262,3731.2
1024,263,2615.6
1024,264,2572.6
1024,265,2590.8
1024,266,2576.9
1024,267,2574.5
1024,268,2507.2
1024,269,2579.9
1024,270,2487.3
1024,271,3522.2
1024,272,3572.5
1024,273,4211.4
1024,274,3920.1
1024,275,3601.0
1024,276,3634.3
1024,277,4207.8
1024,278,3594.3
1024,279,4686.2
1024,280,3254.6
1024,281,2617.5
1024,282,2528.4
1024,283,2505.4
1024,284,2472.7
1024,285,2509.1
1024,286,2460.0
1024,287,2502.4
1024,288,2507.8
1024,289,3212.8
1024,290,3389.0
1024,291,3348.4
1024,292,3610.7
1024,293,3664.0
1024,294,3541.6
1024,295,4495.5
1024,296,3332.1
1024,297,3641.5
1024,298,3323.0
1024,299,3682.7
1024,300,2592.6
1024,301,2509.1
1024,302,2603.5
1024,303,2487.9
1024,304,2486.6
1024,305,2478.8
1024,306,2486.6
1024,307,2518.1
1024,308,3217.0
1024,309,3631.9
1024,310,3374.5
1024,311,3409.0
1024,312,3597.9
1024,313,3542.8
1024,314,3591.9
1024,315,4452.5
1024,316,3350.3
1024,317,3393.2
1024,318,3342.4
1024,319,2644.7
1024,320,2561.1
1024,321,2529.6
1024,322,2507.2
1024,323,2609.6
1024,324,2482.4
1024,325,2563.0
1024,326,2578.7
1024,327,3508.3
1024,328,3564.6
1024,329,3546.5
1024,330,3230.3
1024,331,4479.7
1024,332,3631.3
1024,333,3378.1
1024,334,3571.3
1024,335,3349.6
1024,336,2745.2
1024,337,2499.4
1024,338,2558.1
1024,339,2517.5
1024,340,2576.3
1024,341,2609.6
1024,342,2546.0
1024,343,2601.1
1024,344,3269.7
1024,345,3650.0
1024,346,3356.3
1024,347,3402.9
1024,348,3469.0
1024,349,3610.7
1024,350,4517.9
1024,351,3349.0
1024,352,3616.1
1024,353,3665.2
1024,354,2793.1
1024,355,2684.7
1024,356,2539.3
1024,357,2607.8
1024,358,2576.9
1024,359,2516.9
1024,360,2481.8
1024,361,2547.2
1024,362,3503.5
1024,363,3412.0
1024,364,3373.3
1024,365,3628.2
1024,366,3478.6
1024,367,4572.4
1024,368,3343.0
1024,369,3327.2
1024,370,3242.5
1024,371,3285.4
1024,372,2646.5
1024,373,2679.8
1024,374,2526.0
1024,375,2487.3
1024,376,2564.2
1024,377,2705.9
1024,378,2590.2
1024,379,2547.8
1024,380,3517.4
1024,381,3427.8
1024,382,3525.9
1024,383,3432.0
1024,384,4505.8
1024,385,3309.7
1024,386,3357.5
1024,387,3236.4
1024,388,2649.0
1024,389,2696.2
1024,390,2489.7
1024,391,2561.7
1024,392,2506.6
1024,393,2546.0
1024,394,2615.6
1024,395,2540.5
1024,396,3243.7
1024,397,3602.8
1024,398,3508.9
1024,399,3201.3
1024,400,4478.5
1024,401,3605.8
1024,402,3691.2
1024,403,2573.9
1024,404,2612.6
1024,405,3319.4
1024,406,2519.3
1024,407,2506.0
1024,408,2498.8
1024,409,2613.8
1024,410,2507.8
1024,411,2464.2
1024,412,2477.6
1024,413,2553.3
1024,414,3152.2
1024,415,3358.7
1024,416,3658.5
1024,417,3358.7
1024,418,3608.2
1024,419,3583.4
1024,420,3556.8
1024,421,3585.8
1024,422,4498.5
1024,423,3631.9
1024,424,3399.9
1024,425,3373.3
1024,426,2624.1
1024,427,2650.8
1024,428,2670.8
1024,429,2524.2
1024,430,2505.4
1024,431,2579.9
1024,432,3241.8
1024,433,3275.8
1024,434,3279.4
1024,435,3314.5
1024,436,3551.9
1024,437,3374.5
1024,438,3213.4
1024,439,3537.4
1024,440,4255.0
1024,441,3925.6
1024,442,3567.7
1024,443,2630.2
1024,444,2722.8
1024,445,2670.1
1024,446,2573.9
1024,447,2601.1
1024,448,2575.1
1024,449,2662.3
1024,450,2556.3
1024,451,3872.9
1024,452,4161.2
1024,453,4237.5
1024,454,2671.4
1024,455,2625.3
1024,456,2513.3
1024,457,2573.9
1024,458,2558.1
1024,459,2613.8
1024,460,2598.1
1024,461,2675.6
1024,462,3381.7
1024,463,3605.2
1024,464,3563.4
1024,465,3527.1
1024,466,3608.2
1024,467,3602.8
1024,468,3489.5
1024,469,4249.6
1024,470,3565.8
1024,471,3665.2
1024,472,3709.4
1024,473,2851.8
1024,474,2795.5
1024,475,2838.5
1024,476,2662.9
1024,477,2764.0
1024,478,2801.6
1024,479,3741.5
1024,480,3762.1
1024,481,3474.4
1024,482,3598.6
1024,483,3475.6
1024,484,3470.2
1024,485,3825.1
1024,486,3459.9
1024,487,4705.6
1024,488,4371.9
1024,489,3695.4
1024,490,2770.1
1024,491,2693.8
1024,492,2764.0
1024,493,2787.0
1024,494,2704.1
1024,495,2753.7
1024,496,2793.1
1024,497,3676.1
1024,498,3337.5
1024,499,3710.0
1024,500,3327.2
1024,501,3697.9
1024,502,3571.9
1024,503,3561.6
1024,504,3490.1
1024,505,3582.8
1024,506,4484.6
1024,507,3606.4
1024,508,3570.1
1024,509,2623.5
1024,510,2638.7
1024,511,2563.6
1024,512,2625.3
1024,513,2666.5
1024,514,2487.9
1024,515,2483.0
1024,516,2536.9
1024,517,3592.5
1024,518,3349.0
1024,519,3625.2
1024,520,3528.9
1024,521,3588.3
1024,522,3476.8
1024,523,3588.9
1024,524,3513.8
1024,525,4516.7
1024,526,3310.9
1024,527,3303.0
1024,528,3654.3
1024,529,2644.1
1024,530,2606.6
1024,531,2633.2
1024,532,2510.3
1024,533,2560.5
1024,534,2594.4
1024,535,2567.8
1024,536,2625.9
1024,537,3538.6
1024,538,3636.1
1024,539,3373.3
1024,540,4183.0
1024,541,4494.3
1024,542,3293.3
1024,543,3650.6
1024,544,3258.2
1024,545,3517.4
1024,546,2573.9
1024,547,2557.5
1024,548,2541.2
1024,549,2614.4
1024,550,2461.8
1024,551,3290.3
1024,552,3285.4
1024,553,3260.0
1024,554,3324.8
1024,555,3292.1
1024,556,3532.5
1024,557,3625.2
1024,558,3521.0
1024,559,3924.4
1024,560,3306.6
1024,561,3552.5
1024,562,3556.8
1024,563,3533.1
1024,564,3484.1
1024,565,3612.5
1024,566,3320.6
1024,567,3566.5
1024,568,4255.0
1024,569,4206.6
1024,570,2689.5
1024,571,2659.9
1024,572,2593.8
1024,573,3924.4
1024,574,2622.9
1024,575,2520.0
1024,576,2593.2
1024,577,3412.0
1024,578,3487.7
1024,579,3543.4
1024,580,3354.5
1024,581,3554.9
1024,582,3595.5
1024,583,3487.7
1024,584,3561.0
1024,585,3478.0
1024,586,4537.3
1024,587,3593.1
1024,588,3639.1
1024,589,3648.8
1024,590,2636.2
1024,591,2602.3
1024,592,2538.1
1024,593,2466.7
1024,594,2517.5
1024,595,2546.6
1024,596,2543.6
1024,597,2644.7
1024,598,3545.9
1024,599,3590.1
1024,600,3371.4
1024,601,3318.8
1024,602,3550.1
1024,603,3472.6
1024,604,3551.9
1024,605,4224.8
1024,606,3501.7
1024,607,3315.1
1024,608,3596.7
1024,609,2625.9
1024,610,2625.9
1024,611,2610.2
1024,612,2599.9
1024,613,2581.1
1024,614,2528.4
1024,615,2642.3
1024,616,2593.8
1024,617,3241.2
1024,618,3570.7
1024,619,3382.3
1024,620,3442.3
1024,621,3519.8
1024,622,3551.3
1024,623,3504.7
1024,624,4491.8
1024,625,3354.5
1024,626,3335.7
1024,627,2632.6
1024,628,2642.9
1024,629,2850.6
1024,630,2582.3
1024,631,2609.6
1024,632,2507.2
1024,633,2541.8
1024,634,2578.7
1024,635,3486.5
1024,636,3341.8
1024,637,3422.3
1024,638,3367.2
1024,639,3561.0
1024,640,3578.0
1024,641,4150.9
1024,642,4192.7
1024,643,3324.8
1024,644,3662.7
1024,645,2610.2
1024,646,2533.3
1024,647,2572.0
1024,648,2570.2
1024,649,2544.2
1024,650,2576.3
1024,651,2599.3
1024,652,2520.6
1024,653,3514.4
1024,654,3561.0
1024,655,3338.7
1024,656,3565.2
1024,657,3646.4
1024,658,3585.2
1024,659,4484.6
1024,660,3624.6
1024,661,3615.5
1024,662,3282.4
1024,663,3586.4
1024,664,2672.6
1024,665,2649.0
1024,666,2627.8
1024,667,2537.5
1024,668,2540.5
1024,669,3581.0
1024,670,3610.1
1024,671,3530.1
1024,672,3612.5
1024,673,3590.7
1024,674,3272.1
1024,675,3528.3
1024,676,3256.4
1024,677,3929.8
1024,678,3565.2
1024,679,2653.8
1024,680,2662.9
1024,681,2608.4
1024,682,2613.8
1024,683,2571.4
1024,684,2596.9
1024,685,2664.1
1024,686,2637.4
1024,687,3278.8
1024,688,3387.8
1024,689,3554.3
1024,690,3402.3
1024,691,3654.9
1024,692,3566.5
1024,693,3690.0
1024,694,3747.5
1024,695,4369.5
1024,696,3550.1
1024,697,3868.7
1024,698,3591.9
1024,699,2748.3
1024,700,2687.1
1024,701,2787.6
1024,702,2695.6
1024,703,2640.5
1024,704,2707.1
1024,705,3825.7
1024,706,3855.3
1024,707,3519.8
1024,708,3730.0
1024,709,3900.8
1024,710,3744.5
1024,711,3784.5
1024,712,4667.5
1024,713,4370.7
1024,714,3393.9
1024,715,2792.5
1024,716,2698.0
1024,717,2728.3
1024,718,2809.4
1024,719,2762.8
1024,720,2788.2
1024,721,2785.2
1024,722,3358.7
1024,723,3476.8
1024,724,3289.7
1024,725,3722.7
1024,726,3569.5
1024,727,3616.1
1024,728,3604.0
1024,729,3629.4
1024,730,3630.0
1024,731,4528.2
1024,732,3581.0
1024,733,4020.1
1024,734,2862.7
1024,735,2945.1
1024,736,2825.2
1024,737,2718.0
1024,738,2828.8
1024,739,2854.3
1024,740,2969.3
1024,741,2871.2
1024,742,4593.6
1024,743,2914.8
1024,744,3584.6
1024,745,2804.0
1024,746,2792.5
1024,747,2758.0
1024,748,2810.0
1024,749,2758.6
1024,750,2685.9
1024,751,2675.6
1024,752,2678.6
1024,753,3816.6
1024,754,3859.0
1024,755,4347.1
1024,756,4079.4
1024,757,4722.6
1024,758,3415.1
1024,759,3665.8
1024,760,3553.1
1024,761,2704.1
1024,762,2725.9
1024,763,2793.7
1024,764,2696.8
1024,765,2753.7
1024,766,2670.8
1024,767,2748.3
1024,768,2717.4
1024,769,3811.7
1024,770,3598.6
1024,771,4679.0
1024,772,3650.6
1024,773,3364.8
1024,774,3661.5
1024,775,2712.5
1024,776,2734.3
1024,777,2730.7
1024,778,2699.8
1024,779,2668.9
1024,780,2647.7
1024,781,2699.8
1024,782,2648.3
1024,783,3512.6
1024,784,3822.0
1024,785,4585.1
1024,786,3237.0
1024,787,3531.9
1024,788,2493.3
1024,789,2508.4
1024,790,2463.6
1024,791,2461.8
1024,792,2479.4
1024,793,2613.2
1024,794,2606.6
1024,795,2529.0
1024,796,3178.3
1024,797,3440.5
1024,798,3394.5
1024,799,3386.6
1024,800,3601.0
1024,801,3472.0
1024,802,3664.6
1024,803,3573.7
1024,804,4178.1
1024,805,4327.7
1024,806,3623.4
1024,807,3338.1
1024,808,3291.5
1024,809,2701.0
1024,810,2676.2
1024,811,2610.8
1024,812,2567.2
1024,813,2576.9
1024,814,2631.4
1024,815,2497.5
1024,816,2576.3
1024,817,3331.5
1024,818,3436.9
1024,819,3555.6
1024,820,3368.4
1024,821,3595.5
1024,822,4429.5
1024,823,3395.1
1024,824,3655.5
1024,825,2565.4
1024,826,2523.6
1024,827,2481.2
1024,828,2532.1
1024,829,2636.2
1024,830,2593.2
1024,831,2589.0
1024,832,3551.3
1024,833,3553.7
1024,834,3280.6
1024,835,3542.8
1024,836,3527.1
1024,837,3299.4
1024,838,3546.5
1024,839,3507.7
1024,840,3883.8
1024,841,3183.7
1024,842,3550.1
1024,843,3223.7
1024,844,3237.0
1024,845,3203.1
1024,846,3203.7
1024,847,3201.9
1024,848,3436.9
1024,849,4422.8
1024,850,4507.0
1024,851,3590.1
1024,852,2676.2
1024,853,2656.8
1024,854,2645.9
1024,855,2644.1
1024,856,2586.0
1024,857,2630.8
1024,858,2583.5
1024,859,3534.4
1024,860,3358.1
1024,861,3605.8
1024,862,3361.2
1024,863,4584.5
1024,864,2922.7
1024,865,4493.0
1024,866,4268.4
1024,867,4984.2
1024,868,3387.2
1024,869,3642.8
1024,870,3386.0
1024,871,3590.7
1024,872,2588.4
1024,873,2522.4
1024,874,2569.0
1024,875,2596.9
1024,876,2478.2
1024,877,2542.4
1024,878,2513.9
1024,879,2520.0
1024,880,3980.1
1024,881,4123.0
1024,882,4327.7
1024,883,7917.8
1024,884,5090.2
1024,885,5564.4
1024,886,8322.3
1024,887,3800.2
1024,888,3269.7
1024,889,3624.6
1024,890,3581.0
1024,891,3465.9
1024,892,3321.2
1024,893,3386.6
1024,894,2659.2
1024,895,2642.3
1024,896,2691.9
1024,897,2563.6
1024,898,2530.3
1024,899,2570.2
1024,900,2511.5
1024,901,3530.7
1024,902,3718.5
1024,903,3723.9
1024,904,3667.6
1024,905,5503.8
1024,906,8244.2
1024,907,3453.2
1024,908,3539.8
1024,909,3637.9
1024,910,3224.3
1024,911,3470.8
1024,912,3516.8
1024,913,2743.4
1024,914,2656.8
1024,915,2591.4
1024,916,2634.4
1024,917,2581.1
1024,918,2484.2
1024,919,2498.8
1024,920,2480.0
1024,921,4034.6
1024,922,7562.9
1024,923,3623.4
1024,924,4866.1
1024,925,8866.2
1024,926,4717.1
1024,927,11041.5
1024,928,3742.7
1024,929,3276.4
1024,930,3640.9
1024,931,3281.8
1024,932,3599.2
1024,933,4264.1
1024,934,4169.6
1024,935,4209.6
1024,936,3510.1
1024,937,2722.8
1024,938,2722.8
1024,939,2685.3
1024,940,2624.1
1024,941,2704.7
1024,942,2566.0
1024,943,2713.1
1024,944,2573.9
1024,945,4117.6
1024,946,8112.8
1024,947,4619.6
1024,948,4950.3
1024,949,8812.3
1024,950,3455.6
1024,951,3294.5
1024,952,3482.3
1024,953,3496.2
1024,954,3545.3
1024,955,2568.4
1024,956,2588.4
1024,957,2617.5
1024,958,2490.9
1024,959,2484.8
1024,960,2559.3
1024,961,2561.7
1024,962,2570.8
1024,963,3984.3
1024,964,7772.4
1024,965,5031.4
1024,966,3912.3
1024,967,4179.3
1024,968,4188.4
1024,969,4414.3
1024,970,3716.6
1024,971,3703.3
1024,972,3568.3
1024,973,3366.0
1024,974,2623.5
1024,975,2610.8
1024,976,2686.5
1024,977,2582.3
1024,978,2632.0
1024,979,2610.8
1024,980,2520.0
1024,981,2660.5
1024,982,3219.4
1024,983,3396.9
1024,984,3531.9
1024,985,3407.8
1024,986,3616.1
1024,987,4503.9
1024,988,3562.8
1024,989,3319.4
1024,990,2625.3
1024,991,2509.1
1024,992,2505.4
1024,993,2496.9
1024,994,2541.2
1024,995,2510.9
1024,996,2591.4
1024,997,2556.9
1024,998,3178.9
1024,999,3545.3
1024,1000,3376.9
1024,1001,3407.2
1024,1002,3586.4
1024,1003,3504.1
1024,1004,3561.0
1024,1005,3590.1
1024,1006,4201.7
1024,1007,4513.0
1024,1008,3281.2
1024,1009,3656.1
1024,1010,2665.3
1024,1011,2688.9
1024,1012,2495.7
1024,1013,2557.5
1024,1014,2489.1
1024,1015,2566.6
1024,1016,2464.8
1024,1017,2493.3
1024,1018,3293.9
1024,1019,3370.8
1024,1020,3364.8
1024,1021,3392.0
1024,1022,3545.3
1024,1023,3628.2
1024,1024,3545.9
1024,1025,3583.4
1024,1026,4301.7
1024,1027,3623.4
1024,1028,3335.7
1024,1029,3376.3
1024,1030,2629.6
1024,1031,2645.3
1024,1032,2795.5
1024,1033,2573.9
1024,1034,2645.3
1024,1035,2543.6
1024,1036,2663.5
1024,1037,2682.9
1024,1038,3183.1
1024,1039,3588.3
1024,1040,3387.8
1024,1041,3396.9
1024,1042,3541.0
1024,1043,3531.9
1024,1044,3498.6
1024,1045,3545.3
1024,1046,3619.1
1024,1047,4640.8
1024,1048,3782.1
1024,1049,3829.3
1024,1050,3816.0
1024,1051,2725.9
1024,1052,2715.0
1024,1053,2775.5
1024,1054,2749.5
1024,1055,2706.5
1024,1056,2729.5
1024,1057,3767.5
1024,1058,3611.9
1024,1059,3608.2
1024,1060,3799.0
1024,1061,3535.0
1024,1062,3438.1
1024,1063,3786.9
1024,1064,3550.7
1024,1065,4364.0
1024,1066,4419.2
1024,1067,3796.6
1024,1068,2736.8
1024,1069,2807.0
1024,1070,2740.4
1024,1071,2777.3
1024,1072,2790.7
1024,1073,2696.8
1024,1074,2746.5
1024,1075,3627.6
1024,1076,3306.0
1024,1077,3780.8
1024,1078,3703.9
1024,1079,3726.3
1024,1080,3668.8
1024,1081,4663.2
1024,1082,3499.8
1024,1083,3734.2
1024,1084,3783.9
1024,1085,3761.5
1024,1086,3791.1
1024,1087,2791.9
1024,1088,2685.9
1024,1089,2746.5
1024,1090,2717.4
1024,1091,3841.4
1024,1092,3762.1
1024,1093,3571.9
1024,1094,3693.6
1024,1095,3760.9
1024,1096,3495.0
1024,1097,3769.9
1024,1098,3784.5
1024,1099,4751.6
1024,1100,4688.7
1024,1101,3736.0
1024,1102,2740.4
1024,1103,2783.4
1024,1104,2758.0
1024,1105,2701.6
1024,1106,2841.5
1024,1107,2870.6
1024,1108,2556.9
1024,1109,3279.4
1024,1110,3569.5
1024,1111,3339.3
1024,1112,3615.5
1024,1113,3595.5
1024,1114,3526.5
1024,1115,3544.0
1024,1116,3631.9
1024,1117,4601.4
1024,1118,3601.6
1024,1119,3521.6
1024,1120,3610.1
1024,1121,2678.6
1024,1122,2728.3
1024,1123,2609.0
1024,1124,2716.2
1024,1125,2707.1
1024,1126,2564.2
1024,1127,2520.6
1024,1128,2622.3
1024,1129,3307.3
1024,1130,5078.7
1024,1131,4855.8
1024,1132,3932.8
1024,1133,3873.5
1024,1134,4374.9
1024,1135,5506.2
1024,1136,9098.7
1024,1137,3739.7
1024,1138,3691.8
1024,1139,3665.2
1024,1140,3336.9
1024,1141,3641.5
1024,1142,3444.7
1024,1143,2653.2
1024,1144,2622.9
1024,1145,2662.3
1024,1146,3645.2
1024,1147,3604.0
1024,1148,3573.7
1024,1149,3571.3
1024,1150,3482.9
1024,1151,3570.1
1024,1152,3201.9
1024,1153,3585.8
1024,1154,4543.9
1024,1155,4216.9
1024,1156,2721.6
1024,1157,2551.4
1024,1158,2715.0
1024,1159,2523.6
1024,1160,2564.2
1024,1161,2548.4
1024,1162,2623.5
1024,1163,4147.2
1024,1164,7449.0
1024,1165,4995.7
1024,1166,4544.5
1024,1167,10856.2
1024,1168,3366.6
1024,1169,3548.9
1024,1170,3351.5
1024,1171,3539.8
1024,1172,3527.1
1024,1173,3556.8
1024,1174,3471.4
1024,1175,3573.1
1024,1176,2669.5
1024,1177,2561.1
1024,1178,2615.0
1024,1179,2644.1
1024,1180,2570.8
1024,1181,2635.0
1024,1182,2466.1
1024,1183,3994.6
1024,1184,7185.0
1024,1185,5031.4
1024,1186,5571.6
1024,1187,8182.4
1024,1188,3885.0
1024,1189,3589.5
1024,1190,3497.4
1024,1191,3248.5
1024,1192,3222.5
1024,1193,3644.0
1024,1194,3238.8
1024,1195,3243.7
1024,1196,2698.6
1024,1197,2756.1
1024,1198,2529.6
1024,1199,2635.6
1024,1200,2563.0
1024,1201,2595.7
1024,1202,2645.9
1024,1203,4015.2
1024,1204,7699.2
1024,1205,3568.9
1024,1206,4992.7
1024,1207,10913.7
1024,1208,4415.5
1024,1209,10807.2
1024,1210,3444.7
1024,1211,3554.9
1024,1212,3639.7
1024,1213,3666.4
1024,1214,3545.3
1024,1215,3469.0
1024,1216,3441.1
1024,1217,4238.7
1024,1218,3602.8
1024,1219,2791.3
1024,1220,2766.4
1024,1221,2810.6
1024,1222,2621.7
1024,1223,2711.9
1024,1224,2586.6
1024,1225,2584.1
1024,1226,2632.6
1024,1227,3729.4
1024,1228,7512.0
1024,1229,5228.3
1024,1230,5029.0
1024,1231,8287.2
1024,1232,3860.2
1024,1233,3573.7
1024,1234,3326.6
1024,1235,3255.2
1024,1236,3548.3
1024,1237,3601.0
1024,1238,2523.0
1024,1239,2595.1
1024,1240,2606.0
1024,1241,3571.9
1024,1242,3591.9
1024,1243,3679.7
1024,1244,3575.5
1024,1245,3524.1
1024,1246,3155.8
1024,1247,3501.0
1024,1248,3193.4
1024,1249,4191.4
1024,1250,4298.0
1024,1251,3355.1
1024,1252,2733.7
1024,1253,2662.9
1024,1254,2656.8
1024,1255,2650.2
1024,1256,2544.2
1024,1257,2555.1
1024,1258,2532.1
1024,1259,3288.5
1024,1260,3343.6
1024,1261,3651.8
1024,1262,3413.2
1024,1263,3656.1
1024,1264,3563.4
1024,1265,3473.8
1024,1266,3440.5
1024,1267,4467.6
1024,1268,3668.2
1024,1269,3665.8
1024,1270,3626.4
1024,1271,2672.0
1024,1272,2566.0
1024,1273,2573.9
1024,1274,2598.7
1024,1275,2551.4
1024,1276,2541.2
1024,1277,2548.4
1024,1278,2506.0
1024,1279,3218.8
1024,1280,3393.9
1024,1281,3433.8
1024,1282,3647.6
1024,1283,3692.4
1024,1284,3542.8
1024,1285,3523.5
1024,1286,3545.3
1024,1287,3556.2
1024,1288,4232.6
1024,1289,3647.0
1024,1290,3667.0
1024,1291,2609.6
1024,1292,2691.9
1024,1293,2614.4
1024,1294,2480.6
1024,1295,2526.0
1024,1296,2496.3
1024,1297,2493.3
1024,1298,2538.7
1024,1299,3234.0
1024,1300,3574.9
1024,1301,3423.5
1024,1302,3584.0
1024,1303,3585.8
1024,1304,3602.2
1024,1305,3627.6
1024,1306,4569.3
1024,1307,3687.6
1024,1308,3376.3
1024,1309,3678.5
1024,1310,3682.7
1024,1311,2639.9
1024,1312,2615.0
1024,1313,2508.4
1024,1314,2530.9
1024,1315,2507.2
1024,1316,2486.6
1024,1317,2628.4
1024,1318,2534.5
1024,1319,3482.9
1024,1320,3341.8
1024,1321,3587.7
1024,1322,3400.5
1024,1323,3614.9
1024,1324,3599.8
1024,1325,3644.0
1024,1326,4490.6
1024,1327,3292.7
1024,1328,3655.5
1024,1329,3600.4
1024,1330,3302.4
1024,1331,2641.7
1024,1332,2771.9
1024,1333,2613.8
1024,1334,2500.0
1024,1335,2499.4
1024,1336,2568.4
1024,1337,2500.0
1024,1338,2523.0
1024,1339,3280.0
1024,1340,3525.9
1024,1341,3384.8
1024,1342,3255.2
1024,1343,3478.0
1024,1344,3533.1
1024,1345,3606.4
1024,1346,3490.8
1024,1347,4470.6
1024,1348,3661.5
1024,1349,3615.5
1024,1350,3677.9
1024,1351,2592.6
1024,1352,2580.5
1024,1353,2638.0
1024,1354,2568.4
1024,1355,2521.8
1024,1356,2507.2
1024,1357,3349.0
1024,1358,3566.5
1024,1359,3243.1
1024,1360,3344.8
1024,1361,3485.9
1024,1362,3703.9
1024,1363,3589.5
1024,1364,3488.9
1024,1365,4209.6
1024,1366,4181.2
1024,1367,2653.8
1024,1368,2710.1
1024,1369,2656.2
1024,1370,2650.8
1024,1371,2533.3
1024,1372,2590.2
1024,1373,2691.9
1024,1374,3295.1
1024,1375,3387.8
1024,1376,3562.2
1024,1377,3439.9
1024,1378,3569.5
1024,1379,3579.2
1024,1380,3515.6
1024,1381,3560.4
1024,1382,4473.7
1024,1383,3196.4
1024,1384,3628.2
1024,1385,2653.2
1024,1386,2720.4
1024,1387,2534.5
1024,1388,2497.5
1024,1389,2649.6
1024,1390,2513.9
1024,1391,2539.9
1024,1392,2533.3
1024,1393,3231.5
1024,1394,3443.5
1024,1395,3570.7
1024,1396,4211.4
1024,1397,3593.1
1024,1398,3351.5
1024,1399,4509.4
1024,1400,3254.0
1024,1401,3631.9
1024,1402,2609.6
1024,1403,2552.7
1024,1404,2471.5
1024,1405,2566.0
1024,1406,2502.4
1024,1407,2550.8
1024,1408,2513.9
1024,1409,2564.8
1024,1410,3488.3
1024,1411,3378.7
1024,1412,3594.3
1024,1413,3378.1
1024,1414,4441.0
1024,1415,3662.1
1024,1416,3634.3
1024,1417,2528.4
1024,1418,2535.1
1024,1419,2489.1
1024,1420,2573.2
1024,1421,2541.8
1024,1422,2508.4
1024,1423,2484.8
1024,1424,2544.8
1024,1425,3221.9
1024,1426,3422.3
1024,1427,3396.9
1024,1428,3337.5
1024,1429,3694.8
1024,1430,3600.4
1024,1431,3453.8
1024,1432,4201.1
1024,1433,3292.1
1024,1434,3397.5
1024,1435,3347.8
1024,1436,2685.3
1024,1437,2546.0
1024,1438,2463.0
1024,1439,2541.2
1024,1440,2485.4
1024,1441,2466.7
1024,1442,2487.3
1024,1443,2524.8
1024,1444,3197.0
1024,1445,3725.7
1024,1446,3372.1
1024,1447,3390.8
1024,1448,3616.7
1024,1449,3554.9
1024,1450,3585.2
1024,1451,4508.8
1024,1452,3290.9
1024,1453,3360.5
1024,1454,3597.3
1024,1455,2630.2
1024,1456,2589.6
1024,1457,2571.4
1024,1458,2504.8
1024,1459,2561.7
1024,1460,2513.3
1024,1461,2567.8
1024,1462,2572.0
1024,1463,3243.1
1024,1464,3422.3
1024,1465,3346.0
1024,1466,3372.7
1024,1467,3571.9
1024,1468,3607.6
1024,1469,3651.8
1024,1470,3487.7
1024,1471,4181.2
1024,1472,4226.0
1024,1473,3346.0
1024,1474,3671.8
1024,1475,3643.4
1024,1476,2683.5
1024,1477,2578.7
1024,1478,2461.8
1024,1479,2577.5
1024,1480,2573.9
1024,1481,2653.2
1024,1482,2576.9
1024,1483,2516.9
1024,1484,3161.9
1024,1485,3611.3
1024,1486,3325.4
1024,1487,3307.9
1024,1488,3584.6
1024,1489,3501.7
1024,1490,3485.3
1024,1491,3579.8
1024,1492,4181.2
1024,1493,4227.2
1024,1494,4203.6
1024,1495,4492.4
1024,1496,3616.7
1024,1497,3330.3
1024,1498,2710.1
1024,1499,2596.9
1024,1500,2498.2
1024,1501,2559.9
1024,1502,2513.3
1024,1503,2563.0
1024,1504,2680.4
1024,1505,2516.9
1024,1506,3191.0
1024,1507,3556.2
1024,1508,3644.0
1024,1509,3622.2
1024,1510,4644.4
1024,1511,3780.8
1024,1512,3510.1
1024,1513,3366.6
1024,1514,2790.7
1024,1515,3605.8
1024,1516,2767.7
1024,1517,2661.1
1024,1518,2672.0
1024,1519,2650.8
1024,1520,2701.0
1024,1521,2646.5
1024,1522,2625.3
1024,1523,2686.5
1024,1524,4055.2
1024,1525,3660.9
1024,1526,3636.7
1024,1527,3642.2
1024,1528,4665.0
1024,1529,3407.2
1024,1530,3762.7
1024,1531,2681.0
1024,1532,2616.2
1024,1533,2767.7
1024,1534,2629.6
1024,1535,2709.5
1024,1536,2676.8
1024,1537,2737.4
1024,1538,2705.3
1024,1539,3604.6
1024,1540,4092.7
1024,1541,4229.6
1024,1542,4063.7
1024,1543,4680.8
1024,1544,3394.5
1024,1545,3819.6
1024,1546,2667.7
1024,1547,2687.1
1024,1548,2703.5
1024,1549,2738.6
1024,1550,2768.3
1024,1551,2722.2
1024,1552,2742.8
1024,1553,2653.8
1024,1554,3591.9
1024,1555,3776.6
1024,1556,3786.9
1024,1557,4784.9
1024,1558,3452.0
1024,1559,3372.7
1024,1560,2675.0
1024,1561,2696.8
1024,1562,2698.0
1024,1563,2774.9
1024,1564,2672.6
1024,1565,2755.5
1024,1566,2647.1
1024,1567,2641.1
1024,1568,3657.9
1024,1569,4355.6
1024,1570,4665.6
1024,1571,3269.1
1024,1572,3628.8
1024,1573,2595.1
1024,1574,2552.1
1024,1575,2500.0
1024,1576,2512.7
1024,1577,2583.5
1024,1578,2523.6
1024,1579,2516.9
1024,1580,2649.6
1024,1581,3241.8
1024,1582,3376.9
1024,1583,3395.1
1024,1584,3558.0
1024,1585,3548.9
1024,1586,3538.6
1024,1587,3552.5
1024,1588,3439.3
1024,1589,4259.9
1024,1590,3634.9
1024,1591,3333.9
1024,1592,3302.4
1024,1593,2658.6
1024,1594,2646.5
1024,1595,2633.8
1024,1596,2529.0
1024,1597,2546.6
1024,1598,2473.9
1024,1599,2512.7
1024,1600,2544.8
1024,1601,3516.8
1024,1602,3383.6
1024,1603,4184.8
1024,1604,4175.7
1024,1605,4475.5
1024,1606,3650.6
1024,1607,3593.7
1024,1608,2495.7
1024,1609,2498.2
1024,1610,2504.8
1024,1611,2522.4
1024,1612,2498.2
1024,1613,2578.1
1024,1614,2474.5
1024,1615,2537.5
1024,1616,3206.1
1024,1617,3574.3
1024,1618,3350.9
1024,1619,3413.8
1024,1620,3584.0
1024,1621,3634.3
1024,1622,3486.5
1024,1623,3513.2
1024,1624,4439.1
1024,1625,3393.9
1024,1626,3627.6
1024,1627,3330.9
1024,1628,3353.9
1024,1629,2719.8
1024,1630,2564.2
1024,1631,2601.1
1024,1632,2489.1
1024,1633,2484.8
1024,1634,3270.3
1024,1635,3295.7
1024,1636,3562.8
1024,1637,3424.7
1024,1638,3179.5
1024,1639,3617.3
1024,1640,3337.5
1024,1641,3586.4
1024,1642,4507.0
1024,1643,4220.5
1024,1644,3374.5
1024,1645,2703.5
1024,1646,2625.9
1024,1647,2604.7
1024,1648,2481.2
1024,1649,2563.0
1024,1650,2630.8
1024,1651,2578.7
1024,1652,3474.4
1024,1653,3353.9
1024,1654,3353.9
1024,1655,3631.3
1024,1656,3576.1
1024,1657,3612.5
1024,1658,3566.5
1024,1659,3536.2
1024,1660,4534.2
1024,1661,3654.9
1024,1662,3302.4
1024,1663,3674.3
1024,1664,2625.3
1024,1665,2533.3
1024,1666,2499.4
1024,1667,2466.7
1024,1668,2490.3
1024,1669,2576.9
1024,1670,3630.0
1024,1671,3528.3
1024,1672,3524.7
1024,1673,3234.6
1024,1674,3577.4
1024,1675,3169.8
1024,1676,3535.6
1024,1677,3264.9
1024,1678,4443.4
1024,1679,3951.6
1024,1680,2731.9
1024,1681,2603.5
1024,1682,2556.3
1024,1683,2582.3
1024,1684,2570.8
1024,1685,2664.7
1024,1686,2452.7
1024,1687,3197.0
1024,1688,3338.1
1024,1689,3505.3
1024,1690,4027.3
1024,1691,4195.1
1024,1692,4163.0
1024,1693,3826.3
1024,1694,4442.8
1024,1695,5712.1
1024,1696,8318.1
1024,1697,3479.2
1024,1698,3592.5
1024,1699,3364.8
1024,1700,3491.4
1024,1701,3261.2
1024,1702,2715.6
1024,1703,2649.6
1024,1704,2711.9
1024,1705,2652.6
1024,1706,2830.0
1024,1707,2697.4
1024,1708,2695.0
1024,1709,2706.5
1024,1710,4546.3
1024,1711,9093.9
1024,1712,5336.7
1024,1713,7968.7
1024,1714,5340.9
1024,1715,8061.9
1024,1716,5049.0
1024,1717,9374.9
1024,1718,6061.0
1024,1719,8677.8
1024,1720,3739.1
1024,1721,3681.5
1024,1722,3485.3
1024,1723,3684.5
1024,1724,3247.3
1024,1725,3620.4
1024,1726,3617.9
1024,1727,2946.9
1024,1728,2854.9
1024,1729,2798.5
1024,1730,2753.1
1024,1731,2682.3
1024,1732,2747.1
1024,1733,2774.3
1024,1734,3906.2
1024,1735,7623.5
1024,1736,5136.2
1024,1737,5680.0
1024,1738,7764.6
1024,1739,3456.2
1024,1740,3384.8
1024,1741,3647.6
1024,1742,3746.3
1024,1743,3348.4
1024,1744,2751.3
1024,1745,2729.5
1024,1746,2747.1
1024,1747,2666.5
1024,1748,2703.5
1024,1749,2785.8
1024,1750,2675.0
1024,1751,2654.4
1024,1752,4616.6
1024,1753,9000.0
1024,1754,5311.2
1024,1755,8096.4
1024,1756,5227.6
1024,1757,8334.4
1024,1758,4975.7
1024,1759,10663.6
1024,1760,4821.9
1024,1761,8265.4
1024,1762,5159.8
1024,1763,10698.2
1024,1764,3748.1
1024,1765,3557.4
1024,1766,3656.1
1024,1767,3619.1
1024,1768,3653.7
1024,1769,4689.3
1024,1770,4753.5
1024,1771,4344.7
1024,1772,3559.8
1024,1773,2804.6
1024,1774,2725.3
1024,1775,2786.4
1024,1776,2762.8
1024,1777,2711.9
1024,1778,3700.3
1024,1779,2708.3
1024,1780,2732.5
1024,1781,2853.6
1024,1782,2667.1
1024,1783,2691.3
1024,1784,2716.2
1024,1785,2666.5
1024,1786,2752.5
1024,1787,3684.5
1024,1788,4350.1
1024,1789,4387.1
1024,1790,4388.9
1024,1791,4729.2
1024,1792,3656.1
1024,1793,3290.9
1024,1794,2613.8
1024,1795,2675.0
1024,1796,2636.2
1024,1797,2652.6
1024,1798,2542.4
1024,1799,2572.0
1024,1800,2638.7
1024,1801,2609.6
1024,1802,3565.8
1024,1803,3421.1
1024,1804,3587.0
1024,1805,3362.4
1024,1806,3510.1
1024,1807,3606.4
1024,1808,3489.5
1024,1809,3606.4
1024,1810,4236.3
1024,1811,4531.8
1024,1812,3667.6
1024,1813,3415.7
1024,1814,3298.8
1024,1815,2655.0
1024,1816,2595.1
1024,1817,2532.7
1024,1818,2601.1
1024,1819,2559.9
1024,1820,2467.9
1024,1821,2611.4
1024,1822,2598.7
1024,1823,3288.5
1024,1824,3555.6
1024,1825,3579.8
1024,1826,3402.9
1024,1827,3556.8
1024,1828,3616.1
1024,1829,3684.5
1024,1830,4433.7
1024,1831,3272.1
1024,1832,3373.3
1024,1833,3645.8
1024,1834,2612.6
1024,1835,2525.4
1024,1836,2501.2
1024,1837,2585.4
1024,1838,2490.9
1024,1839,2653.2
1024,1840,2536.9
1024,1841,2499.4
1024,1842,3558.6
1024,1843,3582.8
1024,1844,3589.5
1024,1845,3441.1
1024,1846,3554.9
1024,1847,3582.8
1024,1848,3594.9
1024,1849,3568.3
1024,1850,4252.0
1024,1851,4462.8
1024,1852,3316.9
1024,1853,3682.7
1024,1854,3384.8
1024,1855,2721.6
1024,1856,2695.0
1024,1857,2563.6
1024,1858,2666.5
1024,1859,2607.2
1024,1860,2552.1
1024,1861,2600.5
1024,1862,2520.6
1024,1863,3409.6
1024,1864,3502.3
1024,1865,3327.8
1024,1866,3695.4
1024,1867,3524.7
1024,1868,3639.1
1024,1869,4204.2
1024,1870,4221.1
1024,1871,3214.6
1024,1872,3622.2
1024,1873,2682.9
1024,1874,2623.5
1024,1875,2509.1
1024,1876,2554.5
1024,1877,2635.6
1024,1878,2459.4
1024,1879,2518.1
1024,1880,2514.5
1024,1881,3164.9
1024,1882,3617.3
1024,1883,3651.2
1024,1884,3382.3
1024,1885,4251.4
1024,1886,3624.6
1024,1887,3378.1
1024,1888,3214.0
1024,1889,3336.9
1024,1890,2639.9
1024,1891,2515.1
1024,1892,2702.8
1024,1893,2692.6
1024,1894,2505.4
1024,1895,2521.2
1024,1896,2529.6
1024,1897,2579.9
1024,1898,3561.6
1024,1899,3621.6
1024,1900,3548.9
1024,1901,3632.5
1024,1902,3560.4
1024,1903,3581.6
1024,1904,3617.9
1024,1905,4164.2
1024,1906,4178.7
1024,1907,4494.3
1024,1908,3344.2
1024,1909,3390.2
1024,1910,3321.8
1024,1911,2692.6
1024,1912,2592.6
1024,1913,2537.5
1024,1914,2512.7
1024,1915,2561.1
1024,1916,2518.1
1024,1917,2546.6
1024,1918,2528.4
1024,1919,3530.7
1024,1920,3358.1
1024,1921,3353.9
1024,1922,3593.7
1024,1923,3585.2
1024,1924,3567.7
1024,1925,3632.5
1024,1926,4192.7
1024,1927,3282.4
1024,1928,3355.7
1024,1929,3616.7
1024,1930,2672.0
1024,1931,2655.6
1024,1932,2605.3
1024,1933,2556.9
1024,1934,2452.1
1024,1935,2575.7
1024,1936,2653.2
1024,1937,2533.9
1024,1938,3284.8
1024,1939,3395.1
1024,1940,3396.3
1024,1941,4235.1
1024,1942,4139.4
1024,1943,3572.5
1024,1944,5959.2
1024,1945,4661.4
1024,1946,5022.3
1024,1947,4591.2
1024,1948,4207.8
1024,1949,4193.9
1024,1950,5896.9
1024,1951,8356.9
1024,1952,3424.1
1024,1953,3621.6
1024,1954,3624.0
1024,1955,3263.0
1024,1956,3582.2
1024,1957,2756.1
1024,1958,2661.1
1024,1959,2660.5
1024,1960,2686.5
1024,1961,2579.3
1024,1962,2621.7
1024,1963,2568.4
1024,1964,2500.0
1024,1965,4069.1
1024,1966,7664.6
1024,1967,3533.1
1024,1968,5056.9
1024,1969,8749.9
1024,1970,3876.5
1024,1971,3244.9
1024,1972,3542.8
1024,1973,3356.3
1024,1974,3503.5
1024,1975,4542.7
1024,1976,3424.7
1024,1977,2763.4
1024,1978,2616.9
1024,1979,2586.0
1024,1980,2579.3
1024,1981,2616.9
1024,1982,2596.3
1024,1983,2558.7
1024,1984,4068.5
1024,1985,7494.5
1024,1986,4956.9
1024,1987,4959.4
1024,1988,8619.7
1024,1989,4878.8
1024,1990,11565.4
1024,1991,3746.3
1024,1992,3542.8
1024,1993,3308.5
1024,1994,3547.7
1024,1995,3599.2
1024,1996,4525.1
1024,1997,4521.5
1024,1998,4449.4
1024,1999,4149.7
4096,0,5236.7
4096,1,5284.0
4096,2,5481.4
4096,3,5380.9
4096,4,5874.4
4096,5,5747.3
4096,6,5203.4
4096,7,5733.3
4096,8,5191.3
4096,9,5833.3
4096,10,6153.6
4096,11,5712.1
4096,12,5932.0
4096,13,5353.0
4096,14,5598.9
4096,15,5735.2
4096,16,5654.0
4096,17,5722.4
4096,18,6020.4
4096,19,5474.7
4096,20,5729.1
4096,21,5324.5
4096,22,5775.1
4096,23,5532.9
4096,24,5382.1
4096,25,5675.2
4096,26,5713.4
4096,27,5528.6
4096,28,6066.4
4096,29,5801.8
4096,30,5707.9
4096,31,5611.6
4096,32,5347.6
4096,33,5553.5
4096,34,5570.4
4096,35,5898.1
4096,36,5386.9
4096,37,5588.6
4096,38,5500.2
4096,39,6012.5
4096,40,5643.1
4096,41,5422.1
4096,42,5708.5
4096,43,5903.5
4096,44,5471.1
4096,45,6071.9
4096,46,5743.0
4096,47,5697.6
4096,48,5976.8
4096,49,5952.6
4096,50,5393.6
4096,51,6259.0
4096,52,5784.2
4096,53,5452.9
4096,54,5719.4
4096,55,5959.2
4096,56,5599.5
4096,57,5159.2
4096,58,5178.0
4096,59,5459.0
4096,60,5552.3
4096,61,5453.5
4096,62,5227.0
4096,63,6085.8
4096,64,5218.0
4096,65,6481.9
4096,66,5413.6
4096,67,5307.6
4096,68,5511.7
4096,69,5515.3
4096,70,5259.1
4096,71,5229.5
4096,72,5159.8
4096,73,5589.2
4096,74,5896.9
4096,75,5268.8
4096,76,5377.8
4096,77,5297.3
4096,78,6026.5
4096,79,5173.8
4096,80,5327.6
4096,81,5488.7
4096,82,5394.2
4096,83,5485.0
4096,84,5512.9
4096,85,5472.9
4096,86,5495.3
4096,87,5479.0
4096,88,5465.7
4096,89,5233.7
4096,90,5463.8
4096,91,5230.1
4096,92,5143.5
4096,93,5176.8
4096,94,5842.3
4096,95,5316.7
4096,96,5237.9
4096,97,5347.0
4096,98,5991.9
4096,99,5631.0
4096,100,5185.3
4096,101,5486.9
4096,102,5193.1
4096,103,5399.6
4096,104,5431.1
4096,105,5955.6
4096,106,5167.7
4096,107,5285.8
4096,108,6167.0
4096,109,5320.9
4096,110,5535.9
4096,111,5408.7
4096,112,5475.3
4096,113,5208.3
4096,114,5388.7
4096,115,5150.7
4096,116,5487.5
4096,117,5136.2
4096,118,5564.4
4096,119,5196.8
4096,120,5492.9
4096,121,5257.9
4096,122,5254.9
4096,123,5219.2
4096,124,5498.4
4096,125,5167.7
4096,126,5261.6
4096,127,5637.6
4096,128,5287.6
4096,129,5652.2
4096,130,5184.7
4096,131,5486.2
4096,132,5190.1
4096,133,5469.9
4096,134,5526.8
4096,135,5247.0
4096,136,5585.6
4096,137,5371.2
4096,138,5595.3
4096,139,5580.7
4096,140,5199.8
4096,141,6070.7
4096,142,5222.2
4096,143,5388.7
4096,144,5235.5
4096,145,5440.8
4096,146,5204.0
4096,147,5230.7
4096,148,5201.6
4096,149,5209.5
4096,150,5230.7
4096,151,5766.0
4096,152,5517.7
4096,153,5291.2
4096,154,5147.7
4096,155,5436.6
4096,156,5721.8
4096,157,5627.4
4096,158,6363.8
4096,159,5188.9
4096,160,5284.0
4096,161,5203.4
4096,162,5822.4
4096,163,5159.2
4096,164,5471.1
4096,165,6099.1
4096,166,5219.8
4096,167,5213.7
4096,168,5382.7
4096,169,5628.6
4096,170,5115.0
4096,171,6057.3
4096,172,5611.0
4096,173,5764.2
4096,174,5239.2
4096,175,5156.2
4096,176,5743.0
4096,177,5579.5
4096,178,5164.7
4096,179,5919.3
4096,180,5193.7
4096,181,5253.1
4096,182,5537.7
4096,183,5535.9
4096,184,5193.7
4096,185,5214.3
4096,186,5145.3
4096,187,5218.6
4096,188,5557.7
4096,189,5666.1
4096,190,5194.9
4096,191,5170.1
4096,192,5517.1
4096,193,5574.7
4096,194,5616.5
4096,195,5187.7
4096,196,5417.8
4096,197,5564.4
4096,198,5288.8
4096,199,5205.8
4096,200,5208.3
4096,201,5333.0
4096,202,5144.1
4096,203,5707.3
4096,204,5327.0
4096,205,5162.8
4096,206,5769.1
4096,207,6198.4
4096,208,5148.3
4096,209,5696.4
4096,210,6021.0
4096,211,5403.9
4096,212,5700.6
4096,213,5205.2
4096,214,5150.1
4096,215,5772.7
4096,216,5406.3
4096,217,5187.1
4096,218,5297.9
4096,219,5709.7
4096,220,5590.4
4096,221,5954.4
4096,222,5465.7
4096,223,5288.2
4096,224,5175.6
4096,225,5318.5
4096,226,5261.0
4096,227,5150.1
4096,228,5387.5
4096,229,5417.2
4096,230,5953.2
4096,231,5173.1
4096,232,5655.2
4096,233,5891.4
4096,234,5177.4
4096,235,5286.4
4096,236,5562.6
4096,237,5860.5
4096,238,5405.7
4096,239,5846.0
4096,240,5452.9
4096,241,6354.1
4096,242,5208.3
4096,243,5222.2
4096,244,5182.8
4096,245,5412.4
4096,246,5339.7
4096,247,5147.7
4096,248,5451.7
4096,249,5227.0
4096,250,5380.9
4096,251,5948.9
4096,252,5869.0
4096,253,5401.5
4096,254,5350.0
4096,255,5125.9
4096,256,5198.6
4096,257,5279.1
4096,258,5277.9
4096,259,5423.3
4096,260,5903.5
4096,261,5492.9
4096,262,6012.5
4096,263,5390.0
4096,264,5928.3
4096,265,5549.2
4096,266,5178.0
4096,267,5213.7
4096,268,5268.8
4096,269,5344.5
4096,270,5219.2
4096,271,5787.2
4096,272,5167.7
4096,273,5433.6
4096,274,5446.3
4096,275,5221.0
4096,276,5600.7
4096,277,5118.6
4096,278,5278.5
4096,279,5781.2
4096,280,5205.8
4096,281,5259.7
4096,282,5187.1
4096,283,5365.7
4096,284,7419.4
4096,285,4661.4
4096,286,5595.3
4096,287,6111.8
4096,288,6304.4
4096,289,5380.9
4096,290,5465.7
4096,291,5849.0
4096,292,5202.8
4096,293,5473.5
4096,294,5293.7
4096,295,5813.3
4096,296,5525.6
4096,297,5282.8
4096,298,5222.2
4096,299,5433.0
4096,300,5476.0
4096,301,5428.1
4096,302,5984.1
4096,303,5798.1
4096,304,5402.7
4096,305,5203.4
4096,306,5373.0
4096,307,5948.9
4096,308,5385.7
4096,309,5697.6
4096,310,5918.0
4096,311,5569.8
4096,312,5368.2
4096,313,5701.2
4096,314,5869.0
4096,315,5897.5
4096,316,5775.1
4096,317,5417.8
4096,318,6137.9
4096,319,5719.4
4096,320,5628.6
4096,321,5448.1
4096,322,5739.4
4096,323,5545.0
4096,324,5675.8
4096,325,5585.6
4096,326,5877.5
4096,327,5827.2
4096,328,5767.3
4096,329,5915.0
4096,330,5758.2
4096,331,5912.0
4096,332,6118.5
4096,333,6119.7
4096,334,5692.8
4096,335,5649.8
4096,336,5653.4
4096,337,6123.4
4096,338,5664.3
4096,339,5998.6
4096,340,5704.3
4096,341,5806.6
4096,342,6002.2
4096,343,5720.0
4096,344,5782.4
4096,345,5704.3
4096,346,5594.7
4096,347,5695.2
4096,348,5779.4
4096,349,6098.5
4096,350,5685.5
4096,351,5642.5
4096,352,5709.1
4096,353,5721.2
4096,354,5466.9
4096,355,5921.7
4096,356,5402.7
4096,357,5412.4
4096,358,5548.0
4096,359,5483.8
4096,360,5607.4
4096,361,5454.1
4096,362,5415.4
4096,363,5457.2
4096,364,5766.0
4096,365,6131.8
4096,366,5832.7
4096,367,5378.4
4096,368,5818.1
4096,369,5443.2
4096,370,5497.8
4096,371,5470.5
4096,372,5153.8
4096,373,5417.8
4096,374,5493.5
4096,375,5566.8
4096,376,5342.1
4096,377,5222.2
4096,378,5179.8
4096,379,5569.8
4096,380,5270.6
4096,381,5273.1
4096,382,5274.9
4096,383,5314.9
4096,384,5948.9
4096,385,5561.9
4096,386,5480.2
4096,387,5184.7
4096,388,5233.1
4096,389,5405.1
4096,390,5581.9
4096,391,5253.1
4096,392,5278.5
4096,393,5503.8
4096,394,5129.5
4096,395,5621.3
4096,396,5414.8
4096,397,5520.2
4096,398,5376.0
4096,399,5770.3
4096,400,5457.8
4096,401,5506.2
4096,402,5270.0
4096,403,5211.3
4096,404,5328.2
4096,405,5207.7
4096,406,5692.2
4096,407,5142.9
4096,408,5237.3
4096,409,5820.5
4096,410,5202.2
4096,411,5201.0
4096,412,5134.4
4096,413,5542.0
4096,414,5491.7
4096,415,5485.6
4096,416,5268.2
4096,417,5445.1
4096,418,5472.9
4096,419,5514.7
4096,420,5375.4
4096,421,5202.2
4096,422,5375.4
4096,423,5875.7
4096,424,5545.6
4096,425,5271.3
4096,426,5193.1
4096,427,5557.1
4096,428,5912.0
4096,429,5254.9
4096,430,5336.7
4096,431,5187.7
4096,432,5175.6
4096,433,5572.2
4096,434,5773.9
4096,435,5737.6
4096,436,5748.5
4096,437,5186.5
4096,438,6140.9
4096,439,5496.5
4096,440,5387.5
4096,441,5372.4
4096,442,5257.9
4096,443,5463.2
4096,444,5219.8
4096,445,5663.7
4096,446,6363.8
4096,447,5543.2
4096,448,5471.1
4096,449,5392.4
4096,450,5227.0
4096,451,5483.2
4096,452,5449.9
4096,453,5526.2
4096,454,5785.4
4096,455,7260.1
4096,456,5172.5
4096,457,6102.8
4096,458,5190.7
4096,459,5207.7
4096,460,5760.6
4096,461,5607.4
4096,462,5890.2
4096,463,5191.3
4096,464,5909.6
4096,465,5786.0
4096,466,5442.6
4096,467,5325.2
4096,468,5248.8
4096,469,5500.8
4096,470,5290.6
4096,471,5259.1
4096,472,5116.8
4096,473,5265.2
4096,474,5253.1
4096,475,5184.0
4096,476,5342.7
4096,477,5248.2
4096,478,5904.1
4096,479,5178.6
4096,480,5179.2
4096,481,5449.9
4096,482,5806.0
4096,483,5933.8
4096,484,5167.1
4096,485,5489.3
4096,486,5274.9
4096,487,5968.9
4096,488,5511.7
4096,489,5274.9
4096,490,5150.1
4096,491,5174.4
4096,492,5217.4
4096,493,5477.2
4096,494,5270.6
4096,495,5317.9
4096,496,5251.9
4096,497,5632.2
4096,498,5428.7
4096,499,5250.7
4096,500,5664.9
4096,501,5815.1
4096,502,5829.0
4096,503,5183.4
4096,504,5509.3
4096,505,5887.2
4096,506,5227.0
4096,507,5503.2
4096,508,5488.7
4096,509,5150.1
4096,510,5178.0
4096,511,5509.9
4096,512,5199.8
4096,513,5231.3
4096,514,5210.1
4096,515,5183.4
4096,516,5477.2
4096,517,5582.5
4096,518,5267.6
4096,519,5291.8
4096,520,5421.4
4096,521,5489.9
4096,522,5256.7
4096,523,5185.9
4096,524,5435.4
4096,525,5512.3
4096,526,5201.6
4096,527,5273.7
4096,528,5221.0
4096,529,5406.3
4096,530,5730.3
4096,531,5193.1
4096,532,5279.1
4096,533,5191.9
4096,534,5568.6
4096,535,5469.9
4096,536,5827.2
4096,537,5401.5
4096,538,5202.2
4096,539,5233.7
4096,540,5217.4
4096,541,5899.9
4096,542,5748.5
4096,543,5185.9
4096,544,5202.2
4096,545,5236.7
4096,546,5358.5
4096,547,5480.2
4096,548,5222.2
4096,549,5442.0
4096,550,5447.5
4096,551,5465.0
4096,552,6081.6
4096,553,5429.9
4096,554,5331.8
4096,555,5246.4
4096,556,5366.9
4096,557,5474.1
4096,558,5196.2
4096,559,5423.3
4096,560,6120.3
4096,561,5714.0
4096,562,5365.1
4096,563,5218.0
4096,564,5199.2
4096,565,5872.6
4096,566,5206.5
4096,567,5426.3
4096,568,5589.8
4096,569,5456.0
4096,570,5290.0
4096,571,5235.5
4096,572,5697.0
4096,573,5326.4
4096,574,5195.6
4096,575,5462.6
4096,576,5426.9
4096,577,5345.1
4096,578,5848.4
4096,579,6080.4
4096,580,6103.4
4096,581,5354.8
4096,582,5569.2
4096,583,6265.7
4096,584,5488.7
4096,585,5638.9
4096,586,5809.0
4096,587,5191.9
4096,588,5306.4
4096,589,5489.3
4096,590,5241.0
4096,591,5319.7
4096,592,5162.2
4096,593,5262.2
4096,594,5504.4
4096,595,5484.4
4096,596,5758.2
4096,597,5274.3
4096,598,5288.8
4096,599,5434.2
4096,600,5171.3
4096,601,5265.2
4096,602,5800.6
4096,603,5182.2
4096,604,5259.7
4096,605,5446.3
4096,606,5258.5
4096,607,5428.1
4096,608,5367.5
4096,609,5628.6
4096,610,5529.9
4096,611,5155.0
4096,612,5718.8
4096,613,5246.4
4096,614,5205.8
4096,615,5200.4
4096,616,5257.3
4096,617,5349.4
4096,618,5340.3
4096,619,5923.5
4096,620,5391.2
4096,621,5888.4
4096,622,5442.0
4096,623,5647.9
4096,624,6004.7
4096,625,6304.4
4096,626,5621.3
4096,627,5784.8
4096,628,5548.6
4096,629,5757.6
4096,630,6977.3
4096,631,5870.8
4096,632,5413.0
4096,633,5785.4
4096,634,5922.3
4096,635,6051.3
4096,636,5814.5
4096,637,5434.8
4096,638,5470.5
4096,639,5422.7
4096,640,6131.2
4096,641,5798.7
4096,642,5723.0
4096,643,5453.5
4096,644,5457.8
4096,645,5500.8
4096,646,5491.1
4096,647,5771.5
4096,648,5510.5
4096,649,5475.3
4096,650,5457.2
4096,651,5454.1
4096,652,5788.4
4096,653,5465.0
4096,654,5416.0
4096,655,5761.2
4096,656,5601.3
4096,657,5959.2
4096,658,5480.2
4096,659,5635.8
4096,660,5509.9
4096,661,5515.3
4096,662,5523.8
4096,663,5246.4
4096,664,5156.8
4096,665,5234.9
4096,666,5110.2
4096,667,5535.9
4096,668,5182.2
4096,669,5371.8
4096,670,5271.3
4096,671,5228.9
4096,672,5471.7
4096,673,5945.3
4096,674,5182.2
4096,675,5442.6
4096,676,5591.0
4096,677,5135.6
4096,678,5195.6
4096,679,5197.4
4096,680,5325.2
4096,681,5439.0
4096,682,5182.8
4096,683,5480.8
4096,684,5483.2
4096,685,5465.0
4096,686,5529.9
4096,687,5238.6
4096,688,5136.2
4096,689,5327.0
4096,690,5585.0
4096,691,5492.9
4096,692,5371.8
4096,693,5527.4
4096,694,5606.2
4096,695,5532.3
4096,696,5352.4
4096,697,5280.3
4096,698,5763.0
4096,699,5900.5
4096,700,5733.9
4096,701,5747.3
4096,702,5228.9
4096,703,5193.7
4096,704,5412.4
4096,705,5546.8
4096,706,5803.0
4096,707,5280.9
4096,708,5514.1
4096,709,5225.8
4096,710,5158.0
4096,711,5800.6
4096,712,5424.5
4096,713,5317.3
4096,714,5233.7
4096,715,5561.9
4096,716,6195.4
4096,717,5219.8
4096,718,5429.9
4096,719,5730.9
4096,720,5913.8
4096,721,5529.2
4096,722,5203.4
4096,723,5201.0
4096,724,5273.1
4096,725,5512.3
4096,726,5230.1
4096,727,5458.4
4096,728,5224.6
4096,729,5256.1
4096,730,5934.4
4096,731,5269.4
4096,732,5251.9
4096,733,5211.3
4096,734,5383.3
4096,735,5760.6
4096,736,5184.7
4096,737,5312.4
4096,738,5133.2
4096,739,5187.7
4096,740,5199.8
4096,741,5399.0
4096,742,5383.3
4096,743,5520.8
4096,744,5773.3
4096,745,5466.9
4096,746,5148.9
4096,747,5549.8
4096,748,5609.8
4096,749,5752.7
4096,750,5411.8
4096,751,5328.8
4096,752,6067.0
4096,753,5448.1
4096,754,5170.7
4096,755,5466.3
4096,756,5211.3
4096,757,5219.8
4096,758,5606.2
4096,759,5479.6
4096,760,5931.4
4096,761,5204.6
4096,762,5539.5
4096,763,5304.0
4096,764,5288.2
4096,765,5473.5
4096,766,5294.9
4096,767,5213.1
4096,768,5476.0
4096,769,5404.5
4096,770,5135.6
4096,771,5237.3
4096,772,5362.1
4096,773,5499.6
4096,774,5661.9
4096,775,5786.6
4096,776,5310.6
4096,777,6341.4
4096,778,5729.1
4096,779,5646.7
4096,780,5740.0
4096,781,5726.1
4096,782,5459.0
4096,783,5490.5
4096,784,5772.7
4096,785,6105.8
4096,786,5437.8
4096,787,5504.4
4096,788,5679.4
4096,789,5418.4
4096,790,5579.5
4096,791,5660.7
4096,792,5411.2
4096,793,6209.3
4096,794,5757.6
4096,795,5489.9
4096,796,5824.8
4096,797,5662.5
4096,798,5511.7
4096,799,5692.2
4096,800,5431.7
4096,801,5551.7
4096,802,6823.4
4096,803,5751.5
4096,804,5436.0
4096,805,5462.6
4096,806,5524.4
4096,807,5609.2
4096,808,5420.2
4096,809,5278.5
4096,810,5178.0
4096,811,5981.0
4096,812,5224.0
4096,813,5168.3
4096,814,5261.0
4096,815,5168.9
4096,816,5625.5
4096,817,5311.8
4096,818,5340.9
4096,819,5268.2
4096,820,5250.1
4096,821,5488.1
4096,822,5939.9
4096,823,5287.6
4096,824,5249.5
4096,825,5583.1
4096,826,5253.7
4096,827,5858.7
4096,828,5546.2
4096,829,5144.7
4096,830,5219.2
4096,831,5491.7
4096,832,5584.4
4096,833,5287.0
4096,834,5468.7
4096,835,6162.7
4096,836,5189.5
4096,837,5472.3
4096,838,5953.2
4096,839,5413.0
4096,840,5280.3
4096,841,5456.0
4096,842,5403.3
4096,843,5782.4
4096,844,5526.2
4096,845,5772.7
4096,846,5757.0
4096,847,6053.7
4096,848,5441.4
4096,849,5338.5
4096,850,5818.1
4096,851,5165.9
4096,852,5473.5
4096,853,5308.2
4096,854,5591.6
4096,855,5296.1
4096,856,5160.4
4096,857,5735.8
4096,858,5182.8
4096,859,5168.3
4096,860,5364.5
4096,861,5116.2
4096,862,5234.9
4096,863,6158.5
4096,864,5558.9
4096,865,5237.3
4096,866,5743.0
4096,867,5210.7
4096,868,5237.3
4096,869,5428.7
4096,870,5337.9
4096,871,5506.2
4096,872,5156.2
4096,873,5531.1
4096,874,5398.4
4096,875,5457.2
4096,876,5247.0
4096,877,5426.9
4096,878,5763.6
4096,879,5183.4
4096,880,6008.3
4096,881,5456.6
4096,882,5182.8
4096,883,5179.2
4096,884,5548.6
4096,885,5915.6
4096,886,5727.3
4096,887,5208.9
4096,888,5144.1
4096,889,5405.1
4096,890,5184.0
4096,891,5365.1
4096,892,5968.3
4096,893,5523.2
4096,894,5271.3
4096,895,5174.4
4096,896,5708.5
4096,897,5201.0
4096,898,5182.8
4096,899,5222.8
4096,900,5376.0
4096,901,5286.4
4096,902,5295.5
4096,903,5189.5
4096,904,5115.0
4096,905,5505.0
4096,906,5388.7
4096,907,5744.8
4096,908,5228.9
4096,909,5203.4
4096,910,5245.2
4096,911,5344.5
4096,912,5376.6
4096,913,5759.4
4096,914,5554.7
4096,915,5268.8
4096,916,5215.5
4096,917,5428.7
4096,918,5522.0
4096,919,5170.7
4096,920,5203.4
4096,921,5631.6
4096,922,5189.5
4096,923,5191.3
4096,924,5681.9
4096,925,5504.4
4096,926,5477.8
4096,927,5326.4
4096,928,5153.8
4096,929,5542.6
4096,930,5601.3
4096,931,5518.9
4096,932,5174.4
4096,933,5316.1
4096,934,5472.9
4096,935,5194.3
4096,936,5589.8
4096,937,5622.5
4096,938,5199.2
4096,939,5600.1
4096,940,5260.4
4096,941,5988.3
4096,942,5695.2
4096,943,5366.3
4096,944,5327.6
4096,945,5261.6
4096,946,5392.4
4096,947,5610.4
4096,948,5996.2
4096,949,5167.1
4096,950,5770.9
4096,951,5738.8
4096,952,5225.8
4096,953,5282.2
4096,954,5143.5
4096,955,5653.4
4096,956,6316.5
4096,957,5670.4
4096,958,5798.1
4096,959,5443.2
4096,960,5744.2
4096,961,5422.7
4096,962,5627.4
4096,963,5437.2
4096,964,5834.5
4096,965,5451.1
4096,966,5635.2
4096,967,6338.9
4096,968,5680.6
4096,969,5495.3
4096,970,5601.3
4096,971,5694.0
4096,972,5423.9
4096,973,5962.9
4096,974,5413.6
4096,975,5791.5
4096,976,7988.0
4096,977,5816.3
4096,978,5852.6
4096,979,5634.6
4096,980,5641.9
4096,981,5957.4
4096,982,5423.3
4096,983,6148.8
4096,984,5400.2
4096,985,6197.2
4096,986,5860.5
4096,987,5723.6
4096,988,5956.2
4096,989,5476.6
4096,990,6017.4
4096,991,5809.0
4096,992,6385.0
4096,993,5547.4
4096,994,5640.1
4096,995,5880.5
4096,996,5426.9
4096,997,5677.6
4096,998,5228.9
4096,999,5148.3
4096,1000,5397.2
4096,1001,5421.4
4096,1002,6141.5
4096,1003,5479.6
4096,1004,5454.1
4096,1005,5707.3
4096,1006,5471.1
4096,1007,5818.1
4096,1008,5783.6
4096,1009,5694.6
4096,1010,5424.5
4096,1011,5450.5
4096,1012,5780.6
4096,1013,6087.0
4096,1014,5938.0
4096,1015,5885.3
4096,1016,5426.9
4096,1017,6494.0
4096,1018,5686.7
4096,1019,5524.4
4096,1020,6381.9
4096,1021,5592.8
4096,1022,5491.7
4096,1023,5446.9
4096,1024,6291.1
4096,1025,5543.2
4096,1026,5413.6
4096,1027,5661.3
4096,1028,5485.6
4096,1029,5356.6
4096,1030,5463.2
4096,1031,5204.6
4096,1032,5136.8
4096,1033,6268.1
4096,1034,5812.1
4096,1035,5236.7
4096,1036,5219.8
4096,1037,5210.7
4096,1038,5506.2
4096,1039,5474.7
4096,1040,5159.8
4096,1041,5428.1
4096,1042,6258.4
4096,1043,5243.4
4096,1044,5996.2
4096,1045,5514.1
4096,1046,5235.5
4096,1047,5337.3
4096,1048,5947.7
4096,1049,5205.8
4096,1050,5997.4
4096,1051,5704.3
4096,1052,5492.3
4096,1053,5213.7
4096,1054,5182.8
4096,1055,5236.1
4096,1056,5503.8
4096,1057,5244.0
4096,1058,5531.1
4096,1059,5428.1
4096,1060,5439.0
4096,1061,5147.1
4096,1062,5571.6
4096,1063,5192.5
4096,1064,5323.9
4096,1065,5291.2
4096,1066,5795.1
4096,1067,5190.1
4096,1068,5370.0
4096,1069,5402.7
4096,1070,5197.4
4096,1071,5508.7
4096,1072,5234.9
4096,1073,5552.9
4096,1074,5439.0
4096,1075,5588.6
4096,1076,5187.7
4096,1077,5204.0
4096,1078,5591.6
4096,1079,5343.3
4096,1080,5156.2
4096,1081,5244.0
4096,1082,5476.6
4096,1083,5553.5
4096,1084,5434.2
4096,1085,5213.7
4096,1086,5490.5
4096,1087,5383.9
4096,1088,5165.3
4096,1089,5615.2
4096,1090,5718.8
4096,1091,5161.6
4096,1092,5221.0
4096,1093,5297.9
4096,1094,5479.0
4096,1095,5638.9
4096,1096,5502.6
4096,1097,5613.4
4096,1098,5472.3
4096,1099,5538.3
4096,1100,5787.2
4096,1101,5223.4
4096,1102,5150.7
4096,1103,6298.4
4096,1104,5367.5
4096,1105,5734.5
4096,1106,5613.4
4096,1107,5278.5
4096,1108,5746.7
4096,1109,5547.4
4096,1110,5874.4
4096,1111,5252.5
4096,1112,5520.2
4096,1113,5719.4
4096,1114,5908.4
4096,1115,5208.9
4096,1116,6028.9
4096,1117,5581.9
4096,1118,5263.4
4096,1119,6039.2
4096,1120,5226.4
4096,1121,5700.0
4096,1122,5368.8
4096,1123,5479.6
4096,1124,5542.6
4096,1125,5162.8
4096,1126,5221.6
4096,1127,5379.7
4096,1128,5515.9
4096,1129,5518.3
4096,1130,5745.4
4096,1131,5545.6
4096,1132,6119.1
4096,1133,5192.5
4096,1134,5692.8
4096,1135,5357.3
4096,1136,5334.8
4096,1137,5515.9
4096,1138,5201.6
4096,1139,6000.4
4096,1140,5590.4
4096,1141,5335.4
4096,1142,5513.5
4096,1143,5187.7
4096,1144,5437.2
4096,1145,5560.1
4096,1146,5237.9
4096,1147,5515.3
4096,1148,5215.5
4096,1149,5146.5
4096,1150,5689.7
4096,1151,5812.1
4096,1152,5488.1
4096,1153,5503.8
4096,1154,6378.3
4096,1155,5510.5
4096,1156,5456.0
4096,1157,5153.2
4096,1158,5432.3
4096,1159,5316.1
4096,1160,5749.1
4096,1161,5241.0
4096,1162,5148.3
4096,1163,5549.2
4096,1164,5156.2
4096,1165,6297.2
4096,1166,5525.6
4096,1167,5423.3
4096,1168,5446.9
4096,1169,6265.7
4096,1170,5462.0
4096,1171,5491.7
4096,1172,5490.5
4096,1173,5776.3
4096,1174,5826.0
4096,1175,5567.4
4096,1176,5612.2
4096,1177,5775.7
4096,1178,5438.4
4096,1179,5426.9
4096,1180,5227.6
4096,1181,6480.1
4096,1182,5443.2
4096,1183,5928.3
4096,1184,5446.3
4096,1185,5763.0
4096,1186,5701.8
4096,1187,5777.5
4096,1188,5358.5
4096,1189,5395.4
4096,1190,6087.0
4096,1191,5681.3
4096,1192,5459.0
4096,1193,5485.6
4096,1194,5611.0
4096,1195,5795.7
4096,1196,5522.0
4096,1197,5941.7
4096,1198,6107.6
4096,1199,5733.3
4096,1200,5660.1
4096,1201,5483.8
4096,1202,5778.8
4096,1203,6031.3
4096,1204,5646.7
4096,1205,5400.2
4096,1206,5403.9
4096,1207,5785.4
4096,1208,5429.9
4096,1209,5824.8
4096,1210,5366.9
4096,1211,5856.3
4096,1212,5704.3
4096,1213,6028.3
4096,1214,5513.5
4096,1215,5711.5
4096,1216,5265.8
4096,1217,5452.9
4096,1218,5601.9
4096,1219,5522.6
4096,1220,5655.2
4096,1221,5378.4
4096,1222,5980.4
4096,1223,5244.0
4096,1224,5199.8
4096,1225,5351.2
4096,1226,5457.2
4096,1227,5663.7
4096,1228,5165.3
4096,1229,5153.8
4096,1230,5394.8
4096,1231,6108.2
4096,1232,5118.6
4096,1233,5601.3
4096,1234,5612.2
4096,1235,5352.4
4096,1236,5459.6
4096,1237,5300.9
4096,1238,5222.2
4096,1239,5281.5
4096,1240,5773.3
4096,1241,5288.8
4096,1242,5471.7
4096,1243,6231.2
4096,1244,5113.2
4096,1245,5241.6
4096,1246,5503.8
4096,1247,6022.2
4096,1248,5707.3
4096,1249,5817.5
4096,1250,5170.7
4096,1251,5236.7
4096,1252,5544.4
4096,1253,5296.1
4096,1254,5597.1
4096,1255,5684.3
4096,1256,5245.8
4096,1257,5868.4
4096,1258,5363.3
4096,1259,5952.6
4096,1260,5266.4
4096,1261,5173.1
4096,1262,5616.5
4096,1263,5179.8
4096,1264,5736.4
4096,1265,5268.8
4096,1266,5207.1
4096,1267,5444.5
4096,1268,5323.9
4096,1269,5241.6
4096,1270,5243.4
4096,1271,5184.7
4096,1272,5302.1
4096,1273,5667.3
4096,1274,5175.0
4096,1275,5434.2
4096,1276,5788.4
4096,1277,5212.5
4096,1278,5465.7
4096,1279,5903.5
4096,1280,5449.9
4096,1281,5267.6
4096,1282,5500.2
4096,1283,5393.0
4096,1284,5158.6
4096,1285,5617.7
4096,1286,5232.5
4096,1287,5457.2
4096,1288,5220.4
4096,1289,5225.2
4096,1290,5445.1
4096,1291,5231.3
4096,1292,5398.4
4096,1293,5238.6
4096,1294,5216.1
4096,1295,5675.8
4096,1296,5805.4
4096,1297,5500.2
4096,1298,5218.0
4096,1299,5081.1
4096,1300,5230.1
4096,1301,6088.2
4096,1302,5576.5
4096,1303,5592.2
4096,1304,5820.5
4096,1305,5218.0
4096,1306,5558.9
4096,1307,5494.7
4096,1308,5776.3
4096,1309,5349.4
4096,1310,6007.7
4096,1311,5572.8
4096,1312,5405.7
4096,1313,5522.6
4096,1314,5863.5
4096,1315,6115.5
4096,1316,5335.4
4096,1317,5552.3
4096,1318,5459.0
4096,1319,5289.4
4096,1320,6378.9
4096,1321,5528.0
4096,1322,5861.1
4096,1323,5167.7
4096,1324,5355.4
4096,1325,5770.3
4096,1326,5528.0
4096,1327,5289.4
4096,1328,5185.3
4096,1329,5323.3
4096,1330,5217.4
4096,1331,5256.7
4096,1332,5227.6
4096,1333,5468.7
4096,1334,5227.0
4096,1335,5216.1
4096,1336,5236.7
4096,1337,5556.5
4096,1338,5193.1
4096,1339,5258.5
4096,1340,5609.8
4096,1341,5206.5
4096,1342,5517.7
4096,1343,5201.0
4096,1344,5892.0
4096,1345,5322.1
4096,1346,5568.0
4096,1347,5387.5
4096,1348,5292.5
4096,1349,5510.5
4096,1350,5823.0
4096,1351,5492.3
4096,1352,5829.6
4096,1353,5810.9
4096,1354,5800.0
4096,1355,5277.9
4096,1356,5724.3
4096,1357,5183.4
4096,1358,5238.6
4096,1359,5155.6
4096,1360,5241.6
4096,1361,5624.3
4096,1362,5144.7
4096,1363,5993.1
4096,1364,5177.4
4096,1365,5208.9
4096,1366,5204.0
4096,1367,5275.5
4096,1368,5391.2
4096,1369,5180.4
4096,1370,5392.4
4096,1371,5468.7
4096,1372,5324.5
4096,1373,5508.7
4096,1374,5176.2
4096,1375,5291.8
4096,1376,5712.7
4096,1377,5242.8
4096,1378,5189.5
4096,1379,5546.8
4096,1380,5468.7
4096,1381,5175.6
4096,1382,5224.6
4096,1383,6047.6
4096,1384,5469.9
4096,1385,5261.6
4096,1386,5166.5
4096,1387,5623.1
4096,1388,5448.7
4096,1389,5456.6
4096,1390,5331.2
4096,1391,6269.3
4096,1392,5667.9
4096,1393,5280.9
4096,1394,5274.9
4096,1395,5439.6
4096,1396,5305.2
4096,1397,5221.0
4096,1398,5378.4
4096,1399,5508.0
4096,1400,5156.2
4096,1401,5669.7
4096,1402,5301.5
4096,1403,5533.5
4096,1404,6173.0
4096,1405,5589.8
4096,1406,5247.0
4096,1407,5542.6
4096,1408,5300.3
4096,1409,5287.6
4096,1410,5222.2
4096,1411,5244.0
4096,1412,5525.6
4096,1413,5872.6
4096,1414,5408.7
4096,1415,6156.7
4096,1416,5416.0
4096,1417,5826.0
4096,1418,5176.8
4096,1419,5240.4
4096,1420,5595.3
4096,1421,5855.7
4096,1422,5267.0
4096,1423,5485.6
4096,1424,5201.0
4096,1425,5237.9
4096,1426,5257.3
4096,1427,5432.3
4096,1428,6138.5
4096,1429,5419.0
4096,1430,5295.5
4096,1431,5226.4
4096,1432,5747.3
4096,1433,5861.7
4096,1434,5174.4
4096,1435,5274.3
4096,1436,5247.0
4096,1437,5854.5
4096,1438,5492.3
4096,1439,5175.6
4096,1440,5211.9
4096,1441,5726.1
4096,1442,5155.6
4096,1443,5240.4
4096,1444,5291.8
4096,1445,5150.1
4096,1446,5378.4
4096,1447,5429.9
4096,1448,5302.1
4096,1449,5211.3
4096,1450,5419.6
4096,1451,5165.3
4096,1452,5296.1
4096,1453,5195.6
4096,1454,5969.5
4096,1455,5300.3
4096,1456,5684.9
4096,1457,5598.9
4096,1458,5215.5
4096,1459,5491.1
4096,1460,5204.0
4096,1461,5987.7
4096,1462,5163.5
4096,1463,5503.2
4096,1464,5564.4
4096,1465,5709.7
4096,1466,5259.1
4096,1467,5413.0
4096,1468,5703.7
4096,1469,5150.7
4096,1470,6292.3
4096,1471,5202.2
4096,1472,5404.5
4096,1473,5888.4
4096,1474,5261.6
4096,1475,5303.4
4096,1476,5266.4
4096,1477,5185.9
4096,1478,5496.5
4096,1479,5598.3
4096,1480,5174.4
4096,1481,5478.4
4096,1482,5214.9
4096,1483,5202.8
4096,1484,5221.6
4096,1485,5465.7
4096,1486,5138.0
4096,1487,5192.5
4096,1488,5205.2
4096,1489,5201.6
4096,1490,5441.4
4096,1491,5203.4
4096,1492,5165.9
4096,1493,5724.3
4096,1494,5219.8
4096,1495,5621.3
4096,1496,6512.2
4096,1497,4657.2
4096,1498,5170.1
4096,1499,5403.9
4096,1500,5193.1
4096,1501,5473.5
4096,1502,5217.4
4096,1503,5156.2
4096,1504,5217.4
4096,1505,5275.5
4096,1506,5184.7
4096,1507,5191.3
4096,1508,5193.1
4096,1509,5180.4
4096,1510,5201.6
4096,1511,5372.4
4096,1512,5417.2
4096,1513,5431.1
4096,1514,5571.6
4096,1515,5578.9
4096,1516,5699.4
4096,1517,5373.0
4096,1518,5390.0
4096,1519,5942.9
4096,1520,5862.9
4096,1521,5779.4
4096,1522,5409.3
4096,1523,5403.9
4096,1524,5770.9
4096,1525,5531.1
4096,1526,6381.3
4096,1527,5496.5
4096,1528,5581.3
4096,1529,5467.5
4096,1530,5423.9
4096,1531,5679.4
4096,1532,5682.5
4096,1533,5818.1
4096,1534,5403.3
4096,1535,5505.0
4096,1536,5801.2
4096,1537,5701.2
4096,1538,5743.6
4096,1539,5750.3
4096,1540,5414.2
4096,1541,5491.1
4096,1542,5916.2
4096,1543,5826.6
4096,1544,6053.1
4096,1545,5454.1
4096,1546,5433.0
4096,1547,5861.1
4096,1548,5414.2
4096,1549,5594.7
4096,1550,5443.9
4096,1551,5682.5
4096,1552,5411.2
4096,1553,5810.9
4096,1554,5400.9
4096,1555,5250.1
4096,1556,5712.7
4096,1557,5287.6
4096,1558,5486.2
4096,1559,5193.7
4096,1560,5181.6
4096,1561,5318.5
4096,1562,5460.2
4096,1563,5183.4
4096,1564,5997.4
4096,1565,5194.9
4096,1566,5325.2
4096,1567,5363.3
4096,1568,5748.5
4096,1569,5353.0
4096,1570,5466.9
4096,1571,5789.7
4096,1572,5233.1
4096,1573,5538.3
4096,1574,5558.9
4096,1575,5535.9
4096,1576,5246.4
4096,1577,5276.7
4096,1578,5284.6
4096,1579,5259.7
4096,1580,5368.8
4096,1581,5511.7
4096,1582,5448.1
4096,1583,5193.7
4096,1584,5563.8
4096,1585,5216.1
4096,1586,5347.0
4096,1587,5903.5
4096,1588,5391.8
4096,1589,5426.3
4096,1590,5599.5
4096,1591,5230.1
4096,1592,5185.9
4096,1593,5385.1
4096,1594,5222.2
4096,1595,5477.8
4096,1596,5199.8
4096,1597,5153.2
4096,1598,5452.9
4096,1599,5179.8
4096,1600,5563.8
4096,1601,5264.6
4096,1602,5155.0
4096,1603,5932.6
4096,1604,5599.5
4096,1605,5522.0
4096,1606,5297.3
4096,1607,5372.4
4096,1608,5640.7
4096,1609,5491.7
4096,1610,5422.1
4096,1611,5614.6
4096,1612,5405.7
4096,1613,5170.7
4096,1614,5253.7
4096,1615,5161.0
4096,1616,5469.9
4096,1617,5531.7
4096,1618,5466.3
4096,1619,5483.2
4096,1620,5473.5
4096,1621,5307.0
4096,1622,5401.5
4096,1623,5461.4
4096,1624,5415.4
4096,1625,5262.8
4096,1626,5144.7
4096,1627,5640.1
4096,1628,5463.2
4096,1629,5490.5
4096,1630,6126.4
4096,1631,5147.7
4096,1632,5154.4
4096,1633,5290.6
4096,1634,6042.2
4096,1635,5193.1
4096,1636,5139.8
4096,1637,5629.8
4096,1638,5170.7
4096,1639,5477.8
4096,1640,5542.6
4096,1641,6093.1
4096,1642,5242.8
4096,1643,5805.4
4096,1644,5198.0
4096,1645,5183.4
4096,1646,5330.0
4096,1647,5423.3
4096,1648,5403.9
4096,1649,5262.8
4096,1650,5416.6
4096,1651,5909.0
4096,1652,5251.9
4096,1653,5139.2
4096,1654,5843.6
4096,1655,5497.1
4096,1656,5853.9
4096,1657,5249.5
4096,1658,5797.5
4096,1659,5209.5
4096,1660,5485.0
4096,1661,5176.8
4096,1662,6078.5
4096,1663,5285.8
4096,1664,5162.8
4096,1665,5796.3
4096,1666,5178.0
4096,1667,5310.6
4096,1668,5284.6
4096,1669,5740.0
4096,1670,9189.0
4096,1671,5436.6
4096,1672,5644.9
4096,1673,5746.1
4096,1674,5313.6
4096,1675,5202.2
4096,1676,5629.2
4096,1677,5751.5
4096,1678,5388.7
4096,1679,5434.2
4096,1680,5537.1
4096,1681,5628.0
4096,1682,5184.7
4096,1683,5356.0
4096,1684,6104.6
4096,1685,5145.3
4096,1686,5454.8
4096,1687,5377.2
4096,1688,5184.0
4096,1689,5404.5
4096,1690,5209.5
4096,1691,5288.2
4096,1692,5328.8
4096,1693,5194.9
4096,1694,5666.1
4096,1695,5807.8
4096,1696,5213.7
4096,1697,5313.6
4096,1698,5482.6
4096,1699,5183.4
4096,1700,5389.3
4096,1701,5807.8
4096,1702,5869.6
4096,1703,5242.2
4096,1704,5780.0
4096,1705,5190.1
4096,1706,5537.1
4096,1707,5315.5
4096,1708,5147.7
4096,1709,5610.4
4096,1710,5241.6
4096,1711,5772.7
4096,1712,5481.4
4096,1713,5225.8
4096,1714,5210.7
4096,1715,5221.0
4096,1716,5537.7
4096,1717,5583.1
4096,1718,5878.1
4096,1719,5194.9
4096,1720,5102.3
4096,1721,5535.9
4096,1722,5990.1
4096,1723,5456.0
4096,1724,5487.5
4096,1725,5801.8
4096,1726,5388.7
4096,1727,5678.8
4096,1728,5428.7
4096,1729,5626.1
4096,1730,5663.7
4096,1731,5434.8
4096,1732,5749.7
4096,1733,5789.7
4096,1734,5767.9
4096,1735,5858.1
4096,1736,6068.2
4096,1737,5845.4
4096,1738,5389.3
4096,1739,5510.5
4096,1740,6102.2
4096,1741,5616.5
4096,1742,5433.0
4096,1743,5544.4
4096,1744,6068.2
4096,1745,6065.8
4096,1746,5959.2
4096,1747,5814.5
4096,1748,5412.4
4096,1749,5772.1
4096,1750,5423.9
4096,1751,5668.5
4096,1752,5567.4
4096,1753,5484.4
4096,1754,5892.6
4096,1755,6343.2
4096,1756,5796.3
4096,1757,5892.0
4096,1758,5538.9
4096,1759,5530.5
4096,1760,5415.4
4096,1761,5442.0
4096,1762,5747.9
4096,1763,5721.8
4096,1764,6130.6
4096,1765,5619.5
4096,1766,5729.7
4096,1767,5366.3
4096,1768,5265.8
4096,1769,5563.8
4096,1770,5520.2
4096,1771,5193.7
4096,1772,5390.0
4096,1773,5150.7
4096,1774,5526.8
4096,1775,5462.0
4096,1776,5386.3
4096,1777,5310.6
4096,1778,5228.9
4096,1779,5181.0
4096,1780,5234.9
4096,1781,5171.3
4096,1782,5555.3
4096,1783,5436.0
4096,1784,5528.6
4096,1785,5179.8
4096,1786,5540.8
4096,1787,5271.3
4096,1788,5471.1
4096,1789,5254.9
4096,1790,5288.2
4096,1791,5254.3
4096,1792,5745.4
4096,1793,5472.3
4096,1794,6070.1
4096,1795,5500.2
4096,1796,5769.7
4096,1797,5784.8
4096,1798,5698.2
4096,1799,5409.9
4096,1800,5612.2
4096,1801,5758.8
4096,1802,5852.0
4096,1803,5340.3
4096,1804,5420.8
4096,1805,5449.3
4096,1806,5491.1
4096,1807,5412.4
4096,1808,5342.1
4096,1809,5448.1
4096,1810,5623.7
4096,1811,5600.7
4096,1812,5470.5
4096,1813,5429.3
4096,1814,5805.4
4096,1815,5991.9
4096,1816,5408.7
4096,1817,5573.5
4096,1818,5368.8
4096,1819,5638.9
4096,1820,5413.6
4096,1821,5535.3
4096,1822,5242.2
4096,1823,5468.1
4096,1824,5199.2
4096,1825,5392.4
4096,1826,5216.7
4096,1827,5934.4
4096,1828,5431.7
4096,1829,5813.9
4096,1830,5687.3
4096,1831,5833.3
4096,1832,5210.7
4096,1833,5208.9
4096,1834,5193.7
4096,1835,5162.8
4096,1836,5179.8
4096,1837,5757.6
4096,1838,5163.5
4096,1839,5189.5
4096,1840,5191.3
4096,1841,5279.7
4096,1842,6541.8
4096,1843,5119.2
4096,1844,5529.2
4096,1845,5884.1
4096,1846,5474.7
4096,1847,5480.8
4096,1848,5790.9
4096,1849,5551.7
4096,1850,5533.5
4096,1851,5281.5
4096,1852,5431.7
4096,1853,5274.3
4096,1854,5229.5
4096,1855,5198.6
4096,1856,5267.6
4096,1857,5586.2
4096,1858,5286.4
4096,1859,5250.1
4096,1860,5271.9
4096,1861,5906.5
4096,1862,5489.9
4096,1863,5303.4
4096,1864,5540.1
4096,1865,5710.9
4096,1866,5598.9
4096,1867,5157.4
4096,1868,5723.6
4096,1869,5224.0
4096,1870,5195.6
4096,1871,5231.3
4096,1872,5939.2
4096,1873,5407.5
4096,1874,5167.7
4096,1875,5437.8
4096,1876,5222.8
4096,1877,5544.4
4096,1878,5244.0
4096,1879,5489.9
4096,1880,5503.2
4096,1881,5818.7
4096,1882,5434.2
4096,1883,5257.3
4096,1884,5154.4
4096,1885,5479.6
4096,1886,5176.2
4096,1887,5664.3
4096,1888,5505.6
4096,1889,5244.0
4096,1890,5225.8
4096,1891,5273.1
4096,1892,5506.2
4096,1893,5581.9
4096,1894,5747.9
4096,1895,5967.7
4096,1896,5225.2
4096,1897,5209.5
4096,1898,5186.5
4096,1899,5236.1
4096,1900,5280.3
4096,1901,5225.2
4096,1902,5623.7
4096,1903,5517.1
4096,1904,5751.5
4096,1905,5618.9
4096,1906,5153.8
4096,1907,6020.4
4096,1908,5843.6
4096,1909,5169.5
4096,1910,5371.2
4096,1911,5214.9
4096,1912,6047.6
4096,1913,5469.9
4096,1914,5155.0
4096,1915,5285.8
4096,1916,5360.9
4096,1917,5609.8
4096,1918,5215.5
4096,1919,5165.9
4096,1920,5758.2
4096,1921,5696.4
4096,1922,5482.0
4096,1923,5187.1
4096,1924,5482.0
4096,1925,5804.2
4096,1926,5813.9
4096,1927,5284.6
4096,1928,5336.7
4096,1929,5230.7
4096,1930,5644.9
4096,1931,5225.8
4096,1932,5334.8
4096,1933,5585.0
4096,1934,5600.1
4096,1935,5583.8
4096,1936,5596.5
4096,1937,5272.5
4096,1938,5697.0
4096,1939,5972.6
4096,1940,5506.8
4096,1941,5294.3
4096,1942,5585.6
4096,1943,5677.0
4096,1944,5540.8
4096,1945,5761.2
4096,1946,5134.4
4096,1947,5522.6
4096,1948,5478.4
4096,1949,5233.1
4096,1950,5491.7
4096,1951,5263.4
4096,1952,5334.8
4096,1953,5608.6
4096,1954,5932.6
4096,1955,5265.8
4096,1956,5927.7
4096,1957,5291.2
4096,1958,5163.5
4096,1959,5164.1
4096,1960,5365.1
4096,1961,5522.0
4096,1962,5644.3
4096,1963,5949.5
4096,1964,6476.4
4096,1965,5200.4
4096,1966,5294.9
4096,1967,5480.2
4096,1968,5505.0
4096,1969,5525.6
4096,1970,5913.2
4096,1971,5529.2
4096,1972,5261.6
4096,1973,5552.9
4096,1974,5727.9
4096,1975,5158.6
4096,1976,5179.8
4096,1977,5733.3
4096,1978,5212.5
4096,1979,5448.1
4096,1980,5544.4
4096,1981,5161.0
4096,1982,5288.2
4096,1983,5454.1
4096,1984,5666.7
4096,1985,5235.5
4096,1986,5505.0
4096,1987,6266.9
4096,1988,5683.1
4096,1989,5444.5
4096,1990,5807.8
4096,1991,5184.7
4096,1992,5508.7
4096,1993,5466.3
4096,1994,5941.1
4096,1995,5299.1
4096,1996,5488.7
4096,1997,5371.2
4096,1998,5819.3
4096,1999,5459.6
16384,0,10087.7
16384,1,10012.6
16384,2,9849.1
16384,3,10297.8
16384,4,9849.1
16384,5,10139.2
16384,6,9913.9
16384,7,9952.0
16384,8,10570.4
16384,9,10030.8
16384,10,9508.7
16384,11,9314.9
16384,12,9370.0
16384,13,9398.5
16384,14,9293.7
16384,15,9481.5
16384,16,9449.4
16384,17,9567.5
16384,18,9589.3
16384,19,9974.4
16384,20,9471.2
16384,21,9419.7
16384,22,9396.7
16384,23,9624.4
16384,24,9374.9
16384,25,9620.2
16384,26,9405.8
16384,27,9591.1
16384,28,9724.3
16384,29,9801.8
16384,30,9423.3
16384,31,9648.0
16384,32,9556.6
16384,33,9456.6
16384,34,9384.6
16384,35,9366.4
16384,36,9354.9
16384,37,9486.9
16384,38,9433.0
16384,39,9616.5
16384,40,9490.6
16384,41,9531.7
16384,42,9713.4
16384,43,9812.7
16384,44,9439.7
16384,45,9377.9
16384,46,9318.0
16384,47,9471.8
16384,48,9393.1
16384,49,9563.2
16384,50,9620.8
16384,51,9434.8
16384,52,9453.6
16384,53,9512.4
16384,54,9371.3
16384,55,9550.5
16384,56,9494.2
16384,57,9453.6
16384,58,9566.3
16384,59,9618.9
16384,60,9978.1
16384,61,9396.1
16384,62,9369.4
16384,63,9616.5
16384,64,9644.4
16384,65,9580.2
16384,66,9366.4
16384,67,9626.8
16384,68,9488.7
16384,69,9494.8
16384,70,9647.4
16384,71,9534.2
16384,72,9875.7
16384,73,9751.6
16384,74,9343.4
16384,75,9639.5
16384,76,9434.2
16384,77,9628.0
16384,78,9456.6
16384,79,9666.2
16384,80,9562.0
16384,81,9449.4
16384,82,9543.2
16384,83,9574.7
16384,84,9656.5
16384,85,9981.7
16384,86,9861.8
16384,87,11187.5
16384,88,10347.5
16384,89,9907.8
16384,90,9901.8
16384,91,10088.3
16384,92,9915.7
16384,93,9901.2
16384,94,9887.8
16384,95,9870.3
16384,96,9916.3
16384,97,9916.3
16384,98,9893.3
16384,99,9925.4
16384,100,10061.0
16384,101,10114.3
16384,102,9862.4
16384,103,9708.6
16384,104,9543.2
16384,105,9712.8
16384,106,9616.5
16384,107,9416.1
16384,108,9551.1
16384,109,9410.0
16384,110,9371.3
16384,111,9414.9
16384,112,9504.5
16384,113,9430.0
16384,114,9402.1
16384,115,9480.9
16384,116,9477.2
16384,117,9306.5
16384,118,9506.9
16384,119,9778.8
16384,120,9582.6
16384,121,9645.6
16384,122,9399.7
16384,123,9465.1
16384,124,9404.6
16384,125,9740.1
16384,126,9551.7
16384,127,9560.8
16384,128,9408.8
16384,129,9521.4
16384,130,9751.6
16384,131,9615.9
16384,132,9408.8
16384,133,9405.2
16384,134,9350.1
16384,135,9400.9
16384,136,9478.4
16384,137,9658.9
16384,138,9340.4
16384,139,9474.8
16384,140,9660.7
16384,141,9441.5
16384,142,9595.9
16384,143,9700.7
16384,144,9571.1
16384,145,9576.6
16384,146,9531.7
16384,147,9688.0
16384,148,9433.0
16384,149,9348.8
16384,150,9656.5
16384,151,9521.4
16384,152,9804.9
16384,153,9582.6
16384,154,9554.1
16384,155,9379.7
16384,156,9654.7
16384,157,9497.2
16384,158,9566.9
16384,159,9429.4
16384,160,9757.0
16384,161,9511.8
16384,162,9554.8
16384,163,9922.4
16384,164,9634.7
16384,165,9348.8
16384,166,9334.9
16384,167,9689.8
16384,168,9437.9
16384,169,9852.1
16384,170,9301.6
16384,171,9665.0
16384,172,9289.5
16384,173,9559.0
16384,174,9312.5
16384,175,9483.9
16384,176,9455.4
16384,177,9783.1
16384,178,9383.4
16384,179,9351.3
16384,180,9654.1
16384,181,9488.1
16384,182,9384.6
16384,183,9506.9
16384,184,9551.7
16384,185,9437.3
16384,186,9354.3
16384,187,9369.4
16384,188,9374.9
16384,189,11684.7
16384,190,9322.2
16384,191,9442.7
16384,192,9689.8
16384,193,9420.3
16384,194,9341.6
16384,195,9445.7
16384,196,9552.9
16384,197,9552.3
16384,198,9316.1
16384,199,9577.8
16384,200,9605.6
16384,201,9364.0
16384,202,9387.6
16384,203,9522.7
16384,204,9801.8
16384,205,9413.6
16384,206,9367.0
16384,207,9338.5
16384,208,9448.8
16384,209,9657.1
16384,210,9294.3
16384,211,9431.2
16384,212,9592.3
16384,213,9495.4
16384,214,9266.5
16384,215,9617.7
16384,216,9350.7
16384,217,9873.3
16384,218,9543.9
16384,219,9591.1
16384,220,9503.9
16384,221,9364.6
16384,222,9347.0
16384,223,9353.7
16384,224,9697.7
16384,225,9381.5
16384,226,9591.7
16384,227,9365.8
16384,228,9325.2
16384,229,9502.1
16384,230,9459.7
16384,231,9534.2
16384,232,9633.5
16384,233,9423.9
16384,234,9427.0
16384,235,9413.6
16384,236,9479.7
16384,237,9604.4
16384,238,9427.0
16384,239,9727.4
16384,240,9421.5
16384,241,9474.8
16384,242,9227.7
16384,243,9717.1
16384,244,9490.6
16384,245,9368.8
16384,246,9435.4
16384,247,9868.5
16384,248,9856.3
16384,249,10147.6
16384,250,9747.3
16384,251,9892.1
16384,252,9746.1
16384,253,10158.5
16384,254,9867.2
16384,255,9850.9
16384,256,9912.7
16384,257,10127.7
16384,258,9906.0
16384,259,9830.9
16384,260,9816.4
16384,261,9825.5
16384,262,9754.6
16384,263,9708.0
16384,264,9454.2
16384,265,9461.5
16384,266,9259.8
16384,267,9362.2
16384,268,9669.2
16384,269,9451.8
16384,270,9351.9
16384,271,9344.6
16384,272,9363.4
16384,273,9482.1
16384,274,9402.7
16384,275,9701.9
16384,276,9465.7
16384,277,9666.8
16384,278,9346.4
16384,279,9482.1
16384,280,9364.6
16384,281,9429.4
16384,282,9391.2
16384,283,9341.6
16384,284,9744.9
16384,285,9681.9
16384,286,9317.4
16384,287,9399.7
16384,288,9577.8
16384,289,9409.4
16384,290,10592.2
16384,291,9597.8
16384,292,9519.0
16384,293,9380.9
16384,294,9284.0
16384,295,9819.4
16384,296,9424.5
16384,297,9666.2
16384,298,9345.2
16384,299,9551.1
16384,300,9540.2
16384,301,9691.0
16384,302,9642.6
16384,303,9495.4
16384,304,9589.9
16384,305,9734.6
16384,306,9455.4
16384,307,9484.5
16384,308,10003.5
16384,309,9801.8
16384,310,10073.8
16384,311,9947.8
16384,312,9863.6
16384,313,10428.7
16384,314,9888.4
16384,315,9822.4
16384,316,10114.9
16384,317,9979.3
16384,318,9799.4
16384,319,9823.6
16384,320,9861.8
16384,321,9825.5
16384,322,9909.0
16384,323,9865.4
16384,324,9824.3
16384,325,9978.7
16384,326,9849.7
16384,327,10102.8
16384,328,10042.9
16384,329,9867.9
16384,330,9775.8
16384,331,9872.1
16384,332,9870.3
16384,333,10042.9
16384,334,10008.4
16384,335,10191.3
16384,336,9485.7
16384,337,9367.6
16384,338,9453.0
16384,339,9432.4
16384,340,9607.4
16384,341,10095.6
16384,342,9858.2
16384,343,9887.8
16384,344,9967.2
16384,345,9778.2
16384,346,9763.1
16384,347,9979.3
16384,348,9968.4
16384,349,10147.6
16384,350,9782.5
16384,351,9344.0
16384,352,9734.6
16384,353,9490.6
16384,354,9536.0
16384,355,9611.7
16384,356,9365.2
16384,357,9375.5
16384,358,9389.4
16384,359,9598.4
16384,360,9625.0
16384,361,9645.0
16384,362,9649.8
16384,363,9556.0
16384,364,9455.4
16384,365,9654.1
16384,366,9327.0
16384,367,9481.5
16384,368,9642.0
16384,369,9394.3
16384,370,9432.4
16384,371,9436.1
16384,372,9408.8
16384,373,9577.2
16384,374,9470.0
16384,375,9342.2
16384,376,9578.4
16384,377,9569.9
16384,378,9403.3
16384,379,9439.7
16384,380,9539.6
16384,381,9356.7
16384,382,9440.3
16384,383,9405.2
16384,384,9727.4
16384,385,9477.2
16384,386,9336.1
16384,387,9540.8
16384,388,9485.7
16384,389,9408.8
16384,390,9259.8
16384,391,10730.2
16384,392,9602.6
16384,393,9461.5
16384,394,9563.8
16384,395,9844.8
16384,396,9526.9
16384,397,9454.8
16384,398,9443.9
16384,399,9637.7
16384,400,9544.5
16384,401,9483.9
16384,402,9324.0
16384,403,9330.1
16384,404,9807.3
16384,405,10123.4
16384,406,9376.7
16384,407,9604.4
16384,408,9447.0
16384,409,9556.6
16384,410,9261.6
16384,411,9421.5
16384,412,9333.7
16384,413,9561.4
16384,414,9835.2
16384,415,9351.3
16384,416,9775.8
16384,417,9640.8
16384,418,9453.0
16384,419,9548.1
16384,420,9631.7
16384,421,9448.8
16384,422,9523.3
16384,423,9506.9
16384,424,9537.2
16384,425,9582.0
16384,426,9268.9
16384,427,9362.8
16384,428,9393.7
16384,429,9431.8
16384,430,9374.9
16384,431,9435.4
16384,432,9472.4
16384,433,9471.8
16384,434,9377.9
16384,435,9706.8
16384,436,9385.2
16384,437,9385.2
16384,438,9755.8
16384,439,9468.2
16384,440,9327.6
16384,441,9565.7
16384,442,9641.4
16384,443,9327.0
16384,444,9348.2
16384,445,9397.9
16384,446,9324.0
16384,447,9422.1
16384,448,9343.4
16384,449,9456.0
16384,450,9453.0
16384,451,9618.9
16384,452,9470.0
16384,453,9376.1
16384,454,9428.2
16384,455,9637.7
16384,456,9425.8
16384,457,9792.2
16384,458,9267.1
16384,459,9480.9
16384,460,9364.6
16384,461,9348.2
16384,462,9472.4
16384,463,9393.7
16384,464,9536.6
16384,465,9629.2
16384,466,9287.1
16384,467,9639.5
16384,468,9451.2
16384,469,9407.0
16384,470,9318.0
16384,471,9600.8
16384,472,9492.4
16384,473,9586.9
16384,474,9260.4
16384,475,9391.8
16384,476,9315.5
16384,477,9511.1
16384,478,9718.3
16384,479,9599.6
16384,480,9390.6
16384,481,9484.5
16384,482,9367.6
16384,483,9385.8
16384,484,9514.2
16384,485,9486.3
16384,486,9263.5
16384,487,9324.6
16384,488,9404.0
16384,489,9583.8
16384,490,9451.2
16384,491,9377.9
16384,492,9413.0
16384,493,10424.4
16384,494,9342.8
16384,495,9427.0
16384,496,9689.2
16384,497,9426.4
16384,498,9251.9
16384,499,9405.8
16384,500,9389.4
16384,501,9672.2
16384,502,9341.6
16384,503,9407.6
16384,504,9456.0
16384,505,9361.6
16384,506,9381.5
16384,507,9494.2
16384,508,9398.5
16384,509,9654.7
16384,510,9363.4
16384,511,9417.3
16384,512,9342.8
16384,513,9461.5
16384,514,9253.2
16384,515,9279.2
16384,516,9415.5
16384,517,9580.8
16384,518,9328.9
16384,519,9515.4
16384,520,9364.0
16384,521,9718.9
16384,522,9238.6
16384,523,9631.1
16384,524,9574.1
16384,525,9399.1
16384,526,9413.0
16384,527,9422.7
16384,528,9551.7
16384,529,9411.8
16384,530,9316.1
16384,531,9600.2
16384,532,9463.3
16384,533,10067.7
16384,534,9730.4
16384,535,9833.3
16384,536,10107.7
16384,537,10067.7
16384,538,9745.5
16384,539,10098.6
16384,540,10013.2
16384,541,9858.8
16384,542,9803.1
16384,543,10191.3
16384,544,9753.4
16384,545,9865.4
16384,546,9941.7
16384,547,10088.9
16384,548,9822.4
16384,549,9870.3
16384,550,9935.1
16384,551,10054.4
16384,552,9973.2
16384,553,9849.7
16384,554,9938.1
16384,555,9955.7
16384,556,9563.8
16384,557,9603.2
16384,558,9438.5
16384,559,9741.9
16384,560,9400.3
16384,561,9452.4
16384,562,9376.1
16384,563,9643.2
16384,564,9530.5
16384,565,9430.0
16384,566,9352.5
16384,567,9496.0
16384,568,9642.6
16384,569,9466.3
16384,570,9508.7
16384,571,9667.4
16384,572,9440.3
16384,573,9718.3
16384,574,9427.6
16384,575,9474.2
16384,576,9294.3
16384,577,9490.0
16384,578,9633.5
16384,579,9635.9
16384,580,9726.7
16384,581,9341.0
16384,582,9500.9
16384,583,9663.8
16384,584,9698.3
16384,585,9450.0
16384,586,9465.1
16384,587,9604.4
16384,588,9564.4
16384,589,9385.8
16384,590,9362.2
16384,591,9583.8
16384,592,9376.1
16384,593,9447.0
16384,594,10658.8
16384,595,9880.0
16384,596,9316.1
16384,597,9495.4
16384,598,9364.0
16384,599,9559.6
16384,600,9536.6
16384,601,9589.9
16384,602,9429.4
16384,603,9434.8
16384,604,9448.8
16384,605,9622.6
16384,606,9270.7
16384,607,9513.0
16384,608,9376.1
16384,609,10024.7
16384,610,9278.6
16384,611,9514.8
16384,612,9390.0
16384,613,9561.4
16384,614,9306.5
16384,615,9398.5
16384,616,9552.9
16384,617,9694.0
16384,618,9320.4
16384,619,9499.6
16384,620,9301.0
16384,621,9424.5
16384,622,9275.6
16384,623,9416.7
16384,624,9358.5
16384,625,9620.2
16384,626,9230.8
16384,627,9529.9
16384,628,9611.1
16384,629,9625.0
16384,630,9298.6
16384,631,9377.9
16384,632,9420.3
16384,633,9369.4
16384,634,9543.2
16384,635,9433.6
16384,636,9325.8
16384,637,9391.8
16384,638,9268.9
16384,639,9605.0
16384,640,9584.4
16384,641,9402.7
16384,642,9224.7
16384,643,9642.0
16384,644,9616.5
16384,645,9665.0
16384,646,9293.7
16384,647,9755.2
16384,648,9439.7
16384,649,9469.4
16384,650,9321.0
16384,651,9751.0
16384,652,9655.9
16384,653,9445.1
16384,654,10029.6
16384,655,9983.5
16384,656,9856.3
16384,657,9980.5
16384,658,10067.1
16384,659,9905.4
16384,660,10382.0
16384,661,10473.5
16384,662,10122.2
16384,663,9747.3
16384,664,9843.0
16384,665,10177.3
16384,666,10091.9
16384,667,9725.5
16384,668,9772.2
16384,669,10018.0
16384,670,9866.6
16384,671,10052.0
16384,672,10055.0
16384,673,10076.8
16384,674,9878.8
16384,675,10036.2
16384,676,9866.6
16384,677,9575.3
16384,678,9254.4
16384,679,9298.6
16384,680,9496.0
16384,681,9599.0
16384,682,9432.4
16384,683,10007.1
16384,684,9376.1
16384,685,9395.5
16384,686,9419.7
16384,687,9400.3
16384,688,9335.5
16384,689,9904.8
16384,690,9309.5
16384,691,9564.4
16384,692,9397.3
16384,693,9494.2
16384,694,9425.8
16384,695,10753.3
16384,696,9485.1
16384,697,9455.4
16384,698,10150.1
16384,699,9453.0
16384,700,9442.1
16384,701,9464.5
16384,702,9580.2
16384,703,9562.6
16384,704,9647.4
16384,705,9466.9
16384,706,9278.6
16384,707,9631.1
16384,708,9305.8
16384,709,9336.7
16384,710,9779.4
16384,711,9350.7
16384,712,9353.7
16384,713,9344.0
16384,714,9439.7
16384,715,9536.6
16384,716,9644.4
16384,717,9416.7
16384,718,9303.4
16384,719,9401.5
16384,720,9545.7
16384,721,9422.7
16384,722,9685.0
16384,723,9716.5
16384,724,10172.5
16384,725,9904.8
16384,726,10028.3
16384,727,10133.1
16384,728,9955.7
16384,729,9975.7
16384,730,9876.3
16384,731,9886.0
16384,732,9864.8
16384,733,10299.7
16384,734,9957.5
16384,735,9847.9
16384,736,9791.5
16384,737,9903.6
16384,738,9771.0
16384,739,9838.2
16384,740,10096.8
16384,741,9814.6
16384,742,9698.9
16384,743,9932.0
16384,744,10053.2
16384,745,9817.6
16384,746,9265.3
16384,747,9582.6
16384,748,9749.8
16384,749,9463.9
16384,750,9243.5
16384,751,9318.0
16384,752,9559.6
16384,753,9772.8
16384,754,9368.8
16384,755,9382.8
16384,756,9505.1
16384,757,9450.0
16384,758,9471.8
16384,759,9477.2
16384,760,9559.0
16384,761,9579.0
16384,762,9189.0
16384,763,9549.3
16384,764,9335.5
16384,765,9544.5
16384,766,9286.5
16384,767,9492.4
16384,768,9544.5
16384,769,9771.6
16384,770,9462.1
16384,771,9341.0
16384,772,9362.8
16384,773,9498.4
16384,774,9398.5
16384,775,9444.5
16384,776,9374.3
16384,777,9397.3
16384,778,9542.6
16384,779,9421.5
16384,780,9411.8
16384,781,9533.6
16384,782,9655.3
16384,783,9617.1
16384,784,9437.9
16384,785,9417.9
16384,786,9274.4
16384,787,9336.7
16384,788,9628.0
16384,789,9370.6
16384,790,9330.7
16384,791,9454.2
16384,792,9361.6
16384,793,9333.1
16384,794,9266.5
16384,795,9320.4
16384,796,9560.2
16384,797,11725.9
16384,798,9374.3
16384,799,9371.9
16384,800,9354.3
16384,801,9440.9
16384,802,9261.6
16384,803,9308.9
16384,804,9612.9
16384,805,9448.8
16384,806,9448.8
16384,807,9302.2
16384,808,9551.1
16384,809,9465.1
16384,810,9422.7
16384,811,9631.7
16384,812,9279.2
16384,813,9351.3
16384,814,9773.4
16384,815,9378.5
16384,816,9719.5
16384,817,9675.9
16384,818,9985.9
16384,819,9488.7
16384,820,9525.1
16384,821,9456.0
16384,822,9382.8
16384,823,9647.4
16384,824,9533.6
16384,825,9536.0
16384,826,9582.0
16384,827,9394.3
16384,828,9506.3
16384,829,9439.7
16384,830,9463.9
16384,831,9482.7
16384,832,9789.1
16384,833,9405.8
16384,834,9210.2
16384,835,9523.9
16384,836,9609.3
16384,837,9362.2
16384,838,9285.9
16384,839,9681.3
16384,840,9490.6
16384,841,9377.3
16384,842,9715.2
16384,843,9442.7
16384,844,9434.8
16384,845,9488.7
16384,846,9395.5
16384,847,9542.0
16384,848,9382.8
16384,849,9715.2
16384,850,9694.6
16384,851,9485.7
16384,852,9390.0
16384,853,10216.7
16384,854,10081.6
16384,855,9891.5
16384,856,9754.0
16384,857,10085.9
16384,858,9843.6
16384,859,10010.2
16384,860,10199.1
16384,861,9832.1
16384,862,10125.8
16384,863,9852.7
16384,864,9855.1
16384,865,10168.8
16384,866,9754.6
16384,867,10026.5
16384,868,10009.6
16384,869,9901.8
16384,870,9860.6
16384,871,10205.2
16384,872,10015.0
16384,873,9831.5
16384,874,10013.2
16384,875,10918.6
16384,876,9911.5
16384,877,9833.9
16384,878,9762.5
16384,879,9676.5
16384,880,9751.6
16384,881,9456.0
16384,882,9378.5
16384,883,9699.5
16384,884,9737.6
16384,885,9894.5
16384,886,10078.6
16384,887,9829.7
16384,888,9807.9
16384,889,9913.3
16384,890,9876.3
16384,891,9946.0
16384,892,9834.5
16384,893,13660.8
16384,894,12122.6
16384,895,10713.9
16384,896,12604.0
16384,897,9357.3
16384,898,9393.1
16384,899,9819.4
16384,900,10064.1
16384,901,9546.9
16384,902,9852.1
16384,903,9455.4
16384,904,9611.7
16384,905,9482.7
16384,906,9664.4
16384,907,9724.3
16384,908,9720.1
16384,909,9513.6
16384,910,10079.2
16384,911,9761.9
16384,912,10145.8
16384,913,9953.9
16384,914,9602.6
16384,915,10081.6
16384,916,9695.3
16384,917,9393.7
16384,918,9571.1
16384,919,9717.7
16384,920,9662.6
16384,921,9668.6
16384,922,9632.3
16384,923,9576.6
16384,924,9423.3
16384,925,9384.0
16384,926,9540.8
16384,927,9531.7
16384,928,9678.9
16384,929,9477.2
16384,930,9508.1
16384,931,9527.5
16384,932,9419.7
16384,933,9408.8
16384,934,9603.2
16384,935,9395.5
16384,936,9716.5
16384,937,9522.7
16384,938,9523.9
16384,939,9711.6
16384,940,9354.3
16384,941,9450.0
16384,942,9342.8
16384,943,9438.5
16384,944,9829.7
16384,945,10011.4
16384,946,10001.7
16384,947,9875.7
16384,948,9803.7
16384,949,9866.0
16384,950,9783.1
16384,951,10045.9
16384,952,10133.1
16384,953,10419.0
16384,954,9794.6
16384,955,9855.7
16384,956,9915.7
16384,957,9935.7
16384,958,9837.6
16384,959,9903.6
16384,960,10059.2
16384,961,9919.9
16384,962,10017.4
16384,963,9848.5
16384,964,9792.2
16384,965,10088.9
16384,966,9853.9
16384,967,9846.7
16384,968,10095.0
16384,969,9999.9
16384,970,9784.9
16384,971,9413.0
16384,972,9627.4
16384,973,9880.0
16384,974,9805.5
16384,975,10046.5
16384,976,10025.3
16384,977,10068.3
16384,978,9842.4
16384,979,9837.0
16384,980,9836.4
16384,981,10047.1
16384,982,9897.5
16384,983,9987.8
16384,984,9626.2
16384,985,9712.8
16384,986,9285.3
16384,987,9365.8
16384,988,9676.5
16384,989,9411.2
16384,990,9343.4
16384,991,9311.9
16384,992,9466.3
16384,993,9448.2
16384,994,9604.4
16384,995,9585.6
16384,996,12593.1
16384,997,9635.3
16384,998,9380.9
16384,999,9486.9
16384,1000,9431.8
16384,1001,9723.1
16384,1002,9307.7
16384,1003,9550.5
16384,1004,9462.1
16384,1005,9805.5
16384,1006,9559.0
16384,1007,9450.0
16384,1008,9597.8
16384,1009,9703.1
16384,1010,9319.2
16384,1011,9349.5
16384,1012,9322.8
16384,1013,9470.0
16384,1014,9470.6
16384,1015,9703.7
16384,1016,9360.4
16384,1017,9398.5
16384,1018,9480.3
16384,1019,9736.4
16384,1020,9268.3
16384,1021,9357.9
16384,1022,9370.6
16384,1023,9259.2
16384,1024,9394.3
16384,1025,9348.8
16384,1026,9368.8
16384,1027,9587.5
16384,1028,9708.6
16384,1029,9607.4
16384,1030,9453.0
16384,1031,9388.8
16384,1032,9448.2
16384,1033,9351.3
16384,1034,9722.5
16384,1035,9298.6
16384,1036,9415.5
16384,1037,9562.6
16384,1038,9480.9
16384,1039,9360.4
16384,1040,9331.3
16384,1041,9603.8
16384,1042,9412.4
16384,1043,9273.1
16384,1044,9407.0
16384,1045,9421.5
16384,1046,9491.8
16384,1047,9390.6
16384,1048,9376.1
16384,1049,9619.6
16384,1050,10039.8
16384,1051,10242.1
16384,1052,9812.7
16384,1053,10014.4
16384,1054,9841.2
16384,1055,9758.8
16384,1056,9989.6
16384,1057,9833.3
16384,1058,9967.2
16384,1059,9813.3
16384,1060,9932.0
16384,1061,10055.0
16384,1062,9787.3
16384,1063,10224.0
16384,1064,9973.2
16384,1065,9358.5
16384,1066,9551.1
16384,1067,9402.7
16384,1068,9430.6
16384,1069,9386.4
16384,1070,9330.7
16384,1071,9390.6
16384,1072,9443.9
16384,1073,9587.5
16384,1074,9583.2
16384,1075,9712.2
16384,1076,9394.3
16384,1077,9504.5
16384,1078,9546.9
16384,1079,9380.3
16384,1080,9381.5
16384,1081,9588.1
16384,1082,9446.3
16384,1083,9447.0
16384,1084,9354.3
16384,1085,9364.6
16384,1086,9422.7
16384,1087,9375.5
16384,1088,9472.4
16384,1089,9517.8
16384,1090,9295.6
16384,1091,9509.9
16384,1092,9371.3
16384,1093,9456.6
16384,1094,9494.2
16384,1095,9462.7
16384,1096,10012.0
16384,1097,11860.3
16384,1098,10131.3
16384,1099,10087.7
16384,1100,9985.3
16384,1101,10091.3
16384,1102,10280.9
16384,1103,10022.3
16384,1104,9821.8
16384,1105,9989.6
16384,1106,9878.8
16384,1107,9850.3
16384,1108,10116.2
16384,1109,10102.8
16384,1110,9928.4
16384,1111,10217.3
16384,1112,10123.4
16384,1113,10056.2
16384,1114,9740.7
16384,1115,9982.9
16384,1116,9997.5
16384,1117,9814.6
16384,1118,9886.6
16384,1119,9379.7
16384,1120,9319.2
16384,1121,9318.6
16384,1122,9354.3
16384,1123,9462.1
16384,1124,9600.2
16384,1125,9315.5
16384,1126,9521.4
16384,1127,9331.9
16384,1128,9686.2
16384,1129,9558.4
16384,1130,9469.4
16384,1131,9652.9
16384,1132,9620.8
16384,1133,9562.6
16384,1134,9411.2
16384,1135,9533.0
16384,1136,9566.3
16384,1137,9453.6
16384,1138,9306.5
16384,1139,9290.7
16384,1140,9235.0
16384,1141,9656.5
16384,1142,9442.1
16384,1143,9428.2
16384,1144,9531.1
16384,1145,9648.6
16384,1146,9222.3
16384,1147,9492.4
16384,1148,9392.4
16384,1149,9554.1
16384,1150,9575.9
16384,1151,9629.2
16384,1152,9385.8
16384,1153,9288.9
16384,1154,9307.7
16384,1155,9307.1
16384,1156,9334.3
16384,1157,9347.0
16384,1158,9308.9
16384,1159,9821.2
16384,1160,9612.9
16384,1161,9428.2
16384,1162,9190.2
16384,1163,9522.1
16384,1164,9512.4
16384,1165,9489.3
16384,1166,9477.2
16384,1167,9426.4
16384,1168,9600.8
16384,1169,9461.5
16384,1170,9316.1
16384,1171,9365.2
16384,1172,9299.2
16384,1173,9548.1
16384,1174,9223.5
16384,1175,9619.6
16384,1176,9412.4
16384,1177,9924.2
16384,1178,9480.3
16384,1179,9365.2
16384,1180,9436.1
16384,1181,9508.7
16384,1182,9282.2
16384,1183,9238.0
16384,1184,9454.2
16384,1185,9457.9
16384,1186,9638.9
16384,1187,9503.9
16384,1188,9538.4
16384,1189,9548.1
16384,1190,9441.5
16384,1191,9701.3
16384,1192,9350.7
16384,1193,9413.6
16384,1194,9336.7
16384,1195,9482.1
16384,1196,9378.5
16384,1197,9588.7
16384,1198,9335.5
16384,1199,10254.2
16384,1200,9645.0
16384,1201,9414.3
16384,1202,9361.0
16384,1203,9671.0
16384,1204,9569.9
16384,1205,9678.9
16384,1206,9536.6
16384,1207,9466.3
16384,1208,9472.4
16384,1209,9474.8
16384,1210,9321.0
16384,1211,9566.9
16384,1212,9484.5
16384,1213,9439.1
16384,1214,9571.1
16384,1215,9539.0
16384,1216,9376.1
16384,1217,9362.2
16384,1218,9489.3
16384,1219,9580.8
16384,1220,9328.3
16384,1221,9652.9
16384,1222,9408.8
16384,1223,9529.3
16384,1224,9745.5
16384,1225,9515.4
16384,1226,9724.9
16384,1227,9376.7
16384,1228,9562.0
16384,1229,9399.7
16384,1230,9236.8
16384,1231,9322.8
16384,1232,9586.2
16384,1233,9774.6
16384,1234,9293.7
16384,1235,9597.8
16384,1236,9264.7
16384,1237,9456.0
16384,1238,9425.8
16384,1239,9378.5
16384,1240,9443.3
16384,1241,9608.7
16384,1242,10036.8
16384,1243,9772.2
16384,1244,9921.1
16384,1245,10000.5
16384,1246,10063.5
16384,1247,9754.6
16384,1248,10022.9
16384,1249,9852.7
16384,1250,10184.6
16384,1251,10064.7
16384,1252,9793.4
16384,1253,9965.4
16384,1254,10201.5
16384,1255,9831.5
16384,1256,9878.8
16384,1257,9974.4
16384,1258,9957.5
16384,1259,10286.9
16384,1260,10395.9
16384,1261,10606.1
16384,1262,10537.7
16384,1263,10355.4
16384,1264,10529.2
16384,1265,10346.3
16384,1266,10272.4
16384,1267,10351.1
16384,1268,10041.7
16384,1269,10012.0
16384,1270,9850.9
16384,1271,9894.5
16384,1272,9919.3
16384,1273,10376.0
16384,1274,10352.3
16384,1275,10511.6
16384,1276,10581.9
16384,1277,10609.1
16384,1278,10253.6
16384,1279,10425.0
16384,1280,10323.9
16384,1281,10420.8
16384,1282,10264.5
16384,1283,10257.9
16384,1284,9498.4
16384,1285,9377.3
16384,1286,9549.9
16384,1287,9414.9
16384,1288,9540.8
16384,1289,9626.2
16384,1290,9730.4
16384,1291,9853.3
16384,1292,9867.9
16384,1293,9901.8
16384,1294,9933.9
16384,1295,9900.0
16384,1296,9853.3
16384,1297,9737.0
16384,1298,10110.1
16384,1299,9453.6
16384,1300,9368.8
16384,1301,9333.7
16384,1302,9656.5
16384,1303,9339.8
16384,1304,9353.7
16384,1305,9396.7
16384,1306,9417.9
16384,1307,10416.5
16384,1308,9347.0
16384,1309,9400.3
16384,1310,9341.6
16384,1311,9355.5
16384,1312,9287.1
16384,1313,9433.0
16384,1314,9244.7
16384,1315,9424.5
16384,1316,9693.4
16384,1317,9312.5
16384,1318,9606.8
16384,1319,9557.8
16384,1320,9397.9
16384,1321,9583.8
16384,1322,9261.6
16384,1323,9604.4
16384,1324,9370.6
16384,1325,9562.6
16384,1326,9350.1
16384,1327,9331.3
16384,1328,9347.0
16384,1329,9593.5
16384,1330,9212.6
16384,1331,9501.5
16384,1332,9374.9
16384,1333,9833.3
16384,1334,9699.5
16384,1335,9354.9
16384,1336,9302.8
16384,1337,9548.7
16384,1338,9405.8
16384,1339,9385.8
16384,1340,9387.6
16384,1341,9485.7
16384,1342,9511.8
16384,1343,9512.4
16384,1344,9580.2
16384,1345,9500.9
16384,1346,9542.0
16384,1347,9391.8
16384,1348,9444.5
16384,1349,9706.8
16384,1350,9326.4
16384,1351,9381.5
16384,1352,9542.0
16384,1353,9599.6
16384,1354,9345.8
16384,1355,9438.5
16384,1356,9688.0
16384,1357,9354.3
16384,1358,9414.9
16384,1359,9358.5
16384,1360,9681.9
16384,1361,9589.3
16384,1362,9582.6
16384,1363,9567.5
16384,1364,9419.1
16384,1365,9581.4
16384,1366,9262.8
16384,1367,9393.1
16384,1368,9494.8
16384,1369,9830.9
16384,1370,9488.1
16384,1371,9563.2
16384,1372,9435.4
16384,1373,9477.2
16384,1374,9789.7
16384,1375,9918.1
16384,1376,10059.2
16384,1377,10166.4
16384,1378,9705.6
16384,1379,9864.8
16384,1380,9801.8
16384,1381,10242.1
16384,1382,9840.0
16384,1383,10055.6
16384,1384,10001.1
16384,1385,9997.5
16384,1386,9791.5
16384,1387,10026.5
16384,1388,9698.9
16384,1389,9934.5
16384,1390,9952.0
16384,1391,9961.7
16384,1392,9910.2
16384,1393,10320.2
16384,1394,9814.0
16384,1395,9562.0
16384,1396,9328.9
16384,1397,9462.7
16384,1398,9576.6
16384,1399,10455.3
16384,1400,9510.5
16384,1401,9350.7
16384,1402,9597.8
16384,1403,9504.5
16384,1404,9511.1
16384,1405,9751.0
16384,1406,9407.0
16384,1407,9414.9
16384,1408,9390.6
16384,1409,9454.8
16384,1410,9362.2
16384,1411,9586.9
16384,1412,9552.9
16384,1413,9508.1
16384,1414,9398.5
16384,1415,9451.8
16384,1416,9759.5
16384,1417,9735.8
16384,1418,9231.4
16384,1419,9378.5
16384,1420,9399.1
16384,1421,9578.4
16384,1422,9537.2
16384,1423,9472.4
16384,1424,9374.9
16384,1425,9420.3
16384,1426,9426.4
16384,1427,9452.4
16384,1428,9419.7
16384,1429,9611.7
16384,1430,9414.3
16384,1431,9367.6
16384,1432,9365.8
16384,1433,9591.1
16384,1434,9361.6
16384,1435,9407.0
16384,1436,9286.5
16384,1437,9595.3
16384,1438,9493.0
16384,1439,9575.9
16384,1440,9586.9
16384,1441,9456.6
16384,1442,9287.7
16384,1443,9517.8
16384,1444,9348.8
16384,1445,9946.0
16384,1446,9362.8
16384,1447,9634.7
16384,1448,9479.1
16384,1449,9452.4
16384,1450,9487.5
16384,1451,9364.0
16384,1452,9440.3
16384,1453,9638.3
16384,1454,9442.1
16384,1455,9538.4
16384,1456,9285.9
16384,1457,9376.1
16384,1458,9532.3
16384,1459,9417.3
16384,1460,9491.2
16384,1461,9652.9
16384,1462,9424.5
16384,1463,9480.3
16384,1464,9583.2
16384,1465,9658.9
16384,1466,9369.4
16384,1467,9361.0
16384,1468,9457.2
16384,1469,9736.4
16384,1470,9454.2
16384,1471,9434.8
16384,1472,9523.3
16384,1473,9405.2
16384,1474,9244.7
16384,1475,9714.6
16384,1476,9427.6
16384,1477,9743.1
16384,1478,9290.7
16384,1479,9445.1
16384,1480,9670.4
16384,1481,9449.4
16384,1482,9306.5
16384,1483,9809.7
16384,1484,9422.1
16384,1485,9543.9
16384,1486,9295.6
16384,1487,9707.4
16384,1488,9537.8
16384,1489,9594.1
16384,1490,9333.1
16384,1491,9348.8
16384,1492,9490.6
16384,1493,9380.3
16384,1494,9235.0
16384,1495,9347.0
16384,1496,9427.6
16384,1497,9563.2
16384,1498,9377.9
16384,1499,9646.8
16384,1500,9474.2
16384,1501,10415.9
16384,1502,9273.7
16384,1503,9446.3
16384,1504,9383.4
16384,1505,9391.8
16384,1506,9347.0
16384,1507,9290.1
16384,1508,9347.6
16384,1509,9934.5
16384,1510,9342.2
16384,1511,9837.6
16384,1512,9480.9
16384,1513,9405.2
16384,1514,9284.6
16384,1515,9565.0
16384,1516,9551.1
16384,1517,9755.2
16384,1518,9874.5
16384,1519,10273.6
16384,1520,9772.8
16384,1521,9855.7
16384,1522,9919.3
16384,1523,10332.4
16384,1524,9898.1
16384,1525,9962.9
16384,1526,10249.4
16384,1527,9998.7
16384,1528,9842.4
16384,1529,9840.0
16384,1530,9830.9
16384,1531,9921.8
16384,1532,10382.6
16384,1533,9990.8
16384,1534,9792.8
16384,1535,9840.6
16384,1536,9840.6
16384,1537,9857.0
16384,1538,9756.4
16384,1539,9842.4
16384,1540,9393.1
16384,1541,9654.7
16384,1542,9509.9
16384,1543,9478.4
16384,1544,9723.7
16384,1545,9334.9
16384,1546,9377.3
16384,1547,9618.3
16384,1548,9374.9
16384,1549,9646.2
16384,1550,9270.1
16384,1551,9593.5
16384,1552,9678.3
16384,1553,9559.6
16384,1554,9407.0
16384,1555,9447.0
16384,1556,9618.9
16384,1557,9552.9
16384,1558,9294.9
16384,1559,9697.7
16384,1560,9496.6
16384,1561,9733.4
16384,1562,9358.5
16384,1563,9359.1
16384,1564,9400.9
16384,1565,9844.2
16384,1566,9307.7
16384,1567,9429.4
16384,1568,9346.4
16384,1569,9404.6
16384,1570,9357.9
16384,1571,9359.7
16384,1572,9348.2
16384,1573,9464.5
16384,1574,9359.1
16384,1575,9706.8
16384,1576,9411.8
16384,1577,9449.4
16384,1578,9420.9
16384,1579,9809.7
16384,1580,9347.6
16384,1581,9383.4
16384,1582,9431.8
16384,1583,9319.8
16384,1584,9336.7
16384,1585,9364.6
16384,1586,9278.6
16384,1587,9746.1
16384,1588,9453.0
16384,1589,9615.3
16384,1590,9643.8
16384,1591,9409.4
16384,1592,9373.1
16384,1593,9662.6
16384,1594,9551.1
16384,1595,9798.2
16384,1596,9407.6
16384,1597,9775.8
16384,1598,9870.9
16384,1599,10071.3
16384,1600,9903.0
16384,1601,10121.0
16384,1602,10741.8
16384,1603,9950.8
16384,1604,9769.7
16384,1605,9870.3
16384,1606,9795.8
16384,1607,10235.5
16384,1608,9903.6
16384,1609,9863.6
16384,1610,10045.9
16384,1611,9875.7
16384,1612,9823.0
16384,1613,9914.5
16384,1614,9672.2
16384,1615,9928.4
16384,1616,10040.5
16384,1617,10028.3
16384,1618,9913.3
16384,1619,9631.7
16384,1620,9379.1
16384,1621,9467.5
16384,1622,9388.2
16384,1623,9745.5
16384,1624,9671.6
16384,1625,9579.0
16384,1626,9371.3
16384,1627,9539.0
16384,1628,9562.0
16384,1629,9468.2
16384,1630,9430.6
16384,1631,9514.2
16384,1632,9801.8
16384,1633,9461.5
16384,1634,9320.4
16384,1635,9459.1
16384,1636,9522.7
16384,1637,9653.5
16384,1638,9318.0
16384,1639,9262.2
16384,1640,10001.1
16384,1641,9611.7
16384,1642,9384.6
16384,1643,9414.9
16384,1644,9348.8
16384,1645,9517.8
16384,1646,9247.7
16384,1647,9550.5
16384,1648,9348.8
16384,1649,9554.1
16384,1650,9735.8
16384,1651,9406.4
16384,1652,9334.9
16384,1653,9380.9
16384,1654,9373.1
16384,1655,9356.1
16384,1656,9509.9
16384,1657,9436.1
16384,1658,9374.3
16384,1659,9396.7
16384,1660,9698.3
16384,1661,9688.6
16384,1662,9872.1
16384,1663,9359.7
16384,1664,9345.8
16384,1665,9623.8
16384,1666,9437.3
16384,1667,9339.2
16384,1668,9760.7
16384,1669,9354.9
16384,1670,9468.2
16384,1671,9642.6
16384,1672,9513.0
16384,1673,9460.3
16384,1674,9275.6
16384,1675,9368.2
16384,1676,9608.0
16384,1677,9362.2
16384,1678,9749.2
16384,1679,9445.1
16384,1680,9764.3
16384,1681,9321.6
16384,1682,9272.5
16384,1683,9334.9
16384,1684,9335.5
16384,1685,9436.7
16384,1686,9313.1
16384,1687,9348.8
16384,1688,9546.3
16384,1689,9394.3
16384,1690,9262.8
16384,1691,9753.4
16384,1692,9543.2
16384,1693,9479.1
16384,1694,9394.9
16384,1695,9425.2
16384,1696,9338.5
16384,1697,9480.3
16384,1698,9536.6
16384,1699,9488.1
16384,1700,9482.1
16384,1701,9634.1
16384,1702,9304.6
16384,1703,9675.3
16384,1704,11210.5
16384,1705,9481.5
16384,1706,9298.0
16384,1707,9520.2
16384,1708,9780.6
16384,1709,9479.1
16384,1710,9264.1
16384,1711,9379.7
16384,1712,9357.9
16384,1713,9586.9
16384,1714,9438.5
16384,1715,9659.5
16384,1716,9356.7
16384,1717,9718.9
16384,1718,9396.7
16384,1719,8999.4
16384,1720,9576.6
16384,1721,9416.7
16384,1722,9847.9
16384,1723,9582.6
16384,1724,9602.0
16384,1725,9460.3
16384,1726,9333.7
16384,1727,9377.3
16384,1728,9372.5
16384,1729,9564.4
16384,1730,9318.6
16384,1731,9441.5
16384,1732,9328.3
16384,1733,9368.2
16384,1734,9422.7
16384,1735,9453.0
16384,1736,9527.5
16384,1737,9395.5
16384,1738,9359.1
16384,1739,9479.7
16384,1740,9357.9
16384,1741,9379.7
16384,1742,9345.8
16384,1743,9652.9
16384,1744,9458.5
16384,1745,9529.3
16384,1746,9674.1
16384,1747,9394.3
16384,1748,9726.7
16384,1749,9489.3
16384,1750,9433.6
16384,1751,9592.3
16384,1752,9417.3
16384,1753,9495.4
16384,1754,9643.2
16384,1755,9675.3
16384,1756,9438.5
16384,1757,9488.1
16384,1758,9472.4
16384,1759,9450.6
16384,1760,9706.2
16384,1761,9361.6
16384,1762,9223.5
16384,1763,9515.4
16384,1764,9336.1
16384,1765,9569.3
16384,1766,9741.3
16384,1767,9675.9
16384,1768,9944.2
16384,1769,9938.1
16384,1770,9837.6
16384,1771,9996.2
16384,1772,9805.5
16384,1773,9889.1
16384,1774,9782.5
16384,1775,9767.9
16384,1776,9918.7
16384,1777,9979.3
16384,1778,9715.8
16384,1779,9806.7
16384,1780,9906.0
16384,1781,9876.3
16384,1782,9873.9
16384,1783,10074.4
16384,1784,9946.6
16384,1785,9877.5
16384,1786,10164.0
16384,1787,9985.9
16384,1788,10078.6
16384,1789,10173.7
16384,1790,9744.3
16384,1791,10029.6
16384,1792,9886.0
16384,1793,9335.5
16384,1794,9608.0
16384,1795,9582.6
16384,1796,9359.7
16384,1797,9394.9
16384,1798,9222.9
16384,1799,9359.7
16384,1800,9678.9
16384,1801,9367.0
16384,1802,9510.5
16384,1803,10290.0
16384,1804,10032.0
16384,1805,10925.3
16384,1806,10005.9
16384,1807,9852.1
16384,1808,10067.1
16384,1809,9296.8
16384,1810,9611.1
16384,1811,9442.1
16384,1812,9465.1
16384,1813,9629.8
16384,1814,9279.8
16384,1815,9690.4
16384,1816,9466.3
16384,1817,9820.6
16384,1818,9565.0
16384,1819,9486.9
16384,1820,9450.6
16384,1821,9603.2
16384,1822,9517.8
16384,1823,9378.5
16384,1824,9494.8
16384,1825,10021.1
16384,1826,9291.3
16384,1827,9465.7
16384,1828,9645.0
16384,1829,9608.7
16384,1830,9306.5
16384,1831,9464.5
16384,1832,9472.4
16384,1833,9416.7
16384,1834,9313.7
16384,1835,9643.8
16384,1836,9315.5
16384,1837,9567.5
16384,1838,9597.8
16384,1839,9407.0
16384,1840,9508.1
16384,1841,9370.0
16384,1842,9304.0
16384,1843,9413.6
16384,1844,9539.0
16384,1845,9697.1
16384,1846,9431.8
16384,1847,9559.6
16384,1848,9457.9
16384,1849,9436.1
16384,1850,9529.9
16384,1851,9637.1
16384,1852,9359.1
16384,1853,9399.7
16384,1854,9383.4
16384,1855,9860.6
16384,1856,9967.8
16384,1857,10008.4
16384,1858,9846.7
16384,1859,9414.3
16384,1860,9494.2
16384,1861,9457.9
16384,1862,9344.6
16384,1863,9339.2
16384,1864,9442.1
16384,1865,9447.0
16384,1866,9459.1
16384,1867,9432.4
16384,1868,9326.4
16384,1869,9456.6
16384,1870,9500.2
16384,1871,9626.8
16384,1872,9345.2
16384,1873,9434.2
16384,1874,9457.9
16384,1875,9524.5
16384,1876,9335.5
16384,1877,9585.0
16384,1878,9299.8
16384,1879,9425.2
16384,1880,9490.0
16384,1881,9588.7
16384,1882,9721.9
16384,1883,9638.9
16384,1884,9493.0
16384,1885,9361.0
16384,1886,9443.9
16384,1887,9394.9
16384,1888,9387.6
16384,1889,9494.2
16384,1890,9437.9
16384,1891,9339.8
16384,1892,9379.1
16384,1893,9451.2
16384,1894,10291.2
16384,1895,9305.8
16384,1896,9447.6
16384,1897,9382.2
16384,1898,9281.0
16384,1899,9371.3
16384,1900,9374.9
16384,1901,9413.6
16384,1902,10113.7
16384,1903,9898.1
16384,1904,9849.7
16384,1905,9922.4
16384,1906,9923.0
16384,1907,12366.0
16384,1908,9776.4
16384,1909,9777.6
16384,1910,9788.5
16384,1911,9743.1
16384,1912,9855.1
16384,1913,10088.9
16384,1914,9938.1
16384,1915,9781.9
16384,1916,9880.6
16384,1917,9801.8
16384,1918,9731.6
16384,1919,9843.6
16384,1920,10219.7
16384,1921,9985.9
16384,1922,9935.7
16384,1923,9906.0
16384,1924,9982.3
16384,1925,9933.3
16384,1926,9657.1
16384,1927,9573.5
16384,1928,9417.9
16384,1929,9783.7
16384,1930,9309.5
16384,1931,9750.4
16384,1932,9736.4
16384,1933,9878.2
16384,1934,9993.2
16384,1935,9751.6
16384,1936,9787.9
16384,1937,9924.8
16384,1938,9995.0
16384,1939,9933.3
16384,1940,10256.7
16384,1941,9325.8
16384,1942,9371.3
16384,1943,9307.1
16384,1944,9440.9
16384,1945,9645.0
16384,1946,9562.0
16384,1947,9449.4
16384,1948,9451.8
16384,1949,9371.9
16384,1950,9293.7
16384,1951,9371.3
16384,1952,9471.8
16384,1953,9317.4
16384,1954,9308.9
16384,1955,9609.3
16384,1956,9531.7
16384,1957,9353.1
16384,1958,9152.0
16384,1959,9355.5
16384,1960,9165.3
16384,1961,9313.1
16384,1962,9120.5
16384,1963,9015.2
16384,1964,9118.1
16384,1965,9015.2
16384,1966,9151.4
16384,1967,9110.2
16384,1968,9340.4
16384,1969,9048.5
16384,1970,8957.6
16384,1971,9305.2
16384,1972,9293.1
16384,1973,9284.0
16384,1974,9137.5
16384,1975,9264.1
16384,1976,9007.9
16384,1977,9072.7
16384,1978,9244.7
16384,1979,9058.8
16384,1980,9431.8
16384,1981,9118.7
16384,1982,9173.2
16384,1983,9110.8
16384,1984,9014.5
16384,1985,9434.8
16384,1986,8953.4
16384,1987,9162.3
16384,1988,9090.9
16384,1989,9075.7
16384,1990,9013.3
16384,1991,9448.8
16384,1992,9246.5
16384,1993,9253.2
16384,1994,8989.7
16384,1995,9021.2
16384,1996,9007.3
16384,1997,9073.3
16384,1998,9290.1
16384,1999,9131.4
65536,0,25865.1
65536,1,25787.0
65536,2,25781.5
65536,3,25916.0
65536,4,25782.8
65536,5,25633.2
65536,6,25729.5
65536,7,25707.7
65536,8,26121.3
65536,9,26019.5
65536,10,25770.0
65536,11,25764.0
65536,12,26002.6
65536,13,25589.6
65536,14,25721.0
65536,15,25597.4
65536,16,25717.3
65536,17,25996.5
65536,18,25932.9
65536,19,27662.6
65536,20,25839.1
65536,21,25701.0
65536,22,25803.3
65536,23,25851.8
65536,24,25762.8
65536,25,25650.7
65536,26,25961.4
65536,27,25926.9
65536,28,25625.9
65536,29,25765.2
65536,30,25715.5
65536,31,25628.9
65536,32,25948.1
65536,33,25658.0
65536,34,25583.5
65536,35,25999.0
65536,36,25863.3
65536,37,25811.8
65536,38,25736.1
65536,39,25763.4
65536,40,25836.7
65536,41,25699.2
65536,42,25590.2
65536,43,25709.5
65536,44,25766.4
65536,45,25707.7
65536,46,25780.3
65536,47,25737.9
65536,48,25773.1
65536,49,25850.6
65536,50,27511.8
65536,51,28806.0
65536,52,28627.9
65536,53,28730.3
65536,54,28899.2
65536,55,28798.7
65536,56,28745.4
65536,57,29733.8
65536,58,28214.3
65536,59,26814.7
65536,60,26098.9
65536,61,27272.6
65536,62,28793.9
65536,63,28774.5
65536,64,27435.5
65536,65,25509.6
65536,66,25747.6
65536,67,25594.4
65536,68,25593.8
65536,69,25854.2
65536,70,25776.1
65536,71,25767.0
65536,72,26026.8
65536,73,26010.5
65536,74,25535.7
65536,75,25645.3
65536,76,25688.9
65536,77,25493.9
65536,78,25768.2
65536,79,25597.4
65536,80,25677.4
65536,81,25534.5
65536,82,25874.2
65536,83,25845.7
65536,84,25816.7
65536,85,25561.7
65536,86,25618.0
65536,87,25808.8
65536,88,25584.1
65536,89,25797.3
65536,90,25622.9
65536,91,25742.2
65536,92,25800.9
65536,93,25705.8
65536,94,25670.7
65536,95,26926.2
65536,96,25799.7
65536,97,27241.1
65536,98,27361.0
65536,99,27258.6
65536,100,27270.7
65536,101,27173.2
65536,102,27165.4
65536,103,27139.9
65536,104,26034.1
65536,105,25643.5
65536,106,25799.1
65536,107,25833.0
65536,108,25845.7
65536,109,27121.8
65536,110,27461.5
65536,111,26888.6
65536,112,27193.2
65536,113,27123.0
65536,114,27215.6
65536,115,27216.2
65536,116,26000.2
65536,117,25862.7
65536,118,25811.8
65536,119,25849.4
65536,120,25742.2
65536,121,25606.5
65536,122,25750.7
65536,123,25644.7
65536,124,25885.7
65536,125,25585.9
65536,126,25475.1
65536,127,25800.9
65536,128,25883.3
65536,129,25899.0
65536,130,25796.1
65536,131,25786.4
65536,132,25952.9
65536,133,25682.2
65536,134,25641.6
65536,135,25639.2
65536,136,25841.5
65536,137,25763.4
65536,138,25988.1
65536,139,25691.9
65536,140,25808.8
65536,141,25865.7
65536,142,26091.6
65536,143,26235.8
65536,144,26047.4
65536,145,26238.2
65536,146,26144.9
65536,147,26165.5
65536,148,26014.1
65536,149,26206.7
65536,150,26180.0
65536,151,26041.4
65536,152,26083.7
65536,153,27151.4
65536,154,27695.9
65536,155,27685.0
65536,156,27826.7
65536,157,27503.3
65536,158,27639.6
65536,159,27572.9
65536,160,27666.8
65536,161,27393.7
65536,162,26926.8
65536,163,26266.6
65536,164,26145.5
65536,165,27879.4
65536,166,27475.4
65536,167,27575.4
65536,168,27533.6
65536,169,27677.1
65536,170,26513.7
65536,171,26180.0
65536,172,26204.9
65536,173,25811.8
65536,174,26137.6
65536,175,26123.7
65536,176,26059.5
65536,177,26118.3
65536,178,26122.5
65536,179,26104.3
65536,180,26005.0
65536,181,26198.8
65536,182,26001.4
65536,183,26139.5
65536,184,26178.8
65536,185,26014.7
65536,186,26366.0
65536,187,26386.5
65536,188,26126.1
65536,189,25907.5
65536,190,26314.5
65536,191,25939.6
65536,192,26231.5
65536,193,26211.5
65536,194,25992.3
65536,195,25928.1
65536,196,25739.8
65536,197,26379.9
65536,198,26139.5
65536,199,26127.3
65536,200,26157.0
65536,201,26101.9
65536,202,26371.4
65536,203,26153.4
65536,204,26162.5
65536,205,26132.8
65536,206,26058.3
65536,207,26950.4
65536,208,26332.7
65536,209,26203.0
65536,210,26093.4
65536,211,26170.3
65536,212,26074.1
65536,213,26027.4
65536,214,26070.4
65536,215,26011.1
65536,216,26200.0
65536,217,26174.0
65536,218,26151.0
65536,219,25959.0
65536,220,26075.3
65536,221,25988.7
65536,222,26048.0
65536,223,26105.5
65536,224,26025.0
65536,225,25882.7
65536,226,26056.5
65536,227,25974.7
65536,228,26038.9
65536,229,26286.6
65536,230,26011.7
65536,231,25918.4
65536,232,26202.4
65536,233,25980.8
65536,234,26316.3
65536,235,26049.2
65536,236,26146.1
65536,237,26169.7
65536,238,26149.1
65536,239,26068.6
65536,240,26048.6
65536,241,26046.8
65536,242,26105.5
65536,243,26173.4
65536,244,26094.6
65536,245,29724.7
65536,246,26042.0
65536,247,26180.0
65536,248,26190.3
65536,249,25963.2
65536,250,25793.0
65536,251,25986.8
65536,252,26148.5
65536,253,26173.4
65536,254,25931.1
65536,255,25951.1
65536,256,26305.4
65536,257,26205.5
65536,258,27230.2
65536,259,27660.2
65536,260,27496.6
65536,261,27647.4
65536,262,27516.6
65536,263,27599.6
65536,264,27907.8
65536,265,27783.1
65536,266,29225.7
65536,267,28339.7
65536,268,28028.4
65536,269,29544.2
65536,270,29312.9
65536,271,29101.5
65536,272,28651.5
65536,273,27645.0
65536,274,27202.3
65536,275,26508.9
65536,276,27653.5
65536,277,27622.0
65536,278,27637.7
65536,279,27196.3
65536,280,26135.2
65536,281,30002.1
65536,282,26452.0
65536,283,26025.6
65536,284,26307.2
65536,285,26237.6
65536,286,26120.7
65536,287,26186.7
65536,288,26151.0
65536,289,26094.6
65536,290,26004.4
65536,291,26198.8
65536,292,26053.5
65536,293,26137.6
65536,294,26237.0
65536,295,26155.2
65536,296,26253.9
65536,297,26287.2
65536,298,26154.6
65536,299,25980.2
65536,300,26183.1
65536,301,26240.6
65536,302,26367.8
65536,303,26207.9
65536,304,26214.0
65536,305,26141.3
65536,306,26188.5
65536,307,26209.7
65536,308,26204.3
65536,309,26286.6
65536,310,26233.9
65536,311,26163.1
65536,312,26323.0
65536,313,26368.4
65536,314,27373.1
65536,315,27510.6
65536,316,27870.3
65536,317,27763.7
65536,318,28420.2
65536,319,27804.9
65536,320,27729.8
65536,321,28448.1
65536,322,28426.3
65536,323,27694.7
65536,324,27612.9
65536,325,28008.4
65536,326,27809.1
65536,327,27760.1
65536,328,27836.4
65536,329,27585.7
65536,330,27395.5
65536,331,26511.9
65536,332,27763.1
65536,333,27938.1
65536,334,27779.5
65536,335,27490.6
65536,336,27804.3
65536,337,26676.0
65536,338,26034.7
65536,339,26323.6
65536,340,26307.8
65536,341,26109.2
65536,342,26204.9
65536,343,26318.1
65536,344,26170.3
65536,345,26135.2
65536,346,26086.2
65536,347,26060.7
65536,348,26415.0
65536,349,26252.1
65536,350,26190.3
65536,351,26226.1
65536,352,26363.5
65536,353,25975.3
65536,354,26167.9
65536,355,28014.4
65536,356,27384.0
65536,357,27765.5
65536,358,27843.0
65536,359,27702.5
65536,360,27737.7
65536,361,27800.1
65536,362,28028.4
65536,363,27544.5
65536,364,27715.3
65536,365,27069.7
65536,366,26307.2
65536,367,26710.6
65536,368,27711.0
65536,369,27477.3
65536,370,26597.9
65536,371,26268.5
65536,372,26097.7
65536,373,26144.3
65536,374,26069.2
65536,375,26295.7
65536,376,26117.1
65536,377,26308.4
65536,378,26139.5
65536,379,26072.2
65536,380,26220.6
65536,381,26204.3
65536,382,26059.5
65536,383,26373.8
65536,384,26530.7
65536,385,26059.5
65536,386,26336.3
65536,387,26003.8
65536,388,26167.3
65536,389,26313.9
65536,390,26036.5
65536,391,26109.2
65536,392,28702.4
65536,393,26664.5
65536,394,26452.6
65536,395,26511.9
65536,396,26442.3
65536,397,26164.9
65536,398,26275.7
65536,399,26072.2
65536,400,25943.2
65536,401,25978.4
65536,402,26103.7
65536,403,26163.1
65536,404,26326.0
65536,405,26174.6
65536,406,26162.5
65536,407,26288.4
65536,408,26197.6
65536,409,25988.7
65536,410,26159.4
65536,411,26361.7
65536,412,26143.1
65536,413,26112.8
65536,414,26256.3
65536,415,26237.0
65536,416,26106.8
65536,417,25952.9
65536,418,26482.8
65536,419,26261.2
65536,420,26324.2
65536,421,26351.4
65536,422,26128.0
65536,423,26335.7
65536,424,26272.1
65536,425,26144.9
65536,426,26199.4
65536,427,26140.7
65536,428,26190.9
65536,429,26321.7
65536,430,27113.3
65536,431,26197.6
65536,432,26353.8
65536,433,26377.5
65536,434,26404.7
65536,435,26331.4
65536,436,26107.4
65536,437,26122.5
65536,438,26142.5
65536,439,26119.5
65536,440,26081.3
65536,441,26226.1
65536,442,26413.8
65536,443,26459.8
65536,444,26423.5
65536,445,26208.5
65536,446,26395.6
65536,447,26267.2
65536,448,26172.8
65536,449,26229.7
65536,450,26157.6
65536,451,26224.2
65536,452,26316.3
65536,453,26137.0
65536,454,26036.5
65536,455,26212.1
65536,456,26229.7
65536,457,26433.8
65536,458,26323.6
65536,459,26138.2
65536,460,26290.9
65536,461,26261.2
65536,462,26389.0
65536,463,25959.6
65536,464,26112.8
65536,465,26462.9
65536,466,26146.7
65536,467,27463.9
65536,468,26473.8
65536,469,26488.3
65536,470,26485.9
65536,471,26369.0
65536,472,26186.1
65536,473,26246.7
65536,474,26401.1
65536,475,26444.1
65536,476,26493.7
65536,477,26227.9
65536,478,26214.0
65536,479,26356.9
65536,480,26542.2
65536,481,26192.1
65536,482,26302.4
65536,483,26313.9
65536,484,26171.6
65536,485,26298.7
65536,486,26261.8
65536,487,26312.7
65536,488,26367.8
65536,489,26195.2
65536,490,26375.6
65536,491,26224.2
65536,492,26455.0
65536,493,26261.8
65536,494,27493.0
65536,495,27619.0
65536,496,28159.8
65536,497,27889.1
65536,498,27799.4
65536,499,27858.8
65536,500,27869.1
65536,501,27643.8
65536,502,26097.1
65536,503,26510.7
65536,504,27191.4
65536,505,26206.7
65536,506,26449.5
65536,507,26025.6
65536,508,26305.4
65536,509,26275.1
65536,510,26287.2
65536,511,26272.7
65536,512,26286.0
65536,513,26189.1
65536,514,26368.4
65536,515,26497.4
65536,516,26251.5
65536,517,26486.5
65536,518,26129.2
65536,519,26063.2
65536,520,26422.3
65536,521,26069.2
65536,522,26227.3
65536,523,26427.7
65536,524,26268.5
65536,525,26278.1
65536,526,26336.9
65536,527,26169.7
65536,528,26303.6
65536,529,26388.4
65536,530,26094.0
65536,531,26293.3
65536,532,26212.7
65536,533,26247.3
65536,534,26380.5
65536,535,26239.4
65536,536,26273.9
65536,537,26207.3
65536,538,26321.1
65536,539,26400.5
65536,540,27995.7
65536,541,27694.7
65536,542,28797.5
65536,543,27937.5
65536,544,27954.5
65536,545,27652.3
65536,546,27488.2
65536,547,26331.4
65536,548,26184.9
65536,549,26345.4
65536,550,26327.2
65536,551,26317.5
65536,552,26522.8
65536,553,26233.9
65536,554,26114.6
65536,555,26342.9
65536,556,26685.1
65536,557,26230.3
65536,558,26604.6
65536,559,26290.3
65536,560,26003.2
65536,561,26310.2
65536,562,26383.5
65536,563,26605.2
65536,564,27556.6
65536,565,27680.7
65536,566,27752.8
65536,567,27741.9
65536,568,27799.4
65536,569,27597.8
65536,570,27542.1
65536,571,26809.9
65536,572,26290.9
65536,573,26168.5
65536,574,26362.9
65536,575,26418.0
65536,576,26295.1
65536,577,26124.9
65536,578,26193.4
65536,579,30112.3
65536,580,26366.6
65536,581,26248.5
65536,582,26425.9
65536,583,26061.9
65536,584,26388.4
65536,585,26419.9
65536,586,26471.9
65536,587,26369.6
65536,588,26293.3
65536,589,26365.4
65536,590,26290.3
65536,591,26146.7
65536,592,26256.9
65536,593,26352.6
65536,594,26197.0
65536,595,26110.4
65536,596,26364.7
65536,597,26484.1
65536,598,26366.0
65536,599,26280.0
65536,600,26033.5
65536,601,26177.0
65536,602,26298.7
65536,603,26137.6
65536,604,26432.6
65536,605,26328.4
65536,606,26198.8
65536,607,26341.7
65536,608,26404.1
65536,609,26166.1
65536,610,26321.1
65536,611,26207.9
65536,612,26153.4
65536,613,26390.2
65536,614,26297.5
65536,615,26180.6
65536,616,27078.8
65536,617,26344.2
65536,618,26279.4
65536,619,26247.3
65536,620,26250.3
65536,621,26309.6
65536,622,26410.2
65536,623,26215.2
65536,624,26193.4
65536,625,26267.8
65536,626,26410.2
65536,627,26364.1
65536,628,25956.0
65536,629,26132.8
65536,630,26194.6
65536,631,26520.4
65536,632,26269.1
65536,633,26263.6
65536,634,26350.8
65536,635,26467.1
65536,636,26183.7
65536,637,26109.8
65536,638,26215.8
65536,639,26144.9
65536,640,26399.3
65536,641,25982.6
65536,642,26143.1
65536,643,26347.8
65536,644,26297.5
65536,645,26557.3
65536,646,26184.3
65536,647,26395.6
65536,648,26193.4
65536,649,26022.0
65536,650,26204.3
65536,651,26301.8
65536,652,26207.9
65536,653,26105.5
65536,654,27456.7
65536,655,26453.8
65536,656,27875.8
65536,657,28212.5
65536,658,27600.2
65536,659,27916.3
65536,660,27737.1
65536,661,27927.8
65536,662,27927.8
65536,663,27674.1
65536,664,26033.5
65536,665,26119.5
65536,666,26058.3
65536,667,26457.4
65536,668,26496.2
65536,669,26020.8
65536,670,26155.8
65536,671,26276.9
65536,672,26477.4
65536,673,26144.3
65536,674,26201.8
65536,675,26514.3
65536,676,26328.4
65536,677,26384.7
65536,678,25999.6
65536,679,26423.5
65536,680,26176.4
65536,681,26350.8
65536,682,26298.7
65536,683,26104.9
65536,684,26283.0
65536,685,26101.3
65536,686,26372.6
65536,687,26131.0
65536,688,26085.6
65536,689,26131.6
65536,690,26352.0
65536,691,27594.7
65536,692,26221.8
65536,693,26277.5
65536,694,26255.1
65536,695,26350.2
65536,696,26088.6
65536,697,26187.9
65536,698,26337.5
65536,699,26243.0
65536,700,26300.6
65536,701,26177.0
65536,702,26333.3
65536,703,26323.6
65536,704,26292.7
65536,705,26281.2
65536,706,27576.6
65536,707,27739.5
65536,708,27835.2
65536,709,27932.1
65536,710,27755.8
65536,711,27832.8
65536,712,27507.5
65536,713,26358.7
65536,714,26481.0
65536,715,26310.8
65536,716,26348.4
65536,717,26179.4
65536,718,26415.0
65536,719,26077.1
65536,720,26233.9
65536,721,26284.2
65536,722,26115.8
65536,723,26223.6
65536,724,26252.7
65536,725,26381.1
65536,726,26268.5
65536,727,26594.9
65536,728,26889.8
65536,729,26450.1
65536,730,26460.4
65536,731,27624.4
65536,732,27945.4
65536,733,27526.3
65536,734,27859.4
65536,735,27726.8
65536,736,27919.4
65536,737,27941.2
65536,738,27050.9
65536,739,26232.1
65536,740,26222.4
65536,741,26114.0
65536,742,26344.2
65536,743,26155.8
65536,744,26266.0
65536,745,26188.5
65536,746,26488.3
65536,747,26192.1
65536,748,26395.6
65536,749,26290.9
65536,750,26081.9
65536,751,26132.2
65536,752,26267.8
65536,753,26378.1
65536,754,26449.5
65536,755,27872.7
65536,756,27709.8
65536,757,27739.5
65536,758,27604.4
65536,759,27984.2
65536,760,27688.6
65536,761,27809.1
65536,762,27774.0
65536,763,26875.9
65536,764,26281.8
65536,765,27741.3
65536,766,26467.7
65536,767,26272.7
65536,768,26251.5
65536,769,26238.2
65536,770,26169.7
65536,771,26362.3
65536,772,26406.5
65536,773,26462.3
65536,774,26321.1
65536,775,26270.9
65536,776,26381.1
65536,777,26335.7
65536,778,26427.7
65536,779,26464.7
65536,780,26256.9
65536,781,26031.7
65536,782,26421.1
65536,783,26425.9
65536,784,26373.8
65536,785,26347.8
65536,786,26067.4
65536,787,26281.2
65536,788,26159.4
65536,789,26232.1
65536,790,26137.6
65536,791,26353.8
65536,792,26195.8
65536,793,26096.5
65536,794,26399.3
65536,795,26249.7
65536,796,26272.7
65536,797,26172.8
65536,798,26228.5
65536,799,26209.1
65536,800,26384.7
65536,801,26372.6
65536,802,26946.1
65536,803,26441.7
65536,804,26168.5
65536,805,26265.4
65536,806,26240.6
65536,807,27182.9
65536,808,27957.5
65536,809,27770.4
65536,810,27856.4
65536,811,27564.5
65536,812,27701.3
65536,813,27749.2
65536,814,27722.5
65536,815,27545.7
65536,816,27703.2
65536,817,27817.6
65536,818,26344.8
65536,819,27817.0
65536,820,28019.3
65536,821,27706.8
65536,822,26935.2
65536,823,26363.5
65536,824,26228.5
65536,825,26269.7
65536,826,26260.0
65536,827,25968.1
65536,828,26572.5
65536,829,26389.0
65536,830,26395.0
65536,831,26114.6
65536,832,26230.9
65536,833,26068.6
65536,834,25997.1
65536,835,26306.6
65536,836,26344.8
65536,837,26590.0
65536,838,26352.0
65536,839,29303.8
65536,840,27883.0
65536,841,28006.0
65536,842,27850.9
65536,843,27777.0
65536,844,27750.4
65536,845,26067.4
65536,846,26299.9
65536,847,26361.7
65536,848,26441.7
65536,849,26235.8
65536,850,26296.9
65536,851,26309.0
65536,852,25982.6
65536,853,26468.9
65536,854,26407.1
65536,855,26447.7
65536,856,26480.4
65536,857,26167.3
65536,858,26281.2
65536,859,26043.2
65536,860,26416.8
65536,861,26299.9
65536,862,26243.0
65536,863,26259.4
65536,864,26253.9
65536,865,26315.7
65536,866,26224.9
65536,867,26574.3
65536,868,26367.2
65536,869,26490.7
65536,870,26238.8
65536,871,26081.3
65536,872,26396.8
65536,873,26026.2
65536,874,25749.4
65536,875,25584.7
65536,876,25884.5
65536,877,27000.6
65536,878,26052.9
65536,879,25854.2
65536,880,25734.9
65536,881,26156.4
65536,882,25547.8
65536,883,25919.6
65536,884,25704.0
65536,885,25639.8
65536,886,26906.8
65536,887,27213.2
65536,888,27277.4
65536,889,27319.2
65536,890,27456.7
65536,891,27308.3
65536,892,27676.5
65536,893,27327.7
65536,894,25585.9
65536,895,27580.2
65536,896,26298.7
65536,897,26589.4
65536,898,26472.5
65536,899,26102.5
65536,900,26479.8
65536,901,26650.0
65536,902,26456.2
65536,903,25941.4
65536,904,25858.5
65536,905,25665.9
65536,906,25587.7
65536,907,26021.4
65536,908,26178.2
65536,909,25702.2
65536,910,25890.6
65536,911,25826.4
65536,912,25784.0
65536,913,25684.0
65536,914,27424.0
65536,915,25869.4
65536,916,25869.4
65536,917,25796.1
65536,918,25700.4
65536,919,25630.7
65536,920,25682.2
65536,921,25774.9
65536,922,25704.6
65536,923,25645.3
65536,924,25949.9
65536,925,25793.7
65536,926,25610.8
65536,927,25576.8
65536,928,25714.3
65536,929,25855.4
65536,930,25775.5
65536,931,25761.0
65536,932,25627.1
65536,933,25813.0
65536,934,25424.8
65536,935,25590.2
65536,936,25835.4
65536,937,25698.6
65536,938,25715.5
65536,939,25786.4
65536,940,25616.2
65536,941,25724.0
65536,942,25787.6
65536,943,25685.9
65536,944,25693.7
65536,945,25764.6
65536,946,25599.3
65536,947,25871.2
65536,948,25772.5
65536,949,26020.8
65536,950,25593.8
65536,951,25879.7
65536,952,26706.9
65536,953,25952.9
65536,954,25807.0
65536,955,25711.3
65536,956,25731.9
65536,957,25946.3
65536,958,25848.8
65536,959,25863.3
65536,960,25682.2
65536,961,25632.0
65536,962,25626.5
65536,963,25672.5
65536,964,25598.0
65536,965,25727.6
65536,966,25724.6
65536,967,25843.9
65536,968,25779.7
65536,969,25598.6
65536,970,25733.7
65536,971,25660.4
65536,972,25742.2
65536,973,25624.7
65536,974,25704.6
65536,975,25546.6
65536,976,25811.2
65536,977,25691.9
65536,978,25627.7
65536,979,25811.8
65536,980,26672.4
65536,981,27232.0
65536,982,27265.9
65536,983,27342.8
65536,984,27152.6
65536,985,27306.5
65536,986,27167.2
65536,987,27132.7
65536,988,27126.0
65536,989,26732.4
65536,990,27624.4
65536,991,26240.0
65536,992,27218.1
65536,993,27328.9
65536,994,28555.2
65536,995,27926.0
65536,996,27150.8
65536,997,27052.1
65536,998,27255.6
65536,999,27121.8
65536,1000,27212.6
65536,1001,26938.3
65536,1002,25721.6
65536,1003,25782.8
65536,1004,25734.3
65536,1005,25537.5
65536,1006,25965.0
65536,1007,25724.0
65536,1008,25590.8
65536,1009,25685.9
65536,1010,25584.7
65536,1011,25755.5
65536,1012,25580.5
65536,1013,25659.2
65536,1014,25618.0
65536,1015,25855.4
65536,1016,25585.9
65536,1017,25890.6
65536,1018,25860.3
65536,1019,25614.4
65536,1020,25844.5
65536,1021,25822.1
65536,1022,25607.7
65536,1023,25771.2
65536,1024,25911.7
65536,1025,25775.5
65536,1026,25489.6
65536,1027,25883.9
65536,1028,28390.5
65536,1029,25807.6
65536,1030,25951.7
65536,1031,25703.4
65536,1032,25632.6
65536,1033,25664.1
65536,1034,25654.4
65536,1035,25595.6
65536,1036,28908.9
65536,1037,27287.1
65536,1038,27804.9
65536,1039,28343.3
65536,1040,28063.5
65536,1041,28095.0
65536,1042,27873.3
65536,1043,27817.6
65536,1044,27472.4
65536,1045,27947.2
65536,1046,27605.6
65536,1047,27003.7
65536,1048,26116.4
65536,1049,27611.1
65536,1050,27762.5
65536,1051,27573.6
65536,1052,26309.0
65536,1053,26149.8
65536,1054,26361.7
65536,1055,26180.6
65536,1056,26194.6
65536,1057,25930.5
65536,1058,26133.4
65536,1059,26177.0
65536,1060,25877.2
65536,1061,26137.0
65536,1062,25834.2
65536,1063,25969.9
65536,1064,25990.5
65536,1065,27294.4
65536,1066,26092.2
65536,1067,26202.4
65536,1068,26157.0
65536,1069,25950.5
65536,1070,26232.7
65536,1071,26103.1
65536,1072,26002.0
65536,1073,26035.3
65536,1074,26029.2
65536,1075,26021.4
65536,1076,26028.0
65536,1077,26083.1
65536,1078,26166.1
65536,1079,26123.1
65536,1080,26071.0
65536,1081,26321.1
65536,1082,26003.2
65536,1083,25984.4
65536,1084,26143.1
65536,1085,25858.5
65536,1086,26154.6
65536,1087,25930.5
65536,1088,26123.7
65536,1089,25949.9
65536,1090,26387.2
65536,1091,25990.5
65536,1092,25752.5
65536,1093,26108.0
65536,1094,26147.3
65536,1095,26164.9
65536,1096,26347.2
65536,1097,26017.7
65536,1098,26118.9
65536,1099,25969.9
65536,1100,25964.4
65536,1101,26076.5
65536,1102,26326.0
65536,1103,26938.9
65536,1104,26307.2
65536,1105,26245.4
65536,1106,26163.7
65536,1107,26299.3
65536,1108,25925.1
65536,1109,26182.5
65536,1110,25958.4
65536,1111,26350.8
65536,1112,26167.9
65536,1113,26218.8
65536,1114,26327.2
65536,1115,26011.7
65536,1116,25986.2
65536,1117,26031.1
65536,1118,26263.0
65536,1119,25955.4
65536,1120,26066.2
65536,1121,26145.5
65536,1122,26072.2
65536,1123,26122.5
65536,1124,26080.7
65536,1125,26181.9
65536,1126,26185.5
65536,1127,26089.8
65536,1128,26254.5
65536,1129,26061.3
65536,1130,26222.4
65536,1131,26138.9
65536,1132,26209.7
65536,1133,25970.5
65536,1134,26009.9
65536,1135,26111.6
65536,1136,26213.3
65536,1137,25989.9
65536,1138,26015.3
65536,1139,26140.7
65536,1140,25937.2
65536,1141,27324.6
65536,1142,26218.2
65536,1143,26334.5
65536,1144,25937.2
65536,1145,25999.6
65536,1146,26180.6
65536,1147,26109.8
65536,1148,26406.5
65536,1149,25993.5
65536,1150,26095.3
65536,1151,26171.0
65536,1152,26125.5
65536,1153,25992.9
65536,1154,26176.4
65536,1155,26329.6
65536,1156,26017.1
65536,1157,26072.8
65536,1158,26022.6
65536,1159,26056.5
65536,1160,26390.8
65536,1161,26003.8
65536,1162,26190.9
65536,1163,26046.8
65536,1164,26057.7
65536,1165,25950.5
65536,1166,26122.5
65536,1167,25991.7
65536,1168,26052.3
65536,1169,26596.7
65536,1170,26435.0
65536,1171,26218.8
65536,1172,25869.4
65536,1173,25937.2
65536,1174,25994.1
65536,1175,26271.5
65536,1176,26001.4
65536,1177,25846.9
65536,1178,27662.6
65536,1179,26307.2
65536,1180,26118.3
65536,1181,26284.8
65536,1182,26352.6
65536,1183,26026.8
65536,1184,25995.9
65536,1185,25969.3
65536,1186,26160.1
65536,1187,26144.3
65536,1188,26177.0
65536,1189,26236.4
65536,1190,26150.4
65536,1191,26315.7
65536,1192,26063.2
65536,1193,26144.3
65536,1194,26126.1
65536,1195,26968.5
65536,1196,27858.2
65536,1197,27821.9
65536,1198,27855.8
65536,1199,27560.2
65536,1200,27465.1
65536,1201,27772.2
65536,1202,27688.0
65536,1203,27816.4
65536,1204,27807.9
65536,1205,26327.8
65536,1206,26081.3
65536,1207,27787.9
65536,1208,27454.9
65536,1209,27709.2
65536,1210,26139.5
65536,1211,25959.6
65536,1212,26327.2
65536,1213,26069.2
65536,1214,26490.7
65536,1215,29052.5
65536,1216,28260.3
65536,1217,27649.3
65536,1218,27747.4
65536,1219,27715.3
65536,1220,27760.1
65536,1221,27911.5
65536,1222,27582.0
65536,1223,27399.1
65536,1224,26488.9
65536,1225,26451.4
65536,1226,27674.1
65536,1227,27645.6
65536,1228,27611.1
65536,1229,27640.8
65536,1230,27267.7
65536,1231,26104.3
65536,1232,26157.0
65536,1233,26129.8
65536,1234,26034.1
65536,1235,26175.2
65536,1236,26372.0
65536,1237,26264.2
65536,1238,26364.1
65536,1239,26260.6
65536,1240,26221.2
65536,1241,25973.5
65536,1242,26091.0
65536,1243,26282.4
65536,1244,26170.3
65536,1245,26094.0
65536,1246,26235.8
65536,1247,25949.9
65536,1248,26250.3
65536,1249,26261.2
65536,1250,26143.7
65536,1251,27335.5
65536,1252,28217.9
65536,1253,27729.2
65536,1254,27650.5
65536,1255,27811.0
65536,1256,27565.1
65536,1257,27498.5
65536,1258,26353.8
65536,1259,26135.2
65536,1260,26217.0
65536,1261,26256.3
65536,1262,26379.9
65536,1263,26153.4
65536,1264,26140.7
65536,1265,26015.3
65536,1266,25973.5
65536,1267,26290.9
65536,1268,25949.9
65536,1269,26206.7
65536,1270,26328.4
65536,1271,26281.8
65536,1272,26209.1
65536,1273,26139.5
65536,1274,26066.2
65536,1275,26081.3
65536,1276,26188.5
65536,1277,26021.4
65536,1278,26057.1
65536,1279,26123.1
65536,1280,26190.9
65536,1281,26227.9
65536,1282,26240.0
65536,1283,26272.7
65536,1284,26190.9
65536,1285,26191.5
65536,1286,26168.5
65536,1287,26094.0
65536,1288,25909.9
65536,1289,26415.0
65536,1290,26895.9
65536,1291,26204.3
65536,1292,26304.8
65536,1293,26087.4
65536,1294,26289.7
65536,1295,26149.1
65536,1296,26294.5
65536,1297,26252.7
65536,1298,26083.7
65536,1299,26129.8
65536,1300,26068.0
65536,1301,26232.1
65536,1302,26040.1
65536,1303,26321.1
65536,1304,26040.1
65536,1305,26159.4
65536,1306,26321.7
65536,1307,27394.3
65536,1308,27860.0
65536,1309,28658.8
65536,1310,29378.9
65536,1311,28961.0
65536,1312,29059.1
65536,1313,29144.5
65536,1314,27883.6
65536,1315,27598.4
65536,1316,26396.8
65536,1317,26246.7
65536,1318,26188.5
65536,1319,26355.7
65536,1320,26162.5
65536,1321,25991.1
65536,1322,26177.0
65536,1323,26141.3
65536,1324,26091.6
65536,1325,25964.4
65536,1326,26215.8
65536,1327,27174.5
65536,1328,26054.7
65536,1329,26030.4
65536,1330,26106.8
65536,1331,26392.0
65536,1332,26126.1
65536,1333,26074.7
65536,1334,26016.5
65536,1335,26323.6
65536,1336,26207.9
65536,1337,26120.1
65536,1338,26534.3
65536,1339,26137.0
65536,1340,26238.2
65536,1341,26410.8
65536,1342,26537.3
65536,1343,26379.3
65536,1344,26408.4
65536,1345,26101.9
65536,1346,26035.3
65536,1347,26156.4
65536,1348,26088.6
65536,1349,26353.2
65536,1350,26044.4
65536,1351,26464.7
65536,1352,26147.9
65536,1353,26362.3
65536,1354,26519.2
65536,1355,26120.7
65536,1356,26244.2
65536,1357,26229.7
65536,1358,26129.8
65536,1359,26121.3
65536,1360,26110.4
65536,1361,26163.1
65536,1362,26220.6
65536,1363,26417.4
65536,1364,28772.7
65536,1365,26536.7
65536,1366,26531.3
65536,1367,27493.0
65536,1368,27727.4
65536,1369,27557.8
65536,1370,27854.6
65536,1371,27791.6
65536,1372,28007.2
65536,1373,27608.7
65536,1374,26252.7
65536,1375,26167.3
65536,1376,26290.3
65536,1377,26391.4
65536,1378,26229.7
65536,1379,26287.8
65536,1380,26051.0
65536,1381,26434.4
65536,1382,26141.9
65536,1383,26083.7
65536,1384,26209.1
65536,1385,26284.2
65536,1386,26426.5
65536,1387,26355.7
65536,1388,26449.5
65536,1389,26097.7
65536,1390,26468.9
65536,1391,26129.2
65536,1392,26128.0
65536,1393,26150.4
65536,1394,26131.0
65536,1395,26356.9
65536,1396,26226.7
65536,1397,26473.8
65536,1398,26155.8
65536,1399,26408.4
65536,1400,26109.8
65536,1401,27479.1
65536,1402,26363.5
65536,1403,26352.6
65536,1404,26255.1
65536,1405,26037.7
65536,1406,26356.9
65536,1407,26187.9
65536,1408,26545.8
65536,1409,26221.2
65536,1410,26174.0
65536,1411,26372.0
65536,1412,26246.0
65536,1413,26447.7
65536,1414,26380.5
65536,1415,26283.0
65536,1416,26012.9
65536,1417,26352.0
65536,1418,26524.0
65536,1419,26141.3
65536,1420,26281.8
65536,1421,26317.5
65536,1422,26292.7
65536,1423,26266.0
65536,1424,26177.6
65536,1425,26418.0
65536,1426,26349.6
65536,1427,26336.3
65536,1428,26293.3
65536,1429,26375.6
65536,1430,27738.9
65536,1431,32008.5
65536,1432,27322.8
65536,1433,27057.0
65536,1434,27292.5
65536,1435,27144.8
65536,1436,26928.6
65536,1437,27082.4
65536,1438,31064.9
65536,1439,26685.7
65536,1440,27489.4
65536,1441,27209.6
65536,1442,26456.2
65536,1443,26927.4
65536,1444,26845.0
65536,1445,26466.5
65536,1446,26488.3
65536,1447,26338.7
65536,1448,26325.4
65536,1449,26203.0
65536,1450,26301.8
65536,1451,26144.3
65536,1452,26507.1
65536,1453,26390.8
65536,1454,26458.0
65536,1455,25981.4
65536,1456,26281.2
65536,1457,27148.4
65536,1458,26347.2
65536,1459,27027.3
65536,1460,26458.0
65536,1461,27045.5
65536,1462,26611.8
65536,1463,26453.2
65536,1464,26199.4
65536,1465,26245.4
65536,1466,26271.5
65536,1467,26061.9
65536,1468,26253.3
65536,1469,26100.1
65536,1470,26295.7
65536,1471,26276.3
65536,1472,26591.2
65536,1473,26361.1
65536,1474,26413.2
65536,1475,26385.9
65536,1476,30243.7
65536,1477,26501.6
65536,1478,26288.4
65536,1479,26374.4
65536,1480,26069.8
65536,1481,26101.9
65536,1482,26405.9
65536,1483,26302.4
65536,1484,26485.3
65536,1485,26224.2
65536,1486,26287.2
65536,1487,26060.1
65536,1488,26427.7
65536,1489,26303.6
65536,1490,26089.8
65536,1491,26268.5
65536,1492,26080.7
65536,1493,25745.8
65536,1494,25668.3
65536,1495,25848.2
65536,1496,25821.5
65536,1497,25576.2
65536,1498,26206.7
65536,1499,25789.4
65536,1500,25900.8
65536,1501,25660.4
65536,1502,25777.9
65536,1503,25507.8
65536,1504,25707.7
65536,1505,25648.3
65536,1506,26198.8
65536,1507,26066.8
65536,1508,25735.5
65536,1509,25825.8
65536,1510,25536.9
65536,1511,25708.3
65536,1512,25584.7
65536,1513,25612.0
65536,1514,28996.7
65536,1515,25586.5
65536,1516,25696.8
65536,1517,25593.8
65536,1518,26805.0
65536,1519,27534.2
65536,1520,28333.0
65536,1521,28705.4
65536,1522,28624.3
65536,1523,28965.2
65536,1524,28525.0
65536,1525,28783.0
65536,1526,27501.5
65536,1527,27352.5
65536,1528,27080.6
65536,1529,26105.5
65536,1530,25587.1
65536,1531,26860.1
65536,1532,27225.9
65536,1533,27181.7
65536,1534,27855.2
65536,1535,27056.4
65536,1536,26364.7
65536,1537,25466.6
65536,1538,25695.5
65536,1539,25561.1
65536,1540,25595.6
65536,1541,25657.4
65536,1542,25575.6
65536,1543,25560.5
65536,1544,25599.3
65536,1545,25543.5
65536,1546,25686.5
65536,1547,25635.6
65536,1548,25560.5
65536,1549,25657.4
65536,1550,25599.3
65536,1551,27776.4
65536,1552,26031.7
65536,1553,25831.2
65536,1554,25664.7
65536,1555,25903.9
65536,1556,25569.0
65536,1557,25604.7
65536,1558,25430.3
65536,1559,25741.6
65536,1560,25531.4
65536,1561,25693.1
65536,1562,25523.6
65536,1563,25602.3
65536,1564,25693.1
65536,1565,25860.3
65536,1566,25811.2
65536,1567,25332.8
65536,1568,25616.8
65536,1569,25478.7
65536,1570,25528.4
65536,1571,25650.7
65536,1572,25436.9
65536,1573,25776.1
65536,1574,25641.6
65536,1575,25653.8
65536,1576,25590.8
65536,1577,25856.6
65536,1578,25663.4
65536,1579,26937.1
65536,1580,27161.7
65536,1581,27502.1
65536,1582,27792.8
65536,1583,27716.5
65536,1584,27364.0
65536,1585,27244.7
65536,1586,27176.3
65536,1587,27302.2
65536,1588,25782.8
65536,1589,27052.1
65536,1590,27214.4
65536,1591,27225.3
65536,1592,26856.5
65536,1593,27279.8
65536,1594,25800.9
65536,1595,25492.7
65536,1596,25632.6
65536,1597,25574.4
65536,1598,25590.8
65536,1599,25443.6
65536,1600,25796.1
65536,1601,25840.3
65536,1602,25702.2
65536,1603,25588.4
65536,1604,25516.9
65536,1605,25712.5
65536,1606,25627.7
65536,1607,25618.6
65536,1608,25610.8
65536,1609,25596.8
65536,1610,25638.0
65536,1611,25556.9
65536,1612,25818.5
65536,1613,25788.8
65536,1614,25613.2
65536,1615,25478.1
65536,1616,25671.9
65536,1617,25508.4
65536,1618,25524.8
65536,1619,25650.1
65536,1620,25612.6
65536,1621,25733.7
65536,1622,25581.1
65536,1623,25714.3
65536,1624,25774.3
65536,1625,25738.5
65536,1626,25569.0
65536,1627,27733.4
65536,1628,25979.0
65536,1629,25493.3
65536,1630,25628.9
65536,1631,25513.3
65536,1632,25631.4
65536,1633,25712.5
65536,1634,25419.4
65536,1635,25765.2
65536,1636,25493.3
65536,1637,25696.8
65536,1638,25567.2
65536,1639,25907.5
65536,1640,25606.5
65536,1641,25518.7
65536,1642,25490.2
65536,1643,25455.7
65536,1644,25658.6
65536,1645,25498.1
65536,1646,25553.8
65536,1647,25465.4
65536,1648,26029.2
65536,1649,25682.8
65536,1650,25612.6
65536,1651,25547.2
65536,1652,25518.7
65536,1653,25622.3
65536,1654,25358.2
65536,1655,25741.0
65536,1656,25604.7
65536,1657,25768.8
65536,1658,25850.0
65536,1659,25616.8
65536,1660,25851.8
65536,1661,25996.5
65536,1662,26913.4
65536,1663,27243.5
65536,1664,27172.0
65536,1665,29372.8
65536,1666,27095.7
65536,1667,27124.2
65536,1668,27149.6
65536,1669,26026.2
65536,1670,25492.7
65536,1671,25503.6
65536,1672,25711.9
65536,1673,25467.8
65536,1674,25474.5
65536,1675,25846.3
65536,1676,26060.1
65536,1677,26035.3
65536,1678,25949.9
65536,1679,26069.2
65536,1680,26006.8
65536,1681,25943.8
65536,1682,25914.8
65536,1683,26168.5
65536,1684,26287.8
65536,1685,26179.4
65536,1686,25973.5
65536,1687,25983.8
65536,1688,26076.5
65536,1689,26051.6
65536,1690,26151.0
65536,1691,25998.4
65536,1692,26442.9
65536,1693,26167.9
65536,1694,26752.9
65536,1695,26330.8
65536,1696,26517.4
65536,1697,26270.3
65536,1698,26159.4
65536,1699,26172.2
65536,1700,26217.0
65536,1701,26117.1
65536,1702,25897.2
65536,1703,28082.3
65536,1704,26227.3
65536,1705,25929.9
65536,1706,25975.3
65536,1707,26020.8
65536,1708,26340.5
65536,1709,26195.8
65536,1710,26123.1
65536,1711,25833.0
65536,1712,26162.5
65536,1713,26034.1
65536,1714,26080.7
65536,1715,26213.3
65536,1716,26194.0
65536,1717,26056.5
65536,1718,25880.9
65536,1719,26300.6
65536,1720,26163.1
65536,1721,25973.5
65536,1722,26244.8
65536,1723,26187.9
65536,1724,26234.5
65536,1725,25926.3
65536,1726,25919.0
65536,1727,25971.7
65536,1728,26663.3
65536,1729,26157.0
65536,1730,26133.4
65536,1731,26149.1
65536,1732,26306.0
65536,1733,26204.9
65536,1734,27508.1
65536,1735,27521.5
65536,1736,27643.8
65536,1737,27596.6
65536,1738,27482.1
65536,1739,27505.1
65536,1740,28625.5
65536,1741,26264.2
65536,1742,26129.8
65536,1743,25952.3
65536,1744,26151.6
65536,1745,26130.4
65536,1746,26210.9
65536,1747,26123.7
65536,1748,26155.2
65536,1749,25969.3
65536,1750,26321.7
65536,1751,25991.7
65536,1752,25915.4
65536,1753,26286.0
65536,1754,25960.8
65536,1755,26031.1
65536,1756,26198.8
65536,1757,26152.8
65536,1758,26086.8
65536,1759,26114.0
65536,1760,26295.1
65536,1761,25940.8
65536,1762,26123.7
65536,1763,26212.1
65536,1764,26220.0
65536,1765,26143.7
65536,1766,25928.7
65536,1767,26015.9
65536,1768,26018.3
65536,1769,25940.2
65536,1770,26144.9
65536,1771,25940.2
65536,1772,26128.6
65536,1773,26064.4
65536,1774,26358.7
65536,1775,26123.1
65536,1776,26204.3
65536,1777,26132.8
65536,1778,30292.8
65536,1779,27999.3
65536,1780,27705.0
65536,1781,27649.9
65536,1782,27614.1
65536,1783,27649.3
65536,1784,26562.8
65536,1785,25917.2
65536,1786,26149.8
65536,1787,26049.8
65536,1788,26221.8
65536,1789,25927.5
65536,1790,26292.7
65536,1791,26169.7
65536,1792,26080.7
65536,1793,26194.0
65536,1794,26071.0
65536,1795,26178.8
65536,1796,25888.1
65536,1797,26169.1
65536,1798,26037.7
65536,1799,26209.7
65536,1800,26204.9
65536,1801,26105.5
65536,1802,26343.6
65536,1803,26269.7
65536,1804,26241.2
65536,1805,26295.1
65536,1806,26164.3
65536,1807,26022.0
65536,1808,26058.3
65536,1809,26240.6
65536,1810,26189.7
65536,1811,26356.3
65536,1812,26057.7
65536,1813,26318.1
65536,1814,26170.3
65536,1815,29136.0
65536,1816,27706.2
65536,1817,27600.8
65536,1818,27678.3
65536,1819,27451.8
65536,1820,27617.8
65536,1821,27556.6
65536,1822,26187.3
65536,1823,26208.5
65536,1824,26209.7
65536,1825,26110.4
65536,1826,26064.4
65536,1827,26412.0
65536,1828,26157.6
65536,1829,26230.9
65536,1830,26352.6
65536,1831,26079.5
65536,1832,26138.9
65536,1833,26348.4
65536,1834,26211.5
65536,1835,26072.2
65536,1836,26340.5
65536,1837,25975.9
65536,1838,26043.2
65536,1839,26089.2
65536,1840,26247.9
65536,1841,25991.1
65536,1842,26245.4
65536,1843,25985.6
65536,1844,26158.8
65536,1845,26217.0
65536,1846,26292.1
65536,1847,26416.8
65536,1848,26156.4
65536,1849,25952.3
65536,1850,26378.7
65536,1851,26173.4
65536,1852,26220.6
65536,1853,28436.5
65536,1854,26132.8
65536,1855,26041.4
65536,1856,26256.9
65536,1857,26055.9
65536,1858,26372.6
65536,1859,26227.9
65536,1860,26076.5
65536,1861,26375.0
65536,1862,26026.8
65536,1863,26026.8
65536,1864,26142.5
65536,1865,26214.6
65536,1866,26208.5
65536,1867,26016.5
65536,1868,26198.2
65536,1869,26168.5
65536,1870,26536.1
65536,1871,26229.1
65536,1872,26079.5
65536,1873,26108.0
65536,1874,25972.3
65536,1875,26175.2
65536,1876,26036.5
65536,1877,26155.8
65536,1878,26070.4
65536,1879,26190.3
65536,1880,26214.0
65536,1881,26243.6
65536,1882,26433.2
65536,1883,25980.2
65536,1884,26342.9
65536,1885,26224.2
65536,1886,26194.0
65536,1887,26065.6
65536,1888,26243.6
65536,1889,26078.9
65536,1890,27628.1
65536,1891,26367.8
65536,1892,26149.1
65536,1893,26296.3
65536,1894,26180.6
65536,1895,26192.8
65536,1896,26131.0
65536,1897,26124.9
65536,1898,26269.7
65536,1899,26143.1
65536,1900,26493.1
65536,1901,26109.2
65536,1902,26143.7
65536,1903,26129.2
65536,1904,26089.8
65536,1905,26311.5
65536,1906,26942.5
65536,1907,29285.6
65536,1908,29163.3
65536,1909,29136.0
65536,1910,29419.5
65536,1911,29160.9
65536,1912,29083.3
65536,1913,27508.8
65536,1914,26161.9
65536,1915,26246.0
65536,1916,26652.4
65536,1917,26002.0
65536,1918,26280.6
65536,1919,26181.2
65536,1920,26385.3
65536,1921,26017.7
65536,1922,26024.4
65536,1923,26231.5
65536,1924,26001.4
65536,1925,26273.3
65536,1926,26197.0
65536,1927,28942.2
65536,1928,26688.8
65536,1929,26227.9
65536,1930,27548.1
65536,1931,27455.5
65536,1932,27843.0
65536,1933,27695.9
65536,1934,27757.7
65536,1935,27562.6
65536,1936,27467.6
65536,1937,26274.5
65536,1938,26344.8
65536,1939,26108.0
65536,1940,26009.3
65536,1941,26433.2
65536,1942,26112.2
65536,1943,26359.9
65536,1944,26074.1
65536,1945,26146.1
65536,1946,26193.4
65536,1947,26136.4
65536,1948,26293.9
65536,1949,26292.7
65536,1950,26380.5
65536,1951,26127.3
65536,1952,26395.6
65536,1953,26263.0
65536,1954,27232.0
65536,1955,27973.3
65536,1956,27538.4
65536,1957,27912.7
65536,1958,27421.5
65536,1959,27913.3
65536,1960,27748.0
65536,1961,26465.3
65536,1962,26647.6
65536,1963,27595.4
65536,1964,29844.6
65536,1965,27770.4
65536,1966,27761.3
65536,1967,27807.9
65536,1968,27677.7
65536,1969,26322.4
65536,1970,26192.1
65536,1971,26329.6
65536,1972,26147.3
65536,1973,26155.2
65536,1974,26164.9
65536,1975,26427.7
65536,1976,26151.6
65536,1977,26098.3
65536,1978,26432.0
65536,1979,26290.3
65536,1980,26224.9
65536,1981,26343.6
65536,1982,26336.3
65536,1983,26389.6
65536,1984,26831.1
65536,1985,27994.5
65536,1986,27882.4
65536,1987,28199.8
65536,1988,27534.8
65536,1989,27897.6
65536,1990,27869.1
65536,1991,27753.4
65536,1992,26046.2
65536,1993,26264.2
65536,1994,26435.0
65536,1995,26158.8
65536,1996,26247.9
65536,1997,26326.6
65536,1998,26562.2
65536,1999,26316.3
262144,0,121785.1
262144,1,116480.5
262144,2,116624.7
262144,3,118788.5
262144,4,116732.5
262144,5,116265.5
262144,6,116481.7
262144,7,117134.0
262144,8,116506.6
262144,9,116139.0
262144,10,116433.3
262144,11,118231.4
262144,12,118192.0
262144,13,123019.3
262144,14,121591.9
262144,15,120040.9
262144,16,116456.3
262144,17,116749.4
262144,18,116905.1
262144,19,116790.0
262144,20,119978.6
262144,21,119390.5
262144,22,116597.4
262144,23,117381.7
262144,24,116845.1
262144,25,116507.8
262144,26,116662.8
262144,27,116486.6
262144,28,117810.5
262144,29,116506.6
262144,30,116545.9
262144,31,116696.7
262144,32,116817.9
262144,33,116373.3
262144,34,116426.0
262144,35,116057.2
262144,36,116300.1
262144,37,117427.7
262144,38,116825.1
262144,39,120415.2
262144,40,122208.4
262144,41,116380.6
262144,42,116419.4
262144,43,116599.2
262144,44,116252.2
262144,45,123056.3
262144,46,121837.2
262144,47,116255.3
262144,48,116446.6
262144,49,116366.7
262144,50,116580.5
262144,51,122679.6
262144,52,120368.0
262144,53,116320.7
262144,54,117487.7
262144,55,116679.2
262144,56,116233.4
262144,57,116189.8
262144,58,116300.7
262144,59,117072.2
262144,60,116533.2
262144,61,116723.4
262144,62,118356.7
262144,63,116203.8
262144,64,116634.4
262144,65,116928.7
262144,66,116490.8
262144,67,116724.0
262144,68,116428.5
262144,69,116518.1
262144,70,116943.8
262144,71,117811.1
262144,72,117960.1
262144,73,123517.8
262144,74,122523.9
262144,75,119992.5
262144,76,117944.9
262144,77,116685.2
262144,78,116639.8
262144,79,119845.9
262144,80,116761.5
262144,81,116434.5
262144,82,118178.7
262144,83,123259.2
262144,84,120744.1
262144,85,121978.9
262144,86,116217.1
262144,87,116863.9
262144,88,117054.7
262144,89,116888.1
262144,90,116555.6
262144,91,116526.6
262144,92,116443.6
262144,93,119532.2
262144,94,122789.2
262144,95,120756.2
262144,96,122787.4
262144,97,116319.4
262144,98,118357.9
262144,99,123313.7
262144,100,119793.2
262144,101,116397.6
262144,102,116530.8
262144,103,116691.9
262144,104,118114.5
262144,105,116211.0
262144,106,120532.7
262144,107,122947.3
262144,108,117297.5
262144,109,116708.2
262144,110,116578.0
262144,111,116092.9
262144,112,116744.0
262144,113,118096.9
262144,114,116515.1
262144,115,116677.4
262144,116,116313.4
262144,117,116800.3
262144,118,115896.1
262144,119,116423.0
262144,120,116997.7
262144,121,116704.0
262144,122,116327.9
262144,123,116701.6
262144,124,116691.9
262144,125,116463.6
262144,126,116633.2
262144,127,116341.9
262144,128,116357.6
262144,129,116149.9
262144,130,117851.6
262144,131,116502.3
262144,132,116451.5
262144,133,116432.1
262144,134,116786.4
262144,135,116359.4
262144,136,116151.7
262144,137,116994.1
262144,138,116942.0
262144,139,116732.5
262144,140,116226.8
262144,141,116245.6
262144,142,116630.7
262144,143,123070.2
262144,144,121216.4
262144,145,117326.0
262144,146,116488.4
262144,147,119099.2
262144,148,118285.3
262144,149,123223.4
262144,150,117679.0
262144,151,116829.4
262144,152,116304.3
262144,153,116648.3
262144,154,120910.0
262144,155,124300.8
262144,156,117694.8
262144,157,115913.1
262144,158,116822.7
262144,159,116601.1
262144,160,116092.9
262144,161,116733.7
262144,162,116967.5
262144,163,116776.1
262144,164,118468.8
262144,165,121132.9
262144,166,121992.8
262144,167,118390.0
262144,168,122897.6
262144,169,121738.5
262144,170,118815.8
262144,171,117779.0
262144,172,117654.8
262144,173,117186.7
262144,174,116580.5
262144,175,116755.5
262144,176,116485.4
262144,177,117005.6
262144,178,116802.7
262144,179,117640.9
262144,180,123051.4
262144,181,125321.3
262144,182,116569.0
262144,183,116936.0
262144,184,116780.3
262144,185,116713.1
262144,186,116717.9
262144,187,116869.9
262144,188,116452.1
262144,189,117537.9
262144,190,116717.3
262144,191,120730.7
262144,192,120879.1
262144,193,116610.7
262144,194,116435.1
262144,195,116501.1
262144,196,117362.9
262144,197,124282.0
262144,198,119349.9
262144,199,116699.8
262144,200,116439.4
262144,201,116343.1
262144,202,116797.3
262144,203,116978.4
262144,204,116083.9
262144,205,116383.0
262144,206,117215.1
262144,207,116253.4
262144,208,116552.6
262144,209,120446.7
262144,210,123027.2
262144,211,117439.2
262144,212,116189.2
262144,213,116383.6
262144,214,117573.1
262144,215,116383.6
262144,216,116021.5
262144,217,116772.4
262144,218,116302.5
262144,219,116529.0
262144,220,116914.2
262144,221,116349.1
262144,222,116461.2
262144,223,119383.2
262144,224,116315.8
262144,225,116733.7
262144,226,116444.2
262144,227,116724.0
262144,228,121915.9
262144,229,122933.3
262144,230,116794.2
262144,231,118729.8
262144,232,116248.6
262144,233,116597.4
262144,234,116799.1
262144,235,116643.4
262144,236,116428.5
262144,237,121631.3
262144,238,122211.5
262144,239,119065.9
262144,240,124761.1
262144,241,118852.7
262144,242,116645.9
262144,243,116479.9
262144,244,116548.4
262144,245,118959.3
262144,246,122825.5
262144,247,116980.8
262144,248,117500.4
262144,249,116224.4
262144,250,116501.7
262144,251,116631.3
262144,252,116327.3
262144,253,116546.6
262144,254,116361.2
262144,255,116573.8
262144,256,116908.7
262144,257,117430.7
262144,258,116287.3
262144,259,116894.8
262144,260,116234.7
262144,261,116363.7
262144,262,116544.7
262144,263,116521.1
262144,264,118374.3
262144,265,127242.3
262144,266,122103.0
262144,267,116572.0
262144,268,116458.7
262144,269,116718.5
262144,270,116761.5
262144,271,116248.6
262144,272,116136.6
262144,273,116997.7
262144,274,117222.4
262144,275,116795.5
262144,276,118440.3
262144,277,122600.9
262144,278,121858.4
262144,279,119233.0
262144,280,116258.3
262144,281,116838.5
262144,282,118625.0
262144,283,116177.1
262144,284,116522.3
262144,285,116629.5
262144,286,116304.9
262144,287,116687.7
262144,288,116229.2
262144,289,116183.2
262144,290,122145.4
262144,291,123856.3
262144,292,116334.0
262144,293,116668.9
262144,294,116628.9
262144,295,116894.8
262144,296,116206.2
262144,297,116834.8
262144,298,119918.6
262144,299,123123.5
262144,300,116553.8
262144,301,116609.5
262144,302,116411.5
262144,303,116925.1
262144,304,116407.9
262144,305,116367.9
262144,306,116876.0
262144,307,122822.5
262144,308,120274.1
262144,309,116214.1
262144,310,116263.1
262144,311,116353.4
262144,312,116934.7
262144,313,116564.1
262144,314,116436.3
262144,315,117115.2
262144,316,117792.3
262144,317,116684.6
262144,318,116080.2
262144,319,116556.8
262144,320,116331.0
262144,321,116181.4
262144,322,116049.9
262144,323,116977.1
262144,324,116581.7
262144,325,118370.1
262144,326,122603.3
262144,327,120665.3
262144,328,116370.9
262144,329,116440.0
262144,330,116747.6
262144,331,116928.1
262144,332,116628.9
262144,333,117149.7
262144,334,116487.2
262144,335,116128.1
262144,336,116309.1
262144,337,117273.3
262144,338,122880.7
262144,339,116865.1
262144,340,116722.2
262144,341,115988.2
262144,342,117286.0
262144,343,116658.6
262144,344,116665.9
262144,345,116376.4
262144,346,117009.8
262144,347,117042.5
262144,348,116093.6
262144,349,116679.2
262144,350,117504.6
262144,351,116559.9
262144,352,116764.6
262144,353,116623.5
262144,354,116203.8
262144,355,120533.3
262144,356,123397.2
262144,357,120627.8
262144,358,123090.8
262144,359,118477.8
262144,360,116338.8
262144,361,116578.0
262144,362,116524.7
262144,363,116370.9
262144,364,116336.4
262144,365,116750.0
262144,366,116794.2
262144,367,117156.4
262144,368,116204.4
262144,369,117153.4
262144,370,116414.5
262144,371,116892.4
262144,372,116695.5
262144,373,116213.5
262144,374,116477.5
262144,375,117025.6
262144,376,117551.3
262144,377,116627.7
262144,378,116412.1
262144,379,116900.2
262144,380,116665.9
262144,381,116698.0
262144,382,116412.7
262144,383,116974.7
262144,384,117546.4
262144,385,116215.3
262144,386,116261.3
262144,387,116191.1
262144,388,116533.2
262144,389,122015.2
262144,390,121793.6
262144,391,117438.6
262144,392,122697.2
262144,393,123386.3
262144,394,116532.0
262144,395,116017.2
262144,396,116404.8
262144,397,116552.6
262144,398,115955.5
262144,399,116462.4
262144,400,116683.4
262144,401,117289.0
262144,402,117085.5
262144,403,123269.5
262144,404,121154.7
262144,405,117059.5
262144,406,116572.0
262144,407,116658.0
262144,408,116100.8
262144,409,115855.5
262144,410,117537.3
262144,411,117076.5
262144,412,116411.5
262144,413,116573.2
262144,414,121001.4
262144,415,123003.0
262144,416,118123.6
262144,417,116288.0
262144,418,117411.4
262144,419,116518.7
262144,420,116617.4
262144,421,116651.3
262144,422,116615.6
262144,423,117012.3
262144,424,116169.9
262144,425,117391.4
262144,426,123884.2
262144,427,126527.0
262144,428,126350.8
262144,429,125943.8
262144,430,119284.5
262144,431,119710.9
262144,432,123988.3
262144,433,123565.6
262144,434,132634.0
262144,435,123750.3
262144,436,134650.7
262144,437,119762.4
262144,438,126792.9
262144,439,122928.5
262144,440,118617.1
262144,441,118339.8
262144,442,118554.2
262144,443,120326.8
262144,444,125136.6
262144,445,131025.5
262144,446,124108.2
262144,447,207596.2
262144,448,116208.6
262144,449,113666.3
262144,450,115664.2
262144,451,113587.5
262144,452,112865.0
262144,453,113386.5
262144,454,112841.4
262144,455,113778.3
262144,456,113695.9
262144,457,113356.8
262144,458,113211.4
262144,459,114893.2
262144,460,113179.3
262144,461,112834.1
262144,462,112680.3
262144,463,112781.5
262144,464,115335.3
262144,465,113655.4
262144,466,112975.3
262144,467,113562.1
262144,468,114290.6
262144,469,113161.8
262144,470,116177.1
262144,471,119049.5
262144,472,118998.1
262144,473,119167.0
262144,474,119712.1
262144,475,112948.0
262144,476,115242.1
262144,477,113095.2
262144,478,112888.6
262144,479,113344.7
262144,480,113107.9
262144,481,113000.7
262144,482,113074.0
262144,483,113620.2
262144,484,113328.3
262144,485,114652.2
262144,486,112957.7
262144,487,113596.0
262144,488,119902.9
262144,489,118992.0
262144,490,117017.1
262144,491,115445.5
262144,492,115554.0
262144,493,113533.0
262144,494,115744.7
262144,495,112617.3
262144,496,113322.9
262144,497,113437.9
262144,498,112695.5
262144,499,113109.7
262144,500,112608.2
262144,501,112835.4
262144,502,114823.6
262144,503,113080.0
262144,504,112582.8
262144,505,113912.7
262144,506,114122.3
262144,507,113578.4
262144,508,114024.2
262144,509,113569.4
262144,510,113553.6
262144,511,119910.7
262144,512,122809.8
262144,513,119394.1
262144,514,116261.3
262144,515,116461.2
262144,516,115522.5
262144,517,115819.8
262144,518,115742.3
262144,519,116106.3
262144,520,117851.0
262144,521,115595.1
262144,522,116240.7
262144,523,116255.3
262144,524,116142.6
262144,525,116078.4
262144,526,115716.3
262144,527,115904.0
262144,528,116888.7
262144,529,115308.7
262144,530,115949.4
262144,531,116361.2
262144,532,115768.3
262144,533,115960.9
262144,534,115889.5
262144,535,115792.0
262144,536,115675.7
262144,537,118844.2
262144,538,115718.7
262144,539,116034.2
262144,540,115858.6
262144,541,115666.6
262144,542,115633.3
262144,543,115573.9
262144,544,115412.8
262144,545,118982.9
262144,546,115695.7
262144,547,115615.7
262144,548,116141.4
262144,549,116140.8
262144,550,116158.4
262144,551,116332.2
262144,552,118402.8
262144,553,121517.4
262144,554,120047.6
262144,555,116180.8
262144,556,115663.6
262144,557,116561.1
262144,558,116267.4
262144,559,116239.5
262144,560,115979.1
262144,561,116061.5
262144,562,117402.3
262144,563,116601.1
262144,564,115982.7
262144,565,116274.6
262144,566,115731.4
262144,567,116423.6
262144,568,116464.8
262144,569,116285.5
262144,570,115893.7
262144,571,119288.2
262144,572,116129.3
262144,573,116589.5
262144,574,116142.0
262144,575,116576.2
262144,576,116131.1
262144,577,116218.3
262144,578,116254.0
262144,579,116309.8
262144,580,119829.0
262144,581,116111.1
262144,582,116584.7
262144,583,116749.4
262144,584,116587.1
262144,585,116263.1
262144,586,117026.8
262144,587,121118.9
262144,588,126304.2
262144,589,122396.2
262144,590,116800.3
262144,591,120041.5
262144,592,122301.7
262144,593,116982.0
262144,594,117277.5
262144,595,116633.2
262144,596,119488.6
262144,597,118227.1
262144,598,123706.7
262144,599,117192.7
262144,600,117198.8
262144,601,116458.7
262144,602,116861.5
262144,603,120201.4
262144,604,122727.4
262144,605,119856.8
262144,606,116655.0
262144,607,121022.0
262144,608,117300.5
262144,609,123129.0
262144,610,122353.8
262144,611,116830.6
262144,612,116923.2
262144,613,119340.8
262144,614,117631.8
262144,615,116747.0
262144,616,116701.6
262144,617,117173.4
262144,618,116810.6
262144,619,116294.0
262144,620,116587.1
262144,621,116765.2
262144,622,121042.6
262144,623,116619.8
262144,624,116631.9
262144,625,116530.8
262144,626,119892.0
262144,627,122092.8
262144,628,116489.6
262144,629,116467.8
262144,630,117660.3
262144,631,116473.9
262144,632,116251.6
262144,633,117078.9
262144,634,116765.8
262144,635,117038.9
262144,636,116835.4
262144,637,116481.7
262144,638,116734.3
262144,639,120290.4
262144,640,116449.0
262144,641,118347.0
262144,642,122933.9
262144,643,117964.9
262144,644,117000.8
262144,645,116472.7
262144,646,117109.8
262144,647,119196.7
262144,648,123221.0
262144,649,121808.7
262144,650,120579.3
262144,651,116822.1
262144,652,116527.8
262144,653,116630.7
262144,654,117072.2
262144,655,119434.1
262144,656,116759.1
262144,657,116731.3
262144,658,116831.2
262144,659,116758.5
262144,660,116417.6
262144,661,116582.9
262144,662,116536.3
262144,663,119332.4
262144,664,124907.0
262144,665,116498.1
262144,666,116840.9
262144,667,119411.7
262144,668,122756.5
262144,669,117364.1
262144,670,116601.1
262144,671,116436.9
262144,672,119027.7
262144,673,116501.1
262144,674,116842.1
262144,675,116844.5
262144,676,116604.1
262144,677,116584.1
262144,678,118828.5
262144,679,122817.1
262144,680,117720.8
262144,681,119107.7
262144,682,116627.1
262144,683,116484.2
262144,684,117284.2
262144,685,117160.0
262144,686,116373.3
262144,687,116314.6
262144,688,117109.8
262144,689,121132.3
262144,690,116824.5
262144,691,116711.9
262144,692,116608.9
262144,693,116448.4
262144,694,116533.8
262144,695,116769.4
262144,696,116743.4
262144,697,116726.4
262144,698,117545.8
262144,699,117146.1
262144,700,117071.0
262144,701,116654.3
262144,702,116573.2
262144,703,118410.0
262144,704,117079.5
262144,705,116943.8
262144,706,120251.1
262144,707,117115.8
262144,708,116780.9
262144,709,116745.2
262144,710,116931.1
262144,711,116803.3
262144,712,116476.9
262144,713,116857.8
262144,714,116420.6
262144,715,118810.3
262144,716,116739.1
262144,717,116686.4
262144,718,116957.2
262144,719,116641.6
262144,720,116675.5
262144,721,117788.1
262144,722,123121.7
262144,723,123104.1
262144,724,117232.1
262144,725,117534.3
262144,726,117445.9
262144,727,117886.2
262144,728,116281.9
262144,729,116944.4
262144,730,116393.9
262144,731,116667.1
262144,732,120395.8
262144,733,126174.6
262144,734,123698.8
262144,735,116973.5
262144,736,117359.3
262144,737,116089.3
262144,738,116571.4
262144,739,117235.7
262144,740,120995.4
262144,741,116751.2
262144,742,116326.7
262144,743,118424.6
262144,744,123288.2
262144,745,122792.8
262144,746,114710.9
262144,747,117112.8
262144,748,122024.9
262144,749,118470.0
262144,750,124319.0
262144,751,119979.8
262144,752,114902.3
262144,753,113376.2
262144,754,113546.9
262144,755,118135.7
262144,756,121800.8
262144,757,122609.9
262144,758,114906.6
262144,759,119753.3
262144,760,113400.4
262144,761,113884.9
262144,762,113100.0
262144,763,113917.6
262144,764,114001.8
262144,765,113350.1
262144,766,115276.0
262144,767,113684.4
262144,768,113457.3
262144,769,113596.6
262144,770,113904.3
262144,771,114030.2
262144,772,112960.7
262144,773,113242.9
262144,774,117520.4
262144,775,114070.2
262144,776,113215.7
262144,777,113292.6
262144,778,113956.9
262144,779,113418.0
262144,780,114007.8
262144,781,117295.7
262144,782,119572.2
262144,783,120732.5
262144,784,117731.7
262144,785,113352.5
262144,786,113433.1
262144,787,113359.8
262144,788,113470.0
262144,789,113659.0
262144,790,113305.9
262144,791,113521.5
262144,792,116105.7
262144,793,119866.5
262144,794,121821.4
262144,795,118868.5
262144,796,116096.6
262144,797,116003.9
262144,798,122453.1
262144,799,117555.5
262144,800,116713.7
262144,801,115819.8
262144,802,115947.0
262144,803,119865.9
262144,804,122651.1
262144,805,116315.2
262144,806,115935.5
262144,807,119852.0
262144,808,122645.7
262144,809,116409.7
262144,810,115673.9
262144,811,115856.2
262144,812,115703.5
262144,813,117771.1
262144,814,122247.8
262144,815,121204.3
262144,816,118413.7
262144,817,117010.4
262144,818,115499.4
262144,819,116313.4
262144,820,115837.4
262144,821,115801.0
262144,822,115822.8
262144,823,115407.4
262144,824,115575.8
262144,825,115627.2
262144,826,117559.7
262144,827,115749.0
262144,828,116088.1
262144,829,116421.8
262144,830,116163.2
262144,831,116307.3
262144,832,116076.6
262144,833,116592.6
262144,834,117462.2
262144,835,117818.9
262144,836,122345.3
262144,837,122471.3
262144,838,118750.4
262144,839,115879.2
262144,840,116353.4
262144,841,115976.1
262144,842,116418.2
262144,843,117204.2
262144,844,115761.1
262144,845,116719.8
262144,846,116062.7
262144,847,116479.3
262144,848,116501.7
262144,849,116218.9
262144,850,115666.6
262144,851,119001.1
262144,852,116366.1
262144,853,115988.8
262144,854,115797.4
262144,855,116421.8
262144,856,116971.1
262144,857,122492.5
262144,858,118148.4
262144,859,116360.0
262144,860,119548.6
262144,861,116200.7
262144,862,117175.2
262144,863,122573.6
262144,864,116415.7
262144,865,117225.4
262144,866,116128.1
262144,867,116698.6
262144,868,117648.2
262144,869,116502.3
262144,870,116779.1
262144,871,116472.1
262144,872,117140.1
262144,873,116806.4
262144,874,116767.6
262144,875,116425.4
262144,876,122462.8
262144,877,123259.8
262144,878,118953.9
262144,879,117826.2
262144,880,118389.4
262144,881,118689.2
262144,882,117911.0
262144,883,117466.5
262144,884,119027.7
262144,885,120359.5
262144,886,117860.1
262144,887,116922.0
262144,888,116992.3
262144,889,119763.0
262144,890,122781.3
262144,891,116816.7
262144,892,116357.0
262144,893,119285.7
262144,894,116598.0
262144,895,116891.1
262144,896,116200.7
262144,897,115828.9
262144,898,115467.3
262144,899,116263.1
262144,900,116334.0
262144,901,116060.2
262144,902,117204.2
262144,903,115971.8
262144,904,115816.8
262144,905,116384.2
262144,906,115709.0
262144,907,116045.1
262144,908,115913.1
262144,909,119250.6
262144,910,122983.6
262144,911,120524.8
262144,912,121708.2
262144,913,116463.0
262144,914,116143.8
262144,915,115720.5
262144,916,116653.1
262144,917,115940.9
262144,918,116085.7
262144,919,116969.3
262144,920,115749.6
262144,921,116095.4
262144,922,115796.8
262144,923,116499.9
262144,924,115940.9
262144,925,116109.3
262144,926,118396.7
262144,927,123187.1
262144,928,115844.6
262144,929,116205.6
262144,930,116237.1
262144,931,116287.3
262144,932,116088.1
262144,933,115963.3
262144,934,115867.7
262144,935,118815.2
262144,936,124473.4
262144,937,120364.3
262144,938,120206.3
262144,939,116481.7
262144,940,116530.8
262144,941,116650.7
262144,942,116077.2
262144,943,116673.1
262144,944,117639.1
262144,945,116602.9
262144,946,116400.0
262144,947,116441.8
262144,948,116387.9
262144,949,116676.8
262144,950,116610.7
262144,951,116566.5
262144,952,116521.1
262144,953,117599.1
262144,954,116494.5
262144,955,117130.4
262144,956,116521.7
262144,957,116845.7
262144,958,116165.6
262144,959,116585.3
262144,960,118201.7
262144,961,123709.7
262144,962,121918.3
262144,963,122339.8
262144,964,117138.2
262144,965,117481.6
262144,966,116986.8
262144,967,116374.0
262144,968,117186.7
262144,969,116710.1
262144,970,117689.3
262144,971,119105.9
262144,972,116661.6
262144,973,117136.4
262144,974,123031.5
262144,975,119963.4
262144,976,116859.0
262144,977,116624.1
262144,978,117187.3
262144,979,117170.9
262144,980,116452.7
262144,981,116929.9
262144,982,116264.9
262144,983,120443.1
262144,984,123909.6
262144,985,126935.8
262144,986,123906.6
262144,987,119346.3
262144,988,116498.7
262144,989,116489.0
262144,990,117097.7
262144,991,116659.8
262144,992,116520.5
262144,993,116851.2
262144,994,117028.0
262144,995,119133.1
262144,996,116142.6
262144,997,115395.3
262144,998,113458.5
262144,999,113772.8
262144,1000,114042.9
262144,1001,115878.0
262144,1002,120062.7
262144,1003,119343.9
262144,1004,118135.1
262144,1005,115647.8
262144,1006,113485.8
262144,1007,113790.4
262144,1008,113675.3
262144,1009,117089.8
262144,1010,119202.8
262144,1011,113685.6
262144,1012,114429.9
262144,1013,113840.1
262144,1014,113615.4
262144,1015,113711.1
262144,1016,113755.3
262144,1017,114107.7
262144,1018,114281.0
262144,1019,113867.9
262144,1020,113672.3
262144,1021,115035.5
262144,1022,113776.5
262144,1023,114098.1
262144,1024,114244.6
262144,1025,113579.7
262144,1026,113621.4
262144,1027,114020.5
262144,1028,113784.4
262144,1029,114104.1
262144,1030,115636.9
262144,1031,113974.5
262144,1032,116837.2
262144,1033,122404.6
262144,1034,115945.8
262144,1035,116004.5
262144,1036,115323.8
262144,1037,115936.7
262144,1038,117155.8
262144,1039,115684.2
262144,1040,115772.0
262144,1041,122485.8
262144,1042,118516.6
262144,1043,116328.5
262144,1044,115796.8
262144,1045,115518.8
262144,1046,116049.9
262144,1047,117439.2
262144,1048,115486.1
262144,1049,120942.1
262144,1050,122229.0
262144,1051,116421.8
262144,1052,122487.0
262144,1053,121000.2
262144,1054,115836.8
262144,1055,116732.5
262144,1056,115605.4
262144,1057,115659.3
262144,1058,115794.4
262144,1059,116214.1
262144,1060,115996.7
262144,1061,115583.6
262144,1062,115779.2
262144,1063,115517.6
262144,1064,120549.0
262144,1065,116469.6
262144,1066,116189.2
262144,1067,116054.8
262144,1068,116784.0
262144,1069,115861.6
262144,1070,116102.6
262144,1071,119785.4
262144,1072,124593.3
262144,1073,116715.5
262144,1074,116305.5
262144,1075,116315.8
262144,1076,116555.0
262144,1077,115871.9
262144,1078,115670.8
262144,1079,116604.7
262144,1080,116285.5
262144,1081,117565.2
262144,1082,119408.1
262144,1083,125708.9
262144,1084,122596.0
262144,1085,127514.8
262144,1086,120486.1
262144,1087,113973.3
262144,1088,114135.0
262144,1089,116285.5
262144,1090,113723.2
262144,1091,114039.9
262144,1092,113511.8
262144,1093,115977.9
262144,1094,120411.0
262144,1095,113507.0
262144,1096,113919.4
262144,1097,112988.6
262144,1098,115684.8
262144,1099,113928.5
262144,1100,113791.0
262144,1101,113694.1
262144,1102,113706.2
262144,1103,113470.6
262144,1104,115988.8
262144,1105,120294.1
262144,1106,121129.8
262144,1107,127800.7
262144,1108,114052.0
262144,1109,113806.8
262144,1110,113465.8
262144,1111,113864.3
262144,1112,114047.2
262144,1113,113388.9
262144,1114,114052.6
262144,1115,116366.7
262144,1116,113570.6
262144,1117,114279.7
262144,1118,113629.3
262144,1119,113720.8
262144,1120,113985.4
262144,1121,117410.8
262144,1122,120177.2
262144,1123,114211.9
262144,1124,115311.1
262144,1125,113402.8
262144,1126,114772.7
262144,1127,115817.4
262144,1128,115696.9
262144,1129,120354.6
262144,1130,122318.6
262144,1131,116231.0
262144,1132,119059.2
262144,1133,115687.8
262144,1134,115721.1
262144,1135,116050.6
262144,1136,119119.2
262144,1137,121568.3
262144,1138,115946.4
262144,1139,115761.7
262144,1140,115994.2
262144,1141,118990.2
262144,1142,115308.7
262144,1143,115868.3
262144,1144,115568.5
262144,1145,115504.9
262144,1146,117960.1
262144,1147,121937.1
262144,1148,122447.6
262144,1149,117627.6
262144,1150,117030.4
262144,1151,117844.4
262144,1152,122687.5
262144,1153,121344.2
262144,1154,118808.5
262144,1155,116057.2
262144,1156,115910.1
262144,1157,115705.4
262144,1158,117086.2
262144,1159,115984.5
262144,1160,116459.9
262144,1161,117908.0
262144,1162,122756.5
262144,1163,122156.9
262144,1164,120739.2
262144,1165,116307.3
262144,1166,117286.0
262144,1167,116263.1
262144,1168,115927.0
262144,1169,116367.3
262144,1170,116344.9
262144,1171,116487.8
262144,1172,119125.9
262144,1173,122425.2
262144,1174,122086.1
262144,1175,121260.0
262144,1176,116791.8
262144,1177,115912.5
262144,1178,115898.5
262144,1179,116804.5
262144,1180,118012.1
262144,1181,122931.5
262144,1182,121461.1
262144,1183,121014.2
262144,1184,113611.1
262144,1185,113276.2
262144,1186,114032.0
262144,1187,114110.8
262144,1188,113678.4
262144,1189,117567.0
262144,1190,119953.1
262144,1191,117636.7
262144,1192,122026.1
262144,1193,113980.0
262144,1194,114122.3
262144,1195,113677.2
262144,1196,113998.7
262144,1197,114189.5
262144,1198,113558.5
262144,1199,113782.5
262144,1200,115534.0
262144,1201,113486.4
262144,1202,113728.0
262144,1203,113872.8
262144,1204,113708.6
262144,1205,113676.6
262144,1206,114185.9
262144,1207,113665.0
262144,1208,114015.1
262144,1209,116436.9
262144,1210,113683.2
262144,1211,114104.1
262144,1212,117577.9
262144,1213,120182.6
262144,1214,118985.4
262144,1215,119530.4
262144,1216,113712.9
262144,1217,114164.1
262144,1218,115394.1
262144,1219,114084.7
262144,1220,115728.4
262144,1221,115717.5
262144,1222,115793.2
262144,1223,116052.4
262144,1224,115547.9
262144,1225,115392.3
262144,1226,116589.5
262144,1227,115983.9
262144,1228,115687.8
262144,1229,115983.3
262144,1230,115507.3
262144,1231,116091.7
262144,1232,116341.9
262144,1233,115620.6
262144,1234,116187.4
262144,1235,116834.2
262144,1236,115700.5
262144,1237,115796.8
262144,1238,115752.6
262144,1239,115583.6
262144,1240,116487.8
262144,1241,115300.2
262144,1242,115799.8
262144,1243,121891.1
262144,1244,122226.0
262144,1245,116327.3
262144,1246,118928.4
262144,1247,121546.5
262144,1248,115917.3
262144,1249,116102.6
262144,1250,115782.9
262144,1251,115982.1
262144,1252,117119.5
262144,1253,115988.2
262144,1254,116226.2
262144,1255,116975.3
262144,1256,115899.8
262144,1257,116402.4
262144,1258,116517.5
262144,1259,116057.8
262144,1260,118473.6
262144,1261,116283.1
262144,1262,116095.4
262144,1263,116456.3
262144,1264,116424.2
262144,1265,115936.7
262144,1266,116879.0
262144,1267,116160.8
262144,1268,116644.7
262144,1269,125867.5
262144,1270,121495.0
262144,1271,116149.9
262144,1272,116292.8
262144,1273,116171.1
262144,1274,116177.7
262144,1275,116673.7
262144,1276,115934.9
262144,1277,117567.6
262144,1278,116128.7
262144,1279,116244.3
262144,1280,116309.1
262144,1281,116285.5
262144,1282,116166.2
262144,1283,115925.2
262144,1284,116218.3
262144,1285,115922.2
262144,1286,119710.3
262144,1287,116220.7
262144,1288,116851.2
262144,1289,117433.8
262144,1290,123245.2
262144,1291,119198.5
262144,1292,116673.7
262144,1293,116931.7
262144,1294,117938.2
262144,1295,117196.4
262144,1296,123330.6
262144,1297,116759.1
262144,1298,116606.5
262144,1299,116527.8
262144,1300,116785.2
262144,1301,116866.3
262144,1302,116400.0
262144,1303,117756.0
262144,1304,120308.6
262144,1305,123083.5
262144,1306,118924.8
262144,1307,119871.4
262144,1308,114146.5
262144,1309,113404.6
262144,1310,113866.7
262144,1311,118416.7
262144,1312,121062.6
262144,1313,115595.7
262144,1314,114169.5
262144,1315,113800.7
262144,1316,113670.5
262144,1317,114083.5
262144,1318,113670.5
262144,1319,114095.6
262144,1320,115001.0
262144,1321,115793.8
262144,1322,120346.8
262144,1323,119875.6
262144,1324,124683.0
262144,1325,120984.5
262144,1326,122760.1
262144,1327,140802.6
262144,1328,129813.1
262144,1329,131748.6
262144,1330,124812.0
262144,1331,126240.0
262144,1332,122408.3
262144,1333,126351.4
262144,1334,117757.2
262144,1335,114247.0
262144,1336,120040.3
262144,1337,114051.4
262144,1338,113849.2
262144,1339,113517.3
262144,1340,113602.7
262144,1341,114010.8
262144,1342,114276.1
262144,1343,114240.4
262144,1344,114039.9
262144,1345,117009.8
262144,1346,114078.7
262144,1347,115091.3
262144,1348,115451.6
262144,1349,115234.2
262144,1350,114878.1
262144,1351,115285.1
262144,1352,115285.1
262144,1353,114904.1
262144,1354,118295.6
262144,1355,115499.4
262144,1356,115443.7
262144,1357,115226.3
262144,1358,115266.9
262144,1359,115056.1
262144,1360,115630.3
262144,1361,115370.4
262144,1362,116885.1
262144,1363,114955.0
262144,1364,115407.4
262144,1365,115586.0
262144,1366,115345.0
262144,1367,115348.6
262144,1368,118993.2
262144,1369,121696.1
262144,1370,119604.9
262144,1371,123870.8
262144,1372,115181.5
262144,1373,115683.6
262144,1374,114666.1
262144,1375,115218.4
262144,1376,115614.5
262144,1377,115259.0
262144,1378,114715.2
262144,1379,118419.7
262144,1380,121248.5
262144,1381,123100.5
262144,1382,125753.7
262144,1383,116544.1
262144,1384,115957.9
262144,1385,115231.2
262144,1386,115615.7
262144,1387,116016.6
262144,1388,117017.7
262144,1389,115655.1
262144,1390,115484.3
262144,1391,116511.4
262144,1392,116140.8
262144,1393,116862.1
262144,1394,116449.7
262144,1395,116228.6
262144,1396,119492.3
262144,1397,122667.5
262144,1398,125645.3
262144,1399,129074.3
262144,1400,120005.2
262144,1401,119503.2
262144,1402,116391.5
262144,1403,115780.4
262144,1404,116432.7
262144,1405,116521.7
262144,1406,116234.7
262144,1407,116383.0
262144,1408,115996.0
262144,1409,115897.9
262144,1410,115872.5
262144,1411,116604.1
262144,1412,116291.6
262144,1413,120830.7
262144,1414,115932.5
262144,1415,116221.3
262144,1416,117131.0
262144,1417,116297.6
262144,1418,117038.3
262144,1419,116953.5
262144,1420,116546.6
262144,1421,117126.1
262144,1422,121137.1
262144,1423,116202.6
262144,1424,117081.9
262144,1425,117284.2
262144,1426,116903.9
262144,1427,117223.0
262144,1428,116449.0
262144,1429,116553.8
262144,1430,118999.9
262144,1431,116674.3
262144,1432,116794.9
262144,1433,116583.5
262144,1434,116969.3
262144,1435,117915.8
262144,1436,122886.1
262144,1437,122780.1
262144,1438,124328.1
262144,1439,117340.5
262144,1440,116419.4
262144,1441,116801.5
262144,1442,116439.4
262144,1443,116663.4
262144,1444,116648.3
262144,1445,116392.1
262144,1446,116728.2
262144,1447,121900.2
262144,1448,123542.6
262144,1449,117815.3
262144,1450,116767.0
262144,1451,116283.1
262144,1452,116453.3
262144,1453,119386.9
262144,1454,123142.3
262144,1455,119420.2
262144,1456,116212.9
262144,1457,116565.9
262144,1458,118315.5
262144,1459,116841.5
262144,1460,116369.7
262144,1461,116512.6
262144,1462,116862.1
262144,1463,116667.1
262144,1464,118712.2
262144,1465,116878.4
262144,1466,116629.5
262144,1467,116644.7
262144,1468,117369.0
262144,1469,116646.5
262144,1470,116589.5
262144,1471,116731.9
262144,1472,119328.7
262144,1473,116132.9
262144,1474,116740.3
262144,1475,116773.0
262144,1476,116563.5
262144,1477,116906.3
262144,1478,117017.7
262144,1479,116671.3
262144,1480,116813.6
262144,1481,119636.4
262144,1482,122963.6
262144,1483,117411.4
262144,1484,116435.7
262144,1485,116423.6
262144,1486,116655.6
262144,1487,116700.4
262144,1488,116412.1
262144,1489,118339.8
262144,1490,116471.5
262144,1491,116608.9
262144,1492,116705.2
262144,1493,116148.7
262144,1494,116432.1
262144,1495,116679.8
262144,1496,116746.4
262144,1497,116552.0
262144,1498,120738.6
262144,1499,116919.6
262144,1500,117086.8
262144,1501,119807.8
262144,1502,121906.8
262144,1503,116564.7
262144,1504,116277.1
262144,1505,116972.9
262144,1506,120626.0
262144,1507,116510.2
262144,1508,119425.6
262144,1509,122832.8
262144,1510,122172.7
262144,1511,121286.1
262144,1512,116899.6
262144,1513,116752.5
262144,1514,116412.1
262144,1515,120017.3
262144,1516,116684.6
262144,1517,116473.9
262144,1518,116412.7
262144,1519,116929.3
262144,1520,116364.3
262144,1521,116504.8
262144,1522,116742.2
262144,1523,117408.9
262144,1524,116908.7
262144,1525,117141.9
262144,1526,116355.8
262144,1527,116490.2
262144,1528,116665.9
262144,1529,116229.8
262144,1530,117061.3
262144,1531,116567.7
262144,1532,117639.1
262144,1533,116994.1
262144,1534,116468.4
262144,1535,116424.2
262144,1536,116706.4
262144,1537,117264.8
262144,1538,117742.0
262144,1539,116828.2
262144,1540,120729.5
262144,1541,115286.3
262144,1542,113953.9
262144,1543,113451.9
262144,1544,113705.6
262144,1545,113791.0
262144,1546,113619.6
262144,1547,114095.0
262144,1548,113809.2
262144,1549,117235.7
262144,1550,113963.0
262144,1551,115626.6
262144,1552,120295.3
262144,1553,116049.9
262144,1554,113928.5
262144,1555,115065.8
262144,1556,114595.3
262144,1557,113714.7
262144,1558,116858.4
262144,1559,114214.3
262144,1560,115100.3
262144,1561,114580.7
262144,1562,114076.3
262144,1563,117746.9
262144,1564,120022.8
262144,1565,118698.3
262144,1566,117395.6
262144,1567,113714.1
262144,1568,113875.2
262144,1569,113910.3
262144,1570,113865.5
262144,1571,113516.1
262144,1572,113746.8
262144,1573,113834.0
262144,1574,113798.9
262144,1575,118411.8
262144,1576,113877.0
262144,1577,114413.0
262144,1578,118259.2
262144,1579,122176.3
262144,1580,119578.2
262144,1581,115899.8
262144,1582,115425.6
262144,1583,119813.2
262144,1584,116435.1
262144,1585,115663.0
262144,1586,115555.2
262144,1587,115800.4
262144,1588,115574.5
262144,1589,115428.0
262144,1590,116247.4
262144,1591,115771.4
262144,1592,117382.3
262144,1593,116042.1
262144,1594,115911.3
262144,1595,116043.3
262144,1596,116570.2
262144,1597,121842.0
262144,1598,116416.3
262144,1599,120982.7
262144,1600,125197.1
262144,1601,119311.8
262144,1602,120439.4
262144,1603,115831.3
262144,1604,115689.6
262144,1605,119473.5
262144,1606,122424.6
262144,1607,116565.9
262144,1608,115646.0
262144,1609,119571.6
262144,1610,120792.5
262144,1611,121364.2
262144,1612,116213.5
262144,1613,115740.5
262144,1614,118195.6
262144,1615,122543.9
262144,1616,121848.7
262144,1617,122779.5
262144,1618,116977.7
262144,1619,116272.2
262144,1620,116119.0
262144,1621,116639.2
262144,1622,116043.9
262144,1623,116076.6
262144,1624,115948.8
262144,1625,116266.2
262144,1626,121526.5
262144,1627,116236.5
262144,1628,116674.3
262144,1629,122568.8
262144,1630,121391.5
262144,1631,116393.9
262144,1632,116417.6
262144,1633,116430.3
262144,1634,118529.9
262144,1635,116098.4
262144,1636,116503.6
262144,1637,122505.2
262144,1638,122426.4
262144,1639,121657.9
262144,1640,123397.8
262144,1641,118818.8
262144,1642,117719.0
262144,1643,116267.4
262144,1644,116476.3
262144,1645,116449.0
262144,1646,116566.5
262144,1647,118560.8
262144,1648,127653.5
262144,1649,121807.5
262144,1650,122938.8
262144,1651,119361.4
262144,1652,116904.5
262144,1653,116542.3
262144,1654,116478.1
262144,1655,118100.6
262144,1656,123335.5
262144,1657,117036.5
262144,1658,116815.4
262144,1659,117265.4
262144,1660,116955.9
262144,1661,116193.5
262144,1662,116636.8
262144,1663,117028.6
262144,1664,117271.5
262144,1665,116639.8
262144,1666,116731.3
262144,1667,116220.1
262144,1668,118554.2
262144,1669,117063.7
262144,1670,116714.9
262144,1671,116252.2
262144,1672,116906.3
262144,1673,116446.0
262144,1674,118001.8
262144,1675,117219.4
262144,1676,119112.5
262144,1677,116563.5
262144,1678,124149.4
262144,1679,125697.4
262144,1680,121085.0
262144,1681,121716.1
262144,1682,116841.5
262144,1683,116632.5
262144,1684,116099.0
262144,1685,119043.5
262144,1686,116330.3
262144,1687,116104.5
262144,1688,116944.4
262144,1689,116231.0
262144,1690,116763.4
262144,1691,116816.7
262144,1692,116545.3
262144,1693,118462.7
262144,1694,117100.1
262144,1695,116284.9
262144,1696,116828.2
262144,1697,116907.5
262144,1698,116344.9
262144,1699,116434.5
262144,1700,116639.8
262144,1701,119572.8
262144,1702,126530.7
262144,1703,119461.4
262144,1704,116711.3
262144,1705,116617.4
262144,1706,116701.6
262144,1707,116326.7
262144,1708,117364.7
262144,1709,116769.4
262144,1710,119217.9
262144,1711,117014.7
262144,1712,116648.3
262144,1713,118938.7
262144,1714,122852.8
262144,1715,122367.7
262144,1716,121686.4
262144,1717,121202.5
262144,1718,118126.0
262144,1719,116940.2
262144,1720,116631.9
262144,1721,116998.9
262144,1722,117017.1
262144,1723,116120.2
262144,1724,116660.4
262144,1725,119598.8
262144,1726,122209.0
262144,1727,118463.9
262144,1728,116882.1
262144,1729,117100.7
262144,1730,116598.0
262144,1731,116703.4
262144,1732,116850.6
262144,1733,116679.2
262144,1734,116922.6
262144,1735,117431.4
262144,1736,117135.2
262144,1737,115874.9
262144,1738,116929.9
262144,1739,116524.1
262144,1740,116962.6
262144,1741,115934.3
262144,1742,116506.6
262144,1743,116744.6
262144,1744,117388.4
262144,1745,116745.8
262144,1746,116477.5
262144,1747,116433.9
262144,1748,117082.5
262144,1749,116579.9
262144,1750,116849.4
262144,1751,116687.7
262144,1752,117157.0
262144,1753,116662.2
262144,1754,122520.3
262144,1755,122397.4
262144,1756,120202.6
262144,1757,118587.5
262144,1758,116392.7
262144,1759,120138.4
262144,1760,123404.5
262144,1761,117772.9
262144,1762,116695.5
262144,1763,116645.9
262144,1764,116676.2
262144,1765,117186.7
262144,1766,116183.2
262144,1767,116585.3
262144,1768,117880.7
262144,1769,123279.1
262144,1770,123319.7
262144,1771,118251.4
262144,1772,118697.7
262144,1773,116370.3
262144,1774,116812.4
262144,1775,116612.0
262144,1776,116839.1
262144,1777,116588.3
262144,1778,120595.7
262144,1779,116602.9
262144,1780,116299.5
262144,1781,116552.6
262144,1782,116326.7
262144,1783,116483.6
262144,1784,116476.9
262144,1785,116833.0
262144,1786,117542.2
262144,1787,116162.0
262144,1788,117068.0
262144,1789,116676.8
262144,1790,116761.5
262144,1791,117112.8
262144,1792,116641.0
262144,1793,116745.8
262144,1794,116357.6
262144,1795,117717.2
262144,1796,116975.3
262144,1797,116793.0
262144,1798,116524.7
262144,1799,116636.2
262144,1800,116857.2
262144,1801,116691.3
262144,1802,116619.8
262144,1803,117652.4
262144,1804,117098.9
262144,1805,117029.8
262144,1806,122623.9
262144,1807,123224.0
262144,1808,119455.3
262144,1809,119624.9
262144,1810,116076.0
262144,1811,116830.6
262144,1812,119914.4
262144,1813,116681.6
262144,1814,121188.0
262144,1815,123444.5
262144,1816,120552.7
262144,1817,122807.4
262144,1818,116246.8
262144,1819,116907.5
262144,1820,120076.1
262144,1821,123205.9
262144,1822,116803.9
262144,1823,116362.4
262144,1824,116749.4
262144,1825,116415.1
262144,1826,116168.6
262144,1827,116811.2
262144,1828,116886.3
262144,1829,116482.4
262144,1830,116085.7
262144,1831,118665.6
262144,1832,122536.7
262144,1833,116622.3
262144,1834,116518.7
262144,1835,116105.7
262144,1836,116608.9
262144,1837,126601.5
262144,1838,122710.5
262144,1839,120539.4
262144,1840,117109.8
262144,1841,116664.6
262144,1842,116904.5
262144,1843,116761.5
262144,1844,116264.3
262144,1845,119726.0
262144,1846,116986.8
262144,1847,116863.9
262144,1848,116326.7
262144,1849,116682.8
262144,1850,119882.3
262144,1851,116765.8
262144,1852,116534.4
262144,1853,117822.0
262144,1854,124707.2
262144,1855,122267.8
262144,1856,119712.7
262144,1857,117235.1
262144,1858,116711.9
262144,1859,117026.8
262144,1860,116876.6
262144,1861,116338.2
262144,1862,118403.4
262144,1863,116473.3
262144,1864,116549.6
262144,1865,116930.5
262144,1866,116650.1
262144,1867,116768.2
262144,1868,117306.6
262144,1869,116639.8
262144,1870,116432.7
262144,1871,118252.6
262144,1872,122889.1
262144,1873,122640.2
262144,1874,119920.4
262144,1875,116616.2
262144,1876,116163.8
262144,1877,118755.2
262144,1878,122875.8
262144,1879,124558.8
262144,1880,119024.1
262144,1881,116481.7
262144,1882,116754.9
262144,1883,116805.8
262144,1884,116898.4
262144,1885,117089.2
262144,1886,116420.6
262144,1887,116443.6
262144,1888,118926.0
262144,1889,116635.0
262144,1890,116367.3
262144,1891,116803.9
262144,1892,116794.9
262144,1893,116495.7
262144,1894,116602.9
262144,1895,116542.3
262144,1896,117378.7
262144,1897,124719.9
262144,1898,129084.6
262144,1899,117169.1
262144,1900,116197.7
262144,1901,116630.1
262144,1902,117021.4
262144,1903,119634.0
262144,1904,123657.0
262144,1905,116608.9
262144,1906,116857.8
262144,1907,116463.6
262144,1908,116478.7
262144,1909,116877.8
262144,1910,116237.1
262144,1911,116747.6
262144,1912,118423.3
262144,1913,124878.6
262144,1914,118612.3
262144,1915,116521.1
262144,1916,116441.2
262144,1917,116468.4
262144,1918,118735.8
262144,1919,121477.4
262144,1920,116696.7
262144,1921,117022.0
262144,1922,116660.4
262144,1923,116395.8
262144,1924,116674.3
262144,1925,119811.4
262144,1926,122745.6
262144,1927,116815.4
262144,1928,116473.9
262144,1929,116741.0
262144,1930,117174.0
262144,1931,116556.8
262144,1932,116556.2
262144,1933,116768.8
262144,1934,119148.9
262144,1935,116493.3
262144,1936,116820.9
262144,1937,116422.4
262144,1938,117551.3
262144,1939,116451.5
262144,1940,117992.8
262144,1941,123250.7
262144,1942,121507.7
262144,1943,119972.5
262144,1944,116662.2
262144,1945,116563.5
262144,1946,116795.5
262144,1947,117961.3
262144,1948,116682.2
262144,1949,116722.2
262144,1950,116802.7
262144,1951,116803.3
262144,1952,116500.5
262144,1953,116428.5
262144,1954,116796.7
262144,1955,117295.7
262144,1956,116550.8
262144,1957,116693.7
262144,1958,116384.9
262144,1959,117000.2
262144,1960,116542.9
262144,1961,116800.9
262144,1962,116732.5
262144,1963,116720.4
262144,1964,118197.5
262144,1965,116467.2
262144,1966,116705.8
262144,1967,118517.8
262144,1968,122683.8
262144,1969,117845.0
262144,1970,116814.2
262144,1971,116439.4
262144,1972,118388.8
262144,1973,119665.5
262144,1974,122957.6
262144,1975,121751.8
262144,1976,117720.2
262144,1977,115950.0
262144,1978,116960.2
262144,1979,116573.2
262144,1980,116807.6
262144,1981,120943.9
262144,1982,116371.5
262144,1983,116647.7
262144,1984,117445.9
262144,1985,116743.4
262144,1986,116756.1
262144,1987,116889.3
262144,1988,116854.8
262144,1989,118800.0
262144,1990,116373.3
262144,1991,116560.5
262144,1992,116883.9
262144,1993,114162.3
262144,1994,113964.8
262144,1995,113957.6
262144,1996,113691.1
262144,1997,113531.8
262144,1998,115421.3
262144,1999,115165.1
524288,0,234773.7
524288,1,234633.2
524288,2,237505.0
524288,3,234708.3
524288,4,236796.4
524288,5,247371.6
524288,6,243516.9
524288,7,234539.3
524288,8,246093.8
524288,9,245222.3
524288,10,235955.8
524288,11,235199.4
524288,12,236472.4
524288,13,231103.7
524288,14,231296.9
524288,15,245154.5
524288,16,236908.5
524288,17,230341.8
524288,18,230700.3
524288,19,243744.0
524288,20,231459.2
524288,21,230605.8
524288,22,230357.5
524288,23,231238.7
524288,24,230340.6
524288,25,230084.4
524288,26,231245.4
524288,27,230975.3
524288,28,231659.6
524288,29,239573.8
524288,30,231264.1
524288,31,231719.6
524288,32,231826.2
524288,33,234771.9
524288,34,238621.7
524288,35,242884.6
524288,36,237704.8
524288,37,235442.3
524288,38,235095.3
524288,39,235046.2
524288,40,235493.1
524288,41,234952.9
524288,42,235374.4
524288,43,234209.2
524288,44,249040.1
524288,45,244966.7
524288,46,235528.3
524288,47,234490.2
524288,48,238176.6
524288,49,241812.7
524288,50,235935.2
524288,51,235180.0
524288,52,235581.0
524288,53,235744.5
524288,54,235155.8
524288,55,234859.1
524288,56,242242.1
524288,57,232041.2
524288,58,233604.8
524288,59,247783.4
524288,60,230307.3
524288,61,231788.0
524288,62,230195.2
524288,63,230758.5
524288,64,244654.2
524288,65,236022.4
524288,66,232472.3
524288,67,241939.9
524288,68,231088.5
524288,69,230169.8
524288,70,231539.7
524288,71,231053.4
524288,72,230960.7
524288,73,230512.0
524288,74,242747.2
524288,75,242587.3
524288,76,235409.6
524288,77,234977.8
524288,78,236979.9
524288,79,245828.5
524288,80,234825.8
524288,81,242337.2
524288,82,236176.3
524288,83,235499.8
524288,84,248775.4
524288,85,236204.1
524288,86,246846.0
524288,87,244810.5
524288,88,234564.1
524288,89,234711.9
524288,90,242129.4
524288,91,248998.9
524288,92,242996.7
524288,93,235491.9
524288,94,235447.1
524288,95,237373.0
524288,96,235719.6
524288,97,235413.2
524288,98,235542.2
524288,99,236275.0
524288,100,248240.1
524288,101,243380.0
524288,102,236928.4
524288,103,236588.7
524288,104,252417.0
524288,105,237979.2
524288,106,236364.0
524288,107,259955.1
524288,108,241750.3
524288,109,236259.8
524288,110,237045.3
524288,111,237431.7
524288,112,240645.1
524288,113,236912.7
524288,114,245436.7
524288,115,254162.4
524288,116,244287.9
524288,117,236553.0
524288,118,247630.2
524288,119,238017.9
524288,120,239673.1
524288,121,237270.6
524288,122,245918.2
524288,123,246850.2
524288,124,250290.1
524288,125,237687.9
524288,126,236817.6
524288,127,236945.4
524288,128,237438.4
524288,129,243223.8
524288,130,249158.8
524288,131,237948.9
524288,132,238573.9
524288,133,237441.4
524288,134,237747.8
524288,135,246982.2
524288,136,238400.1
524288,137,236838.8
524288,138,236481.5
524288,139,237426.3
524288,140,245424.0
524288,141,246626.1
524288,142,236670.5
524288,143,237011.4
524288,144,236751.6
524288,145,242566.1
524288,146,243358.8
524288,147,236186.6
524288,148,237146.5
524288,149,237575.8
524288,150,236721.3
524288,151,247474.0
524288,152,244083.8
524288,153,238107.6
524288,154,245590.5
524288,155,236221.1
524288,156,236775.2
524288,157,239741.5
524288,158,236892.1
524288,159,236998.1
524288,160,237648.5
524288,161,247686.6
524288,162,236763.1
524288,163,241986.5
524288,164,240929.7
524288,165,236166.6
524288,166,237277.9
524288,167,237722.4
524288,168,243380.6
524288,169,236677.1
524288,170,237720.0
524288,171,237105.9
524288,172,236063.0
524288,173,237013.8
524288,174,247527.3
524288,175,245559.0
524288,176,237765.4
524288,177,248322.4
524288,178,238206.3
524288,179,236155.7
524288,180,236462.7
524288,181,237734.5
524288,182,248266.1
524288,183,254360.4
524288,184,238088.8
524288,185,236588.1
524288,186,238042.8
524288,187,237219.7
524288,188,247480.0
524288,189,236623.8
524288,190,237615.8
524288,191,236823.1
524288,192,236222.9
524288,193,245809.2
524288,194,255031.4
524288,195,238464.9
524288,196,236581.4
524288,197,237418.4
524288,198,240515.5
524288,199,243785.8
524288,200,244602.8
524288,201,237150.7
524288,202,236858.2
524288,203,236517.2
524288,204,230720.9
524288,205,241846.6
524288,206,231043.1
524288,207,232781.8
524288,208,230856.0
524288,209,230383.6
524288,210,230899.6
524288,211,243695.0
524288,212,231004.3
524288,213,232161.7
524288,214,242282.7
524288,215,231323.5
524288,216,235949.8
524288,217,243925.7
524288,218,231753.5
524288,219,230655.5
524288,220,232648.0
524288,221,232746.1
524288,222,238742.9
524288,223,233784.7
524288,224,231365.9
524288,225,230677.3
524288,226,238966.3
524288,227,239079.0
524288,228,242666.0
524288,229,231013.4
524288,230,230229.8
524288,231,243057.9
524288,232,236265.9
524288,233,236546.3
524288,234,237210.1
524288,235,230759.1
524288,236,240596.6
524288,237,241474.2
524288,238,232238.6
524288,239,230881.4
524288,240,232589.8
524288,241,232921.7
524288,242,231857.6
524288,243,246723.0
524288,244,235857.1
524288,245,235863.8
524288,246,234806.4
524288,247,234439.4
524288,248,234612.0
524288,249,234659.8
524288,250,235421.7
524288,251,234665.9
524288,252,234412.7
524288,253,240407.7
524288,254,237204.0
524288,255,235651.2
524288,256,234592.0
524288,257,234651.3
524288,258,236898.2
524288,259,235523.4
524288,260,235938.3
524288,261,235896.5
524288,262,236439.7
524288,263,235439.2
524288,264,236628.1
524288,265,234994.1
524288,266,235819.6
524288,267,241775.2
524288,268,235598.5
524288,269,235897.1
524288,270,235264.8
524288,271,236214.4
524288,272,234862.1
524288,273,235301.2
524288,274,235225.5
524288,275,235804.4
524288,276,237133.1
524288,277,247483.7
524288,278,236508.2
524288,279,240212.1
524288,280,243351.6
524288,281,236534.2
524288,282,236440.9
524288,283,247385.0
524288,284,237653.4
524288,285,245319.2
524288,286,244844.4
524288,287,237607.9
524288,288,236402.8
524288,289,237033.2
524288,290,236622.6
524288,291,236737.1
524288,292,238024.6
524288,293,237243.4
524288,294,237058.7
524288,295,243622.9
524288,296,240250.8
524288,297,235904.4
524288,298,236344.6
524288,299,246659.4
524288,300,239088.7
524288,301,236567.5
524288,302,236303.5
524288,303,236660.2
524288,304,239172.2
524288,305,245113.9
524288,306,237627.9
524288,307,237815.1
524288,308,245233.2
524288,309,236695.9
524288,310,237045.9
524288,311,236311.9
524288,312,241678.9
524288,313,238593.3
524288,314,237054.4
524288,315,236046.1
524288,316,236244.1
524288,317,238746.5
524288,318,236256.2
524288,319,236970.2
524288,320,238752.6
524288,321,240097.0
524288,322,247842.2
524288,323,237150.7
524288,324,235970.4
524288,325,233465.6
524288,326,230744.5
524288,327,239440.5
524288,328,231388.9
524288,329,237733.3
524288,330,239674.9
524288,331,233666.0
524288,332,230184.9
524288,333,231148.5
524288,334,233197.9
524288,335,242468.0
524288,336,231081.9
524288,337,230053.5
524288,338,242746.6
524288,339,239989.8
524288,340,231663.9
524288,341,230383.0
524288,342,233617.6
524288,343,231581.5
524288,344,236400.4
524288,345,247647.2
524288,346,242743.5
524288,347,245606.3
524288,348,234412.1
524288,349,234974.1
524288,350,235490.7
524288,351,235483.5
524288,352,234469.7
524288,353,233966.4
524288,354,234506.6
524288,355,237642.5
524288,356,235294.5
524288,357,234762.2
524288,358,235138.9
524288,359,236648.7
524288,360,235134.6
524288,361,244311.5
524288,362,238602.4
524288,363,236940.6
524288,364,243058.5
524288,365,235590.6
524288,366,244115.3
524288,367,248151.7
524288,368,237118.6
524288,369,235885.6
524288,370,234956.0
524288,371,235620.3
524288,372,237491.1
524288,373,238943.3
524288,374,246661.9
524288,375,238444.3
524288,376,236898.2
524288,377,236382.8
524288,378,235940.1
524288,379,236652.9
524288,380,237591.6
524288,381,241746.7
524288,382,241710.4
524288,383,244960.7
524288,384,239079.6
524288,385,237085.3
524288,386,236204.1
524288,387,236217.5
524288,388,239344.8
524288,389,246933.8
524288,390,236288.9
524288,391,243474.5
524288,392,241238.6
524288,393,236928.4
524288,394,236625.6
524288,395,236818.8
524288,396,237984.0
524288,397,233665.4
524288,398,232188.3
524288,399,243493.9
524288,400,235246.7
524288,401,233153.7
524288,402,241033.9
524288,403,241231.3
524288,404,235831.7
524288,405,235957.6
524288,406,230955.3
524288,407,230710.6
524288,408,231064.9
524288,409,298184.4
524288,410,231792.2
524288,411,230879.0
524288,412,230747.6
524288,413,231999.4
524288,414,234923.3
524288,415,246374.2
524288,416,236981.7
524288,417,234994.1
524288,418,236423.4
524288,419,241210.1
524288,420,250892.7
524288,421,238593.9
524288,422,235582.2
524288,423,234784.6
524288,424,241602.0
524288,425,239740.9
524288,426,245368.9
524288,427,235645.2
524288,428,235117.7
524288,429,234997.8
524288,430,236179.9
524288,431,235393.8
524288,432,236138.7
524288,433,243166.9
524288,434,237475.9
524288,435,236062.4
524288,436,243749.5
524288,437,250403.9
524288,438,243390.9
524288,439,236921.2
524288,440,235932.8
524288,441,242449.8
524288,442,238209.3
524288,443,236318.6
524288,444,243395.2
524288,445,247335.9
524288,446,236795.2
524288,447,238700.5
524288,448,236848.5
524288,449,236994.5
524288,450,237550.4
524288,451,239112.9
524288,452,238098.5
524288,453,237016.9
524288,454,237149.5
524288,455,237226.4
524288,456,236459.1
524288,457,238005.8
524288,458,253300.6
524288,459,258298.7
524288,460,249845.0
524288,461,243781.6
524288,462,239175.3
524288,463,237315.4
524288,464,232916.9
524288,465,231553.6
524288,466,230915.9
524288,467,231245.4
524288,468,232410.0
524288,469,234261.3
524288,470,239608.9
524288,471,229656.9
524288,472,231064.9
524288,473,228975.5
524288,474,229259.6
524288,475,238306.2
524288,476,241160.5
524288,477,230728.8
524288,478,229082.1
524288,479,228873.8
524288,480,230517.4
524288,481,230081.4
524288,482,233653.3
524288,483,233449.2
524288,484,244395.0
524288,485,243204.4
524288,486,233592.7
524288,487,234348.5
524288,488,233088.3
524288,489,235266.6
524288,490,234352.8
524288,491,235546.4
524288,492,234576.2
524288,493,235502.2
524288,494,234733.7
524288,495,245644.4
524288,496,243443.6
524288,497,237257.9
524288,498,235257.6
524288,499,236256.2
524288,500,239332.1
524288,501,255466.3
524288,502,246145.9
524288,503,236652.3
524288,504,235714.8
524288,505,236123.0
524288,506,236881.8
524288,507,235464.1
524288,508,236135.1
524288,509,246271.2
524288,510,243867.0
524288,511,235539.2
524288,512,235835.9
524288,513,235890.4
524288,514,237453.5
524288,515,236024.9
524288,516,236551.8
524288,517,237338.4
524288,518,238140.9
524288,519,236708.0
524288,520,236258.0
524288,521,237001.7
524288,522,237317.9
524288,523,236666.8
524288,524,237053.2
524288,525,246869.6
524288,526,246801.8
524288,527,239160.1
524288,528,237307.0
524288,529,236802.5
524288,530,237019.9
524288,531,241233.1
524288,532,236741.9
524288,533,237179.8
524288,534,236754.6
524288,535,245562.7
524288,536,240717.2
524288,537,231047.9
524288,538,230584.0
524288,539,243076.6
524288,540,231246.6
524288,541,230716.7
524288,542,230601.6
524288,543,231047.9
524288,544,232297.3
524288,545,240370.7
524288,546,238868.8
524288,547,230376.3
524288,548,232735.8
524288,549,240880.1
524288,550,232932.0
524288,551,242987.6
524288,552,246224.6
524288,553,233710.2
524288,554,234906.3
524288,555,234804.6
524288,556,244267.3
524288,557,246839.3
524288,558,234435.1
524288,559,234658.6
524288,560,236614.7
524288,561,234690.1
524288,562,244376.3
524288,563,243287.4
524288,564,238397.1
524288,565,236089.1
524288,566,247092.4
524288,567,241595.9
524288,568,234386.7
524288,569,237462.0
524288,570,235112.2
524288,571,234930.5
524288,572,235314.5
524288,573,236803.1
524288,574,235201.8
524288,575,235491.9
524288,576,238517.0
524288,577,247238.4
524288,578,235431.4
524288,579,235656.7
524288,580,235223.6
524288,581,236630.5
524288,582,235010.5
524288,583,235630.6
524288,584,235373.8
524288,585,245170.2
524288,586,246453.5
524288,587,237352.4
524288,588,237047.1
524288,589,236648.7
524288,590,240689.9
524288,591,242265.7
524288,592,236998.7
524288,593,236288.3
524288,594,237606.7
524288,595,237417.8
524288,596,237396.0
524288,597,238557.5
524288,598,250005.4
524288,599,244380.5
524288,600,236601.4
524288,601,236656.5
524288,602,239252.8
524288,603,245602.0
524288,604,237704.2
524288,605,236536.6
524288,606,239892.3
524288,607,237087.7
524288,608,236500.3
524288,609,236440.3
524288,610,236517.2
524288,611,238453.4
524288,612,236728.0
524288,613,242276.6
524288,614,238395.2
524288,615,238830.7
524288,616,247579.4
524288,617,253668.2
524288,618,236254.4
524288,619,238645.4
524288,620,248680.4
524288,621,244163.7
524288,622,236817.0
524288,623,237269.4
524288,624,236202.3
524288,625,248060.8
524288,626,258249.7
524288,627,240713.5
524288,628,236722.5
524288,629,237001.1
524288,630,237985.2
524288,631,246553.5
524288,632,236571.1
524288,633,238421.9
524288,634,246995.5
524288,635,240279.9
524288,636,237409.3
524288,637,236264.1
524288,638,245263.5
524288,639,236901.8
524288,640,246096.2
524288,641,237012.0
524288,642,231824.3
524288,643,231692.3
524288,644,231612.4
524288,645,230634.9
524288,646,231535.5
524288,647,230330.3
524288,648,231376.2
524288,649,230988.0
524288,650,230774.2
524288,651,230682.2
524288,652,232050.2
524288,653,241876.9
524288,654,231282.3
524288,655,230246.7
524288,656,233042.8
524288,657,243134.8
524288,658,230561.0
524288,659,234080.9
524288,660,236237.4
524288,661,232264.0
524288,662,234137.8
524288,663,234892.4
524288,664,246835.7
524288,665,238725.3
524288,666,235167.9
524288,667,234678.6
524288,668,236057.6
524288,669,242391.1
524288,670,240470.1
524288,671,234777.3
524288,672,235699.1
524288,673,234664.1
524288,674,238167.5
524288,675,235549.5
524288,676,235639.7
524288,677,244455.0
524288,678,395826.7
524288,679,272703.2
524288,680,272070.9
524288,681,319595.8
524288,682,249855.9
524288,683,254911.5
524288,684,255011.4
524288,685,249771.7
524288,686,244160.1
524288,687,236615.9
524288,688,244328.4
524288,689,249355.6
524288,690,229139.7
524288,691,229898.5
524288,692,229096.1
524288,693,232692.8
524288,694,241018.8
524288,695,236067.9
524288,696,229055.5
524288,697,231605.1
524288,698,229381.3
524288,699,229059.7
524288,700,229182.7
524288,701,228253.6
524288,702,230605.8
524288,703,229331.6
524288,704,235528.9
524288,705,230143.2
524288,706,234315.2
524288,707,236761.9
524288,708,234162.6
524288,709,241872.1
524288,710,235921.3
524288,711,233072.5
524288,712,233826.5
524288,713,233385.0
524288,714,234884.5
524288,715,232984.7
524288,716,234691.3
524288,717,237776.3
524288,718,241215.0
524288,719,237492.9
524288,720,235408.4
524288,721,235227.3
524288,722,235642.7
524288,723,246841.1
524288,724,235967.9
524288,725,234835.4
524288,726,246747.2
524288,727,236387.0
524288,728,235828.0
524288,729,235962.5
524288,730,235633.6
524288,731,239333.9
524288,732,235828.7
524288,733,235961.9
524288,734,234843.3
524288,735,239739.1
524288,736,243636.2
524288,737,235442.3
524288,738,235720.9
524288,739,235550.1
524288,740,238145.7
524288,741,236154.5
524288,742,237303.9
524288,743,237833.2
524288,744,248343.0
524288,745,245368.9
524288,746,237614.6
524288,747,238129.4
524288,748,249475.5
524288,749,241549.9
524288,750,247997.8
524288,751,302160.2
524288,752,239786.9
524288,753,236053.3
524288,754,236165.4
524288,755,236399.7
524288,756,239293.4
524288,757,236354.9
524288,758,237087.1
524288,759,237249.4
524288,760,239552.6
524288,761,236986.0
524288,762,247347.4
524288,763,240009.8
524288,764,246748.5
524288,765,236563.9
524288,766,240640.2
524288,767,241498.4
524288,768,237237.3
524288,769,236764.9
524288,770,237040.5
524288,771,236566.3
524288,772,236896.3
524288,773,240939.4
524288,774,236904.2
524288,775,236454.9
524288,776,236912.1
524288,777,238133.0
524288,778,236362.8
524288,779,236271.4
524288,780,244079.5
524288,781,240510.0
524288,782,236720.1
524288,783,237262.1
524288,784,237039.9
524288,785,240094.0
524288,786,245053.3
524288,787,235724.5
524288,788,237678.2
524288,789,237298.5
524288,790,236201.1
524288,791,236687.4
524288,792,237144.6
524288,793,236630.5
524288,794,238417.6
524288,795,249055.8
524288,796,243794.9
524288,797,247914.3
524288,798,238352.2
524288,799,236689.8
524288,800,237443.2
524288,801,236993.2
524288,802,238649.6
524288,803,237466.8
524288,804,237330.6
524288,805,236317.4
524288,806,237998.0
524288,807,236632.3
524288,808,237346.3
524288,809,235830.5
524288,810,240473.1
524288,811,236853.3
524288,812,233925.8
524288,813,241555.3
524288,814,238064.0
524288,815,233070.1
524288,816,231163.6
524288,817,231514.9
524288,818,230025.1
524288,819,231689.9
524288,820,230497.4
524288,821,231204.8
524288,822,230911.1
524288,823,232530.5
524288,824,231051.6
524288,825,231767.4
524288,826,230826.9
524288,827,231831.6
524288,828,230758.5
524288,829,230645.2
524288,830,242797.4
524288,831,234487.2
524288,832,237150.1
524288,833,233801.1
524288,834,235476.8
524288,835,235527.1
524288,836,235935.2
524288,837,235134.0
524288,838,233967.6
524288,839,235842.0
524288,840,236558.4
524288,841,234516.3
524288,842,234622.9
524288,843,234849.4
524288,844,239392.1
524288,845,235126.7
524288,846,245550.6
524288,847,235815.9
524288,848,234761.6
524288,849,236652.9
524288,850,235470.1
524288,851,236623.8
524288,852,235815.3
524288,853,236806.7
524288,854,236473.0
524288,855,235801.4
524288,856,235981.3
524288,857,246645.5
524288,858,247728.9
524288,859,248075.4
524288,860,242613.9
524288,861,236594.1
524288,862,236268.9
524288,863,235645.2
524288,864,236302.8
524288,865,236863.6
524288,866,236547.5
524288,867,237196.1
524288,868,237411.1
524288,869,236694.1
524288,870,246700.6
524288,871,237363.9
524288,872,237367.5
524288,873,247337.1
524288,874,246782.4
524288,875,236600.2
524288,876,236937.5
524288,877,236058.8
524288,878,239511.4
524288,879,235897.7
524288,880,236807.3
524288,881,237028.4
524288,882,241222.2
524288,883,236332.5
524288,884,236426.4
524288,885,236659.6
524288,886,241187.1
524288,887,241576.5
524288,888,236471.8
524288,889,236241.7
524288,890,238309.2
524288,891,236899.4
524288,892,236396.7
524288,893,236104.2
524288,894,236103.0
524288,895,238172.4
524288,896,236279.2
524288,897,236360.4
524288,898,236627.5
524288,899,238037.9
524288,900,236488.8
524288,901,236430.6
524288,902,236656.5
524288,903,237051.4
524288,904,246742.4
524288,905,246522.0
524288,906,236907.9
524288,907,238196.6
524288,908,236811.6
524288,909,237030.2
524288,910,236659.6
524288,911,237168.3
524288,912,245282.9
524288,913,236120.0
524288,914,236359.2
524288,915,246787.8
524288,916,252933.0
524288,917,239281.9
524288,918,236101.2
524288,919,236758.9
524288,920,237457.8
524288,921,237069.6
524288,922,236686.8
524288,923,236435.5
524288,924,237983.4
524288,925,242234.2
524288,926,240990.9
524288,927,236001.3
524288,928,237745.4
524288,929,236820.6
524288,930,235798.4
524288,931,246993.7
524288,932,249921.9
524288,933,234748.2
524288,934,231962.4
524288,935,230798.4
524288,936,231477.9
524288,937,232866.0
524288,938,230721.5
524288,939,230413.9
524288,940,230972.8
524288,941,231853.4
524288,942,230871.7
524288,943,230114.1
524288,944,230694.9
524288,945,232465.7
524288,946,230704.0
524288,947,230602.8
524288,948,229884.0
524288,949,232944.7
524288,950,230851.1
524288,951,234752.5
524288,952,235505.9
524288,953,238145.7
524288,954,243913.0
524288,955,235726.3
524288,956,234923.3
524288,957,234854.8
524288,958,235935.2
524288,959,234566.6
524288,960,235185.5
524288,961,234868.2
524288,962,236083.0
524288,963,235011.1
524288,964,242213.0
524288,965,237167.1
524288,966,235886.8
524288,967,243473.3
524288,968,248524.1
524288,969,236331.3
524288,970,236155.7
524288,971,237337.2
524288,972,236879.4
524288,973,235769.3
524288,974,235571.3
524288,975,237709.7
524288,976,236073.3
524288,977,235390.2
524288,978,241539.0
524288,979,252177.2
524288,980,243690.7
524288,981,235617.3
524288,982,235674.8
524288,983,236629.3
524288,984,236319.2
524288,985,236884.8
524288,986,238521.2
524288,987,248238.9
524288,988,237139.2
524288,989,252268.0
524288,990,248036.0
524288,991,245999.3
524288,992,237304.5
524288,993,236881.2
524288,994,237174.9
524288,995,236103.6
524288,996,238142.1
524288,997,238186.3
524288,998,252521.2
524288,999,269272.4
524288,1000,260206.4
524288,1001,273878.7
524288,1002,253429.0
524288,1003,266782.1
524288,1004,255482.6
524288,1005,259752.2
524288,1006,251692.1
524288,1007,250384.6
524288,1008,263324.7
524288,1009,239244.3
524288,1010,247866.4
524288,1011,240194.5
524288,1012,229810.7
524288,1013,229591.4
524288,1014,228678.8
524288,1015,228846.5
524288,1016,231570.6
524288,1017,235144.9
524288,1018,238283.2
524288,1019,229564.8
524288,1020,231441.6
524288,1021,229321.3
524288,1022,228781.7
524288,1023,239099.6
524288,1024,230920.8
524288,1025,228649.1
524288,1026,228467.4
524288,1027,229255.3
524288,1028,229452.2
524288,1029,231299.3
524288,1030,229024.6
524288,1031,239845.1
524288,1032,238772.5
524288,1033,231869.8
524288,1034,228812.0
524288,1035,230059.0
524288,1036,228849.6
524288,1037,230452.0
524288,1038,229976.0
524288,1039,240387.1
524288,1040,242504.3
524288,1041,238750.1
524288,1042,235686.3
524288,1043,234857.9
524288,1044,234924.5
524288,1045,245786.1
524288,1046,245756.5
524288,1047,234449.1
524288,1048,234718.0
524288,1049,235344.8
524288,1050,239337.0
524288,1051,235032.9
524288,1052,235614.9
524288,1053,235315.7
524288,1054,238100.3
524288,1055,235545.2
524288,1056,236226.5
524288,1057,234954.1
524288,1058,244858.3
524288,1059,236930.3
524288,1060,235702.1
524288,1061,235410.8
524288,1062,239982.6
524288,1063,236133.9
524288,1064,235886.8
524288,1065,241519.6
524288,1066,245706.8
524288,1067,237205.2
524288,1068,236292.6
524288,1069,243980.8
524288,1070,243831.2
524288,1071,236557.8
524288,1072,237185.8
524288,1073,236087.9
524288,1074,236745.6
524288,1075,237207.6
524288,1076,247707.1
524288,1077,248667.6
524288,1078,237339.7
524288,1079,237769.6
524288,1080,237136.8
524288,1081,236027.9
524288,1082,236633.5
524288,1083,244155.2
524288,1084,236899.4
524288,1085,236493.0
524288,1086,236503.3
524288,1087,242768.4
524288,1088,242727.2
524288,1089,235994.0
524288,1090,236430.6
524288,1091,235805.0
524288,1092,241228.3
524288,1093,237129.5
524288,1094,235745.1
524288,1095,235852.9
524288,1096,248195.9
524288,1097,237299.7
524288,1098,236102.4
524288,1099,236707.4
524288,1100,244318.1
524288,1101,238607.8
524288,1102,236660.8
524288,1103,246282.7
524288,1104,246783.6
524288,1105,236299.2
524288,1106,236393.1
524288,1107,236462.1
524288,1108,237600.1
524288,1109,235993.4
524288,1110,236503.9
524288,1111,236949.0
524288,1112,238094.9
524288,1113,237349.3
524288,1114,245252.0
524288,1115,245881.8
524288,1116,237435.3
524288,1117,240964.9
524288,1118,236600.8
524288,1119,236402.8
524288,1120,236572.3
524288,1121,238450.4
524288,1122,244352.7
524288,1123,239404.2
524288,1124,236757.7
524288,1125,239839.0
524288,1126,237135.0
524288,1127,238187.5
524288,1128,246279.1
524288,1129,237480.2
524288,1130,236277.4
524288,1131,236884.2
524288,1132,236411.3
524288,1133,237440.8
524288,1134,236685.0
524288,1135,237219.1
524288,1136,243231.1
524288,1137,246622.5
524288,1138,238366.8
524288,1139,236776.4
524288,1140,236702.6
524288,1141,239227.4
524288,1142,242931.3
524288,1143,236454.9
524288,1144,237113.8
524288,1145,236311.9
524288,1146,237851.4
524288,1147,256629.0
524288,1148,240915.2
524288,1149,241221.6
524288,1150,240215.1
524288,1151,240473.7
524288,1152,242511.6
524288,1153,233918.6
524288,1154,232744.9
524288,1155,230286.1
524288,1156,229786.5
524288,1157,230527.1
524288,1158,230266.7
524288,1159,237128.3
524288,1160,234733.1
524288,1161,230453.8
524288,1162,230031.7
524288,1163,231379.8
524288,1164,230863.2
524288,1165,240915.8
524288,1166,230710.0
524288,1167,231946.1
524288,1168,232456.0
524288,1169,248217.1
524288,1170,241896.3
524288,1171,235878.9
524288,1172,235469.5
524288,1173,234754.9
524288,1174,234661.0
524288,1175,235480.4
524288,1176,245155.7
524288,1177,243893.6
524288,1178,235201.2
524288,1179,234467.2
524288,1180,237231.9
524288,1181,234198.3
524288,1182,235137.6
524288,1183,234940.8
524288,1184,245594.2
524288,1185,244099.5
524288,1186,236489.4
524288,1187,235494.4
524288,1188,237525.6
524288,1189,235479.2
524288,1190,245232.6
524288,1191,242117.9
524288,1192,247358.3
524288,1193,243813.7
524288,1194,236068.5
524288,1195,236090.9
524288,1196,236602.0
524288,1197,235711.2
524288,1198,235531.3
524288,1199,242440.7
524288,1200,244068.0
524288,1201,238346.8
524288,1202,236225.3
524288,1203,235733.0
524288,1204,236737.1
524288,1205,237768.4
524288,1206,236787.3
524288,1207,237291.2
524288,1208,237513.5
524288,1209,239260.7
524288,1210,246655.8
524288,1211,236220.5
524288,1212,241227.1
524288,1213,245064.9
524288,1214,237102.9
524288,1215,236876.4
524288,1216,235897.1
524288,1217,237620.1
524288,1218,244493.8
524288,1219,236319.2
524288,1220,237027.8
524288,1221,236976.3
524288,1222,247428.6
524288,1223,237041.1
524288,1224,236533.0
524288,1225,236265.3
524288,1226,243463.0
524288,1227,241338.5
524288,1228,247026.4
524288,1229,236782.5
524288,1230,239448.4
524288,1231,237039.3
524288,1232,236912.7
524288,1233,235980.7
524288,1234,231011.0
524288,1235,230440.5
524288,1236,231283.5
524288,1237,231499.1
524288,1238,231005.6
524288,1239,230499.9
524288,1240,231127.9
524288,1241,231854.6
524288,1242,231260.5
524288,1243,234430.9
524288,1244,231351.4
524288,1245,231010.4
524288,1246,230480.5
524288,1247,234526.6
524288,1248,243843.9
524288,1249,236872.7
524288,1250,230450.2
524288,1251,232410.6
524288,1252,232740.0
524288,1253,234069.3
524288,1254,235281.2
524288,1255,236768.6
524288,1256,235528.9
524288,1257,234486.0
524288,1258,235244.2
524288,1259,245308.9
524288,1260,255802.4
524288,1261,238583.6
524288,1262,233912.5
524288,1263,235045.6
524288,1264,237666.1
524288,1265,234605.3
524288,1266,234386.1
524288,1267,234656.8
524288,1268,236878.2
524288,1269,241977.4
524288,1270,235343.0
524288,1271,243868.2
524288,1272,236540.2
524288,1273,235794.1
524288,1274,235803.8
524288,1275,234770.0
524288,1276,243800.9
524288,1277,246968.9
524288,1278,236259.8
524288,1279,235262.4
524288,1280,236542.1
524288,1281,238523.6
524288,1282,234807.6
524288,1283,235873.5
524288,1284,235579.7
524288,1285,237202.8
524288,1286,236487.0
524288,1287,246628.5
524288,1288,237468.7
524288,1289,237578.3
524288,1290,237094.4
524288,1291,236464.5
524288,1292,236322.2
524288,1293,239470.2
524288,1294,236801.3
524288,1295,236553.6
524288,1296,236594.1
524288,1297,239115.3
524288,1298,236814.6
524288,1299,236301.0
524288,1300,237107.7
524288,1301,247603.6
524288,1302,250221.6
524288,1303,238421.3
524288,1304,247715.0
524288,1305,235824.4
524288,1306,237855.6
524288,1307,237140.4
524288,1308,236841.8
524288,1309,242435.3
524288,1310,243899.7
524288,1311,236717.7
524288,1312,236515.4
524288,1313,242894.3
524288,1314,246699.4
524288,1315,237131.9
524288,1316,236062.4
524288,1317,236879.4
524288,1318,238461.3
524288,1319,248097.2
524288,1320,244226.1
524288,1321,238054.9
524288,1322,241934.4
524288,1323,236765.5
524288,1324,237766.6
524288,1325,236649.9
524288,1326,237001.1
524288,1327,237921.7
524288,1328,236643.2
524288,1329,236307.7
524288,1330,239488.4
524288,1331,244731.2
524288,1332,238432.8
524288,1333,236186.0
524288,1334,236442.7
524288,1335,241342.2
524288,1336,237101.7
524288,1337,245078.2
524288,1338,236156.3
524288,1339,242019.2
524288,1340,243057.2
524288,1341,236640.8
524288,1342,242513.4
524288,1343,247795.6
524288,1344,239103.8
524288,1345,236305.3
524288,1346,236482.1
524288,1347,237393.6
524288,1348,236261.7
524288,1349,236245.3
524288,1350,238477.0
524288,1351,243613.8
524288,1352,238123.3
524288,1353,236147.8
524288,1354,246115.0
524288,1355,245645.6
524288,1356,238596.9
524288,1357,236445.8
524288,1358,236800.1
524288,1359,236956.3
524288,1360,246788.4
524288,1361,236221.7
524288,1362,236377.3
524288,1363,236528.1
524288,1364,238165.1
524288,1365,244662.7
524288,1366,238312.9
524288,1367,237059.9
524288,1368,249120.6
524288,1369,237008.4
524288,1370,236708.6
524288,1371,236169.6
524288,1372,237907.7
524288,1373,235255.7
524288,1374,230949.2
524288,1375,230528.3
524288,1376,230811.8
524288,1377,232380.9
524288,1378,230826.3
524288,1379,230288.5
524288,1380,231037.0
524288,1381,232327.6
524288,1382,242974.3
524288,1383,238274.1
524288,1384,230788.1
524288,1385,232450.5
524288,1386,241608.0
524288,1387,236877.6
524288,1388,232082.9
524288,1389,255737.6
524288,1390,245857.0
524288,1391,235005.0
524288,1392,235144.9
524288,1393,235248.5
524288,1394,246118.6
524288,1395,240516.1
524288,1396,237858.7
524288,1397,241149.6
524288,1398,237682.4
524288,1399,235679.7
524288,1400,235324.8
524288,1401,234541.1
524288,1402,254144.2
524288,1403,250042.4
524288,1404,235178.2
524288,1405,234730.7
524288,1406,237634.6
524288,1407,235509.5
524288,1408,235915.3
524288,1409,235501.6
524288,1410,246449.9
524288,1411,242880.4
524288,1412,245882.4
524288,1413,246857.5
524288,1414,248325.5
524288,1415,236249.6
524288,1416,235685.1
524288,1417,235265.4
524288,1418,235573.7
524288,1419,248235.8
524288,1420,244055.3
524288,1421,236384.6
524288,1422,235811.1
524288,1423,237328.8
524288,1424,236493.6
524288,1425,236209.6
524288,1426,235808.1
524288,1427,236819.4
524288,1428,237456.5
524288,1429,236084.2
524288,1430,246886.5
524288,1431,246147.1
524288,1432,236412.5
524288,1433,236853.3
524288,1434,237325.1
524288,1435,238381.3
524288,1436,237101.7
524288,1437,236603.8
524288,1438,236672.3
524288,1439,236032.1
524288,1440,239494.4
524288,1441,237016.3
524288,1442,246437.2
524288,1443,246546.8
524288,1444,248684.6
524288,1445,236153.9
524288,1446,237019.9
524288,1447,522360.4
524288,1448,252086.3
524288,1449,242620.6
524288,1450,236403.4
524288,1451,239807.5
524288,1452,236867.9
524288,1453,279515.1
524288,1454,238186.3
524288,1455,242028.9
524288,1456,237109.5
524288,1457,245919.4
524288,1458,236264.1
524288,1459,248576.8
524288,1460,248132.3
524288,1461,244007.5
524288,1462,237515.3
524288,1463,237876.2
524288,1464,237071.4
524288,1465,236907.9
524288,1466,236627.5
524288,1467,244670.6
524288,1468,247778.0
524288,1469,238105.8
524288,1470,237067.7
524288,1471,239449.6
524288,1472,237366.9
524288,1473,236014.0
524288,1474,242327.5
524288,1475,511254.7
524288,1476,237910.1
524288,1477,245754.6
524288,1478,244929.2
524288,1479,240591.2
524288,1480,271358.1
524288,1481,244716.6
524288,1482,245542.1
524288,1483,237256.7
524288,1484,237068.9
524288,1485,247693.2
524288,1486,237861.1
524288,1487,248578.6
524288,1488,244896.5
524288,1489,236963.0
524288,1490,236741.3
524288,1491,238613.9
524288,1492,236918.8
524288,1493,243824.6
524288,1494,238189.9
524288,1495,244612.5
524288,1496,236558.4
524288,1497,236568.7
524288,1498,236035.2
524288,1499,236927.2
524288,1500,236502.7
524288,1501,236286.5
524288,1502,236846.1
524288,1503,468021.2
524288,1504,247252.9
524288,1505,237420.2
524288,1506,235951.0
524288,1507,242288.1
524288,1508,291140.5
524288,1509,249368.3
524288,1510,240471.3
524288,1511,246889.0
524288,1512,244599.7
524288,1513,249709.9
524288,1514,249063.1
524288,1515,239736.7
524288,1516,244779.0
524288,1517,248795.4
524288,1518,244229.7
524288,1519,257995.9
524288,1520,245464.6
524288,1521,237254.3
524288,1522,235901.9
524288,1523,238891.8
524288,1524,236284.7
524288,1525,235814.7
524288,1526,245522.1
524288,1527,243207.4
524288,1528,235280.6
524288,1529,235120.7
524288,1530,552575.7
524288,1531,247263.2
524288,1532,235499.8
524288,1533,235548.9
524288,1534,236919.4
524288,1535,235460.4
524288,1536,243016.7
524288,1537,248837.8
524288,1538,236863.6
524288,1539,235055.3
524288,1540,235614.9
524288,1541,235183.1
524288,1542,247429.8
524288,1543,245185.4
524288,1544,237096.8
524288,1545,237060.5
524288,1546,237476.5
524288,1547,249597.9
524288,1548,252290.4
524288,1549,238768.3
524288,1550,248556.2
524288,1551,239899.0
524288,1552,230983.1
524288,1553,241277.4
524288,1554,231427.7
524288,1555,237031.4
524288,1556,236635.3
524288,1557,231263.5
524288,1558,469476.5
524288,1559,232652.2
524288,1560,230601.6
524288,1561,231328.9
524288,1562,232792.1
524288,1563,231387.7
524288,1564,298331.5
524288,1565,237902.3
524288,1566,234767.0
524288,1567,232548.0
524288,1568,235106.2
524288,1569,235957.0
524288,1570,237439.6
524288,1571,235855.3
524288,1572,235142.5
524288,1573,235138.3
524288,1574,235658.5
524288,1575,242825.9
524288,1576,244542.2
524288,1577,231908.5
524288,1578,230536.2
524288,1579,232497.8
524288,1580,231896.4
524288,1581,253791.7
524288,1582,241918.7
524288,1583,252009.4
524288,1584,237446.9
524288,1585,242426.2
524288,1586,591822.4
524288,1587,242626.1
524288,1588,231505.8
524288,1589,230559.8
524288,1590,242581.8
524288,1591,243869.4
524288,1592,269600.7
524288,1593,243123.3
524288,1594,239065.7
524288,1595,233372.3
524288,1596,234070.0
524288,1597,235189.1
524288,1598,239019.6
524288,1599,235943.7
524288,1600,245946.0
524288,1601,234630.8
524288,1602,239036.0
524288,1603,247087.0
524288,1604,234675.0
524288,1605,234702.2
524288,1606,234817.3
524288,1607,244215.2
524288,1608,245275.0
524288,1609,237735.1
524288,1610,235215.2
524288,1611,236866.7
524288,1612,236603.8
524288,1613,246918.0
524288,1614,465884.0
524288,1615,243034.8
524288,1616,235918.3
524288,1617,235198.2
524288,1618,242190.0
524288,1619,270447.9
524288,1620,238977.2
524288,1621,236086.6
524288,1622,237810.2
524288,1623,236285.9
524288,1624,235610.0
524288,1625,235900.7
524288,1626,236964.2
524288,1627,235126.7
524288,1628,243283.7
524288,1629,241172.6
524288,1630,236695.3
524288,1631,239888.7
524288,1632,237646.1
524288,1633,237283.3
524288,1634,236563.9
524288,1635,238166.3
524288,1636,237628.5
524288,1637,237247.0
524288,1638,236573.6
524288,1639,239941.4
524288,1640,237132.5
524288,1641,236559.0
524288,1642,645245.9
524288,1643,245570.5
524288,1644,246726.7
524288,1645,238000.4
524288,1646,251776.3
524288,1647,244706.9
524288,1648,259061.2
524288,1649,236331.9
524288,1650,246677.6
524288,1651,253980.7
524288,1652,252976.6
524288,1653,235483.5
524288,1654,240250.2
524288,1655,230158.9
524288,1656,229982.1
524288,1657,233533.4
524288,1658,243059.1
524288,1659,230740.9
524288,1660,231436.7
524288,1661,231075.8
524288,1662,234172.3
524288,1663,231088.5
524288,1664,242799.3
524288,1665,230556.2
524288,1666,232979.9
524288,1667,230584.7
524288,1668,231111.5
524288,1669,463605.1
524288,1670,238204.5
524288,1671,232462.1
524288,1672,234087.5
524288,1673,234327.3
524288,1674,237107.1
524288,1675,279789.5
524288,1676,234980.2
524288,1677,234521.1
524288,1678,237944.1
524288,1679,238179.0
524288,1680,243707.1
524288,1681,235512.5
524288,1682,237882.3
524288,1683,240173.9
524288,1684,244949.8
524288,1685,242112.5
524288,1686,235854.7
524288,1687,235664.5
524288,1688,247954.2
524288,1689,241102.3
524288,1690,291681.9
524288,1691,236199.3
524288,1692,235505.3
524288,1693,235252.7
524288,1694,237078.6
524288,1695,246746.6
524288,1696,235427.1
524288,1697,494303.6
524288,1698,244345.4
524288,1699,234774.9
524288,1700,236362.2
524288,1701,235803.2
524288,1702,241355.5
524288,1703,276364.1
524288,1704,237640.0
524288,1705,236886.1
524288,1706,241220.4
524288,1707,236270.8
524288,1708,236888.5
524288,1709,243687.7
524288,1710,247966.3
524288,1711,237962.2
524288,1712,236450.0
524288,1713,241835.7
524288,1714,252362.5
524288,1715,241143.5
524288,1716,236631.1
524288,1717,236120.0
524288,1718,245842.5
524288,1719,236269.5
524288,1720,237167.7
524288,1721,237338.4
524288,1722,238911.8
524288,1723,290442.8
524288,1724,556084.6
524288,1725,242501.3
524288,1726,230397.5
524288,1727,230767.5
524288,1728,231208.4
524288,1729,234430.3
524288,1730,267668.7
524288,1731,230957.1
524288,1732,230434.5
524288,1733,230510.2
524288,1734,237557.7
524288,1735,231181.8
524288,1736,231286.0
524288,1737,230825.7
524288,1738,233366.2
524288,1739,230608.9
524288,1740,231106.1
524288,1741,230366.0
524288,1742,232684.3
524288,1743,232417.8
524288,1744,241208.3
524288,1745,244974.0
524288,1746,237312.4
524288,1747,234767.0
524288,1748,234493.9
524288,1749,235628.2
524288,1750,234355.8
524288,1751,236340.4
524288,1752,235263.0
524288,1753,482411.2
524288,1754,240158.2
524288,1755,241908.4
524288,1756,258244.8
524288,1757,243172.3
524288,1758,277282.8
524288,1759,239480.5
524288,1760,249794.1
524288,1761,244168.5
524288,1762,239250.4
524288,1763,245087.9
524288,1764,244442.3
524288,1765,234842.1
524288,1766,237459.0
524288,1767,235742.7
524288,1768,238877.9
524288,1769,250645.0
524288,1770,239059.6
524288,1771,238375.9
524288,1772,246823.6
524288,1773,238894.3
524288,1774,249051.0
524288,1775,245201.7
524288,1776,236318.0
524288,1777,236069.7
524288,1778,237946.5
524288,1779,236966.0
524288,1780,495991.4
524288,1781,238027.6
524288,1782,236581.4
524288,1783,236476.1
524288,1784,236303.5
524288,1785,236205.9
524288,1786,272757.7
524288,1787,238354.7
524288,1788,252736.2
524288,1789,254196.3
524288,1790,234153.5
524288,1791,230560.4
524288,1792,230647.0
524288,1793,230697.3
524288,1794,234103.9
524288,1795,230921.4
524288,1796,243888.1
524288,1797,238343.8
524288,1798,233056.8
524288,1799,231221.2
524288,1800,230080.2
524288,1801,230562.2
524288,1802,233871.9
524288,1803,232104.7
524288,1804,230317.6
524288,1805,230335.7
524288,1806,230234.6
524288,1807,233233.0
524288,1808,429518.2
524288,1809,242784.7
524288,1810,239531.4
524288,1811,234854.8
524288,1812,245646.8
524288,1813,243685.3
524288,1814,262665.8
524288,1815,231270.2
524288,1816,230068.7
524288,1817,239644.6
524288,1818,241075.7
524288,1819,230630.1
524288,1820,231003.1
524288,1821,231141.2
524288,1822,231056.4
524288,1823,248397.5
524288,1824,236063.0
524288,1825,231498.5
524288,1826,230199.5
524288,1827,233706.0
524288,1828,230851.1
524288,1829,230279.4
524288,1830,230238.2
524288,1831,233618.8
524288,1832,231072.8
524288,1833,242154.3
524288,1834,234962.6
524288,1835,235204.9
524288,1836,237021.1
524288,1837,602283.7
524288,1838,243343.1
524288,1839,235054.7
524288,1840,235273.9
524288,1841,234848.2
524288,1842,237510.4
524288,1843,265317.2
524288,1844,250147.8
524288,1845,243289.8
524288,1846,240461.6
524288,1847,234832.4
524288,1848,235743.3
524288,1849,236683.2
524288,1850,245026.7
524288,1851,238234.8
524288,1852,235287.8
524288,1853,235637.9
524288,1854,243469.7
524288,1855,237526.8
524288,1856,246755.1
524288,1857,238917.3
524288,1858,230840.8
524288,1859,232106.6
524288,1860,230716.1
524288,1861,230227.3
524288,1862,230281.2
524288,1863,235047.4
524288,1864,238677.5
524288,1865,674145.2
524288,1866,233506.7
524288,1867,230768.2
524288,1868,230867.5
524288,1869,232005.4
524288,1870,232562.6
524288,1871,259960.5
524288,1872,230912.9
524288,1873,230582.2
524288,1874,243438.8
524288,1875,241738.2
524288,1876,242893.7
524288,1877,235037.1
524288,1878,236789.2
524288,1879,234784.6
524288,1880,234837.3
524288,1881,234455.7
524288,1882,235003.8
524288,1883,236288.3
524288,1884,235324.2
524288,1885,234613.8
524288,1886,234584.1
524288,1887,236614.1
524288,1888,235284.8
524288,1889,234678.0
524288,1890,280298.8
524288,1891,239499.9
524288,1892,591395.4
524288,1893,242348.1
524288,1894,235201.2
524288,1895,235519.8
524288,1896,234762.8
524288,1897,234818.5
524288,1898,267823.8
524288,1899,235265.4
524288,1900,235580.4
524288,1901,244663.3
524288,1902,245829.1
524288,1903,235595.5
524288,1904,236149.6
524288,1905,234775.5
524288,1906,237897.4
524288,1907,236252.0
524288,1908,236516.0
524288,1909,243393.4
524288,1910,247199.0
524288,1911,247322.6
524288,1912,236536.0
524288,1913,239039.6
524288,1914,243979.6
524288,1915,245826.7
524288,1916,236969.6
524288,1917,237385.7
524288,1918,245497.3
524288,1919,571034.7
524288,1920,262722.7
524288,1921,258215.7
524288,1922,241310.1
524288,1923,236696.5
524288,1924,236492.4
524288,1925,241864.2
524288,1926,277017.6
524288,1927,237125.9
524288,1928,246976.8
524288,1929,237983.4
524288,1930,242369.3
524288,1931,245036.4
524288,1932,240110.3
524288,1933,237453.5
524288,1934,236064.8
524288,1935,236996.9
524288,1936,246095.6
524288,1937,248168.0
524288,1938,246155.6
524288,1939,236313.7
524288,1940,236240.5
524288,1941,246043.5
524288,1942,240920.0
524288,1943,236121.2
524288,1944,236566.3
524288,1945,235830.5
524288,1946,239028.7
524288,1947,451658.8
524288,1948,236775.8
524288,1949,246735.1
524288,1950,236798.2
524288,1951,236654.1
524288,1952,240236.9
524288,1953,270090.6
524288,1954,237277.9
524288,1955,253795.4
524288,1956,231788.6
524288,1957,233455.3
524288,1958,230245.5
524288,1959,231060.1
524288,1960,231035.8
524288,1961,230865.1
524288,1962,233658.1
524288,1963,230502.9
524288,1964,230217.7
524288,1965,230780.9
524288,1966,231745.6
524288,1967,230591.3
524288,1968,230649.5
524288,1969,230807.5
524288,1970,233187.0
524288,1971,233931.9
524288,1972,234917.8
524288,1973,230864.4
524288,1974,230510.8
524288,1975,447184.5
524288,1976,234498.7
524288,1977,235381.7
524288,1978,239369.1
524288,1979,247120.9
524288,1980,240262.3
524288,1981,275870.6
524288,1982,240052.2
524288,1983,233910.1
524288,1984,234284.9
524288,1985,234847.6
524288,1986,237095.6
524288,1987,234390.3
524288,1988,244750.5
524288,1989,258150.3
524288,1990,240464.6
524288,1991,234744.6
524288,1992,235861.4
524288,1993,240832.8
524288,1994,243792.5
524288,1995,236692.9
524288,1996,235072.8
524288,1997,235039.5
524288,1998,234549.0
524288,1999,237594.0
