size_bytes,iteration,rtt_ns
4,0,4341.6
4,1,2536.9
4,2,3239.4
4,3,3222.5
4,4,3175.8
4,5,3872.9
4,6,3197.6
4,7,3159.5
4,8,3995.2
4,9,3293.3
4,10,3294.5
4,11,2457.6
4,12,2284.4
4,13,2282.6
4,14,2265.6
4,15,2203.8
4,16,2246.8
4,17,2290.4
4,18,3338.7
4,19,3422.3
4,20,3422.3
4,21,3427.2
4,22,3379.3
4,23,3334.5
4,24,3874.1
4,25,4162.4
4,26,2991.1
4,27,2969.3
4,28,2906.3
4,29,3258.8
4,30,2330.4
4,31,2183.8
4,32,2312.2
4,33,2232.3
4,34,2312.2
4,35,2886.4
4,36,2905.7
4,37,2996.6
4,38,3203.1
4,39,3169.2
4,40,3072.3
4,41,2865.2
4,42,2874.2
4,43,3842.0
4,44,3077.1
4,45,2262.0
4,46,2093.6
4,47,2224.4
4,48,2170.5
4,49,2072.4
4,50,2121.5
4,51,2183.2
4,52,2185.7
4,53,4032.2
4,54,2780.4
4,55,2135.4
4,56,2117.8
4,57,2129.3
4,58,2124.5
4,59,2070.6
4,60,2181.4
4,61,2216.5
4,62,2115.4
4,63,3702.7
4,64,3416.9
4,65,3701.5
4,66,3475.0
4,67,9013.3
4,68,3593.1
4,69,3371.4
4,70,3293.3
4,71,3327.2
4,72,3303.6
4,73,4174.5
4,74,4153.3
4,75,4161.2
4,76,3223.7
4,77,3147.4
4,78,2147.5
4,79,2151.7
4,80,2194.1
4,81,2102.1
4,82,2109.3
4,83,2106.9
4,84,2035.5
4,85,3127.4
4,86,2865.8
4,87,3134.7
4,88,3068.0
4,89,2799.1
4,90,3017.2
4,91,3138.9
4,92,3034.7
4,93,3757.2
4,94,2780.4
4,95,3037.1
4,96,2838.5
4,97,3022.0
4,98,3082.0
4,99,2760.4
4,100,3355.7
4,101,3176.4
4,102,3041.4
4,103,3757.2
4,104,3020.2
4,105,2184.4
4,106,2224.4
4,107,2162.0
4,108,2205.6
4,109,2279.5
4,110,2035.5
4,111,2040.3
4,112,2050.6
4,113,4321.0
4,114,5787.2
4,115,2315.3
4,116,2135.4
4,117,2137.8
4,118,2129.9
4,119,2092.4
4,120,2041.5
4,121,2035.5
4,122,2156.6
4,123,2303.1
4,124,11041.5
4,125,3623.4
4,126,3189.8
4,127,3155.8
4,128,3164.3
4,129,3564.0
4,130,4058.2
4,131,3785.1
4,132,3976.5
4,133,2885.7
4,134,2159.0
4,135,2174.1
4,136,2040.9
4,137,1985.8
4,138,2070.6
4,139,2077.9
4,140,2092.4
4,141,3144.3
4,142,2864.5
4,143,3100.7
4,144,3045.0
4,145,2962.1
4,146,3000.2
4,147,2716.8
4,148,3026.9
4,149,3722.7
4,150,2744.6
4,151,3044.4
4,152,3046.8
4,153,3009.3
4,154,3041.4
4,155,3034.1
4,156,2979.6
4,157,3069.9
4,158,3662.1
4,159,2751.3
4,160,3012.9
4,161,3032.3
4,162,3046.8
4,163,3066.8
4,164,3060.8
4,165,3056.5
4,166,3007.5
4,167,3679.7
4,168,3074.7
4,169,2156.0
4,170,2189.3
4,171,2187.5
4,172,2235.3
4,173,2237.1
4,174,2216.5
4,175,2150.5
4,176,2142.7
4,177,10624.9
4,178,3834.7
4,179,3183.1
4,180,3182.5
4,181,3312.7
4,182,3098.9
4,183,3032.3
4,184,4017.0
4,185,3645.8
4,186,3066.2
4,187,2120.3
4,188,2118.4
4,189,2265.0
4,190,2067.6
4,191,2062.1
4,192,1999.7
4,193,2096.6
4,194,2052.4
4,195,4877.6
4,196,11095.4
4,197,2777.3
4,198,2908.2
4,199,3252.1
4,200,3218.2
4,201,3101.3
4,202,3046.8
4,203,3971.0
4,204,3966.2
4,205,3085.0
4,206,2916.0
4,207,2185.1
4,208,2152.3
4,209,2168.1
4,210,2117.8
4,211,1989.4
4,212,2005.2
4,213,2200.8
4,214,4092.1
4,215,10928.3
4,216,2492.1
4,217,3069.2
4,218,2949.9
4,219,2797.9
4,220,3052.9
4,221,3106.2
4,222,2968.7
4,223,3447.8
4,224,2992.3
4,225,2133.0
4,226,2110.0
4,227,2123.3
4,228,2116.0
4,229,2143.9
4,230,2161.4
4,231,2028.8
4,232,2088.2
4,233,4801.9
4,234,9205.9
4,235,2424.9
4,236,2102.7
4,237,2074.2
4,238,2114.2
4,239,2111.2
4,240,2174.1
4,241,2065.7
4,242,2046.4
4,243,3277.0
4,244,10756.3
4,245,2518.1
4,246,3155.2
4,247,2818.5
4,248,2991.7
4,249,2930.0
4,250,3117.1
4,251,3039.0
4,252,3392.6
4,253,3160.1
4,254,2189.9
4,255,2145.1
4,256,2196.0
4,257,2122.1
4,258,2159.6
4,259,2222.6
4,260,2088.2
4,261,2174.8
4,262,3682.7
4,263,3983.7
4,264,3687.0
4,265,3185.5
4,266,3158.3
4,267,3109.2
4,268,3095.9
4,269,3182.5
4,270,2983.9
4,271,3095.9
4,272,3686.4
4,273,3688.2
4,274,3717.3
4,275,3019.0
4,276,2991.7
4,277,3104.4
4,278,3078.9
4,279,3052.3
4,280,3031.7
4,281,2968.7
4,282,3040.2
4,283,3997.0
4,284,3068.0
4,285,3109.8
4,286,2136.0
4,287,2191.1
4,288,2166.3
4,289,2118.4
4,290,2091.2
4,291,2123.3
4,292,2025.8
4,293,3069.2
4,294,3086.8
4,295,3070.5
4,296,3049.3
4,297,3035.3
4,298,2738.0
4,299,3025.6
4,300,3095.9
4,301,3712.4
4,302,3098.3
4,303,2119.0
4,304,2169.9
4,305,2173.5
4,306,2110.6
4,307,2022.1
4,308,2082.7
4,309,2111.2
4,310,2112.4
4,311,3971.6
4,312,3005.1
4,313,2086.9
4,314,2073.0
4,315,2069.4
4,316,2156.6
4,317,2206.9
4,318,2053.6
4,319,2037.3
4,320,2084.5
4,321,3977.7
4,322,3055.3
4,323,3149.2
4,324,2934.2
4,325,3149.2
4,326,3089.2
4,327,3054.7
4,328,3026.9
4,329,3991.6
4,330,3718.5
4,331,2056.1
4,332,2199.6
4,333,2366.1
4,334,2114.8
4,335,2171.1
4,336,2087.5
4,337,2163.2
4,338,3057.1
4,339,3123.1
4,340,3031.1
4,341,3115.3
4,342,3051.7
4,343,3086.8
4,344,3085.6
4,345,3114.1
4,346,3088.6
4,347,4068.5
4,348,3088.0
4,349,3160.1
4,350,2153.0
4,351,2260.8
4,352,2200.8
4,353,2208.7
4,354,2217.1
4,355,2191.7
4,356,2203.2
4,357,3197.6
4,358,2884.5
4,359,3135.3
4,360,3075.3
4,361,3133.4
4,362,3087.4
4,363,3017.8
4,364,3175.2
4,365,4041.9
4,366,3353.9
4,367,2434.0
4,368,5953.2
4,369,2859.1
4,370,2556.9
4,371,2482.4
4,372,2374.6
4,373,2395.8
4,374,2473.3
4,375,3464.7
4,376,3265.5
4,377,3364.2
4,378,3378.7
4,379,3391.4
4,380,3321.2
4,381,3425.3
4,382,3328.4
4,383,4344.1
4,384,3455.6
4,385,3055.9
4,386,2359.5
4,387,2413.4
4,388,2351.0
4,389,2491.5
4,390,2318.3
4,391,2295.9
4,392,2360.1
4,393,3424.7
4,394,3399.9
4,395,3394.5
4,396,3338.1
4,397,3377.5
4,398,3327.8
4,399,3361.8
4,400,3304.2
4,401,3702.1
4,402,3392.6
4,403,2367.3
4,404,2428.5
4,405,2462.4
4,406,2463.6
4,407,2300.7
4,408,2266.2
4,409,2266.8
4,410,2329.2
4,411,4305.3
4,412,3114.7
4,413,2361.9
4,414,2246.2
4,415,2314.7
4,416,2367.3
4,417,2308.0
4,418,2228.7
4,419,2214.7
4,420,2251.1
4,421,3622.2
4,422,3670.0
4,423,3687.0
4,424,3079.5
4,425,3109.2
4,426,3106.2
4,427,3063.2
4,428,3072.9
4,429,3217.6
4,430,3000.2
4,431,4016.4
4,432,3138.3
4,433,3199.5
4,434,2218.4
4,435,2181.4
4,436,2145.7
4,437,2074.2
4,438,2071.2
4,439,2119.0
4,440,2086.3
4,441,3083.2
4,442,2851.2
4,443,3077.1
4,444,3054.1
4,445,3105.0
4,446,3138.3
4,447,2881.5
4,448,3142.5
4,449,3958.9
4,450,3744.5
4,451,2159.0
4,452,2192.3
4,453,2263.8
4,454,2059.1
4,455,2102.7
4,456,2065.7
4,457,2150.5
4,458,2906.3
4,459,3081.4
4,460,3169.2
4,461,3097.1
4,462,3000.8
4,463,3021.4
4,464,3116.5
4,465,3023.8
4,466,3017.2
4,467,3663.4
4,468,4012.2
4,469,4034.0
4,470,3104.4
4,471,2803.4
4,472,2242.6
4,473,2114.2
4,474,2168.7
4,475,2143.3
4,476,2112.4
4,477,2063.9
4,478,1962.8
4,479,3108.6
4,480,2857.9
4,481,2840.3
4,482,2825.2
4,483,2801.6
4,484,2822.2
4,485,3075.9
4,486,3089.8
4,487,3705.7
4,488,3059.0
4,489,2799.7
4,490,3074.7
4,491,2863.3
4,492,3000.2
4,493,3109.2
4,494,3024.4
4,495,3052.9
4,496,3932.2
4,497,3651.2
4,498,2258.9
4,499,2100.3
4,500,2204.4
4,501,2158.4
4,502,2054.8
4,503,2248.0
4,504,2143.9
4,505,2926.9
4,506,3129.2
4,507,3132.8
4,508,3075.9
4,509,3100.1
4,510,3062.0
4,511,3016.6
4,512,3015.3
4,513,3040.2
4,514,4082.4
4,515,3676.7
4,516,3742.1
4,517,3731.8
4,518,3034.1
4,519,3010.5
4,520,3012.9
4,521,2945.7
4,522,3131.0
4,523,3007.5
4,524,2979.6
4,525,3027.5
4,526,3940.7
4,527,2874.2
4,528,2865.2
4,529,2220.2
4,530,2236.5
4,531,2091.8
4,532,2018.5
4,533,2116.6
4,534,2023.4
4,535,2068.2
4,536,2790.7
4,537,3060.2
4,538,3084.4
4,539,3062.0
4,540,3074.7
4,541,2820.9
4,542,2847.0
4,543,3034.7
4,544,3662.7
4,545,2986.3
4,546,3156.5
4,547,3075.3
4,548,3088.0
4,549,3104.4
4,550,2866.4
4,551,2992.9
4,552,2914.8
4,553,3650.0
4,554,3079.5
4,555,3135.3
4,556,3100.7
4,557,3056.5
4,558,3037.1
4,559,3067.4
4,560,2982.0
4,561,3058.3
4,562,3969.8
4,563,3648.8
4,564,2258.9
4,565,2335.2
4,566,2153.0
4,567,2179.0
4,568,2082.7
4,569,2249.9
4,570,2236.5
4,571,2996.0
4,572,3088.0
4,573,3158.9
4,574,3064.4
4,575,3128.0
4,576,3100.7
4,577,2996.6
4,578,3098.3
4,579,3167.4
4,580,3835.3
4,581,3958.3
4,582,3106.8
4,583,3232.2
4,584,3125.6
4,585,3104.4
4,586,3113.5
4,587,3138.9
4,588,3089.2
4,589,3178.3
4,590,4096.4
4,591,3297.6
4,592,3270.3
4,593,2352.8
4,594,2208.7
4,595,2219.6
4,596,2275.3
4,597,2308.6
4,598,2272.9
4,599,2225.0
4,600,3263.6
4,601,3226.7
4,602,3062.0
4,603,2985.1
4,604,3182.5
4,605,3296.4
4,606,3259.4
4,607,3242.5
4,608,3930.4
4,609,3221.9
4,610,2305.6
4,611,2294.7
4,612,2214.7
4,613,2344.9
4,614,2226.2
4,615,2225.6
4,616,2192.9
4,617,2114.8
4,618,3883.2
4,619,4156.3
4,620,3315.7
4,621,2211.7
4,622,2280.7
4,623,2258.9
4,624,2265.0
4,625,2278.3
4,626,2166.9
4,627,2255.3
4,628,2056.1
4,629,3766.3
4,630,3386.0
4,631,3427.8
4,632,3668.2
4,633,3938.9
4,634,3063.8
4,635,2117.2
4,636,2027.6
4,637,2301.3
4,638,3218.8
4,639,3019.0
4,640,2835.5
4,641,2963.9
4,642,2903.9
4,643,2262.0
4,644,2148.7
4,645,2268.0
4,646,3105.6
4,647,3146.8
4,648,3060.2
4,649,3057.7
4,650,2850.6
4,651,2725.3
4,652,3003.8
4,653,3051.7
4,654,3713.6
4,655,3108.6
4,656,2108.7
4,657,2166.3
4,658,2205.6
4,659,2153.6
4,660,2262.6
4,661,2166.9
4,662,2116.0
4,663,2173.5
4,664,3975.8
4,665,3070.5
4,666,2185.7
4,667,2140.8
4,668,2242.6
4,669,2125.1
4,670,2102.7
4,671,2053.0
4,672,2101.5
4,673,2066.4
4,674,3691.2
4,675,3687.0
4,676,3669.4
4,677,3006.3
4,678,3069.9
4,679,3086.2
4,680,3083.8
4,681,3030.5
4,682,2996.0
4,683,3043.8
4,684,3970.4
4,685,3099.5
4,686,3029.3
4,687,2269.8
4,688,2160.2
4,689,3735.4
4,690,2234.1
4,691,2100.3
4,692,2017.9
4,693,2184.4
4,694,2115.4
4,695,2993.5
4,696,3166.7
4,697,3146.8
4,698,3106.8
4,699,3121.3
4,700,3069.2
4,701,3145.6
4,702,2983.9
4,703,3078.3
4,704,4055.2
4,705,3144.9
4,706,3111.6
4,707,2148.7
4,708,2165.1
4,709,2208.7
4,710,2160.2
4,711,2132.4
4,712,2030.0
4,713,2081.5
4,714,2866.4
4,715,2810.6
4,716,2837.9
4,717,3132.2
4,718,2814.9
4,719,2765.2
4,720,3003.8
4,721,3042.0
4,722,3713.0
4,723,3070.5
4,724,3063.8
4,725,3084.4
4,726,2960.2
4,727,3048.0
4,728,3031.7
4,729,3068.0
4,730,3097.1
4,731,3667.6
4,732,3057.1
4,733,2213.5
4,734,2137.8
4,735,2230.5
4,736,2120.9
4,737,2130.5
4,738,2149.9
4,739,2071.8
4,740,2197.2
4,741,3700.3
4,742,3413.2
4,743,4011.0
4,744,3456.2
4,745,3080.1
4,746,3069.9
4,747,3102.6
4,748,3068.6
4,749,3165.5
4,750,3003.8
4,751,3055.9
4,752,4015.2
4,753,2764.6
4,754,3126.2
4,755,2162.0
4,756,2256.5
4,757,2176.0
4,758,1977.9
4,759,2046.4
4,760,2121.5
4,761,2046.4
4,762,3077.7
4,763,2870.0
4,764,3078.3
4,765,3072.3
4,766,2855.5
4,767,3074.1
4,768,3094.1
4,769,3018.4
4,770,4001.3
4,771,3749.3
4,772,2187.5
4,773,2200.2
4,774,2219.6
4,775,2136.0
4,776,2090.0
4,777,2137.8
4,778,2151.1
4,779,2939.0
4,780,3134.7
4,781,3157.7
4,782,3138.9
4,783,3115.9
4,784,3054.1
4,785,3144.3
4,786,3089.2
4,787,2988.1
4,788,3696.1
4,789,3728.2
4,790,3987.4
4,791,2811.3
4,792,2902.1
4,793,2133.0
4,794,2145.7
4,795,2153.6
4,796,2143.9
4,797,2076.0
4,798,2014.3
4,799,2026.4
4,800,2792.5
4,801,2882.7
4,802,3094.1
4,803,3088.6
4,804,2917.2
4,805,3022.6
4,806,3027.5
4,807,3009.9
4,808,3657.3
4,809,3062.6
4,810,3069.2
4,811,3052.3
4,812,2909.4
4,813,3074.7
4,814,2977.2
4,815,3040.2
4,816,3046.2
4,817,3960.1
4,818,3687.6
4,819,2189.9
4,820,2075.4
4,821,2298.9
4,822,2192.3
4,823,2124.5
4,824,2146.3
4,825,2071.8
4,826,3038.4
4,827,3126.8
4,828,3125.0
4,829,3115.9
4,830,3074.7
4,831,3126.8
4,832,3145.6
4,833,3079.5
4,834,3092.9
4,835,3972.2
4,836,3129.8
4,837,2896.6
4,838,2161.4
4,839,2215.3
4,840,2082.7
4,841,2056.1
4,842,2175.4
4,843,2139.0
4,844,2206.2
4,845,2837.9
4,846,3071.1
4,847,2913.6
4,848,3059.6
4,849,3093.5
4,850,3126.8
4,851,3197.6
4,852,3106.8
4,853,3881.4
4,854,3123.8
4,855,2281.3
4,856,2291.0
4,857,2228.7
4,858,2217.8
4,859,2184.4
4,860,2230.5
4,861,2229.9
4,862,2182.6
4,863,3872.9
4,864,4181.2
4,865,3352.7
4,866,2969.3
4,867,3215.8
4,868,3344.8
4,869,3342.4
4,870,4143.0
4,871,3878.3
4,872,4162.4
4,873,4129.1
4,874,3877.7
4,875,3816.6
4,876,4135.1
4,877,4160.0
4,878,3333.9
4,879,3366.0
4,880,3849.9
4,881,3867.4
4,882,4133.3
4,883,3237.0
4,884,2949.9
4,885,3318.8
4,886,2384.3
4,887,2286.2
4,888,2264.4
4,889,2269.8
4,890,2314.0
4,891,2275.9
4,892,3231.5
4,893,3214.0
4,894,2867.6
4,895,3224.3
4,896,3117.7
4,897,3230.9
4,898,3148.6
4,899,3109.2
4,900,4156.3
4,901,4172.1
4,902,3222.5
4,903,2419.4
4,904,2271.0
4,905,2231.1
4,906,2229.9
4,907,2209.9
4,908,2231.1
4,909,2273.5
4,910,3264.9
4,911,3372.7
4,912,3301.2
4,913,3261.2
4,914,3320.0
4,915,3282.4
4,916,3364.2
4,917,4384.0
4,918,3407.8
4,919,3386.6
4,920,3395.7
4,921,3376.9
4,922,2436.4
4,923,2460.6
4,924,2406.7
4,925,2217.8
4,926,2265.0
4,927,3057.1
4,928,2945.7
4,929,3208.5
4,930,3347.2
4,931,3218.2
4,932,3211.6
4,933,3246.1
4,934,3034.7
4,935,3991.6
4,936,3327.8
4,937,2348.0
4,938,2414.0
4,939,2407.9
4,940,2334.0
4,941,2243.2
4,942,2268.6
4,943,2422.5
4,944,2331.6
4,945,3708.2
4,946,4357.4
4,947,2379.5
4,948,2262.6
4,949,2474.5
4,950,2320.1
4,951,2251.7
4,952,2235.3
4,953,2298.3
4,954,2400.6
4,955,3117.1
4,956,3381.7
4,957,3410.2
4,958,3333.3
4,959,3375.1
4,960,3342.4
4,961,3375.1
4,962,3373.3
4,963,3246.7
4,964,3893.5
4,965,3866.8
4,966,3830.5
4,967,4169.0
4,968,2865.8
4,969,3237.0
4,970,2302.5
4,971,2186.3
4,972,2217.8
4,973,2224.4
4,974,2105.1
4,975,2040.3
4,976,2074.8
4,977,3080.1
4,978,3050.5
4,979,2884.5
4,980,3048.7
4,981,2903.3
4,982,3001.4
4,983,2989.3
4,984,3023.2
4,985,3961.9
4,986,4021.9
4,987,3097.7
4,988,2224.4
4,989,2214.7
4,990,2116.0
4,991,2077.3
4,992,2104.5
4,993,2116.6
4,994,2175.4
4,995,2887.0
4,996,3084.4
4,997,3090.4
4,998,3120.1
4,999,3086.2
4,1000,3109.2
4,1001,3044.4
4,1002,3084.4
4,1003,3066.2
4,1004,3734.8
4,1005,3752.4
4,1006,3964.3
4,1007,4453.7
4,1008,3217.6
4,1009,2182.6
4,1010,2263.8
4,1011,2303.8
4,1012,2105.7
4,1013,2164.5
4,1014,1996.1
4,1015,3085.6
4,1016,2810.6
4,1017,2962.7
4,1018,2964.5
4,1019,3008.1
4,1020,3132.8
4,1021,2870.0
4,1022,3037.1
4,1023,3704.5
4,1024,3149.2
4,1025,2230.5
4,1026,2138.4
4,1027,2108.1
4,1028,2197.8
4,1029,2251.7
4,1030,2088.2
4,1031,2163.9
4,1032,2161.4
4,1033,3949.8
4,1034,3419.9
4,1035,3416.9
4,1036,3975.8
4,1037,4049.7
4,1038,2157.8
4,1039,2165.1
4,1040,2107.5
4,1041,2120.9
4,1042,2128.7
4,1043,2053.0
4,1044,2025.8
4,1045,2149.9
4,1046,3023.2
4,1047,4026.7
4,1048,2106.3
4,1049,2101.5
4,1050,2226.8
4,1051,2014.3
4,1052,1973.7
4,1053,2077.3
4,1054,2081.5
4,1055,1989.4
4,1056,2922.7
4,1057,3992.8
4,1058,2226.2
4,1059,2097.2
4,1060,2078.5
4,1061,2093.0
4,1062,2024.0
4,1063,2062.7
4,1064,2065.1
4,1065,2085.1
4,1066,2951.8
4,1067,3693.6
4,1068,3056.5
4,1069,3092.3
4,1070,3043.2
4,1071,3063.8
4,1072,3134.0
4,1073,3040.2
4,1074,3071.1
4,1075,3958.9
4,1076,3111.0
4,1077,2892.4
4,1078,2166.9
4,1079,2136.0
4,1080,2125.7
4,1081,2015.5
4,1082,2077.9
4,1083,2050.0
4,1084,2111.8
4,1085,3144.3
4,1086,3090.4
4,1087,2856.1
4,1088,2857.3
4,1089,2991.7
4,1090,2808.2
4,1091,2905.7
4,1092,2737.4
4,1093,3730.0
4,1094,3018.4
4,1095,2221.4
4,1096,2064.5
4,1097,2152.3
4,1098,2142.1
4,1099,1986.4
4,1100,2056.1
4,1101,2109.3
4,1102,2151.7
4,1103,3694.8
4,1104,3677.9
4,1105,3723.9
4,1106,3997.6
4,1107,3114.7
4,1108,2055.4
4,1109,2113.6
4,1110,2116.0
4,1111,2121.5
4,1112,2080.3
4,1113,2051.8
4,1114,2220.8
4,1115,2056.7
4,1116,3948.0
4,1117,3467.1
4,1118,3106.2
4,1119,3068.0
4,1120,3045.6
4,1121,3063.2
4,1122,3123.8
4,1123,3009.3
4,1124,3079.5
4,1125,4190.8
4,1126,3008.1
4,1127,3100.1
4,1128,2219.6
4,1129,2199.6
4,1130,2245.0
4,1131,2131.8
4,1132,2192.9
4,1133,2254.7
4,1134,2128.7
4,1135,3149.2
4,1136,3183.7
4,1137,3358.7
4,1138,3301.2
4,1139,3086.8
4,1140,3260.6
4,1141,3288.5
4,1142,3202.5
4,1143,3877.7
4,1144,3211.6
4,1145,3295.1
4,1146,3266.7
4,1147,3254.0
4,1148,3206.1
4,1149,3277.6
4,1150,3178.9
4,1151,3190.4
4,1152,3841.4
4,1153,3226.7
4,1154,3229.7
4,1155,3255.8
4,1156,3293.9
4,1157,3251.5
4,1158,3212.8
4,1159,3269.7
4,1160,3229.7
4,1161,4109.1
4,1162,3870.5
4,1163,2238.3
4,1164,2248.6
4,1165,2300.7
4,1166,2230.5
4,1167,2181.4
4,1168,2203.8
4,1169,2186.3
4,1170,2984.5
4,1171,3283.6
4,1172,3180.1
4,1173,3240.6
4,1174,3146.8
4,1175,3235.2
4,1176,3124.4
4,1177,3099.5
4,1178,3094.1
4,1179,4133.3
4,1180,3318.8
4,1181,3340.6
4,1182,2295.9
4,1183,2158.4
4,1184,2226.8
4,1185,2219.0
4,1186,2223.2
4,1187,2132.4
4,1188,2288.0
4,1189,3102.6
4,1190,3301.2
4,1191,3160.1
4,1192,3204.9
4,1193,3259.4
4,1194,3279.4
4,1195,3300.0
4,1196,3037.1
4,1197,4014.0
4,1198,3820.2
4,1199,2318.3
4,1200,2268.0
4,1201,2206.9
4,1202,2271.0
4,1203,2214.1
4,1204,2149.9
4,1205,2324.9
4,1206,2997.8
4,1207,3148.0
4,1208,3108.0
4,1209,3092.9
4,1210,3098.9
4,1211,3077.7
4,1212,2989.3
4,1213,3165.5
4,1214,3030.5
4,1215,3722.1
4,1216,3967.4
4,1217,3108.6
4,1218,2881.5
4,1219,2193.5
4,1220,2232.9
4,1221,2227.4
4,1222,2078.5
4,1223,2093.6
4,1224,2168.1
4,1225,2263.2
4,1226,3172.2
4,1227,3046.8
4,1228,3118.3
4,1229,3112.8
4,1230,2817.9
4,1231,3080.1
4,1232,3227.9
4,1233,3235.8
4,1234,3873.5
4,1235,3267.9
4,1236,3206.1
4,1237,3273.3
4,1238,3278.2
4,1239,3274.5
4,1240,3166.7
4,1241,3213.4
4,1242,3272.1
4,1243,3856.5
4,1244,3307.9
4,1245,3165.5
4,1246,3183.1
4,1247,3204.9
4,1248,3304.2
4,1249,2355.2
4,1250,2234.1
4,1251,2288.6
4,1252,2293.5
4,1253,2315.3
4,1254,2197.8
4,1255,2233.5
4,1256,2248.0
4,1257,3836.6
4,1258,4005.5
4,1259,3163.1
4,1260,3181.9
4,1261,3101.9
4,1262,3063.2
4,1263,3132.2
4,1264,3002.0
4,1265,3041.4
4,1266,3965.6
4,1267,2820.3
4,1268,2808.2
4,1269,2209.3
4,1270,2122.1
4,1271,2208.7
4,1272,2170.5
4,1273,2049.4
4,1274,2168.7
4,1275,2034.9
4,1276,3132.2
4,1277,3108.6
4,1278,3074.1
4,1279,3128.0
4,1280,2831.8
4,1281,2806.4
4,1282,2838.5
4,1283,3063.2
4,1284,3670.6
4,1285,3095.3
4,1286,2742.8
4,1287,2770.7
4,1288,2753.1
4,1289,3092.9
4,1290,3014.1
4,1291,3023.2
4,1292,3085.6
4,1293,4015.8
4,1294,3988.6
4,1295,3077.7
4,1296,2202.0
4,1297,2152.3
4,1298,2208.1
4,1299,2131.8
4,1300,2123.9
4,1301,2110.6
4,1302,2035.5
4,1303,3000.2
4,1304,3106.2
4,1305,3120.1
4,1306,3118.3
4,1307,3098.3
4,1308,3095.3
4,1309,3097.1
4,1310,3008.7
4,1311,2997.8
4,1312,3958.3
4,1313,4017.0
4,1314,2882.1
4,1315,3087.4
4,1316,2153.6
4,1317,2202.6
4,1318,2065.7
4,1319,2081.5
4,1320,2106.3
4,1321,2106.9
4,1322,2240.2
4,1323,3027.5
4,1324,3080.8
4,1325,3125.6
4,1326,3049.9
4,1327,3137.1
4,1328,3111.6
4,1329,3042.0
4,1330,3132.8
4,1331,3459.3
4,1332,3086.8
4,1333,2306.2
4,1334,2242.0
4,1335,3347.2
4,1336,2289.8
4,1337,2241.4
4,1338,2317.7
4,1339,2171.7
4,1340,2194.1
4,1341,3614.9
4,1342,4138.8
4,1343,3259.4
4,1344,2982.6
4,1345,3284.2
4,1346,3297.6
4,1347,3373.9
4,1348,3269.1
4,1349,3335.1
4,1350,4177.5
4,1351,4179.3
4,1352,4147.8
4,1353,4170.9
4,1354,3871.7
4,1355,4141.2
4,1356,4164.8
4,1357,4201.1
4,1358,2913.6
4,1359,3207.3
4,1360,2210.5
4,1361,2261.4
4,1362,2212.3
4,1363,2263.2
4,1364,2204.4
4,1365,2255.9
4,1366,2280.7
4,1367,3228.5
4,1368,3215.2
4,1369,3197.0
4,1370,2875.4
4,1371,3157.7
4,1372,2833.7
4,1373,2857.9
4,1374,2860.3
4,1375,3854.1
4,1376,3070.5
4,1377,2291.0
4,1378,2223.8
4,1379,2220.2
4,1380,2206.9
4,1381,2258.3
4,1382,2209.3
4,1383,2223.8
4,1384,2300.7
4,1385,3825.7
4,1386,3883.2
4,1387,3467.1
4,1388,3374.5
4,1389,3273.3
4,1390,3361.8
4,1391,3384.8
4,1392,3331.5
4,1393,3304.2
4,1394,4150.3
4,1395,3882.6
4,1396,4176.9
4,1397,3252.7
4,1398,3153.4
4,1399,2428.5
4,1400,2211.1
4,1401,2254.7
4,1402,2196.6
4,1403,2245.0
4,1404,2198.4
4,1405,2306.2
4,1406,2911.2
4,1407,2858.5
4,1408,2993.5
4,1409,3095.9
4,1410,3146.8
4,1411,3254.6
4,1412,2985.1
4,1413,2905.7
4,1414,3970.4
4,1415,3988.6
4,1416,2207.5
4,1417,2142.7
4,1418,2204.4
4,1419,2148.1
4,1420,2113.0
4,1421,2139.0
4,1422,2103.3
4,1423,3084.4
4,1424,3121.3
4,1425,3263.6
4,1426,3374.5
4,1427,3342.4
4,1428,3413.8
4,1429,3355.7
4,1430,3400.5
4,1431,3977.7
4,1432,3984.9
4,1433,4229.6
4,1434,3289.1
4,1435,2962.7
4,1436,3255.8
4,1437,2418.2
4,1438,2421.2
4,1439,2405.5
4,1440,2366.7
4,1441,2303.1
4,1442,2321.9
4,1443,2988.7
4,1444,3336.9
4,1445,3001.4
4,1446,3225.5
4,1447,2959.0
4,1448,3323.0
4,1449,2907.5
4,1450,3219.4
4,1451,4264.1
4,1452,4295.0
4,1453,3444.1
4,1454,2413.4
4,1455,2354.6
4,1456,2402.5
4,1457,2350.4
4,1458,2335.8
4,1459,2381.9
4,1460,2321.9
4,1461,3298.8
4,1462,3151.6
4,1463,3161.3
4,1464,3190.4
4,1465,3180.1
4,1466,3270.9
4,1467,3189.8
4,1468,3210.4
4,1469,3265.5
4,1470,4258.1
4,1471,3470.8
4,1472,3419.3
4,1473,2266.8
4,1474,2387.3
4,1475,2264.4
4,1476,2265.6
4,1477,2371.6
4,1478,2254.1
4,1479,2302.5
4,1480,3370.8
4,1481,3293.9
4,1482,3429.0
4,1483,3209.1
4,1484,3386.0
4,1485,3467.7
4,1486,3350.9
4,1487,3406.6
4,1488,4027.9
4,1489,4040.6
4,1490,3350.2
4,1491,2339.5
4,1492,2293.5
4,1493,2386.7
4,1494,2291.6
4,1495,2417.0
4,1496,2344.3
4,1497,2396.4
4,1498,2369.2
4,1499,3763.9
4,1500,3971.6
4,1501,4009.2
4,1502,3657.3
4,1503,3960.7
4,1504,4242.9
4,1505,2472.1
4,1506,2389.1
4,1507,2298.9
4,1508,2406.7
4,1509,2457.0
4,1510,2358.9
4,1511,2338.9
4,1512,2343.1
4,1513,3214.0
4,1514,4287.7
4,1515,2340.7
4,1516,2332.2
4,1517,2410.9
4,1518,2346.1
4,1519,2375.2
4,1520,2291.0
4,1521,2305.0
4,1522,2342.5
4,1523,2983.2
4,1524,3688.8
4,1525,4339.8
4,1526,2309.8
4,1527,2298.9
4,1528,2281.3
4,1529,2371.0
4,1530,2187.5
4,1531,2103.3
4,1532,2137.8
4,1533,2225.6
4,1534,2951.2
4,1535,3519.2
4,1536,3764.5
4,1537,3820.8
4,1538,3168.0
4,1539,3254.6
4,1540,3197.0
4,1541,3248.5
4,1542,3163.1
4,1543,3806.9
4,1544,3812.3
4,1545,4094.5
4,1546,3278.2
4,1547,3232.8
4,1548,3259.4
4,1549,2383.7
4,1550,2188.1
4,1551,2205.6
4,1552,2231.1
4,1553,2172.3
4,1554,2157.8
4,1555,3250.9
4,1556,2923.9
4,1557,3270.3
4,1558,3014.7
4,1559,3197.0
4,1560,3279.4
4,1561,3071.1
4,1562,3283.6
4,1563,3851.7
4,1564,3171.6
4,1565,2364.3
4,1566,2306.8
4,1567,2252.9
4,1568,2174.1
4,1569,2191.1
4,1570,2240.8
4,1571,2176.6
4,1572,2184.4
4,1573,4152.1
4,1574,3155.8
4,1575,2126.3
4,1576,2212.3
4,1577,2148.7
4,1578,2120.9
4,1579,2096.6
4,1580,2143.9
4,1581,2176.0
4,1582,2093.0
4,1583,4133.9
4,1584,2873.6
4,1585,2117.2
4,1586,2158.4
4,1587,2117.8
4,1588,2122.7
4,1589,2183.8
4,1590,2133.6
4,1591,2223.8
4,1592,2151.7
4,1593,3851.1
4,1594,3859.6
4,1595,3194.0
4,1596,3232.8
4,1597,3215.8
4,1598,3141.9
4,1599,3207.9
4,1600,3157.7
4,1601,3100.7
4,1602,3814.8
4,1603,3781.4
4,1604,3759.6
4,1605,4134.5
4,1606,3203.7
4,1607,2916.0
4,1608,2263.2
4,1609,2281.3
4,1610,2273.5
4,1611,2183.8
4,1612,2233.5
4,1613,2211.1
4,1614,2169.9
4,1615,3275.2
4,1616,3172.2
4,1617,3178.3
4,1618,3125.6
4,1619,3060.8
4,1620,3092.9
4,1621,2879.7
4,1622,2866.4
4,1623,3821.4
4,1624,3112.2
4,1625,2216.5
4,1626,2174.8
4,1627,2294.7
4,1628,2145.1
4,1629,2250.5
4,1630,2148.1
4,1631,2144.5
4,1632,2134.8
4,1633,3811.7
4,1634,3870.5
4,1635,3156.5
4,1636,3169.8
4,1637,3224.3
4,1638,3205.5
4,1639,3171.0
4,1640,3187.3
4,1641,3201.3
4,1642,4111.5
4,1643,3005.7
4,1644,3198.2
4,1645,2328.0
4,1646,2251.1
4,1647,2253.5
4,1648,2121.5
4,1649,2136.6
4,1650,2140.8
4,1651,2147.5
4,1652,3726.9
4,1653,3843.8
4,1654,3505.9
4,1655,3493.8
4,1656,4083.6
4,1657,3238.2
4,1658,2292.2
4,1659,2231.7
4,1660,2117.8
4,1661,2190.5
4,1662,2149.3
4,1663,2159.0
4,1664,2083.3
4,1665,2187.5
4,1666,3804.5
4,1667,3808.7
4,1668,3208.5
4,1669,3197.0
4,1670,3207.3
4,1671,3240.6
4,1672,3212.8
4,1673,3177.7
4,1674,3124.4
4,1675,3765.1
4,1676,4128.5
4,1677,3312.1
4,1678,3236.4
4,1679,2191.1
4,1680,2267.4
4,1681,2202.0
4,1682,2163.9
4,1683,2187.5
4,1684,2168.7
4,1685,2290.4
4,1686,2874.2
4,1687,3189.2
4,1688,2966.9
4,1689,2983.9
4,1690,3239.4
4,1691,3430.2
4,1692,3057.1
4,1693,3379.3
4,1694,4207.8
4,1695,3960.7
4,1696,2390.4
4,1697,2342.5
4,1698,2309.2
4,1699,2297.7
4,1700,2361.3
4,1701,2353.4
4,1702,2226.8
4,1703,3085.0
4,1704,3206.7
4,1705,3352.7
4,1706,3045.6
4,1707,3265.5
4,1708,3283.0
4,1709,3313.9
4,1710,3262.4
4,1711,3231.5
4,1712,3923.8
4,1713,4215.1
4,1714,3419.9
4,1715,3164.9
4,1716,2377.0
4,1717,2337.7
4,1718,2407.9
4,1719,2315.3
4,1720,2332.2
4,1721,2360.7
4,1722,2369.8
4,1723,3332.1
4,1724,3402.3
4,1725,3284.8
4,1726,3320.0
4,1727,3377.5
4,1728,3144.9
4,1729,3344.2
4,1730,3401.7
4,1731,4294.4
4,1732,3957.1
4,1733,2474.5
4,1734,2304.4
4,1735,2377.0
4,1736,2362.5
4,1737,2337.7
4,1738,2289.8
4,1739,2381.3
4,1740,3006.9
4,1741,3278.2
4,1742,3237.0
4,1743,3026.9
4,1744,3240.6
4,1745,3427.2
4,1746,3283.6
4,1747,3220.0
4,1748,3235.2
4,1749,4298.6
4,1750,3238.8
4,1751,3230.9
4,1752,2235.9
4,1753,2242.6
4,1754,2275.3
4,1755,2107.5
4,1756,2118.4
4,1757,2209.3
4,1758,2128.7
4,1759,2953.6
4,1760,3212.8
4,1761,3101.3
4,1762,3152.2
4,1763,3148.6
4,1764,3119.5
4,1765,3161.9
4,1766,3118.9
4,1767,3531.9
4,1768,3126.8
4,1769,2243.8
4,1770,2194.7
4,1771,2205.0
4,1772,2212.3
4,1773,2197.8
4,1774,2208.1
4,1775,2184.4
4,1776,2128.7
4,1777,3789.3
4,1778,3788.7
4,1779,3164.9
4,1780,3085.0
4,1781,3264.3
4,1782,3232.8
4,1783,3218.2
4,1784,3184.3
4,1785,3177.0
4,1786,3819.0
4,1787,3819.0
4,1788,3811.1
4,1789,4152.1
4,1790,3151.6
4,1791,3011.1
4,1792,2155.4
4,1793,2308.6
4,1794,2195.3
4,1795,2191.1
4,1796,2150.5
4,1797,2205.6
4,1798,2105.7
4,1799,3240.0
4,1800,2987.5
4,1801,3249.1
4,1802,3197.6
4,1803,3101.9
4,1804,3125.6
4,1805,2879.1
4,1806,3183.1
4,1807,4116.3
4,1808,3821.4
4,1809,2297.1
4,1810,2333.4
4,1811,2355.2
4,1812,2225.6
4,1813,2227.4
4,1814,2156.0
4,1815,2262.0
4,1816,2965.1
4,1817,3194.0
4,1818,3242.5
4,1819,3197.0
4,1820,3385.4
4,1821,3563.4
4,1822,3382.3
4,1823,4275.6
4,1824,2957.2
4,1825,3336.3
4,1826,3284.2
4,1827,3383.6
4,1828,2323.1
4,1829,2398.2
4,1830,2398.2
4,1831,2386.7
4,1832,2272.9
4,1833,3313.9
4,1834,2355.2
4,1835,2317.1
4,1836,2359.5
4,1837,2395.8
4,1838,2274.7
4,1839,2371.6
4,1840,2317.7
4,1841,2292.8
4,1842,4327.1
4,1843,3255.2
4,1844,2301.9
4,1845,2378.2
4,1846,2255.3
4,1847,2373.4
4,1848,2331.0
4,1849,2260.1
4,1850,2392.8
4,1851,2385.5
4,1852,3998.9
4,1853,4017.0
4,1854,3393.9
4,1855,3416.3
4,1856,3477.4
4,1857,3396.3
4,1858,4350.7
4,1859,3273.3
4,1860,3315.1
4,1861,3123.1
4,1862,3330.3
4,1863,2946.3
4,1864,2265.6
4,1865,2322.5
4,1866,2307.4
4,1867,2332.2
4,1868,2979.6
4,1869,2976.0
4,1870,3223.1
4,1871,3380.5
4,1872,2976.0
4,1873,3206.7
4,1874,3274.5
4,1875,3214.0
4,1876,4287.7
4,1877,4052.8
4,1878,2300.7
4,1879,2423.7
4,1880,2332.8
4,1881,2321.9
4,1882,2398.2
4,1883,2362.5
4,1884,2270.4
4,1885,3419.3
4,1886,3492.6
4,1887,3427.2
4,1888,3436.2
4,1889,3413.8
4,1890,4040.0
4,1891,4285.3
4,1892,3345.4
4,1893,3323.6
4,1894,3340.6
4,1895,3252.1
4,1896,2363.1
4,1897,2410.3
4,1898,2351.6
4,1899,2324.9
4,1900,2320.1
4,1901,2406.1
4,1902,2286.8
4,1903,2308.6
4,1904,3382.3
4,1905,3412.6
4,1906,3454.4
4,1907,3431.4
4,1908,3487.7
4,1909,3894.1
4,1910,4079.4
4,1911,2979.0
4,1912,3291.5
4,1913,3238.8
4,1914,2988.1
4,1915,2213.5
4,1916,2246.8
4,1917,2183.2
4,1918,2194.1
4,1919,2132.4
4,1920,3234.0
4,1921,3189.2
4,1922,3261.8
4,1923,3226.1
4,1924,3095.3
4,1925,3200.1
4,1926,2908.2
4,1927,2977.8
4,1928,3975.2
4,1929,2977.8
4,1930,3240.6
4,1931,3219.4
4,1932,3215.2
4,1933,2967.5
4,1934,3158.9
4,1935,2919.1
4,1936,3187.9
4,1937,4262.9
4,1938,4299.2
4,1939,3444.7
4,1940,2399.4
4,1941,2404.9
4,1942,2281.9
4,1943,2297.1
4,1944,2334.6
4,1945,2268.6
4,1946,2314.7
4,1947,3395.1
4,1948,3477.4
4,1949,3487.7
4,1950,3391.4
4,1951,3372.1
4,1952,3441.1
4,1953,3974.0
4,1954,4007.3
4,1955,3994.0
4,1956,4008.6
4,1957,4027.9
4,1958,3964.9
4,1959,3964.9
4,1960,3818.4
4,1961,3839.0
4,1962,4141.2
4,1963,4103.6
4,1964,2166.9
4,1965,2340.7
4,1966,2214.7
4,1967,2189.9
4,1968,2077.3
4,1969,2128.1
4,1970,2156.0
4,1971,2221.4
4,1972,3014.7
4,1973,3587.6
4,1974,3516.8
4,1975,3826.3
4,1976,3157.7
4,1977,3217.6
4,1978,3247.3
4,1979,3180.1
4,1980,3222.5
4,1981,3249.7
4,1982,3082.6
4,1983,4132.7
4,1984,3224.9
4,1985,3196.4
4,1986,2232.3
4,1987,2335.8
4,1988,2173.5
4,1989,2232.9
4,1990,2179.6
4,1991,2220.8
4,1992,2142.7
4,1993,3245.5
4,1994,3253.4
4,1995,3149.2
4,1996,3111.6
4,1997,3269.7
4,1998,3115.9
4,1999,3249.7
16,0,3803.9
16,1,3226.1
16,2,2197.8
16,3,2279.5
16,4,2243.8
16,5,2233.5
16,6,2158.4
16,7,2107.5
16,8,2113.0
16,9,2280.7
16,10,3527.1
16,11,3602.8
16,12,3836.6
16,13,4090.9
16,14,2285.6
16,15,2195.3
16,16,2110.0
16,17,2171.1
16,18,2088.8
16,19,2135.4
16,20,2126.9
16,21,2100.9
16,22,3162.5
16,23,4092.1
16,24,2246.2
16,25,2183.8
16,26,2260.8
16,27,2241.4
16,28,2131.2
16,29,2156.6
16,30,2127.5
16,31,2154.8
16,32,2973.0
16,33,3546.5
16,34,4087.9
16,35,2209.3
16,36,2111.2
16,37,2134.2
16,38,2153.0
16,39,2127.5
16,40,2124.5
16,41,2238.3
16,42,2118.4
16,43,3109.8
16,44,3509.5
16,45,3149.2
16,46,3235.8
16,47,3203.1
16,48,3244.9
16,49,3220.0
16,50,3114.1
16,51,3107.4
16,52,4103.6
16,53,2880.9
16,54,3078.3
16,55,2295.3
16,56,2205.0
16,57,2217.8
16,58,2072.4
16,59,2232.9
16,60,2168.1
16,61,2161.4
16,62,3189.8
16,63,3151.6
16,64,3162.5
16,65,3232.2
16,66,2846.4
16,67,2901.5
16,68,3141.3
16,69,3266.1
16,70,3504.7
16,71,3089.2
16,72,2222.6
16,73,2283.8
16,74,2186.3
16,75,2256.5
16,76,2132.4
16,77,2212.3
16,78,2258.9
16,79,2233.5
16,80,3809.9
16,81,3837.8
16,82,3146.2
16,83,3194.0
16,84,3224.9
16,85,3235.8
16,86,3226.7
16,87,3198.8
16,88,3095.9
16,89,4181.8
16,90,2920.9
16,91,3275.8
16,92,2273.5
16,93,2280.7
16,94,2163.2
16,95,2218.4
16,96,2147.5
16,97,2276.5
16,98,2205.6
16,99,2942.7
16,100,3212.2
16,101,3157.1
16,102,3247.9
16,103,3089.8
16,104,2826.4
16,105,3145.6
16,106,3204.3
16,107,3822.0
16,108,3125.6
16,109,2145.1
16,110,2220.2
16,111,2298.3
16,112,2177.8
16,113,2177.8
16,114,2112.4
16,115,2162.6
16,116,2162.6
16,117,3795.4
16,118,3518.6
16,119,4070.9
16,120,2211.1
16,121,2157.2
16,122,2091.8
16,123,2147.5
16,124,2149.9
16,125,2127.5
16,126,2194.1
16,127,2140.8
16,128,3160.1
16,129,3626.4
16,130,3226.7
16,131,3226.1
16,132,3212.2
16,133,3183.1
16,134,3176.4
16,135,3826.9
16,136,3866.8
16,137,3933.5
16,138,3839.0
16,139,4136.9
16,140,3328.4
16,141,3202.5
16,142,2308.6
16,143,2113.6
16,144,2074.8
16,145,2180.8
16,146,2126.9
16,147,2117.8
16,148,2126.3
16,149,3188.6
16,150,3210.4
16,151,3214.0
16,152,3203.1
16,153,3148.0
16,154,3118.9
16,155,3148.6
16,156,3213.4
16,157,3786.3
16,158,3135.9
16,159,2146.9
16,160,2180.8
16,161,2297.1
16,162,2125.1
16,163,2143.3
16,164,2108.1
16,165,2136.6
16,166,2126.9
16,167,3530.7
16,168,3876.5
16,169,3565.2
16,170,3165.5
16,171,3205.5
16,172,3183.1
16,173,3186.7
16,174,3244.9
16,175,3094.1
16,176,3149.8
16,177,3848.1
16,178,4090.3
16,179,2975.4
16,180,3226.7
16,181,2205.6
16,182,2332.2
16,183,2242.6
16,184,2216.5
16,185,2176.0
16,186,2242.0
16,187,2304.4
16,188,3202.5
16,189,3177.0
16,190,3236.4
16,191,3195.2
16,192,2851.8
16,193,3229.1
16,194,2908.8
16,195,3129.8
16,196,3851.1
16,197,2830.6
16,198,2212.3
16,199,2260.1
16,200,2231.7
16,201,2283.8
16,202,2119.6
16,203,2120.3
16,204,2105.7
16,205,2097.8
16,206,3823.8
16,207,3514.4
16,208,3848.7
16,209,3160.1
16,210,3144.3
16,211,3204.3
16,212,3193.4
16,213,3206.7
16,214,3126.8
16,215,3134.0
16,216,3863.2
16,217,3935.3
16,218,4086.7
16,219,2939.0
16,220,2921.5
16,221,2229.9
16,222,2257.1
16,223,2207.5
16,224,2142.1
16,225,2209.9
16,226,2156.6
16,227,2155.4
16,228,2979.0
16,229,3244.3
16,230,2948.1
16,231,3197.6
16,232,2876.1
16,233,3130.4
16,234,2788.8
16,235,3231.5
16,236,3771.8
16,237,3132.2
16,238,2327.4
16,239,2289.8
16,240,2275.9
16,241,2291.0
16,242,2099.1
16,243,2234.7
16,244,2113.0
16,245,2231.7
16,246,3527.7
16,247,4110.9
16,248,2265.0
16,249,2175.4
16,250,2104.5
16,251,2133.6
16,252,2199.0
16,253,2116.6
16,254,2123.3
16,255,2122.7
16,256,2974.2
16,257,3308.5
16,258,2114.8
16,259,2165.1
16,260,2112.4
16,261,2162.6
16,262,2151.7
16,263,2160.8
16,264,2103.3
16,265,2175.4
16,266,3809.3
16,267,3785.7
16,268,3209.7
16,269,3158.3
16,270,3204.9
16,271,3196.4
16,272,6239.0
16,273,2383.1
16,274,2982.6
16,275,3012.9
16,276,2434.6
16,277,2122.1
16,278,2161.4
16,279,2121.5
16,280,2220.2
16,281,2281.9
16,282,3246.1
16,283,3187.9
16,284,2921.5
16,285,2917.2
16,286,2882.7
16,287,3238.8
16,288,3192.2
16,289,2919.1
16,290,4113.9
16,291,4136.9
16,292,3201.3
16,293,2280.7
16,294,2165.7
16,295,2317.1
16,296,2267.4
16,297,2349.8
16,298,2247.4
16,299,2324.9
16,300,3399.9
16,301,3514.4
16,302,3590.7
16,303,3486.5
16,304,3407.2
16,305,3564.6
16,306,4285.9
16,307,3319.4
16,308,2977.8
16,309,2967.5
16,310,2980.8
16,311,2351.0
16,312,2306.2
16,313,2412.8
16,314,2331.6
16,315,2394.0
16,316,2913.6
16,317,3238.8
16,318,2940.2
16,319,3062.6
16,320,2934.2
16,321,2969.3
16,322,2916.0
16,323,2948.7
16,324,3945.0
16,325,3252.1
16,326,2317.7
16,327,2306.2
16,328,2320.7
16,329,2430.9
16,330,2327.4
16,331,2348.0
16,332,2305.6
16,333,2315.3
16,334,3314.5
16,335,3208.5
16,336,3294.5
16,337,3249.7
16,338,3160.7
16,339,3209.7
16,340,3184.3
16,341,3297.0
16,342,4336.8
16,343,3683.9
16,344,2361.3
16,345,2328.6
16,346,2300.7
16,347,2367.9
16,348,2352.2
16,349,2317.7
16,350,2318.3
16,351,2296.5
16,352,2302.5
16,353,3281.2
16,354,2957.2
16,355,3293.9
16,356,3240.6
16,357,3186.1
16,358,3211.6
16,359,3309.1
16,360,3273.3
16,361,4061.8
16,362,3149.2
16,363,2234.7
16,364,2267.4
16,365,2275.9
16,366,2172.9
16,367,2171.1
16,368,2142.1
16,369,2277.7
16,370,2196.0
16,371,3247.3
16,372,2866.4
16,373,2957.8
16,374,2908.2
16,375,3084.4
16,376,2882.7
16,377,3217.6
16,378,3132.2
16,379,3859.0
16,380,3146.8
16,381,2209.3
16,382,2139.0
16,383,2301.3
16,384,2202.0
16,385,2243.8
16,386,2094.8
16,387,2198.4
16,388,2080.9
16,389,2921.5
16,390,2931.8
16,391,2985.7
16,392,3211.0
16,393,3243.1
16,394,3128.0
16,395,3184.9
16,396,3172.8
16,397,3780.8
16,398,3163.7
16,399,2214.7
16,400,2332.8
16,401,2237.1
16,402,2232.3
16,403,2183.8
16,404,2186.3
16,405,2258.9
16,406,2224.4
16,407,2908.2
16,408,3169.2
16,409,3297.0
16,410,3180.7
16,411,2871.8
16,412,2817.3
16,413,3130.4
16,414,3150.4
16,415,4098.8
16,416,3778.4
16,417,2337.1
16,418,2303.1
16,419,2274.7
16,420,2204.4
16,421,2140.8
16,422,2148.1
16,423,2215.3
16,424,2985.7
16,425,3300.6
16,426,3206.7
16,427,3178.3
16,428,3207.9
16,429,3184.9
16,430,3200.7
16,431,4120.6
16,432,3283.6
16,433,3293.9
16,434,2942.7
16,435,2263.2
16,436,2201.4
16,437,2196.0
16,438,2111.8
16,439,2114.2
16,440,2151.1
16,441,5568.6
16,442,6190.6
16,443,6153.6
16,444,4907.9
16,445,4224.1
16,446,4728.0
16,447,4456.1
16,448,4296.8
16,449,4216.9
16,450,4482.1
16,451,3370.2
16,452,3257.6
16,453,3264.9
16,454,3356.3
16,455,3173.4
16,456,3396.3
16,457,3435.6
16,458,4120.6
16,459,3378.7
16,460,3503.5
16,461,4000.1
16,462,4137.5
16,463,3084.4
16,464,3130.4
16,465,3300.0
16,466,3118.3
16,467,3855.3
16,468,2975.4
16,469,3217.6
16,470,3407.8
16,471,3379.3
16,472,3042.6
16,473,3578.6
16,474,3672.4
16,475,2563.0
16,476,2211.1
16,477,2287.4
16,478,2308.0
16,479,3322.4
16,480,2944.5
16,481,3258.8
16,482,3042.6
16,483,2313.4
16,484,3196.4
16,485,2859.1
16,486,2859.7
16,487,3205.5
16,488,3143.7
16,489,2985.1
16,490,2861.5
16,491,3269.7
16,492,3833.5
16,493,3187.3
16,494,2286.8
16,495,2270.4
16,496,2263.2
16,497,2306.8
16,498,2104.5
16,499,2325.6
16,500,2128.1
16,501,2219.0
16,502,3537.4
16,503,4226.6
16,504,4116.3
16,505,4280.5
16,506,3535.6
16,507,3495.6
16,508,3554.9
16,509,4099.4
16,510,2988.1
16,511,3205.5
16,512,3250.9
16,513,3355.1
16,514,2178.4
16,515,2218.4
16,516,2211.1
16,517,2275.9
16,518,2125.1
16,519,3189.2
16,520,3183.7
16,521,3191.0
16,522,3236.4
16,523,3171.6
16,524,3123.1
16,525,2864.5
16,526,3148.0
16,527,3792.3
16,528,3085.6
16,529,2345.5
16,530,2282.6
16,531,2255.9
16,532,2332.8
16,533,2109.3
16,534,2219.6
16,535,2214.7
16,536,2125.7
16,537,4122.4
16,538,3191.6
16,539,2105.7
16,540,7377.6
16,541,6575.1
16,542,5965.9
16,543,4861.3
16,544,4283.5
16,545,4104.8
16,546,4367.7
16,547,4453.7
16,548,4386.5
16,549,4083.6
16,550,3945.0
16,551,4355.0
16,552,3147.4
16,553,3303.0
16,554,3815.4
16,555,3393.2
16,556,3587.0
16,557,3499.2
16,558,3447.8
16,559,4445.2
16,560,4000.1
16,561,4332.6
16,562,4138.2
16,563,4272.0
16,564,4545.7
16,565,4361.0
16,566,4396.7
16,567,3940.1
16,568,4245.3
16,569,4126.0
16,570,4093.9
16,571,10406.2
16,572,3617.9
16,573,3887.4
16,574,4547.5
16,575,4708.6
16,576,4499.1
16,577,4238.7
16,578,4375.6
16,579,4334.4
16,580,3878.9
16,581,3409.6
16,582,3458.0
16,583,3420.5
16,584,3583.4
16,585,3325.4
16,586,3349.6
16,587,3458.7
16,588,3998.3
16,589,4185.4
16,590,4485.2
16,591,3475.0
16,592,3240.0
16,593,3325.4
16,594,3221.9
16,595,3531.3
16,596,3370.2
16,597,3461.7
16,598,3617.9
16,599,4195.7
16,600,4176.9
16,601,4535.4
16,602,4180.5
16,603,4149.1
16,604,4043.7
16,605,4431.3
16,606,3496.2
16,607,3323.0
16,608,3293.9
16,609,3550.7
16,610,3420.5
16,611,3367.2
16,612,3517.4
16,613,3376.9
16,614,4134.5
16,615,4635.4
16,616,4258.1
16,617,3491.4
16,618,3297.6
16,619,2305.6
16,620,2329.2
16,621,2157.2
16,622,2182.0
16,623,2086.9
16,624,2163.9
16,625,2148.7
16,626,2782.8
16,627,3788.1
16,628,3807.5
16,629,3691.2
16,630,3675.5
16,631,4697.1
16,632,3974.0
16,633,4101.8
16,634,2991.1
16,635,3166.1
16,636,3163.1
16,637,2269.8
16,638,2235.9
16,639,2235.9
16,640,2123.3
16,641,2285.6
16,642,3960.7
16,643,9069.1
16,644,2757.4
16,645,4171.5
16,646,3229.1
16,647,2953.0
16,648,3274.5
16,649,2960.2
16,650,2855.5
16,651,3236.4
16,652,3515.6
16,653,2308.6
16,654,2235.9
16,655,2222.0
16,656,2269.2
16,657,2172.9
16,658,2160.2
16,659,2163.9
16,660,3740.9
16,661,8685.7
16,662,2997.2
16,663,4096.4
16,664,8028.6
16,665,4991.5
16,666,4549.4
16,667,8220.6
16,668,4579.6
16,669,4394.9
16,670,8359.9
16,671,4588.1
16,672,4644.4
16,673,9019.4
16,674,4643.2
16,675,10584.9
16,676,3472.6
16,677,3287.9
16,678,3319.4
16,679,3150.4
16,680,3139.5
16,681,3222.5
16,682,3813.5
16,683,3863.8
16,684,3216.4
16,685,2297.1
16,686,2243.2
16,687,2285.0
16,688,2371.6
16,689,2315.9
16,690,2180.8
16,691,2237.7
16,692,2231.7
16,693,5809.6
16,694,8463.4
16,695,2423.1
16,696,2145.1
16,697,2153.6
16,698,2158.4
16,699,2210.5
16,700,2251.1
16,701,2126.9
16,702,2170.5
16,703,3312.1
16,704,10597.0
16,705,2697.4
16,706,3220.0
16,707,3221.3
16,708,3223.1
16,709,3165.5
16,710,2910.6
16,711,3148.0
16,712,3230.9
16,713,3204.9
16,714,4303.5
16,715,4070.9
16,716,4324.1
16,717,4020.1
16,718,2603.5
16,719,2342.5
16,720,2389.7
16,721,2443.6
16,722,2415.2
16,723,2234.1
16,724,2173.5
16,725,3146.8
16,726,3181.3
16,727,3238.2
16,728,3258.2
16,729,3358.7
16,730,3094.7
16,731,3232.2
16,732,3187.9
16,733,3139.5
16,734,4113.3
16,735,3265.5
16,736,3336.9
16,737,2355.8
16,738,2275.9
16,739,2285.0
16,740,2204.4
16,741,2139.6
16,742,2168.7
16,743,2183.2
16,744,2905.1
16,745,3250.3
16,746,2968.7
16,747,3203.1
16,748,3112.2
16,749,3106.8
16,750,3266.7
16,751,3135.3
16,752,3787.5
16,753,3148.0
16,754,3106.8
16,755,3156.5
16,756,3126.2
16,757,3104.4
16,758,3272.7
16,759,3176.4
16,760,3193.4
16,761,3853.5
16,762,3094.7
16,763,2240.2
16,764,2298.3
16,765,2239.0
16,766,2266.8
16,767,2265.6
16,768,2177.8
16,769,2208.7
16,770,2197.2
16,771,3857.8
16,772,3857.8
16,773,3221.9
16,774,3283.0
16,775,3229.1
16,776,3238.8
16,777,3257.0
16,778,3186.1
16,779,3228.5
16,780,4136.9
16,781,2992.3
16,782,3388.4
16,783,2298.9
16,784,2364.3
16,785,2304.4
16,786,2286.8
16,787,2266.8
16,788,2214.7
16,789,2268.6
16,790,3263.0
16,791,3020.8
16,792,3247.3
16,793,3244.3
16,794,3220.6
16,795,3157.7
16,796,3099.5
16,797,3217.6
16,798,3593.7
16,799,2801.0
16,800,2861.5
16,801,3303.0
16,802,2941.5
16,803,3155.2
16,804,3155.2
16,805,3257.6
16,806,3161.9
16,807,4138.8
16,808,3814.1
16,809,2309.2
16,810,2228.0
16,811,2197.2
16,812,2269.2
16,813,2111.8
16,814,2268.0
16,815,2144.5
16,816,3060.2
16,817,3179.5
16,818,3334.5
16,819,3260.0
16,820,3212.8
16,821,3160.1
16,822,3205.5
16,823,3141.3
16,824,3226.1
16,825,4193.9
16,826,3272.7
16,827,3255.8
16,828,2273.5
16,829,2268.6
16,830,2294.7
16,831,2268.0
16,832,2149.9
16,833,2211.1
16,834,2148.1
16,835,3315.1
16,836,3204.3
16,837,3184.3
16,838,3198.2
16,839,3190.4
16,840,3171.6
16,841,2891.2
16,842,2827.0
16,843,4120.0
16,844,4104.8
16,845,3224.3
16,846,2264.4
16,847,2242.6
16,848,2222.6
16,849,6137.3
16,850,2329.8
16,851,2389.1
16,852,2253.5
16,853,3012.9
16,854,3283.6
16,855,3232.2
16,856,3267.3
16,857,3321.8
16,858,3084.4
16,859,3108.6
16,860,3181.9
16,861,3112.2
16,862,3826.9
16,863,4172.7
16,864,3316.9
16,865,3253.4
16,866,2303.1
16,867,2343.7
16,868,2237.7
16,869,2187.5
16,870,2275.9
16,871,2243.8
16,872,2173.5
16,873,3269.7
16,874,3197.0
16,875,3243.1
16,876,3197.6
16,877,3165.5
16,878,2988.7
16,879,2842.7
16,880,3181.9
16,881,4149.7
16,882,3525.3
16,883,2354.0
16,884,2238.3
16,885,2303.1
16,886,2396.4
16,887,2117.2
16,888,2229.3
16,889,2232.9
16,890,3117.7
16,891,3189.2
16,892,3223.7
16,893,3138.9
16,894,3236.4
16,895,3225.5
16,896,3129.2
16,897,3246.1
16,898,3217.0
16,899,3842.6
16,900,3840.2
16,901,4136.9
16,902,3019.6
16,903,2968.7
16,904,2265.0
16,905,2416.4
16,906,2236.5
16,907,2235.9
16,908,2164.5
16,909,2237.1
16,910,2193.5
16,911,3232.8
16,912,3190.4
16,913,3012.3
16,914,3205.5
16,915,2883.9
16,916,2827.6
16,917,2823.4
16,918,2908.8
16,919,3809.9
16,920,2840.3
16,921,2845.8
16,922,2882.1
16,923,3175.8
16,924,3115.9
16,925,3091.0
16,926,2872.4
16,927,3122.5
16,928,4181.8
16,929,3933.5
16,930,2200.8
16,931,2249.9
16,932,2261.4
16,933,2315.3
16,934,2182.0
16,935,2177.8
16,936,2114.8
16,937,3008.1
16,938,3256.4
16,939,3183.7
16,940,3143.1
16,941,3161.9
16,942,3127.4
16,943,3134.7
16,944,3229.7
16,945,3275.8
16,946,4118.2
16,947,3280.0
16,948,3205.5
16,949,2312.2
16,950,2279.5
16,951,2235.9
16,952,2201.4
16,953,2204.4
16,954,2099.7
16,955,2186.3
16,956,3236.4
16,957,2968.7
16,958,3296.4
16,959,3218.2
16,960,3155.8
16,961,3255.2
16,962,2930.0
16,963,3159.5
16,964,3526.5
16,965,2988.7
16,966,3148.6
16,967,3101.9
16,968,3248.5
16,969,3178.3
16,970,2861.5
16,971,3145.6
16,972,3238.8
16,973,3810.5
16,974,3186.7
16,975,2283.8
16,976,2211.7
16,977,2333.4
16,978,2293.5
16,979,2185.7
16,980,2143.3
16,981,2189.9
16,982,2211.7
16,983,4126.0
16,984,2912.4
16,985,2258.3
16,986,2242.0
16,987,2274.1
16,988,2346.7
16,989,2194.7
16,990,2137.2
16,991,2179.6
16,992,2172.9
16,993,3562.8
16,994,4097.0
16,995,2265.0
16,996,2166.3
16,997,2158.4
16,998,2141.4
16,999,2202.0
16,1000,2129.9
16,1001,2198.4
16,1002,2135.4
16,1003,3166.1
16,1004,4084.3
16,1005,2220.8
16,1006,2129.9
16,1007,2128.1
16,1008,2202.0
16,1009,2252.9
16,1010,2135.4
16,1011,2292.2
16,1012,2223.2
16,1013,3158.3
16,1014,3217.6
16,1015,3169.2
16,1016,3156.5
16,1017,3307.9
16,1018,3086.8
16,1019,3232.2
16,1020,3200.1
16,1021,3145.6
16,1022,4104.2
16,1023,2988.1
16,1024,2933.0
16,1025,2260.8
16,1026,2306.2
16,1027,2271.7
16,1028,2272.9
16,1029,2170.5
16,1030,2322.5
16,1031,2119.6
16,1032,3257.0
16,1033,3248.5
16,1034,3207.9
16,1035,2954.2
16,1036,3119.5
16,1037,3164.3
16,1038,3209.7
16,1039,3151.6
16,1040,4140.0
16,1041,3857.8
16,1042,2400.6
16,1043,2230.5
16,1044,2182.6
16,1045,2328.6
16,1046,2168.7
16,1047,2111.2
16,1048,2162.6
16,1049,3177.0
16,1050,3146.2
16,1051,3157.7
16,1052,3196.4
16,1053,3216.4
16,1054,3107.4
16,1055,3097.7
16,1056,3106.2
16,1057,3270.3
16,1058,4083.0
16,1059,3014.1
16,1060,3295.1
16,1061,2185.1
16,1062,2207.5
16,1063,2180.8
16,1064,2232.3
16,1065,2237.7
16,1066,2086.9
16,1067,2193.5
16,1068,3303.0
16,1069,2965.1
16,1070,3011.1
16,1071,2946.3
16,1072,3191.6
16,1073,2881.5
16,1074,2833.1
16,1075,3156.5
16,1076,3813.5
16,1077,3221.9
16,1078,2299.5
16,1079,2223.8
16,1080,2234.7
16,1081,2347.4
16,1082,2154.8
16,1083,2266.8
16,1084,2268.0
16,1085,2226.8
16,1086,3854.1
16,1087,3555.6
16,1088,3553.7
16,1089,3882.6
16,1090,3217.0
16,1091,3176.4
16,1092,3164.9
16,1093,3237.0
16,1094,3168.0
16,1095,3146.8
16,1096,3111.6
16,1097,3849.3
16,1098,3801.4
16,1099,3848.1
16,1100,4179.3
16,1101,3273.9
16,1102,3258.2
16,1103,2214.7
16,1104,2273.5
16,1105,2328.6
16,1106,2232.3
16,1107,2177.8
16,1108,2157.2
16,1109,2151.7
16,1110,3234.0
16,1111,2877.3
16,1112,3019.0
16,1113,3308.5
16,1114,3176.4
16,1115,3117.7
16,1116,3160.7
16,1117,3120.1
16,1118,3831.1
16,1119,2895.4
16,1120,3272.1
16,1121,3207.3
16,1122,3151.0
16,1123,2903.3
16,1124,3155.2
16,1125,3164.3
16,1126,3116.5
16,1127,3829.3
16,1128,3131.0
16,1129,2269.8
16,1130,2303.8
16,1131,2319.5
16,1132,2295.9
16,1133,2149.3
16,1134,2176.6
16,1135,2214.1
16,1136,2129.9
16,1137,3872.3
16,1138,3803.2
16,1139,3247.3
16,1140,3214.0
16,1141,3224.9
16,1142,3228.5
16,1143,3204.9
16,1144,3244.3
16,1145,3187.3
16,1146,3855.3
16,1147,3887.4
16,1148,3840.2
16,1149,4104.8
16,1150,3283.0
16,1151,3239.4
16,1152,2308.6
16,1153,2229.9
16,1154,2141.4
16,1155,2228.0
16,1156,2171.7
16,1157,2200.2
16,1158,2167.5
16,1159,2974.8
16,1160,3227.9
16,1161,3041.4
16,1162,3270.3
16,1163,3155.8
16,1164,3155.8
16,1165,3152.8
16,1166,3277.6
16,1167,3553.7
16,1168,3123.1
16,1169,2281.9
16,1170,3574.3
16,1171,2319.5
16,1172,2302.5
16,1173,2187.5
16,1174,2205.6
16,1175,2128.1
16,1176,2106.3
16,1177,3232.8
16,1178,3183.1
16,1179,3232.8
16,1180,3243.7
16,1181,3185.5
16,1182,3250.3
16,1183,3186.1
16,1184,3173.4
16,1185,3636.7
16,1186,3201.3
16,1187,2286.8
16,1188,2262.0
16,1189,2222.0
16,1190,2279.5
16,1191,2235.9
16,1192,2251.1
16,1193,2297.7
16,1194,2204.4
16,1195,3876.5
16,1196,3794.8
16,1197,3177.7
16,1198,3229.1
16,1199,3212.8
16,1200,3229.1
16,1201,3329.7
16,1202,3190.4
16,1203,3240.0
16,1204,4135.7
16,1205,3254.0
16,1206,2977.8
16,1207,2278.9
16,1208,2326.2
16,1209,2220.2
16,1210,2219.0
16,1211,2168.7
16,1212,2137.8
16,1213,2284.4
16,1214,3238.8
16,1215,3199.5
16,1216,3183.7
16,1217,3241.2
16,1218,3128.6
16,1219,3263.0
16,1220,3336.9
16,1221,3237.0
16,1222,3998.9
16,1223,2928.7
16,1224,3350.2
16,1225,3269.7
16,1226,3266.1
16,1227,2985.1
16,1228,3229.1
16,1229,3307.9
16,1230,2992.9
16,1231,3968.6
16,1232,3263.6
16,1233,2369.8
16,1234,2340.1
16,1235,2358.9
16,1236,2335.8
16,1237,2309.8
16,1238,2385.5
16,1239,2377.6
16,1240,2257.1
16,1241,3426.6
16,1242,3398.1
16,1243,3454.4
16,1244,3459.3
16,1245,3372.7
16,1246,4322.3
16,1247,3300.6
16,1248,3310.9
16,1249,3081.4
16,1250,3365.4
16,1251,3240.0
16,1252,2322.5
16,1253,2331.6
16,1254,2391.0
16,1255,2319.5
16,1256,2980.8
16,1257,3097.1
16,1258,3257.6
16,1259,3246.1
16,1260,3275.2
16,1261,3286.7
16,1262,3431.4
16,1263,3270.3
16,1264,3995.2
16,1265,3283.6
16,1266,2365.5
16,1267,2247.4
16,1268,2352.8
16,1269,2315.3
16,1270,2473.3
16,1271,2334.0
16,1272,2310.4
16,1273,2416.4
16,1274,3717.9
16,1275,3725.1
16,1276,3932.2
16,1277,4138.2
16,1278,2274.1
16,1279,2263.8
16,1280,2208.7
16,1281,2225.6
16,1282,2134.2
16,1283,2386.7
16,1284,2477.6
16,1285,2240.2
16,1286,3126.2
16,1287,3200.1
16,1288,3246.7
16,1289,3316.3
16,1290,3166.1
16,1291,3227.9
16,1292,3110.4
16,1293,3091.0
16,1294,3261.2
16,1295,3828.1
16,1296,3785.7
16,1297,4227.8
16,1298,2969.9
16,1299,3293.3
16,1300,2242.0
16,1301,2215.9
16,1302,2232.3
16,1303,2213.5
16,1304,2120.3
16,1305,2211.7
16,1306,2150.5
16,1307,3221.3
16,1308,3034.1
16,1309,3333.3
16,1310,2902.1
16,1311,3077.7
16,1312,2775.5
16,1313,2892.4
16,1314,3250.9
16,1315,3530.1
16,1316,3208.5
16,1317,2284.4
16,1318,2284.4
16,1319,2155.4
16,1320,2273.5
16,1321,2205.6
16,1322,2120.9
16,1323,2206.9
16,1324,2203.2
16,1325,3517.4
16,1326,3602.2
16,1327,3547.7
16,1328,3839.0
16,1329,3289.1
16,1330,3194.0
16,1331,3252.7
16,1332,3191.6
16,1333,3149.8
16,1334,3148.0
16,1335,3063.8
16,1336,4106.7
16,1337,3313.3
16,1338,3260.0
16,1339,2231.7
16,1340,2259.5
16,1341,2122.1
16,1342,2225.6
16,1343,2137.8
16,1344,2100.9
16,1345,2199.6
16,1346,3167.4
16,1347,2978.4
16,1348,3281.2
16,1349,3206.1
16,1350,3140.7
16,1351,3138.9
16,1352,3115.3
16,1353,3281.2
16,1354,3748.7
16,1355,3188.6
16,1356,2221.4
16,1357,2205.6
16,1358,2257.1
16,1359,2196.0
16,1360,2220.8
16,1361,2225.6
16,1362,2157.2
16,1363,2194.1
16,1364,3498.0
16,1365,3840.2
16,1366,3911.0
16,1367,3149.8
16,1368,3295.1
16,1369,3281.8
16,1370,3186.1
16,1371,3148.0
16,1372,3186.1
16,1373,3141.3
16,1374,4160.6
16,1375,3278.2
16,1376,2962.1
16,1377,2429.1
16,1378,2204.4
16,1379,2196.6
16,1380,2112.4
16,1381,2238.3
16,1382,2226.2
16,1383,2231.1
16,1384,2970.5
16,1385,2982.0
16,1386,2940.2
16,1387,2968.1
16,1388,3164.3
16,1389,2830.0
16,1390,3209.7
16,1391,2959.0
16,1392,3831.1
16,1393,3212.2
16,1394,2255.9
16,1395,2434.6
16,1396,2326.8
16,1397,2275.9
16,1398,2210.5
16,1399,2245.6
16,1400,2153.0
16,1401,2248.6
16,1402,3491.4
16,1403,4169.0
16,1404,2200.2
16,1405,2141.4
16,1406,2197.2
16,1407,2194.1
16,1408,2139.0
16,1409,2180.2
16,1410,2245.0
16,1411,2236.5
16,1412,3002.0
16,1413,3830.5
16,1414,3155.2
16,1415,3168.6
16,1416,3263.6
16,1417,3275.2
16,1418,3204.3
16,1419,3135.9
16,1420,3155.8
16,1421,3849.9
16,1422,3842.6
16,1423,3829.3
16,1424,4133.3
16,1425,3278.8
16,1426,2978.4
16,1427,2274.1
16,1428,2316.5
16,1429,2187.5
16,1430,2165.7
16,1431,2148.7
16,1432,2157.8
16,1433,2207.5
16,1434,2903.3
16,1435,3234.6
16,1436,3214.6
16,1437,2942.7
16,1438,3168.0
16,1439,2963.3
16,1440,2808.2
16,1441,3223.1
16,1442,3518.6
16,1443,3169.2
16,1444,2180.8
16,1445,2280.1
16,1446,2305.0
16,1447,2229.9
16,1448,2204.4
16,1449,2244.4
16,1450,2144.5
16,1451,2161.4
16,1452,3518.0
16,1453,3814.8
16,1454,3164.9
16,1455,3157.1
16,1456,3211.6
16,1457,3301.8
16,1458,3176.4
16,1459,3144.3
16,1460,3100.7
16,1461,4101.2
16,1462,3286.1
16,1463,3283.6
16,1464,2289.8
16,1465,2322.5
16,1466,2210.5
16,1467,2190.5
16,1468,2174.1
16,1469,2179.6
16,1470,2145.7
16,1471,2894.2
16,1472,3089.2
16,1473,2961.4
16,1474,3203.7
16,1475,2830.6
16,1476,3237.6
16,1477,3105.0
16,1478,3132.8
16,1479,3820.8
16,1480,3121.9
16,1481,2305.6
16,1482,2203.8
16,1483,2158.4
16,1484,2271.7
16,1485,2197.2
16,1486,2117.2
16,1487,2126.3
16,1488,2191.1
16,1489,3851.7
16,1490,3505.3
16,1491,3840.2
16,1492,4877.0
16,1493,3209.7
16,1494,3211.0
16,1495,3169.2
16,1496,3179.5
16,1497,3290.9
16,1498,4129.1
16,1499,3299.4
16,1500,3003.8
16,1501,2937.2
16,1502,2284.4
16,1503,2300.7
16,1504,2272.9
16,1505,2289.2
16,1506,2146.3
16,1507,2189.9
16,1508,3254.0
16,1509,2908.8
16,1510,3019.0
16,1511,2957.8
16,1512,2913.6
16,1513,3160.1
16,1514,3105.0
16,1515,3149.8
16,1516,3796.0
16,1517,2867.6
16,1518,2240.2
16,1519,2237.1
16,1520,2230.5
16,1521,2242.0
16,1522,2147.5
16,1523,2270.4
16,1524,2135.4
16,1525,2199.0
16,1526,4123.6
16,1527,2925.7
16,1528,2126.3
16,1529,2292.8
16,1530,2147.5
16,1531,2200.2
16,1532,2159.6
16,1533,2138.4
16,1534,2164.5
16,1535,2224.4
16,1536,3837.8
16,1537,3908.0
16,1538,3146.8
16,1539,3220.6
16,1540,3168.6
16,1541,3242.5
16,1542,3174.6
16,1543,3138.3
16,1544,3198.2
16,1545,4160.6
16,1546,2916.6
16,1547,3264.9
16,1548,2166.9
16,1549,2268.6
16,1550,2210.5
16,1551,2111.2
16,1552,2179.6
16,1553,2214.1
16,1554,2137.8
16,1555,2925.7
16,1556,3064.4
16,1557,2236.5
16,1558,2185.1
16,1559,2334.0
16,1560,2240.8
16,1561,2223.8
16,1562,2094.2
16,1563,2182.0
16,1564,2221.4
16,1565,3553.7
16,1566,3851.7
16,1567,3239.4
16,1568,3146.8
16,1569,3263.0
16,1570,3214.6
16,1571,3213.4
16,1572,3105.6
16,1573,3121.9
16,1574,4152.1
16,1575,2995.4
16,1576,3291.5
16,1577,2275.9
16,1578,2227.4
16,1579,2176.6
16,1580,2335.8
16,1581,2145.1
16,1582,2263.8
16,1583,2168.7
16,1584,2923.3
16,1585,3046.2
16,1586,2952.4
16,1587,3195.8
16,1588,3220.6
16,1589,3112.8
16,1590,3065.0
16,1591,2961.4
16,1592,3861.4
16,1593,3042.6
16,1594,3265.5
16,1595,2971.1
16,1596,3141.9
16,1597,3222.5
16,1598,2989.3
16,1599,2997.2
16,1600,3289.7
16,1601,3878.3
16,1602,3157.7
16,1603,2259.5
16,1604,2308.0
16,1605,2291.6
16,1606,2362.5
16,1607,2320.7
16,1608,2187.5
16,1609,2265.6
16,1610,2322.5
16,1611,3823.2
16,1612,3836.6
16,1613,3141.3
16,1614,3198.8
16,1615,3284.2
16,1616,3276.4
16,1617,3290.9
16,1618,3113.5
16,1619,3109.8
16,1620,4112.1
16,1621,3251.5
16,1622,3227.9
16,1623,2326.2
16,1624,2275.3
16,1625,2269.8
16,1626,2252.3
16,1627,2142.1
16,1628,2211.1
16,1629,2180.8
16,1630,3244.9
16,1631,2972.3
16,1632,3189.8
16,1633,3052.9
16,1634,3152.8
16,1635,3198.2
16,1636,3108.6
16,1637,3083.2
16,1638,3838.4
16,1639,3157.7
16,1640,2223.8
16,1641,2229.3
16,1642,2206.9
16,1643,2224.4
16,1644,2197.2
16,1645,2199.0
16,1646,2189.9
16,1647,2171.1
16,1648,3819.0
16,1649,3624.6
16,1650,4139.4
16,1651,2351.0
16,1652,2149.9
16,1653,2167.5
16,1654,2153.6
16,1655,2156.0
16,1656,2180.8
16,1657,2274.1
16,1658,2142.1
16,1659,2985.1
16,1660,3842.6
16,1661,3193.4
16,1662,3248.5
16,1663,3200.7
16,1664,3195.8
16,1665,3246.7
16,1666,3096.5
16,1667,3218.8
16,1668,3846.2
16,1669,3808.1
16,1670,4137.5
16,1671,3216.4
16,1672,3253.4
16,1673,2432.7
16,1674,2272.3
16,1675,2207.5
16,1676,2122.1
16,1677,2186.9
16,1678,2169.9
16,1679,2239.0
16,1680,3191.0
16,1681,3052.9
16,1682,2904.5
16,1683,3194.0
16,1684,3163.1
16,1685,3282.4
16,1686,3141.3
16,1687,3117.7
16,1688,3802.6
16,1689,3268.5
16,1690,2174.8
16,1691,2284.4
16,1692,2207.5
16,1693,2223.2
16,1694,2154.2
16,1695,2146.9
16,1696,2158.4
16,1697,2218.4
16,1698,3822.6
16,1699,4152.7
16,1700,2222.6
16,1701,2170.5
16,1702,2223.2
16,1703,2202.0
16,1704,2195.3
16,1705,2301.3
16,1706,2199.6
16,1707,2234.1
16,1708,2995.4
16,1709,4329.5
16,1710,2342.5
16,1711,2171.7
16,1712,2137.2
16,1713,2201.4
16,1714,2168.7
16,1715,2211.1
16,1716,2279.5
16,1717,2177.8
16,1718,3202.5
16,1719,3574.9
16,1720,3197.0
16,1721,3242.5
16,1722,3167.4
16,1723,3237.0
16,1724,3171.0
16,1725,3180.1
16,1726,3289.7
16,1727,3852.9
16,1728,3825.1
16,1729,3924.4
16,1730,4103.0
16,1731,2953.0
16,1732,3214.6
16,1733,2303.8
16,1734,2297.1
16,1735,2234.1
16,1736,2142.1
16,1737,2207.5
16,1738,2182.6
16,1739,2181.4
16,1740,2926.9
16,1741,3206.7
16,1742,3220.0
16,1743,3215.8
16,1744,2869.4
16,1745,3239.4
16,1746,2924.5
16,1747,3009.9
16,1748,3540.4
16,1749,3167.4
16,1750,2215.9
16,1751,2244.4
16,1752,2251.7
16,1753,2321.9
16,1754,2172.3
16,1755,2242.0
16,1756,2183.2
16,1757,2133.0
16,1758,3851.1
16,1759,3569.5
16,1760,3163.1
16,1761,3325.4
16,1762,3219.4
16,1763,3266.7
16,1764,3207.3
16,1765,3196.4
16,1766,3301.2
16,1767,3808.7
16,1768,3794.2
16,1769,4156.3
16,1770,3208.5
16,1771,2972.3
16,1772,2291.0
16,1773,2271.0
16,1774,2192.3
16,1775,2142.1
16,1776,2255.9
16,1777,2262.0
16,1778,2137.2
16,1779,3263.6
16,1780,3166.7
16,1781,2977.2
16,1782,3209.7
16,1783,3168.0
16,1784,3171.6
16,1785,2923.9
16,1786,3308.5
16,1787,3579.2
16,1788,3240.6
16,1789,2200.8
16,1790,2246.2
16,1791,2199.6
16,1792,2211.1
16,1793,2206.2
16,1794,2132.4
16,1795,2214.1
16,1796,2189.9
16,1797,3847.5
16,1798,4187.8
16,1799,2251.7
16,1800,2224.4
16,1801,2207.5
16,1802,2228.0
16,1803,2142.7
16,1804,2192.3
16,1805,2143.3
16,1806,2358.9
16,1807,2978.4
16,1808,3530.7
16,1809,3665.8
16,1810,3556.8
16,1811,3834.7
16,1812,4115.1
16,1813,2246.8
16,1814,2253.5
16,1815,2214.1
16,1816,2198.4
16,1817,2306.8
16,1818,2239.6
16,1819,2189.9
16,1820,3885.6
16,1821,3084.4
16,1822,3870.5
16,1823,3803.2
16,1824,3197.6
16,1825,3270.3
16,1826,3229.1
16,1827,3221.9
16,1828,3189.8
16,1829,3179.5
16,1830,4141.8
16,1831,2974.2
16,1832,3260.0
16,1833,3307.9
16,1834,2905.7
16,1835,2317.7
16,1836,2244.4
16,1837,2162.0
16,1838,2190.5
16,1839,2196.6
16,1840,2869.4
16,1841,3209.7
16,1842,2943.3
16,1843,2999.0
16,1844,2811.9
16,1845,3177.7
16,1846,2893.6
16,1847,2850.0
16,1848,3527.1
16,1849,3229.1
16,1850,2140.8
16,1851,2246.8
16,1852,2163.9
16,1853,2195.3
16,1854,2136.6
16,1855,2111.2
16,1856,2149.3
16,1857,2231.1
16,1858,4161.8
16,1859,3218.8
16,1860,2159.0
16,1861,2112.4
16,1862,2194.7
16,1863,2206.2
16,1864,2130.5
16,1865,2181.4
16,1866,2119.0
16,1867,2174.8
16,1868,3825.7
16,1869,4200.5
16,1870,2268.0
16,1871,2194.1
16,1872,2195.3
16,1873,2168.7
16,1874,2116.0
16,1875,2136.6
16,1876,2129.3
16,1877,2180.2
16,1878,2989.9
16,1879,3857.1
16,1880,3169.2
16,1881,3298.2
16,1882,3157.1
16,1883,3194.6
16,1884,3191.0
16,1885,3076.5
16,1886,3102.6
16,1887,3822.0
16,1888,3869.3
16,1889,3900.1
16,1890,3817.2
16,1891,4149.7
16,1892,3252.1
16,1893,3272.7
16,1894,2337.1
16,1895,2344.3
16,1896,2266.8
16,1897,2252.9
16,1898,2183.2
16,1899,2185.1
16,1900,2183.2
16,1901,3252.1
16,1902,3285.4
16,1903,3203.1
16,1904,3178.9
16,1905,3253.4
16,1906,3203.7
16,1907,3114.7
16,1908,3109.8
16,1909,4118.2
16,1910,4121.2
16,1911,3237.0
16,1912,2339.5
16,1913,2435.8
16,1914,2297.7
16,1915,2372.8
16,1916,2272.3
16,1917,2188.1
16,1918,2316.5
16,1919,3237.6
16,1920,3176.4
16,1921,3195.2
16,1922,3194.0
16,1923,3256.4
16,1924,3221.3
16,1925,3203.1
16,1926,3276.4
16,1927,3211.0
16,1928,3995.2
16,1929,4062.5
16,1930,4015.8
16,1931,4367.1
16,1932,3049.9
16,1933,2984.5
16,1934,2412.8
16,1935,2407.3
16,1936,2395.2
16,1937,2407.9
16,1938,2263.2
16,1939,2474.5
16,1940,2306.8
16,1941,2295.9
16,1942,3427.2
16,1943,3495.0
16,1944,3472.6
16,1945,3450.2
16,1946,3459.9
16,1947,4027.3
16,1948,3999.5
16,1949,4044.9
16,1950,4379.8
16,1951,3007.5
16,1952,3336.3
16,1953,3060.2
16,1954,2422.5
16,1955,2362.5
16,1956,2533.9
16,1957,2358.9
16,1958,2361.9
16,1959,2341.9
16,1960,2332.2
16,1961,2404.3
16,1962,3335.7
16,1963,3485.9
16,1964,3476.2
16,1965,3516.8
16,1966,3502.9
16,1967,4020.1
16,1968,4063.7
16,1969,4370.1
16,1970,3313.9
16,1971,3045.6
16,1972,3390.2
16,1973,3347.8
16,1974,2346.7
16,1975,2383.7
16,1976,2343.1
16,1977,2411.5
16,1978,2314.7
16,1979,2965.1
16,1980,2961.4
16,1981,2932.4
16,1982,3367.8
16,1983,2959.0
16,1984,2944.5
16,1985,3055.3
16,1986,3229.1
16,1987,3703.9
16,1988,3307.3
16,1989,2355.8
16,1990,2412.8
16,1991,2393.4
16,1992,2356.4
16,1993,2462.4
16,1994,2337.7
16,1995,2371.0
16,1996,2225.6
16,1997,3715.4
16,1998,4063.7
16,1999,3390.2
64,0,3422.3
64,1,3082.0
64,2,3384.2
64,3,3424.1
64,4,4330.1
64,5,4352.5
64,6,3200.7
64,7,2406.1
64,8,2397.0
64,9,2378.2
64,10,2600.5
64,11,2380.7
64,12,2378.8
64,13,2516.9
64,14,3272.7
64,15,3479.9
64,16,3473.2
64,17,3418.1
64,18,3511.3
64,19,3493.2
64,20,3410.2
64,21,3536.8
64,22,4499.1
64,23,3592.5
64,24,3175.2
64,25,3323.0
64,26,2460.0
64,27,2461.8
64,28,2435.2
64,29,2463.0
64,30,2378.2
64,31,2381.9
64,32,3174.0
64,33,3505.3
64,34,3508.9
64,35,3561.6
64,36,3157.1
64,37,3243.7
64,38,3441.7
64,39,3297.6
64,40,3891.7
64,41,3542.2
64,42,2552.1
64,43,2395.2
64,44,2588.4
64,45,2405.5
64,46,2355.8
64,47,2282.6
64,48,2278.3
64,49,2125.1
64,50,3901.4
64,51,4181.2
64,52,2223.2
64,53,2191.7
64,54,2131.8
64,55,2215.3
64,56,2131.8
64,57,2153.6
64,58,2185.7
64,59,2166.9
64,60,3273.3
64,61,3622.2
64,62,3180.7
64,63,3330.9
64,64,3282.4
64,65,3280.6
64,66,3201.3
64,67,3162.5
64,68,3286.1
64,69,4219.9
64,70,3303.0
64,71,3359.9
64,72,2334.6
64,73,2292.8
64,74,2241.4
64,75,2160.2
64,76,2154.8
64,77,2461.8
64,78,2180.8
64,79,3235.2
64,80,2964.5
64,81,2904.5
64,82,3000.2
64,83,2936.6
64,84,2934.2
64,85,2915.4
64,86,2816.1
64,87,3849.3
64,88,2948.7
64,89,3182.5
64,90,3137.7
64,91,3260.0
64,92,2939.0
64,93,2896.0
64,94,2823.4
64,95,2883.3
64,96,3794.2
64,97,3177.0
64,98,2338.9
64,99,2329.8
64,100,2332.8
64,101,2327.4
64,102,2219.0
64,103,2194.1
64,104,2197.2
64,105,2165.7
64,106,4170.9
64,107,2881.5
64,108,2184.4
64,109,2226.2
64,110,2124.5
64,111,2224.4
64,112,2162.6
64,113,2165.1
64,114,2172.3
64,115,2177.2
64,116,5358.5
64,117,4275.0
64,118,3164.3
64,119,2196.0
64,120,2226.8
64,121,2127.5
64,122,2217.1
64,123,2174.8
64,124,2136.0
64,125,2200.8
64,126,2157.2
64,127,4301.7
64,128,3405.4
64,129,2251.7
64,130,2265.0
64,131,2202.6
64,132,2161.4
64,133,2203.2
64,134,2157.2
64,135,2176.6
64,136,2152.3
64,137,3875.9
64,138,6114.9
64,139,7297.0
64,140,2311.6
64,141,2185.1
64,142,2139.6
64,143,2189.3
64,144,2281.3
64,145,2168.7
64,146,2293.5
64,147,2161.4
64,148,5041.1
64,149,8994.0
64,150,2285.0
64,151,2248.0
64,152,2143.3
64,153,2176.6
64,154,2166.9
64,155,2261.4
64,156,2221.4
64,157,2224.4
64,158,4867.9
64,159,7209.8
64,160,2840.9
64,161,4114.5
64,162,8636.0
64,163,4665.6
64,164,6436.5
64,165,7387.9
64,166,3214.6
64,167,3246.1
64,168,3205.5
64,169,3239.4
64,170,3177.0
64,171,2292.2
64,172,2244.4
64,173,2293.5
64,174,3137.7
64,175,3237.0
64,176,3128.6
64,177,3280.6
64,178,3143.1
64,179,3241.2
64,180,3141.3
64,181,3196.4
64,182,3142.5
64,183,3862.6
64,184,4121.8
64,185,3294.5
64,186,3327.8
64,187,2332.2
64,188,2389.1
64,189,2324.9
64,190,2239.6
64,191,2159.6
64,192,2149.9
64,193,2204.4
64,194,4100.0
64,195,7502.3
64,196,3069.9
64,197,5042.3
64,198,10372.9
64,199,3231.5
64,200,3191.0
64,201,3250.9
64,202,3307.3
64,203,3148.6
64,204,3834.1
64,205,4215.7
64,206,4207.8
64,207,3283.0
64,208,2988.1
64,209,2206.2
64,210,2243.2
64,211,2276.5
64,212,2167.5
64,213,2238.3
64,214,2196.6
64,215,2220.8
64,216,3908.6
64,217,7420.0
64,218,3057.1
64,219,4639.0
64,220,10487.4
64,221,3246.1
64,222,3269.1
64,223,3265.5
64,224,3297.0
64,225,3237.0
64,226,3160.7
64,227,3234.0
64,228,3304.2
64,229,3047.4
64,230,2190.5
64,231,2310.4
64,232,2180.8
64,233,2147.5
64,234,2191.7
64,235,2212.3
64,236,2183.2
64,237,3931.0
64,238,7264.9
64,239,5070.2
64,240,5108.9
64,241,9873.9
64,242,3278.2
64,243,2946.3
64,244,3154.0
64,245,3201.9
64,246,3143.7
64,247,3149.2
64,248,2987.5
64,249,3268.5
64,250,2280.7
64,251,2295.9
64,252,2203.8
64,253,2231.7
64,254,2202.6
64,255,2185.7
64,256,2205.6
64,257,2965.1
64,258,2984.5
64,259,3035.3
64,260,2969.9
64,261,3204.9
64,262,3241.2
64,263,2870.0
64,264,3204.9
64,265,4154.5
64,266,3854.1
64,267,2242.0
64,268,2231.7
64,269,2337.1
64,270,2138.4
64,271,2205.6
64,272,2154.8
64,273,2306.8
64,274,3038.4
64,275,3254.6
64,276,3257.0
64,277,3217.6
64,278,3250.9
64,279,3234.6
64,280,3197.6
64,281,3262.4
64,282,3142.5
64,283,3871.1
64,284,3837.8
64,285,4193.3
64,286,2902.1
64,287,3084.4
64,288,2295.3
64,289,2312.2
64,290,2294.1
64,291,2265.0
64,292,2186.3
64,293,2300.1
64,294,2248.6
64,295,3317.5
64,296,2967.5
64,297,3242.5
64,298,2982.6
64,299,3008.1
64,300,3132.8
64,301,3227.3
64,302,3223.1
64,303,4152.7
64,304,3885.6
64,305,2297.7
64,306,2295.9
64,307,2257.7
64,308,2175.4
64,309,2221.4
64,310,2166.9
64,311,2156.0
64,312,3006.9
64,313,3285.4
64,314,3278.8
64,315,3157.7
64,316,3194.0
64,317,3227.9
64,318,3123.8
64,319,3168.6
64,320,3281.2
64,321,3841.4
64,322,4201.7
64,323,3278.2
64,324,3006.3
64,325,2424.9
64,326,2266.2
64,327,2237.7
64,328,2131.2
64,329,2140.8
64,330,2178.4
64,331,2213.5
64,332,2973.0
64,333,3318.8
64,334,3206.1
64,335,2997.2
64,336,3138.9
64,337,3161.9
64,338,3217.0
64,339,2838.5
64,340,4163.0
64,341,3616.1
64,342,2335.8
64,343,2246.8
64,344,2271.0
64,345,2149.9
64,346,2237.1
64,347,2159.6
64,348,2170.5
64,349,3234.6
64,350,3197.6
64,351,3178.9
64,352,3250.3
64,353,3260.0
64,354,3202.5
64,355,3155.2
64,356,3235.8
64,357,3198.2
64,358,4107.3
64,359,3312.1
64,360,3268.5
64,361,2294.1
64,362,2305.0
64,363,2294.7
64,364,2208.7
64,365,2258.9
64,366,2161.4
64,367,2192.3
64,368,3037.1
64,369,2979.0
64,370,3241.8
64,371,2957.2
64,372,3119.5
64,373,2913.0
64,374,2854.3
64,375,2896.0
64,376,3880.2
64,377,2929.3
64,378,3189.2
64,379,3146.2
64,380,3154.6
64,381,3258.8
64,382,3111.0
64,383,2891.2
64,384,3240.6
64,385,3826.9
64,386,2914.8
64,387,3145.6
64,388,3114.7
64,389,2906.3
64,390,3250.3
64,391,3152.2
64,392,3149.8
64,393,3242.5
64,394,3553.7
64,395,3238.2
64,396,2340.1
64,397,2384.3
64,398,2190.5
64,399,2378.2
64,400,2173.5
64,401,2177.8
64,402,2223.8
64,403,2197.8
64,404,3552.5
64,405,3601.6
64,406,3850.5
64,407,3196.4
64,408,3200.1
64,409,3257.0
64,410,3274.5
64,411,4807.4
64,412,3389.0
64,413,3955.3
64,414,3808.7
64,415,4143.0
64,416,3002.6
64,417,3022.0
64,418,2245.0
64,419,2266.8
64,420,2166.9
64,421,2214.1
64,422,2234.1
64,423,2229.9
64,424,2142.1
64,425,3216.4
64,426,3209.1
64,427,3206.7
64,428,3244.3
64,429,3248.5
64,430,3249.1
64,431,3160.7
64,432,3130.4
64,433,4130.9
64,434,3886.8
64,435,2257.7
64,436,2317.7
64,437,2319.5
64,438,2245.6
64,439,2289.8
64,440,2174.1
64,441,2322.5
64,442,3025.0
64,443,3171.0
64,444,3180.7
64,445,3192.8
64,446,3199.5
64,447,3239.4
64,448,3123.1
64,449,3138.3
64,450,3132.8
64,451,3845.0
64,452,4136.3
64,453,2942.7
64,454,3293.3
64,455,2332.2
64,456,2267.4
64,457,2172.3
64,458,2195.3
64,459,2174.8
64,460,2180.8
64,461,2222.6
64,462,2942.7
64,463,3237.0
64,464,3185.5
64,465,3246.1
64,466,2925.1
64,467,3115.3
64,468,3136.5
64,469,3316.9
64,470,3535.6
64,471,3301.8
64,472,2256.5
64,473,2179.6
64,474,2212.9
64,475,2237.7
64,476,2148.1
64,477,2297.7
64,478,2270.4
64,479,2198.4
64,480,3843.2
64,481,3582.8
64,482,4158.7
64,483,2300.7
64,484,2172.3
64,485,2228.0
64,486,2131.2
64,487,2224.4
64,488,2161.4
64,489,2145.7
64,490,2293.5
64,491,3185.5
64,492,3596.7
64,493,3601.6
64,494,4114.5
64,495,2375.8
64,496,2159.0
64,497,2129.9
64,498,2311.6
64,499,2162.6
64,500,2213.5
64,501,2232.3
64,502,2287.4
64,503,3218.2
64,504,4121.2
64,505,2262.0
64,506,2177.2
64,507,2159.0
64,508,2151.1
64,509,2209.9
64,510,2166.3
64,511,2169.9
64,512,2209.3
64,513,2980.2
64,514,3877.1
64,515,3542.2
64,516,3182.5
64,517,3281.8
64,518,3198.2
64,519,3287.3
64,520,3241.8
64,521,3178.9
64,522,3198.2
64,523,3842.0
64,524,4160.6
64,525,3292.1
64,526,3258.2
64,527,2282.6
64,528,2160.2
64,529,2247.4
64,530,2170.5
64,531,2165.1
64,532,2143.3
64,533,2229.9
64,534,2874.2
64,535,3245.5
64,536,2960.8
64,537,3189.2
64,538,3000.2
64,539,3221.3
64,540,2873.0
64,541,2932.4
64,542,3822.0
64,543,2890.0
64,544,2331.6
64,545,2206.2
64,546,2346.7
64,547,2292.8
64,548,2226.8
64,549,2276.5
64,550,2146.9
64,551,2295.9
64,552,3846.2
64,553,4161.2
64,554,2260.1
64,555,2212.9
64,556,2160.2
64,557,2300.1
64,558,2181.4
64,559,2208.1
64,560,2161.4
64,561,2190.5
64,562,3231.5
64,563,3854.1
64,564,3183.1
64,565,3183.7
64,566,3203.1
64,567,3244.9
64,568,3222.5
64,569,3137.7
64,570,3177.0
64,571,4144.8
64,572,3266.1
64,573,3335.1
64,574,2280.1
64,575,2311.6
64,576,2281.9
64,577,2237.1
64,578,2183.8
64,579,2161.4
64,580,2160.2
64,581,3276.4
64,582,3197.6
64,583,3265.5
64,584,3072.3
64,585,3186.1
64,586,3160.1
64,587,3147.4
64,588,3210.4
64,589,3582.8
64,590,3141.3
64,591,2242.6
64,592,2188.7
64,593,2272.3
64,594,2347.4
64,595,2234.1
64,596,2178.4
64,597,2265.6
64,598,2200.2
64,599,4180.5
64,600,2873.0
64,601,2166.9
64,602,2214.7
64,603,2203.2
64,604,2135.4
64,605,2247.4
64,606,2247.4
64,607,2212.3
64,608,2203.8
64,609,3554.9
64,610,3610.7
64,611,3539.2
64,612,4136.9
64,613,2339.5
64,614,2232.3
64,615,2172.3
64,616,2115.4
64,617,2142.1
64,618,2249.2
64,619,2172.9
64,620,2148.7
64,621,3044.4
64,622,4158.1
64,623,2261.4
64,624,2174.8
64,625,2145.1
64,626,2319.5
64,627,2128.1
64,628,2153.6
64,629,2277.1
64,630,2229.9
64,631,3001.4
64,632,3554.3
64,633,3536.8
64,634,4167.8
64,635,2327.4
64,636,2186.3
64,637,2208.7
64,638,2179.0
64,639,2234.1
64,640,2163.9
64,641,2202.6
64,642,2174.8
64,643,2989.9
64,644,3579.2
64,645,3883.8
64,646,4104.2
64,647,2430.3
64,648,2164.5
64,649,2234.7
64,650,2212.9
64,651,2298.9
64,652,2290.4
64,653,2289.8
64,654,2185.7
64,655,2980.2
64,656,3859.6
64,657,3269.1
64,658,3293.9
64,659,3193.4
64,660,3138.3
64,661,3267.3
64,662,3123.1
64,663,3144.9
64,664,4137.5
64,665,3027.5
64,666,2984.5
64,667,2239.6
64,668,2199.0
64,669,2229.9
64,670,2155.4
64,671,2179.0
64,672,2151.1
64,673,2168.1
64,674,2937.8
64,675,3191.6
64,676,3273.3
64,677,2996.6
64,678,2848.2
64,679,3181.9
64,680,2890.0
64,681,3223.7
64,682,3588.3
64,683,2869.4
64,684,3175.8
64,685,3011.7
64,686,3306.6
64,687,3176.4
64,688,3159.5
64,689,3145.6
64,690,3179.5
64,691,3871.1
64,692,3264.3
64,693,2261.4
64,694,2280.7
64,695,2355.8
64,696,2260.8
64,697,2197.2
64,698,2295.9
64,699,2271.0
64,700,2152.3
64,701,4186.6
64,702,3251.5
64,703,2498.2
64,704,2335.8
64,705,2283.2
64,706,2320.7
64,707,2263.2
64,708,2125.7
64,709,2237.7
64,710,2136.6
64,711,3007.5
64,712,3848.1
64,713,4163.6
64,714,2420.0
64,715,2185.7
64,716,2170.5
64,717,2319.5
64,718,2172.3
64,719,2192.9
64,720,2154.2
64,721,2198.4
64,722,2992.3
64,723,3826.3
64,724,3305.4
64,725,3298.8
64,726,3218.2
64,727,3274.5
64,728,3280.0
64,729,3233.4
64,730,3306.0
64,731,3837.2
64,732,3846.2
64,733,3888.6
64,734,3802.0
64,735,4166.6
64,736,3258.8
64,737,3293.3
64,738,2257.7
64,739,2183.2
64,740,2232.3
64,741,2192.3
64,742,2171.1
64,743,5353.6
64,744,2414.6
64,745,3372.1
64,746,3269.1
64,747,3525.3
64,748,3125.6
64,749,3323.0
64,750,3251.5
64,751,3230.9
64,752,3014.1
64,753,3861.4
64,754,3187.9
64,755,2257.1
64,756,2276.5
64,757,2333.4
64,758,2311.0
64,759,2226.8
64,760,2255.3
64,761,2172.9
64,762,2285.0
64,763,3538.0
64,764,3548.9
64,765,4233.2
64,766,2221.4
64,767,2313.4
64,768,2240.8
64,769,2148.1
64,770,2198.4
64,771,2156.0
64,772,2183.8
64,773,2246.2
64,774,3003.2
64,775,3886.2
64,776,3555.6
64,777,3209.7
64,778,3249.7
64,779,3256.4
64,780,3248.5
64,781,3294.5
64,782,3266.1
64,783,3291.5
64,784,3824.4
64,785,4146.0
64,786,3003.2
64,787,2912.4
64,788,2230.5
64,789,2429.7
64,790,2123.9
64,791,2188.1
64,792,2249.9
64,793,2209.9
64,794,2215.9
64,795,2936.6
64,796,3039.0
64,797,3255.2
64,798,3226.1
64,799,3171.6
64,800,2854.3
64,801,3177.0
64,802,2910.6
64,803,4163.0
64,804,3857.1
64,805,2319.5
64,806,2265.0
64,807,2289.8
64,808,2246.8
64,809,2199.0
64,810,2180.8
64,811,2192.3
64,812,3018.4
64,813,3283.6
64,814,3220.6
64,815,3221.3
64,816,3235.2
64,817,3261.8
64,818,3221.9
64,819,3182.5
64,820,3229.1
64,821,4203.6
64,822,3274.5
64,823,3314.5
64,824,2189.3
64,825,2229.9
64,826,2194.1
64,827,2170.5
64,828,2156.0
64,829,2184.4
64,830,2223.8
64,831,3308.5
64,832,2965.1
64,833,3252.1
64,834,3257.0
64,835,3115.3
64,836,2854.9
64,837,2939.0
64,838,3091.0
64,839,3850.5
64,840,2873.6
64,841,3137.1
64,842,3192.2
64,843,2932.4
64,844,3152.2
64,845,3234.0
64,846,3265.5
64,847,3130.4
64,848,3860.2
64,849,3139.5
64,850,2395.8
64,851,2263.2
64,852,2281.9
64,853,2335.8
64,854,2246.8
64,855,2177.2
64,856,2239.6
64,857,2175.4
64,858,4140.6
64,859,2947.5
64,860,2202.0
64,861,2182.0
64,862,2226.2
64,863,2212.9
64,864,2154.2
64,865,2168.1
64,866,2213.5
64,867,2140.8
64,868,3802.6
64,869,3599.2
64,870,4177.5
64,871,2225.6
64,872,2143.9
64,873,2172.9
64,874,2198.4
64,875,2160.8
64,876,2165.7
64,877,2263.2
64,878,2189.3
64,879,3130.4
64,880,3830.5
64,881,3237.6
64,882,3163.7
64,883,3310.9
64,884,3280.0
64,885,3313.3
64,886,3145.6
64,887,3162.5
64,888,3852.9
64,889,3899.5
64,890,3888.6
64,891,4135.7
64,892,3340.0
64,893,3257.0
64,894,2269.2
64,895,2303.1
64,896,2266.8
64,897,2200.2
64,898,2201.4
64,899,2166.9
64,900,2173.5
64,901,3002.6
64,902,3234.0
64,903,3338.1
64,904,3243.7
64,905,2903.9
64,906,3188.6
64,907,2879.1
64,908,3144.3
64,909,3852.3
64,910,2878.5
64,911,2845.2
64,912,2857.3
64,913,3134.7
64,914,3301.2
64,915,3218.2
64,916,3147.4
64,917,3146.2
64,918,3827.5
64,919,3157.1
64,920,2285.6
64,921,2326.2
64,922,2269.2
64,923,2351.0
64,924,2315.3
64,925,2244.4
64,926,2128.7
64,927,2201.4
64,928,3547.7
64,929,4171.5
64,930,2288.6
64,931,2242.6
64,932,2209.3
64,933,2334.0
64,934,2137.2
64,935,2171.1
64,936,2174.1
64,937,2163.9
64,938,3005.1
64,939,3588.3
64,940,4143.6
64,941,2313.4
64,942,2171.7
64,943,2166.3
64,944,2198.4
64,945,2126.3
64,946,2192.9
64,947,2140.2
64,948,2186.3
64,949,3008.1
64,950,4141.2
64,951,2266.8
64,952,2214.7
64,953,2191.7
64,954,2278.3
64,955,2292.8
64,956,2292.8
64,957,2320.1
64,958,2154.8
64,959,2983.9
64,960,3912.3
64,961,3533.1
64,962,3217.6
64,963,3178.3
64,964,3255.8
64,965,3298.2
64,966,3121.9
64,967,3282.4
64,968,3132.8
64,969,3829.3
64,970,3874.7
64,971,4178.1
64,972,2902.7
64,973,3305.4
64,974,2280.1
64,975,2290.4
64,976,2209.9
64,977,2207.5
64,978,2173.5
64,979,2143.9
64,980,2164.5
64,981,3295.1
64,982,2993.5
64,983,2883.3
64,984,3114.1
64,985,2877.9
64,986,3226.7
64,987,2998.4
64,988,3226.7
64,989,3634.3
64,990,2869.4
64,991,3132.2
64,992,3175.2
64,993,3206.1
64,994,3214.6
64,995,3138.3
64,996,2336.5
64,997,2304.4
64,998,2218.4
64,999,2250.5
64,1000,2180.2
64,1001,2307.4
64,1002,2297.1
64,1003,2259.5
64,1004,4149.7
64,1005,3298.2
64,1006,2140.8
64,1007,2311.0
64,1008,2154.2
64,1009,2145.1
64,1010,2225.0
64,1011,2165.7
64,1012,2158.4
64,1013,2226.8
64,1014,3814.8
64,1015,3902.0
64,1016,3193.4
64,1017,3181.9
64,1018,3296.4
64,1019,3184.3
64,1020,3280.0
64,1021,3274.5
64,1022,3119.5
64,1023,4148.4
64,1024,3300.0
64,1025,2936.6
64,1026,2200.8
64,1027,2307.4
64,1028,2247.4
64,1029,2226.2
64,1030,2168.1
64,1031,2192.9
64,1032,2153.6
64,1033,3223.1
64,1034,3267.3
64,1035,3217.6
64,1036,3243.7
64,1037,3248.5
64,1038,3112.2
64,1039,2844.0
64,1040,3140.1
64,1041,3533.8
64,1042,2856.1
64,1043,3136.5
64,1044,3234.6
64,1045,3216.4
64,1046,3273.3
64,1047,2963.3
64,1048,3129.8
64,1049,3205.5
64,1050,3867.4
64,1051,3253.4
64,1052,2290.4
64,1053,2235.9
64,1054,2315.9
64,1055,2301.9
64,1056,2251.1
64,1057,2291.6
64,1058,2220.2
64,1059,2177.2
64,1060,3848.1
64,1061,3908.0
64,1062,3187.9
64,1063,3163.7
64,1064,3184.3
64,1065,3184.9
64,1066,3249.7
64,1067,4657.2
64,1068,3259.4
64,1069,4196.3
64,1070,2989.3
64,1071,3315.1
64,1072,2293.5
64,1073,2213.5
64,1074,2288.0
64,1075,2136.6
64,1076,2263.2
64,1077,2251.1
64,1078,2207.5
64,1079,3112.8
64,1080,3029.9
64,1081,3260.6
64,1082,3286.7
64,1083,2952.4
64,1084,2965.7
64,1085,3211.6
64,1086,3205.5
64,1087,3826.3
64,1088,3266.1
64,1089,2326.8
64,1090,2338.3
64,1091,2337.7
64,1092,2332.2
64,1093,2259.5
64,1094,2206.9
64,1095,2222.6
64,1096,2168.1
64,1097,4107.9
64,1098,2957.2
64,1099,2294.1
64,1100,2246.2
64,1101,2241.4
64,1102,2165.1
64,1103,2257.1
64,1104,2170.5
64,1105,2174.1
64,1106,2160.8
64,1107,3534.4
64,1108,4206.6
64,1109,2301.9
64,1110,2134.2
64,1111,2201.4
64,1112,2165.1
64,1113,2164.5
64,1114,2162.6
64,1115,2138.4
64,1116,2191.1
64,1117,3198.2
64,1118,3845.0
64,1119,3211.6
64,1120,3182.5
64,1121,3260.0
64,1122,3259.4
64,1123,3193.4
64,1124,3195.8
64,1125,3187.3
64,1126,4181.8
64,1127,3020.8
64,1128,3248.5
64,1129,2274.7
64,1130,2297.1
64,1131,2266.8
64,1132,2189.3
64,1133,2245.6
64,1134,2140.2
64,1135,2234.7
64,1136,2943.3
64,1137,3218.2
64,1138,2999.0
64,1139,2987.5
64,1140,2868.2
64,1141,2943.9
64,1142,2848.8
64,1143,3205.5
64,1144,3536.8
64,1145,3151.0
64,1146,2254.7
64,1147,2245.0
64,1148,2223.2
64,1149,2239.0
64,1150,2156.0
64,1151,2180.8
64,1152,2185.7
64,1153,2253.5
64,1154,3600.4
64,1155,4135.7
64,1156,2331.0
64,1157,2269.2
64,1158,2216.5
64,1159,2169.9
64,1160,2143.9
64,1161,2250.5
64,1162,2325.6
64,1163,2242.0
64,1164,3019.0
64,1165,3604.6
64,1166,3500.4
64,1167,4350.7
64,1168,2394.6
64,1169,2407.3
64,1170,2361.3
64,1171,2369.2
64,1172,2322.5
64,1173,2433.4
64,1174,2393.4
64,1175,2462.4
64,1176,3035.9
64,1177,4014.0
64,1178,3750.0
64,1179,3052.9
64,1180,3363.6
64,1181,3312.7
64,1182,3351.5
64,1183,3345.4
64,1184,3259.4
64,1185,3275.2
64,1186,4303.5
64,1187,3482.3
64,1188,3221.3
64,1189,2406.7
64,1190,2401.3
64,1191,2392.8
64,1192,2334.6
64,1193,2357.7
64,1194,2394.6
64,1195,2340.7
64,1196,3449.0
64,1197,3533.8
64,1198,3406.6
64,1199,3249.7
64,1200,3397.5
64,1201,3436.9
64,1202,3404.8
64,1203,3188.6
64,1204,4303.5
64,1205,4040.6
64,1206,2322.5
64,1207,2447.3
64,1208,2371.6
64,1209,2395.2
64,1210,2361.9
64,1211,2321.9
64,1212,2335.2
64,1213,3318.8
64,1214,3008.1
64,1215,3254.6
64,1216,3235.2
64,1217,3267.3
64,1218,3403.5
64,1219,3276.4
64,1220,3280.6
64,1221,3300.6
64,1222,3971.0
64,1223,4314.4
64,1224,3152.2
64,1225,3275.2
64,1226,2421.8
64,1227,2406.7
64,1228,2317.1
64,1229,2470.9
64,1230,2340.7
64,1231,2338.3
64,1232,2365.5
64,1233,3438.7
64,1234,3260.0
64,1235,3291.5
64,1236,3121.9
64,1237,3429.6
64,1238,3404.1
64,1239,3207.3
64,1240,3440.5
64,1241,4010.4
64,1242,3757.8
64,1243,3390.8
64,1244,2334.6
64,1245,2570.8
64,1246,2372.2
64,1247,2369.8
64,1248,2334.0
64,1249,2297.1
64,1250,2304.4
64,1251,2209.9
64,1252,3853.5
64,1253,4208.4
64,1254,2268.6
64,1255,2305.0
64,1256,2171.7
64,1257,2163.2
64,1258,2209.9
64,1259,2294.1
64,1260,2163.9
64,1261,2250.5
64,1262,3026.2
64,1263,3908.0
64,1264,3155.8
64,1265,3259.4
64,1266,3239.4
64,1267,3232.2
64,1268,3346.0
64,1269,3312.7
64,1270,4331.9
64,1271,3488.9
64,1272,3475.6
64,1273,3420.5
64,1274,3192.2
64,1275,2499.4
64,1276,2378.8
64,1277,2472.1
64,1278,2369.8
64,1279,2340.1
64,1280,3172.2
64,1281,3359.9
64,1282,3343.0
64,1283,3418.7
64,1284,3380.5
64,1285,3198.8
64,1286,3179.5
64,1287,3530.1
64,1288,4011.6
64,1289,4047.9
64,1290,3397.5
64,1291,2496.3
64,1292,2407.3
64,1293,2422.5
64,1294,2326.2
64,1295,2413.4
64,1296,2358.3
64,1297,2387.9
64,1298,2506.0
64,1299,3757.8
64,1300,3818.4
64,1301,3615.5
64,1302,3551.9
64,1303,4151.5
64,1304,2267.4
64,1305,2271.7
64,1306,2246.8
64,1307,2201.4
64,1308,2165.1
64,1309,2215.3
64,1310,2204.4
64,1311,2214.1
64,1312,3006.9
64,1313,3812.3
64,1314,3191.6
64,1315,2998.4
64,1316,3249.7
64,1317,3248.5
64,1318,3189.2
64,1319,3176.4
64,1320,3229.1
64,1321,3812.3
64,1322,4141.2
64,1323,3025.6
64,1324,3287.3
64,1325,2328.6
64,1326,2182.6
64,1327,2222.0
64,1328,2200.2
64,1329,2142.7
64,1330,2177.8
64,1331,2163.2
64,1332,3206.1
64,1333,3266.7
64,1334,3232.8
64,1335,2934.2
64,1336,3146.8
64,1337,2931.2
64,1338,2883.9
64,1339,3118.9
64,1340,3533.1
64,1341,3194.6
64,1342,2255.9
64,1343,2205.0
64,1344,2166.3
64,1345,2395.2
64,1346,2188.1
64,1347,2140.8
64,1348,2213.5
64,1349,2369.8
64,1350,3843.2
64,1351,4166.0
64,1352,2248.0
64,1353,2180.8
64,1354,2341.3
64,1355,2329.8
64,1356,2211.7
64,1357,2351.0
64,1358,2223.8
64,1359,2275.3
64,1360,3021.4
64,1361,3549.5
64,1362,3592.5
64,1363,3872.3
64,1364,3263.6
64,1365,3258.8
64,1366,3212.8
64,1367,3321.2
64,1368,3158.9
64,1369,3168.0
64,1370,3068.0
64,1371,3682.1
64,1372,3971.6
64,1373,3718.5
64,1374,3699.1
64,1375,4009.8
64,1376,2829.4
64,1377,3114.7
64,1378,2178.4
64,1379,2251.1
64,1380,2048.2
64,1381,2099.1
64,1382,1994.9
64,1383,2066.4
64,1384,2085.1
64,1385,3115.9
64,1386,3112.8
64,1387,3125.6
64,1388,2962.7
64,1389,4091.5
64,1390,3118.9
64,1391,2764.6
64,1392,3112.2
64,1393,3670.6
64,1394,3104.4
64,1395,2237.7
64,1396,2124.5
64,1397,2335.8
64,1398,2131.8
64,1399,2237.7
64,1400,2206.9
64,1401,2125.1
64,1402,2152.3
64,1403,3990.4
64,1404,2828.2
64,1405,2112.4
64,1406,2168.1
64,1407,2048.8
64,1408,2108.7
64,1409,2040.9
64,1410,2111.2
64,1411,2073.0
64,1412,2105.1
64,1413,3484.1
64,1414,3717.3
64,1415,3058.3
64,1416,3113.5
64,1417,3046.8
64,1418,3062.6
64,1419,3093.5
64,1420,3111.0
64,1421,3072.3
64,1422,3686.4
64,1423,4015.2
64,1424,2808.8
64,1425,3075.3
64,1426,2172.3
64,1427,2242.0
64,1428,2171.1
64,1429,2171.1
64,1430,2010.6
64,1431,2060.9
64,1432,2072.4
64,1433,2920.3
64,1434,3131.6
64,1435,2821.5
64,1436,2908.2
64,1437,3098.3
64,1438,3005.7
64,1439,2887.6
64,1440,2790.1
64,1441,3495.0
64,1442,2744.6
64,1443,3061.4
64,1444,3109.2
64,1445,3114.1
64,1446,2956.0
64,1447,3080.1
64,1448,3109.8
64,1449,3056.5
64,1450,3686.4
64,1451,3072.9
64,1452,3090.4
64,1453,3054.7
64,1454,3050.5
64,1455,2987.5
64,1456,3136.5
64,1457,2976.6
64,1458,3151.0
64,1459,4006.1
64,1460,3684.5
64,1461,2291.6
64,1462,2219.0
64,1463,2172.3
64,1464,2156.0
64,1465,2173.5
64,1466,2168.7
64,1467,2111.2
64,1468,2970.5
64,1469,3146.2
64,1470,3119.5
64,1471,3134.0
64,1472,3080.1
64,1473,3080.1
64,1474,3009.9
64,1475,3015.3
64,1476,3094.1
64,1477,3738.4
64,1478,3711.2
64,1479,3131.0
64,1480,3088.0
64,1481,3007.5
64,1482,3049.9
64,1483,2980.8
64,1484,3083.2
64,1485,3089.8
64,1486,3100.7
64,1487,4004.9
64,1488,3132.2
64,1489,3112.2
64,1490,2226.2
64,1491,2182.0
64,1492,2126.3
64,1493,2185.1
64,1494,2117.8
64,1495,2200.8
64,1496,2106.9
64,1497,2848.2
64,1498,3102.6
64,1499,2865.2
64,1500,3129.2
64,1501,3132.2
64,1502,2974.8
64,1503,3035.9
64,1504,3004.4
64,1505,3681.5
64,1506,3177.0
64,1507,2085.1
64,1508,2155.4
64,1509,2227.4
64,1510,2206.9
64,1511,2210.5
64,1512,2019.7
64,1513,2136.0
64,1514,2047.6
64,1515,3687.0
64,1516,3677.3
64,1517,4010.4
64,1518,2191.7
64,1519,2099.7
64,1520,1999.7
64,1521,2070.0
64,1522,2119.6
64,1523,2068.2
64,1524,2090.6
64,1525,2154.2
64,1526,2914.2
64,1527,3719.1
64,1528,3683.9
64,1529,3123.8
64,1530,3108.0
64,1531,3094.7
64,1532,3083.8
64,1533,3149.2
64,1534,2984.5
64,1535,3042.6
64,1536,3707.0
64,1537,3984.3
64,1538,2837.9
64,1539,3068.0
64,1540,2154.8
64,1541,2202.6
64,1542,2117.8
64,1543,2128.7
64,1544,2017.9
64,1545,2096.6
64,1546,2049.4
64,1547,2036.1
64,1548,3127.4
64,1549,3098.3
64,1550,3059.6
64,1551,3121.9
64,1552,3114.1
64,1553,3132.8
64,1554,3038.4
64,1555,3046.2
64,1556,3082.6
64,1557,3716.0
64,1558,3672.4
64,1559,3727.5
64,1560,3696.7
64,1561,3096.5
64,1562,3180.7
64,1563,3028.1
64,1564,3045.6
64,1565,3121.9
64,1566,3042.0
64,1567,3135.3
64,1568,3034.1
64,1569,3682.1
64,1570,4026.1
64,1571,3180.1
64,1572,2857.3
64,1573,2266.8
64,1574,2284.4
64,1575,2192.3
64,1576,2165.1
64,1577,2030.0
64,1578,2182.6
64,1579,2056.1
64,1580,2765.8
64,1581,3019.0
64,1582,2856.7
64,1583,2960.8
64,1584,3080.8
64,1585,2763.4
64,1586,3072.3
64,1587,3040.8
64,1588,3404.1
64,1589,3138.9
64,1590,2204.4
64,1591,2268.0
64,1592,2191.1
64,1593,2151.1
64,1594,2163.2
64,1595,2089.4
64,1596,2029.4
64,1597,2118.4
64,1598,3397.5
64,1599,3461.7
64,1600,3973.4
64,1601,2150.5
64,1602,2117.2
64,1603,2017.3
64,1604,2060.9
64,1605,2134.2
64,1606,2060.3
64,1607,2077.3
64,1608,2100.3
64,1609,2893.6
64,1610,3697.3
64,1611,3054.7
64,1612,3060.8
64,1613,3148.0
64,1614,3058.3
64,1615,3123.8
64,1616,3020.2
64,1617,3088.0
64,1618,3759.0
64,1619,3693.6
64,1620,4038.2
64,1621,3124.4
64,1622,3092.3
64,1623,2176.6
64,1624,2205.6
64,1625,2131.2
64,1626,2171.1
64,1627,2080.9
64,1628,2084.5
64,1629,2062.1
64,1630,3069.9
64,1631,3174.0
64,1632,2880.3
64,1633,2945.1
64,1634,2861.5
64,1635,3034.7
64,1636,2982.6
64,1637,3095.9
64,1638,3684.5
64,1639,3078.3
64,1640,3048.0
64,1641,2754.9
64,1642,3141.3
64,1643,3095.3
64,1644,3102.6
64,1645,3150.4
64,1646,3131.6
64,1647,3696.1
64,1648,3142.5
64,1649,2161.4
64,1650,2194.7
64,1651,2110.6
64,1652,2107.5
64,1653,2140.2
64,1654,2102.7
64,1655,2091.8
64,1656,2080.3
64,1657,3694.8
64,1658,3429.0
64,1659,3383.6
64,1660,3972.2
64,1661,3095.9
64,1662,3091.0
64,1663,3101.3
64,1664,3046.2
64,1665,3077.7
64,1666,3082.0
64,1667,3034.7
64,1668,3736.6
64,1669,3713.6
64,1670,3699.7
64,1671,3157.1
64,1672,3009.9
64,1673,3060.8
64,1674,3041.4
64,1675,3132.2
64,1676,3085.0
64,1677,3051.1
64,1678,3027.5
64,1679,3977.1
64,1680,3124.4
64,1681,3143.1
64,1682,2221.4
64,1683,2217.1
64,1684,2153.6
64,1685,2160.8
64,1686,2260.8
64,1687,2217.8
64,1688,2157.2
64,1689,2910.0
64,1690,2867.0
64,1691,3116.5
64,1692,3135.9
64,1693,2886.4
64,1694,3053.5
64,1695,3116.5
64,1696,3115.3
64,1697,3957.1
64,1698,3687.6
64,1699,2198.4
64,1700,2215.3
64,1701,2069.4
64,1702,2161.4
64,1703,2097.8
64,1704,2077.3
64,1705,2088.2
64,1706,2955.4
64,1707,3152.8
64,1708,3080.1
64,1709,3019.6
64,1710,3079.5
64,1711,3102.6
64,1712,3016.6
64,1713,3123.1
64,1714,3048.0
64,1715,5052.6
64,1716,4501.5
64,1717,4041.9
64,1718,8495.5
64,1719,5143.5
64,1720,4253.8
64,1721,4434.3
64,1722,10690.9
64,1723,3166.1
64,1724,3058.3
64,1725,2981.4
64,1726,2764.0
64,1727,3144.3
64,1728,3057.7
64,1729,2991.7
64,1730,3714.8
64,1731,2190.5
64,1732,2173.5
64,1733,2227.4
64,1734,2082.7
64,1735,2071.2
64,1736,2064.5
64,1737,2024.0
64,1738,3879.6
64,1739,10661.8
64,1740,3416.9
64,1741,4398.6
64,1742,8078.9
64,1743,4453.7
64,1744,4419.8
64,1745,8009.8
64,1746,4628.1
64,1747,4889.1
64,1748,9145.4
64,1749,3379.9
64,1750,3035.9
64,1751,3052.9
64,1752,3105.6
64,1753,3057.1
64,1754,3079.5
64,1755,2902.1
64,1756,2920.3
64,1757,2262.0
64,1758,2148.7
64,1759,2200.2
64,1760,2270.4
64,1761,2123.3
64,1762,2117.2
64,1763,2096.6
64,1764,3429.6
64,1765,5333.0
64,1766,4675.3
64,1767,3765.1
64,1768,3676.1
64,1769,4021.3
64,1770,3198.8
64,1771,3179.5
64,1772,3059.6
64,1773,2874.8
64,1774,3041.4
64,1775,2203.2
64,1776,2169.3
64,1777,2091.2
64,1778,2079.1
64,1779,3043.2
64,1780,2966.9
64,1781,3137.1
64,1782,3072.9
64,1783,3123.8
64,1784,3054.1
64,1785,2763.4
64,1786,2816.7
64,1787,3774.2
64,1788,2989.9
64,1789,2164.5
64,1790,2042.1
64,1791,2136.6
64,1792,2010.6
64,1793,2146.3
64,1794,2135.4
64,1795,2111.2
64,1796,2137.2
64,1797,3453.8
64,1798,3684.5
64,1799,3107.4
64,1800,3039.6
64,1801,3085.6
64,1802,3112.8
64,1803,3092.9
64,1804,3057.7
64,1805,3188.6
64,1806,3966.8
64,1807,3151.6
64,1808,3128.6
64,1809,2149.3
64,1810,2188.1
64,1811,2170.5
64,1812,2120.3
64,1813,2125.1
64,1814,2003.4
64,1815,2053.0
64,1816,2096.6
64,1817,2949.9
64,1818,3079.5
64,1819,3045.6
64,1820,3054.1
64,1821,3140.7
64,1822,3089.8
64,1823,3687.0
64,1824,3033.5
64,1825,3028.1
64,1826,3703.9
64,1827,3696.1
64,1828,2980.2
64,1829,3077.1
64,1830,3016.6
64,1831,3170.4
64,1832,3029.3
64,1833,3030.5
64,1834,3132.2
64,1835,2996.6
64,1836,4004.3
64,1837,2904.5
64,1838,3083.2
64,1839,2220.2
64,1840,2122.1
64,1841,2076.0
64,1842,2162.6
64,1843,2093.0
64,1844,2121.5
64,1845,2121.5
64,1846,3035.9
64,1847,3155.8
64,1848,3166.1
64,1849,3136.5
64,1850,2867.6
64,1851,2828.2
64,1852,3168.6
64,1853,2867.6
64,1854,3688.8
64,1855,2774.9
64,1856,3086.2
64,1857,3075.3
64,1858,3086.2
64,1859,3054.1
64,1860,3081.4
64,1861,3101.3
64,1862,3073.5
64,1863,3752.4
64,1864,3138.9
64,1865,2203.2
64,1866,2238.3
64,1867,2250.5
64,1868,2114.8
64,1869,2273.5
64,1870,2077.3
64,1871,2158.4
64,1872,2079.1
64,1873,3687.0
64,1874,3447.1
64,1875,3712.4
64,1876,4023.7
64,1877,2266.2
64,1878,2060.3
64,1879,2187.5
64,1880,2060.9
64,1881,2050.6
64,1882,2037.9
64,1883,2119.6
64,1884,2101.5
64,1885,3046.2
64,1886,3677.9
64,1887,3131.0
64,1888,3088.6
64,1889,3147.4
64,1890,3098.3
64,1891,2993.5
64,1892,3084.4
64,1893,3144.3
64,1894,3664.0
64,1895,4015.8
64,1896,3138.9
64,1897,3119.5
64,1898,2263.2
64,1899,2065.7
64,1900,2136.6
64,1901,2116.0
64,1902,2037.3
64,1903,2036.1
64,1904,2192.9
64,1905,3120.1
64,1906,3101.3
64,1907,3048.7
64,1908,3131.0
64,1909,3100.1
64,1910,3020.2
64,1911,2777.3
64,1912,2816.1
64,1913,3654.9
64,1914,2805.8
64,1915,2720.4
64,1916,3188.6
64,1917,3135.9
64,1918,2840.9
64,1919,3102.6
64,1920,2999.6
64,1921,3065.0
64,1922,3517.4
64,1923,3043.2
64,1924,2117.8
64,1925,2285.6
64,1926,2120.3
64,1927,2185.7
64,1928,2045.2
64,1929,2099.1
64,1930,2100.3
64,1931,2059.7
64,1932,3421.1
64,1933,3434.4
64,1934,3688.8
64,1935,3445.3
64,1936,3989.2
64,1937,2155.4
64,1938,2128.7
64,1939,2092.4
64,1940,2100.9
64,1941,2100.3
64,1942,2121.5
64,1943,2108.7
64,1944,2088.2
64,1945,3111.6
64,1946,3707.0
64,1947,3103.8
64,1948,3012.3
64,1949,3165.5
64,1950,3143.1
64,1951,3097.7
64,1952,3116.5
64,1953,3075.9
64,1954,3685.2
64,1955,3995.2
64,1956,3078.3
64,1957,3170.4
64,1958,2153.0
64,1959,2176.6
64,1960,2098.4
64,1961,2177.2
64,1962,2058.5
64,1963,2103.3
64,1964,2031.8
64,1965,3138.9
64,1966,2887.0
64,1967,2842.7
64,1968,3120.7
64,1969,3010.5
64,1970,3067.4
64,1971,3040.2
64,1972,3062.0
64,1973,3476.8
64,1974,3109.2
64,1975,3018.4
64,1976,2862.7
64,1977,3083.2
64,1978,2912.4
64,1979,2795.5
64,1980,3022.6
64,1981,3124.4
64,1982,3995.2
64,1983,4070.9
64,1984,3086.8
64,1985,2229.3
64,1986,2170.5
64,1987,2213.5
64,1988,2248.0
64,1989,2197.2
64,1990,2079.1
64,1991,2230.5
64,1992,2917.8
64,1993,3162.5
64,1994,3131.6
64,1995,3090.4
64,1996,3075.9
64,1997,3128.0
64,1998,3052.3
64,1999,3133.4
256,0,6782.3
256,1,4287.7
256,2,2982.6
256,3,2329.8
256,4,2285.6
256,5,2271.7
256,6,2212.3
256,7,2245.0
256,8,2317.7
256,9,2325.6
256,10,3204.9
256,11,3262.4
256,12,2983.2
256,13,2996.0
256,14,3171.0
256,15,3202.5
256,16,3166.1
256,17,3217.0
256,18,3105.0
256,19,4228.4
256,20,3383.0
256,21,3202.5
256,22,2317.7
256,23,2272.3
256,24,2234.1
256,25,2300.7
256,26,2254.1
256,27,2237.1
256,28,2294.7
256,29,3217.0
256,30,3140.7
256,31,3108.6
256,32,3146.8
256,33,3196.4
256,34,3079.5
256,35,3335.1
256,36,2949.9
256,37,3783.9
256,38,3184.9
256,39,2156.0
256,40,2237.1
256,41,2355.2
256,42,2106.9
256,43,2180.2
256,44,2159.6
256,45,2198.4
256,46,2161.4
256,47,4054.6
256,48,3139.5
256,49,2192.3
256,50,2103.3
256,51,2103.9
256,52,2105.1
256,53,2094.8
256,54,2102.1
256,55,2102.1
256,56,2094.2
256,57,3801.4
256,58,3743.9
256,59,3120.1
256,60,3129.2
256,61,3116.5
256,62,3177.7
256,63,3036.5
256,64,3101.3
256,65,3169.2
256,66,3998.3
256,67,3236.4
256,68,3143.7
256,69,2294.1
256,70,2242.0
256,71,2220.8
256,72,2268.0
256,73,2228.7
256,74,2094.8
256,75,2159.0
256,76,3132.2
256,77,3143.7
256,78,3157.1
256,79,2978.4
256,80,3136.5
256,81,2935.4
256,82,3132.2
256,83,2871.2
256,84,3459.3
256,85,2917.8
256,86,3134.0
256,87,2966.3
256,88,3146.2
256,89,3140.1
256,90,3056.5
256,91,3183.1
256,92,2762.2
256,93,4019.5
256,94,4076.4
256,95,3109.2
256,96,2268.6
256,97,2309.8
256,98,2207.5
256,99,2204.4
256,100,2228.7
256,101,2135.4
256,102,2130.5
256,103,3109.2
256,104,3143.1
256,105,3162.5
256,106,3106.8
256,107,3146.2
256,108,3154.0
256,109,3094.7
256,110,3075.3
256,111,3166.7
256,112,4088.5
256,113,3235.2
256,114,3128.6
256,115,2222.6
256,116,2212.9
256,117,2183.2
256,118,2220.2
256,119,2125.1
256,120,2079.1
256,121,2178.4
256,122,3136.5
256,123,2877.9
256,124,3130.4
256,125,2919.7
256,126,2880.9
256,127,3095.3
256,128,3172.2
256,129,3127.4
256,130,4023.7
256,131,4094.5
256,132,3083.2
256,133,2213.5
256,134,2108.1
256,135,2249.2
256,136,2271.7
256,137,2185.1
256,138,2172.9
256,139,2186.3
256,140,3103.2
256,141,3057.1
256,142,3165.5
256,143,3095.9
256,144,3200.1
256,145,3157.1
256,146,3071.1
256,147,3118.9
256,148,3084.4
256,149,4012.2
256,150,3181.9
256,151,3179.5
256,152,2223.8
256,153,2235.3
256,154,2176.0
256,155,2205.6
256,156,2105.7
256,157,2073.0
256,158,2141.4
256,159,3157.1
256,160,3126.8
256,161,3283.0
256,162,3168.0
256,163,3081.4
256,164,3044.4
256,165,3140.1
256,166,2899.7
256,167,4017.6
256,168,4035.2
256,169,3123.8
256,170,2295.9
256,171,2159.6
256,172,2176.6
256,173,2131.2
256,174,2194.7
256,175,2122.1
256,176,2084.5
256,177,2933.6
256,178,3172.2
256,179,3114.1
256,180,3163.1
256,181,3128.0
256,182,3118.9
256,183,3077.1
256,184,3120.1
256,185,3082.0
256,186,3708.8
256,187,4061.2
256,188,3191.6
256,189,3149.2
256,190,2265.6
256,191,2289.2
256,192,2107.5
256,193,2142.7
256,194,2144.5
256,195,2206.2
256,196,2209.9
256,197,3182.5
256,198,3167.4
256,199,3131.6
256,200,3089.2
256,201,3150.4
256,202,2776.7
256,203,3135.3
256,204,3120.1
256,205,3763.3
256,206,3119.5
256,207,2801.0
256,208,3113.5
256,209,3155.8
256,210,3079.5
256,211,3142.5
256,212,3078.9
256,213,3050.5
256,214,4052.2
256,215,3730.0
256,216,2271.7
256,217,2183.8
256,218,2301.9
256,219,2118.4
256,220,2088.2
256,221,2124.5
256,222,2231.7
256,223,3085.0
256,224,3119.5
256,225,3215.2
256,226,3155.2
256,227,3126.8
256,228,3111.6
256,229,3155.2
256,230,3157.7
256,231,3171.0
256,232,3730.6
256,233,4084.9
256,234,3181.3
256,235,3111.6
256,236,2149.9
256,237,2222.6
256,238,2205.0
256,239,2179.0
256,240,2137.2
256,241,2197.8
256,242,2098.4
256,243,3205.5
256,244,3131.6
256,245,3179.5
256,246,3121.3
256,247,2998.4
256,248,3070.5
256,249,3120.1
256,250,2787.0
256,251,3757.8
256,252,3120.1
256,253,2241.4
256,254,2242.6
256,255,2146.9
256,256,2248.6
256,257,2151.1
256,258,2128.1
256,259,2139.6
256,260,2108.1
256,261,3466.5
256,262,3512.6
256,263,4072.1
256,264,2159.6
256,265,2129.3
256,266,2025.2
256,267,2160.8
256,268,2062.1
256,269,2139.6
256,270,2110.0
256,271,2077.3
256,272,3071.1
256,273,3521.6
256,274,3143.7
256,275,3151.0
256,276,3156.5
256,277,3129.8
256,278,3149.2
256,279,3090.4
256,280,3134.7
256,281,4087.3
256,282,3169.8
256,283,2895.4
256,284,2188.1
256,285,2184.4
256,286,2187.5
256,287,2256.5
256,288,2089.4
256,289,2171.1
256,290,2159.0
256,291,3158.9
256,292,3163.7
256,293,3209.1
256,294,2900.3
256,295,3121.9
256,296,3137.7
256,297,3182.5
256,298,3114.7
256,299,4052.2
256,300,3755.4
256,301,2214.1
256,302,2160.8
256,303,2274.7
256,304,2243.2
256,305,2262.6
256,306,2086.3
256,307,2143.9
256,308,3000.8
256,309,3109.2
256,310,3183.1
256,311,3144.9
256,312,3097.1
256,313,3163.1
256,314,3086.8
256,315,3098.9
256,316,3112.2
256,317,3773.0
256,318,4052.8
256,319,3215.8
256,320,2910.6
256,321,2203.8
256,322,2209.3
256,323,2224.4
256,324,2205.0
256,325,2110.6
256,326,2126.9
256,327,4088.5
256,328,3312.7
256,329,2185.1
256,330,2143.9
256,331,2285.0
256,332,2225.0
256,333,2191.7
256,334,2086.3
256,335,2103.9
256,336,2199.0
256,337,3532.5
256,338,3737.2
256,339,3479.2
256,340,3780.8
256,341,3726.3
256,342,3120.7
256,343,3099.5
256,344,3148.0
256,345,3214.0
256,346,3165.5
256,347,3192.8
256,348,3136.5
256,349,4032.8
256,350,3208.5
256,351,2845.8
256,352,2185.7
256,353,2268.0
256,354,2145.1
256,355,2133.0
256,356,2165.7
256,357,2177.8
256,358,2179.6
256,359,3166.1
256,360,3249.7
256,361,3207.3
256,362,2890.6
256,363,2801.6
256,364,2836.1
256,365,3091.7
256,366,2869.4
256,367,3551.9
256,368,2829.4
256,369,2301.9
256,370,2148.7
256,371,2246.2
256,372,2189.3
256,373,2163.9
256,374,2132.4
256,375,2117.2
256,376,2112.4
256,377,3758.4
256,378,4040.0
256,379,2220.2
256,380,2158.4
256,381,2138.4
256,382,2130.5
256,383,2126.3
256,384,2123.3
256,385,2242.0
256,386,2100.3
256,387,2945.1
256,388,3786.3
256,389,3120.7
256,390,3110.4
256,391,3152.8
256,392,3153.4
256,393,3156.5
256,394,3071.1
256,395,3076.5
256,396,4033.4
256,397,2888.8
256,398,3210.4
256,399,2289.2
256,400,2268.6
256,401,2272.3
256,402,2213.5
256,403,2165.1
256,404,2219.6
256,405,2176.0
256,406,2911.8
256,407,2920.3
256,408,3152.2
256,409,3214.6
256,410,3051.7
256,411,2827.6
256,412,2840.9
256,413,3083.2
256,414,3735.4
256,415,2826.4
256,416,3159.5
256,417,3149.8
256,418,3080.8
256,419,3159.5
256,420,3083.8
256,421,2848.8
256,422,2822.2
256,423,4018.8
256,424,4021.9
256,425,3107.4
256,426,2279.5
256,427,2228.0
256,428,2099.1
256,429,2185.1
256,430,2126.3
256,431,2226.8
256,432,2074.8
256,433,2928.7
256,434,3095.9
256,435,3142.5
256,436,3089.2
256,437,3141.3
256,438,3114.1
256,439,3090.4
256,440,3019.6
256,441,3171.6
256,442,4041.3
256,443,2893.6
256,444,2938.4
256,445,2180.8
256,446,2213.5
256,447,2219.6
256,448,2206.9
256,449,2259.5
256,450,2204.4
256,451,2211.1
256,452,3136.5
256,453,2880.3
256,454,3164.9
256,455,2885.7
256,456,3083.2
256,457,2831.8
256,458,3039.6
256,459,3217.6
256,460,4060.0
256,461,3776.0
256,462,2254.1
256,463,2153.0
256,464,2223.2
256,465,2179.0
256,466,2105.1
256,467,2131.8
256,468,2176.6
256,469,3061.4
256,470,3054.1
256,471,3105.6
256,472,3163.1
256,473,3174.6
256,474,3048.7
256,475,3042.6
256,476,3058.3
256,477,3111.0
256,478,3782.7
256,479,3756.0
256,480,4042.5
256,481,2946.9
256,482,3168.6
256,483,2208.1
256,484,2213.5
256,485,2176.0
256,486,2232.9
256,487,2136.6
256,488,2119.6
256,489,2146.3
256,490,2906.9
256,491,3236.4
256,492,3184.9
256,493,3214.0
256,494,3124.4
256,495,3131.6
256,496,2904.5
256,497,3141.9
256,498,3720.9
256,499,3107.4
256,500,2283.2
256,501,2191.7
256,502,2265.6
256,503,2176.0
256,504,2118.4
256,505,2268.0
256,506,2119.6
256,507,2144.5
256,508,3730.0
256,509,3766.3
256,510,3187.3
256,511,3133.4
256,512,3140.1
256,513,3187.9
256,514,3049.3
256,515,3120.7
256,516,3121.3
256,517,4027.9
256,518,3183.1
256,519,2869.4
256,520,2194.7
256,521,2281.9
256,522,2134.2
256,523,2166.9
256,524,2157.2
256,525,2104.5
256,526,2166.3
256,527,3093.5
256,528,3128.6
256,529,2920.3
256,530,3169.8
256,531,2912.4
256,532,3077.7
256,533,2915.4
256,534,2811.3
256,535,3538.0
256,536,3048.0
256,537,3187.3
256,538,2837.9
256,539,3083.2
256,540,2949.3
256,541,2842.7
256,542,3105.0
256,543,2893.6
256,544,3734.2
256,545,2865.2
256,546,3066.2
256,547,3110.4
256,548,3166.7
256,549,3101.3
256,550,3151.6
256,551,3107.4
256,552,3153.4
256,553,3745.1
256,554,3105.0
256,555,2254.1
256,556,2188.1
256,557,2283.2
256,558,2148.1
256,559,2239.6
256,560,2211.1
256,561,2148.1
256,562,2074.2
256,563,3766.3
256,564,3774.8
256,565,3998.3
256,566,3148.0
256,567,3109.2
256,568,3177.0
256,569,3188.6
256,570,3053.5
256,571,3128.0
256,572,3132.2
256,573,4040.0
256,574,3241.2
256,575,3173.4
256,576,2280.1
256,577,2367.9
256,578,2126.3
256,579,2243.8
256,580,2216.5
256,581,2154.2
256,582,2151.1
256,583,3089.2
256,584,2902.1
256,585,2911.8
256,586,3121.3
256,587,3092.3
256,588,2870.0
256,589,2816.1
256,590,3069.9
256,591,4047.3
256,592,4077.0
256,593,3128.6
256,594,2215.3
256,595,2251.1
256,596,2131.2
256,597,2180.2
256,598,2268.6
256,599,2177.2
256,600,2177.2
256,601,3035.3
256,602,3221.3
256,603,3201.3
256,604,3120.1
256,605,3123.1
256,606,3033.5
256,607,3049.9
256,608,3173.4
256,609,3132.2
256,610,3777.8
256,611,4044.9
256,612,3132.8
256,613,2952.4
256,614,2349.2
256,615,2245.0
256,616,2234.1
256,617,2225.6
256,618,2203.8
256,619,2108.7
256,620,2165.1
256,621,2854.9
256,622,2902.1
256,623,3141.9
256,624,2912.4
256,625,2998.4
256,626,3121.9
256,627,2862.1
256,628,2935.4
256,629,3800.8
256,630,3110.4
256,631,2178.4
256,632,2065.1
256,633,2269.8
256,634,2197.2
256,635,2159.0
256,636,2090.6
256,637,2093.0
256,638,2109.3
256,639,3765.7
256,640,3780.8
256,641,3238.2
256,642,3104.4
256,643,3157.1
256,644,3132.8
256,645,3125.6
256,646,4057.6
256,647,2902.7
256,648,3183.1
256,649,3205.5
256,650,2202.0
256,651,2146.9
256,652,2180.8
256,653,3627.0
256,654,2192.9
256,655,2223.2
256,656,2957.2
256,657,3195.8
256,658,3149.8
256,659,2929.3
256,660,2746.5
256,661,3097.1
256,662,2907.5
256,663,2817.3
256,664,3522.8
256,665,3125.0
256,666,2200.8
256,667,2162.0
256,668,2237.7
256,669,2196.0
256,670,2140.2
256,671,2123.3
256,672,2168.1
256,673,2205.0
256,674,4009.8
256,675,3240.0
256,676,2131.2
256,677,2100.3
256,678,2169.3
256,679,2136.6
256,680,2081.5
256,681,2146.9
256,682,2072.4
256,683,2106.3
256,684,3470.2
256,685,3779.0
256,686,3109.8
256,687,3144.9
256,688,3134.7
256,689,3171.0
256,690,3138.3
256,691,3086.8
256,692,3138.9
256,693,4048.5
256,694,2937.8
256,695,2939.0
256,696,2202.0
256,697,2246.8
256,698,2214.7
256,699,2182.0
256,700,2194.7
256,701,2181.4
256,702,2145.1
256,703,2880.3
256,704,3197.0
256,705,2931.8
256,706,2886.4
256,707,2893.6
256,708,3156.5
256,709,3121.3
256,710,3102.6
256,711,3759.6
256,712,3086.8
256,713,2185.7
256,714,2213.5
256,715,2155.4
256,716,2182.0
256,717,2168.1
256,718,2210.5
256,719,2159.0
256,720,2074.8
256,721,3507.1
256,722,3448.4
256,723,3526.5
256,724,3763.3
256,725,4021.9
256,726,2231.7
256,727,2185.1
256,728,2202.6
256,729,2171.7
256,730,2215.9
256,731,2194.1
256,732,2143.3
256,733,2163.2
256,734,3072.9
256,735,3475.0
256,736,3848.1
256,737,3581.6
256,738,3140.7
256,739,3124.4
256,740,3191.0
256,741,3111.0
256,742,3125.6
256,743,3141.3
256,744,3096.5
256,745,3789.3
256,746,4046.7
256,747,3208.5
256,748,3168.6
256,749,2236.5
256,750,2215.3
256,751,2209.3
256,752,2268.6
256,753,2223.2
256,754,2170.5
256,755,2187.5
256,756,2923.3
256,757,2915.4
256,758,3201.9
256,759,3214.0
256,760,2890.0
256,761,3214.6
256,762,2882.7
256,763,2919.7
256,764,3832.9
256,765,2876.1
256,766,2917.2
256,767,3141.3
256,768,3123.8
256,769,3310.9
256,770,3144.9
256,771,3157.7
256,772,3239.4
256,773,3559.8
256,774,2985.1
256,775,2916.6
256,776,3180.7
256,777,3270.9
256,778,3246.7
256,779,3161.9
256,780,2829.4
256,781,3115.9
256,782,3880.2
256,783,3237.0
256,784,2369.2
256,785,2366.7
256,786,2320.1
256,787,2332.2
256,788,2201.4
256,789,2153.0
256,790,2198.4
256,791,2146.3
256,792,3836.0
256,793,4212.0
256,794,2247.4
256,795,2191.7
256,796,2129.3
256,797,2189.9
256,798,2255.9
256,799,2180.8
256,800,2179.0
256,801,2286.8
256,802,2985.7
256,803,3584.6
256,804,3848.7
256,805,3175.8
256,806,3230.3
256,807,3250.3
256,808,3211.0
256,809,3259.4
256,810,3108.6
256,811,3152.2
256,812,3868.0
256,813,4141.8
256,814,3309.7
256,815,3333.3
256,816,2288.6
256,817,2341.3
256,818,2269.8
256,819,2212.9
256,820,2203.8
256,821,2245.6
256,822,2266.2
256,823,2984.5
256,824,2943.3
256,825,3113.5
256,826,3215.2
256,827,2921.5
256,828,2990.5
256,829,3194.6
256,830,3046.8
256,831,3842.0
256,832,2928.1
256,833,2298.9
256,834,2269.8
256,835,2285.6
256,836,2302.5
256,837,2283.2
256,838,2274.7
256,839,2268.0
256,840,2182.0
256,841,3960.7
256,842,4152.1
256,843,2268.0
256,844,2220.2
256,845,2199.0
256,846,2194.1
256,847,2224.4
256,848,2171.1
256,849,2314.0
256,850,2246.8
256,851,3012.9
256,852,3601.0
256,853,3846.2
256,854,3596.1
256,855,3256.4
256,856,3296.4
256,857,3315.1
256,858,3211.0
256,859,3264.3
256,860,3189.8
256,861,3160.7
256,862,3866.2
256,863,3845.6
256,864,4153.9
256,865,3329.1
256,866,3295.1
256,867,2332.8
256,868,2272.3
256,869,2241.4
256,870,2211.7
256,871,2199.0
256,872,2156.6
256,873,2226.8
256,874,3237.0
256,875,3304.8
256,876,3220.6
256,877,2963.3
256,878,2941.5
256,879,3260.6
256,880,3168.6
256,881,2943.9
256,882,3805.7
256,883,3172.2
256,884,2249.9
256,885,2219.0
256,886,2196.6
256,887,2232.3
256,888,2219.6
256,889,2285.0
256,890,2168.7
256,891,2186.9
256,892,3851.7
256,893,3536.8
256,894,3879.6
256,895,3160.1
256,896,3213.4
256,897,3328.4
256,898,3239.4
256,899,3212.2
256,900,3165.5
256,901,3223.7
256,902,4163.0
256,903,3298.2
256,904,2969.3
256,905,2344.3
256,906,2356.4
256,907,2318.3
256,908,2271.7
256,909,2133.0
256,910,2138.4
256,911,2172.9
256,912,3211.6
256,913,3289.1
256,914,2955.4
256,915,2157.2
256,916,2197.2
256,917,2269.2
256,918,2170.5
256,919,2194.7
256,920,2131.2
256,921,2208.1
256,922,2122.1
256,923,3554.3
256,924,3883.8
256,925,3267.3
256,926,3230.9
256,927,3262.4
256,928,3267.9
256,929,3295.7
256,930,3164.9
256,931,3196.4
256,932,3826.9
256,933,4120.6
256,934,3303.6
256,935,3010.5
256,936,2325.6
256,937,2400.0
256,938,2222.6
256,939,2289.2
256,940,2221.4
256,941,2297.7
256,942,2307.4
256,943,2264.4
256,944,3183.1
256,945,3292.7
256,946,3172.8
256,947,3173.4
256,948,3235.2
256,949,3249.1
256,950,3164.3
256,951,3547.1
256,952,3447.1
256,953,4368.9
256,954,3022.0
256,955,3401.7
256,956,2321.3
256,957,2386.7
256,958,2371.6
256,959,2360.7
256,960,2355.2
256,961,2366.1
256,962,2384.3
256,963,3275.8
256,964,3000.8
256,965,2972.3
256,966,3025.6
256,967,2983.9
256,968,3016.6
256,969,3366.6
256,970,2971.7
256,971,4013.4
256,972,2992.3
256,973,3261.2
256,974,3284.2
256,975,3254.0
256,976,2970.5
256,977,4622.6
256,978,3842.6
256,979,4407.6
256,980,4521.5
256,981,4243.5
256,982,3468.3
256,983,2417.0
256,984,2417.0
256,985,2410.9
256,986,2406.7
256,987,2375.2
256,988,2355.8
256,989,3476.8
256,990,3495.6
256,991,3478.6
256,992,3399.9
256,993,3496.2
256,994,4035.8
256,995,4047.9
256,996,4027.3
256,997,4304.1
256,998,3044.4
256,999,3032.9
256,1000,3308.5
256,1001,2445.5
256,1002,2345.5
256,1003,2381.3
256,1004,2317.1
256,1005,2360.1
256,1006,2313.4
256,1007,2189.3
256,1008,2131.2
256,1009,3209.7
256,1010,3244.3
256,1011,3251.5
256,1012,3180.1
256,1013,3284.8
256,1014,3250.9
256,1015,3232.2
256,1016,3146.2
256,1017,3182.5
256,1018,3811.1
256,1019,4148.4
256,1020,2986.9
256,1021,3322.4
256,1022,2325.6
256,1023,2250.5
256,1024,2182.0
256,1025,2198.4
256,1026,2175.4
256,1027,2193.5
256,1028,2304.4
256,1029,3840.8
256,1030,7255.8
256,1031,3415.7
256,1032,3802.6
256,1033,8433.2
256,1034,4792.8
256,1035,4199.9
256,1036,3244.9
256,1037,3191.0
256,1038,3248.5
256,1039,3220.6
256,1040,2266.8
256,1041,2436.4
256,1042,2189.3
256,1043,2282.6
256,1044,3166.1
256,1045,3225.5
256,1046,3273.3
256,1047,3241.8
256,1048,3263.0
256,1049,3265.5
256,1050,3198.2
256,1051,3153.4
256,1052,3229.7
256,1053,3855.9
256,1054,3880.8
256,1055,3860.2
256,1056,4188.4
256,1057,3063.2
256,1058,3254.6
256,1059,2216.5
256,1060,2239.6
256,1061,2245.0
256,1062,2203.2
256,1063,2174.1
256,1064,2125.7
256,1065,2197.8
256,1066,3884.4
256,1067,7406.6
256,1068,4021.9
256,1069,4513.6
256,1070,10652.7
256,1071,3012.3
256,1072,3252.7
256,1073,3328.4
256,1074,3212.2
256,1075,3252.1
256,1076,3135.3
256,1077,3145.6
256,1078,3051.1
256,1079,3270.9
256,1080,2337.7
256,1081,2295.3
256,1082,2222.0
256,1083,2145.7
256,1084,2181.4
256,1085,2202.0
256,1086,2229.9
256,1087,3912.9
256,1088,7254.0
256,1089,5006.6
256,1090,5192.5
256,1091,9551.7
256,1092,2968.1
256,1093,3165.5
256,1094,3237.6
256,1095,3223.7
256,1096,3209.7
256,1097,3278.2
256,1098,2203.8
256,1099,2962.7
256,1100,2323.1
256,1101,2193.5
256,1102,2263.8
256,1103,2191.1
256,1104,2145.1
256,1105,2235.3
256,1106,2143.3
256,1107,3940.7
256,1108,7538.7
256,1109,3168.0
256,1110,4963.0
256,1111,9248.9
256,1112,4256.9
256,1113,6431.6
256,1114,6727.8
256,1115,3389.0
256,1116,3215.8
256,1117,3129.2
256,1118,3269.7
256,1119,2321.3
256,1120,2332.8
256,1121,2389.7
256,1122,2297.7
256,1123,3035.3
256,1124,3286.1
256,1125,3212.8
256,1126,3207.3
256,1127,3180.1
256,1128,3148.6
256,1129,3214.6
256,1130,3166.1
256,1131,3239.4
256,1132,3902.0
256,1133,3886.8
256,1134,3847.5
256,1135,4198.1
256,1136,3307.9
256,1137,3369.0
256,1138,2175.4
256,1139,2315.9
256,1140,2143.9
256,1141,2188.1
256,1142,2231.1
256,1143,2235.3
256,1144,2201.4
256,1145,3281.8
256,1146,3166.1
256,1147,3254.6
256,1148,2974.2
256,1149,3065.0
256,1150,3206.1
256,1151,3220.6
256,1152,3176.4
256,1153,3866.8
256,1154,3117.7
256,1155,2338.9
256,1156,2227.4
256,1157,2341.3
256,1158,2288.0
256,1159,2212.3
256,1160,2179.6
256,1161,2264.4
256,1162,2173.5
256,1163,4135.1
256,1164,3287.9
256,1165,2172.3
256,1166,2179.0
256,1167,2188.1
256,1168,2186.9
256,1169,2249.2
256,1170,2160.2
256,1171,2189.9
256,1172,2163.9
256,1173,3845.6
256,1174,3867.4
256,1175,3243.7
256,1176,3230.3
256,1177,3330.3
256,1178,3261.2
256,1179,3244.9
256,1180,4177.5
256,1181,2933.0
256,1182,3323.0
256,1183,3295.1
256,1184,2244.4
256,1185,2209.9
256,1186,2196.6
256,1187,2160.2
256,1188,2184.4
256,1189,2131.2
256,1190,3353.3
256,1191,3241.8
256,1192,3258.8
256,1193,3295.1
256,1194,3208.5
256,1195,3210.4
256,1196,3160.1
256,1197,2853.0
256,1198,3573.7
256,1199,2929.3
256,1200,3264.3
256,1201,3411.4
256,1202,2944.5
256,1203,3247.9
256,1204,2986.3
256,1205,2939.6
256,1206,3220.0
256,1207,3877.1
256,1208,3180.1
256,1209,2300.1
256,1210,2295.3
256,1211,2369.8
256,1212,2397.6
256,1213,2281.3
256,1214,2410.9
256,1215,2340.1
256,1216,2223.8
256,1217,3932.2
256,1218,4135.1
256,1219,2391.6
256,1220,2203.8
256,1221,2265.0
256,1222,2219.0
256,1223,2174.1
256,1224,2197.2
256,1225,2258.3
256,1226,2140.8
256,1227,2968.7
256,1228,3862.6
256,1229,3562.8
256,1230,3190.4
256,1231,3189.8
256,1232,3238.2
256,1233,3265.5
256,1234,3215.8
256,1235,3253.4
256,1236,3154.6
256,1237,3822.6
256,1238,3876.5
256,1239,4160.0
256,1240,2985.7
256,1241,3353.3
256,1242,2260.1
256,1243,2349.2
256,1244,2166.9
256,1245,2170.5
256,1246,2183.8
256,1247,2156.0
256,1248,2164.5
256,1249,3177.7
256,1250,3238.2
256,1251,3254.6
256,1252,3011.7
256,1253,3202.5
256,1254,3232.2
256,1255,3330.3
256,1256,2893.6
256,1257,3905.0
256,1258,3143.7
256,1259,2242.0
256,1260,2288.6
256,1261,2266.8
256,1262,2364.3
256,1263,2198.4
256,1264,2139.0
256,1265,2231.1
256,1266,2172.9
256,1267,3882.0
256,1268,3563.4
256,1269,3241.8
256,1270,3194.0
256,1271,3257.6
256,1272,4714.1
256,1273,4860.6
256,1274,9038.8
256,1275,4866.7
256,1276,10839.9
256,1277,3425.3
256,1278,3280.6
256,1279,3011.7
256,1280,3356.9
256,1281,3058.3
256,1282,2853.0
256,1283,3003.8
256,1284,3229.1
256,1285,2311.0
256,1286,2334.6
256,1287,2250.5
256,1288,2258.3
256,1289,2269.2
256,1290,2153.6
256,1291,3406.6
256,1292,5643.7
256,1293,6088.2
256,1294,4654.7
256,1295,8147.9
256,1296,4757.1
256,1297,4510.0
256,1298,8127.9
256,1299,4683.8
256,1300,4509.4
256,1301,7908.1
256,1302,4778.3
256,1303,3866.2
256,1304,5216.7
256,1305,9007.9
256,1306,3082.6
256,1307,2948.1
256,1308,3231.5
256,1309,3209.7
256,1310,2378.8
256,1311,2300.7
256,1312,2292.2
256,1313,2332.8
256,1314,2129.3
256,1315,3246.1
256,1316,2996.0
256,1317,2942.1
256,1318,3201.9
256,1319,3214.6
256,1320,3224.9
256,1321,3295.1
256,1322,3228.5
256,1323,4146.0
256,1324,3880.8
256,1325,2295.3
256,1326,2334.6
256,1327,2317.1
256,1328,2328.0
256,1329,2348.6
256,1330,2218.4
256,1331,2270.4
256,1332,3420.5
256,1333,4934.5
256,1334,6735.0
256,1335,3623.4
256,1336,4176.3
256,1337,3036.5
256,1338,3216.4
256,1339,3249.1
256,1340,3178.3
256,1341,3160.1
256,1342,3178.3
256,1343,2280.1
256,1344,2357.0
256,1345,2324.9
256,1346,3216.4
256,1347,3166.7
256,1348,3179.5
256,1349,3160.7
256,1350,3120.7
256,1351,3208.5
256,1352,3204.9
256,1353,3274.5
256,1354,3796.6
256,1355,2916.0
256,1356,3250.3
256,1357,3169.2
256,1358,3149.2
256,1359,3208.5
256,1360,3125.0
256,1361,3230.3
256,1362,3125.0
256,1363,3868.0
256,1364,3226.1
256,1365,2378.8
256,1366,2312.2
256,1367,2334.6
256,1368,2261.4
256,1369,2183.2
256,1370,2219.6
256,1371,2197.8
256,1372,2194.1
256,1373,3856.5
256,1374,4143.6
256,1375,2214.7
256,1376,2288.0
256,1377,2230.5
256,1378,2238.3
256,1379,2308.0
256,1380,2297.1
256,1381,2255.3
256,1382,2252.3
256,1383,3217.0
256,1384,3833.5
256,1385,3268.5
256,1386,3244.3
256,1387,3276.4
256,1388,3273.3
256,1389,3186.1
256,1390,3209.7
256,1391,3266.7
256,1392,4151.5
256,1393,3323.6
256,1394,3263.6
256,1395,2364.9
256,1396,2320.1
256,1397,2263.2
256,1398,2217.1
256,1399,2166.3
256,1400,2260.1
256,1401,2306.8
256,1402,3246.1
256,1403,2979.6
256,1404,3280.6
256,1405,3218.2
256,1406,3169.8
256,1407,2833.7
256,1408,3252.1
256,1409,2917.8
256,1410,3546.5
256,1411,3191.0
256,1412,2356.4
256,1413,2346.1
256,1414,2298.9
256,1415,2348.6
256,1416,2196.6
256,1417,2227.4
256,1418,2174.1
256,1419,2173.5
256,1420,3979.5
256,1421,3847.5
256,1422,3244.3
256,1423,3195.8
256,1424,3220.6
256,1425,3235.8
256,1426,3168.6
256,1427,3157.7
256,1428,3169.2
256,1429,3880.2
256,1430,4160.0
256,1431,3507.7
256,1432,3255.2
256,1433,3102.6
256,1434,2977.8
256,1435,2417.0
256,1436,2328.6
256,1437,2198.4
256,1438,2199.6
256,1439,2145.7
256,1440,2962.1
256,1441,3330.3
256,1442,3236.4
256,1443,3244.3
256,1444,3148.6
256,1445,3157.7
256,1446,3290.3
256,1447,3158.3
256,1448,4141.8
256,1449,4196.3
256,1450,3217.0
256,1451,2324.9
256,1452,2182.0
256,1453,2363.1
256,1454,2309.2
256,1455,2225.6
256,1456,2172.9
256,1457,2272.3
256,1458,3098.9
256,1459,3194.6
256,1460,3201.9
256,1461,3129.8
256,1462,3226.1
256,1463,3226.1
256,1464,3149.8
256,1465,3320.6
256,1466,3121.3
256,1467,3862.6
256,1468,4146.0
256,1469,3054.1
256,1470,3300.6
256,1471,2265.6
256,1472,2265.0
256,1473,2217.1
256,1474,2167.5
256,1475,2161.4
256,1476,2196.6
256,1477,2219.6
256,1478,3004.4
256,1479,2971.1
256,1480,3201.3
256,1481,3046.2
256,1482,3277.0
256,1483,3158.9
256,1484,2859.7
256,1485,3126.2
256,1486,4164.2
256,1487,4176.9
256,1488,3132.2
256,1489,2438.8
256,1490,2335.8
256,1491,2275.3
256,1492,2254.7
256,1493,2185.1
256,1494,2208.1
256,1495,2190.5
256,1496,3168.0
256,1497,3240.6
256,1498,3154.0
256,1499,3187.9
256,1500,3264.9
256,1501,3215.8
256,1502,3279.4
256,1503,3144.9
256,1504,3153.4
256,1505,3869.3
256,1506,3863.2
256,1507,3851.7
256,1508,3881.4
256,1509,4120.6
256,1510,3290.9
256,1511,3014.7
256,1512,2241.4
256,1513,2328.0
256,1514,2184.4
256,1515,2309.8
256,1516,2180.8
256,1517,2191.7
256,1518,2256.5
256,1519,2944.5
256,1520,3216.4
256,1521,3301.8
256,1522,3234.0
256,1523,3015.3
256,1524,2956.6
256,1525,3221.3
256,1526,3326.6
256,1527,3564.0
256,1528,2916.6
256,1529,3280.0
256,1530,3176.4
256,1531,3243.7
256,1532,3201.3
256,1533,3232.8
256,1534,3025.0
256,1535,3179.5
256,1536,4150.9
256,1537,3909.2
256,1538,2335.2
256,1539,2263.8
256,1540,2370.4
256,1541,2280.1
256,1542,2258.3
256,1543,2280.1
256,1544,2215.9
256,1545,3204.9
256,1546,3189.8
256,1547,3224.3
256,1548,3166.7
256,1549,3200.7
256,1550,3194.6
256,1551,3190.4
256,1552,3238.8
256,1553,3235.8
256,1554,3828.1
256,1555,3842.6
256,1556,4147.2
256,1557,3307.9
256,1558,3280.6
256,1559,2266.8
256,1560,2235.3
256,1561,2304.4
256,1562,2171.7
256,1563,2185.1
256,1564,2154.8
256,1565,3590.7
256,1566,3227.9
256,1567,3218.2
256,1568,3020.8
256,1569,3046.2
256,1570,3148.6
256,1571,2878.5
256,1572,3200.7
256,1573,3161.3
256,1574,3906.2
256,1575,3167.4
256,1576,2175.4
256,1577,2351.0
256,1578,2197.8
256,1579,2300.1
256,1580,2272.9
256,1581,2224.4
256,1582,2187.5
256,1583,2267.4
256,1584,3880.2
256,1585,3920.7
256,1586,3232.2
256,1587,3277.6
256,1588,3212.2
256,1589,3201.3
256,1590,3312.7
256,1591,3139.5
256,1592,3195.8
256,1593,3890.5
256,1594,4140.0
256,1595,3276.4
256,1596,3261.2
256,1597,2247.4
256,1598,2353.4
256,1599,2259.5
256,1600,2303.1
256,1601,2349.2
256,1602,2140.8
256,1603,2212.9
256,1604,2963.3
256,1605,2982.0
256,1606,3323.6
256,1607,2944.5
256,1608,3158.9
256,1609,3355.1
256,1610,2893.6
256,1611,2913.0
256,1612,3562.2
256,1613,3174.0
256,1614,2260.1
256,1615,2243.8
256,1616,2275.9
256,1617,2372.8
256,1618,2156.6
256,1619,2190.5
256,1620,2186.9
256,1621,2174.1
256,1622,3596.7
256,1623,4181.2
256,1624,2315.3
256,1625,2254.1
256,1626,2194.7
256,1627,2225.0
256,1628,2205.6
256,1629,2147.5
256,1630,2199.0
256,1631,2194.1
256,1632,3154.0
256,1633,3624.6
256,1634,3187.9
256,1635,3180.1
256,1636,3247.3
256,1637,3195.8
256,1638,3174.0
256,1639,3119.5
256,1640,3146.8
256,1641,4173.3
256,1642,2943.3
256,1643,3014.1
256,1644,2392.2
256,1645,2298.3
256,1646,2217.1
256,1647,2231.1
256,1648,2229.9
256,1649,2202.0
256,1650,2116.6
256,1651,2994.1
256,1652,3161.3
256,1653,3264.9
256,1654,3234.6
256,1655,2968.7
256,1656,3162.5
256,1657,2957.2
256,1658,2893.6
256,1659,3861.4
256,1660,3206.1
256,1661,2351.6
256,1662,2289.2
256,1663,2226.2
256,1664,2203.8
256,1665,2282.6
256,1666,2172.3
256,1667,2248.0
256,1668,2203.8
256,1669,3847.5
256,1670,3895.3
256,1671,3248.5
256,1672,3203.7
256,1673,3261.8
256,1674,3226.1
256,1675,3286.7
256,1676,3131.6
256,1677,3114.7
256,1678,4141.2
256,1679,3350.9
256,1680,3280.6
256,1681,2271.7
256,1682,2252.3
256,1683,2299.5
256,1684,2170.5
256,1685,2226.8
256,1686,2186.9
256,1687,2171.1
256,1688,2156.6
256,1689,3023.8
256,1690,3171.0
256,1691,3076.5
256,1692,3175.2
256,1693,3244.3
256,1694,3163.7
256,1695,3250.3
256,1696,3155.8
256,1697,3237.0
256,1698,3860.8
256,1699,3829.9
256,1700,4154.5
256,1701,3017.2
256,1702,3004.4
256,1703,2270.4
256,1704,2335.2
256,1705,2378.8
256,1706,2221.4
256,1707,2189.3
256,1708,2247.4
256,1709,2192.3
256,1710,3178.3
256,1711,3235.2
256,1712,2959.6
256,1713,3035.9
256,1714,3187.3
256,1715,3212.2
256,1716,2898.5
256,1717,2910.6
256,1718,4143.0
256,1719,3905.0
256,1720,2446.7
256,1721,2231.1
256,1722,2254.1
256,1723,2245.0
256,1724,2144.5
256,1725,2189.3
256,1726,2274.7
256,1727,3165.5
256,1728,3191.0
256,1729,3198.8
256,1730,3244.3
256,1731,3191.0
256,1732,3201.9
256,1733,3273.3
256,1734,3246.1
256,1735,3180.1
256,1736,3907.4
256,1737,3903.2
256,1738,4129.7
256,1739,3009.3
256,1740,3008.1
256,1741,2222.0
256,1742,2333.4
256,1743,2367.9
256,1744,2223.8
256,1745,2360.1
256,1746,2262.6
256,1747,2315.9
256,1748,2992.9
256,1749,3204.3
256,1750,3025.6
256,1751,2974.8
256,1752,3167.4
256,1753,3205.5
256,1754,2853.6
256,1755,2881.5
256,1756,3578.0
256,1757,3192.8
256,1758,2342.5
256,1759,2239.0
256,1760,2279.5
256,1761,2331.0
256,1762,2126.9
256,1763,2220.2
256,1764,2185.7
256,1765,2247.4
256,1766,4200.5
256,1767,2963.9
256,1768,2183.8
256,1769,2283.8
256,1770,2151.7
256,1771,2171.1
256,1772,2177.2
256,1773,2186.3
256,1774,2199.6
256,1775,2165.7
256,1776,3579.8
256,1777,3606.4
256,1778,3849.9
256,1779,3906.8
256,1780,3177.7
256,1781,3228.5
256,1782,3242.5
256,1783,3264.3
256,1784,3208.5
256,1785,3236.4
256,1786,3166.1
256,1787,3894.1
256,1788,4184.2
256,1789,2997.8
256,1790,3304.2
256,1791,2226.2
256,1792,2285.0
256,1793,2315.3
256,1794,2233.5
256,1795,2246.2
256,1796,2169.9
256,1797,2168.1
256,1798,3261.8
256,1799,3237.6
256,1800,3256.4
256,1801,3250.3
256,1802,3141.3
256,1803,2918.4
256,1804,3187.3
256,1805,2943.9
256,1806,3873.5
256,1807,3202.5
256,1808,2249.2
256,1809,2344.3
256,1810,2267.4
256,1811,2337.1
256,1812,2312.2
256,1813,2178.4
256,1814,2306.2
256,1815,2154.2
256,1816,3561.0
256,1817,3635.5
256,1818,3542.8
256,1819,3573.1
256,1820,4150.3
256,1821,2326.2
256,1822,2207.5
256,1823,2282.6
256,1824,2250.5
256,1825,2275.3
256,1826,2202.0
256,1827,2275.9
256,1828,2139.0
256,1829,3190.4
256,1830,3867.4
256,1831,3159.5
256,1832,3198.8
256,1833,3275.2
256,1834,3223.1
256,1835,3217.0
256,1836,3148.6
256,1837,3161.3
256,1838,4167.8
256,1839,3216.4
256,1840,3277.0
256,1841,2321.9
256,1842,2215.3
256,1843,2224.4
256,1844,2249.2
256,1845,2237.1
256,1846,2212.3
256,1847,2337.7
256,1848,2945.7
256,1849,3324.2
256,1850,3140.1
256,1851,3275.8
256,1852,3196.4
256,1853,2903.9
256,1854,3281.8
256,1855,3259.4
256,1856,4161.2
256,1857,3874.1
256,1858,2320.7
256,1859,2407.3
256,1860,2232.9
256,1861,2269.2
256,1862,2294.1
256,1863,2319.5
256,1864,2193.5
256,1865,3249.7
256,1866,3204.3
256,1867,3174.0
256,1868,3201.3
256,1869,3232.8
256,1870,3158.3
256,1871,3244.3
256,1872,3126.2
256,1873,3254.6
256,1874,4111.5
256,1875,3345.4
256,1876,3313.3
256,1877,2366.7
256,1878,2328.6
256,1879,2285.6
256,1880,2228.0
256,1881,2182.0
256,1882,2177.2
256,1883,2205.0
256,1884,3235.2
256,1885,3326.6
256,1886,3258.8
256,1887,3181.9
256,1888,3109.8
256,1889,3630.0
256,1890,3618.5
256,1891,3630.6
256,1892,4738.9
256,1893,10061.7
256,1894,3035.9
256,1895,3240.6
256,1896,3234.6
256,1897,3292.1
256,1898,3147.4
256,1899,3189.2
256,1900,3239.4
256,1901,2940.2
256,1902,2431.5
256,1903,2315.9
256,1904,2261.4
256,1905,2364.3
256,1906,2169.9
256,1907,2228.0
256,1908,2234.7
256,1909,3928.0
256,1910,7392.7
256,1911,3374.5
256,1912,5345.7
256,1913,9839.4
256,1914,3010.5
256,1915,3229.1
256,1916,3216.4
256,1917,3243.7
256,1918,4265.3
256,1919,3843.2
256,1920,3847.5
256,1921,3398.7
256,1922,3261.8
256,1923,2325.6
256,1924,2222.0
256,1925,2163.9
256,1926,2185.7
256,1927,2240.8
256,1928,2157.2
256,1929,2249.2
256,1930,3829.3
256,1931,7371.5
256,1932,3330.3
256,1933,5519.6
256,1934,10470.4
256,1935,3273.3
256,1936,3324.8
256,1937,3306.0
256,1938,3203.7
256,1939,3873.5
256,1940,4124.2
256,1941,4105.4
256,1942,4192.1
256,1943,3006.9
256,1944,3255.2
256,1945,3389.6
256,1946,2973.0
256,1947,2327.4
256,1948,2184.4
256,1949,2292.2
256,1950,2222.6
256,1951,2282.6
256,1952,4133.9
256,1953,7579.2
256,1954,4007.9
256,1955,5071.4
256,1956,8628.8
256,1957,3035.9
256,1958,3115.9
256,1959,3141.9
256,1960,3073.5
256,1961,3241.8
256,1962,2141.4
256,1963,3180.1
256,1964,2212.3
256,1965,2288.0
256,1966,2152.3
256,1967,2158.4
256,1968,2232.9
256,1969,2266.8
256,1970,2100.9
256,1971,3921.9
256,1972,7281.9
256,1973,3079.5
256,1974,5193.7
256,1975,9701.9
256,1976,3203.7
256,1977,3119.5
256,1978,3094.7
256,1979,3169.2
256,1980,3168.0
256,1981,3063.2
256,1982,2214.7
256,1983,2249.2
256,1984,3127.4
256,1985,3212.8
256,1986,3106.2
256,1987,3154.6
256,1988,3127.4
256,1989,3111.0
256,1990,3171.0
256,1991,3135.3
256,1992,3131.6
256,1993,4126.6
256,1994,2888.8
256,1995,3258.8
256,1996,2229.9
256,1997,2205.6
256,1998,2203.8
256,1999,2263.2
1024,0,3585.2
1024,1,3628.8
1024,2,3626.4
1024,3,3592.5
1024,4,4210.2
1024,5,4226.6
1024,6,4500.9
1024,7,3533.1
1024,8,3542.8
1024,9,3280.0
1024,10,3581.0
1024,11,2635.0
1024,12,2594.4
1024,13,2628.4
1024,14,2553.9
1024,15,2668.9
1024,16,2519.3
1024,17,2537.5
1024,18,2543.0
1024,19,3599.2
1024,20,3410.8
1024,21,4239.3
1024,22,4159.3
1024,23,4053.4
1024,24,4015.8
1024,25,4035.8
1024,26,4370.1
1024,27,3716.6
1024,28,3667.0
1024,29,2642.9
1024,30,2512.7
1024,31,2607.8
1024,32,2533.3
1024,33,2464.2
1024,34,2675.0
1024,35,2574.5
1024,36,3359.3
1024,37,3359.9
1024,38,3325.4
1024,39,3558.0
1024,40,3274.5
1024,41,3583.4
1024,42,3304.2
1024,43,3525.3
1024,44,4204.8
1024,45,3921.3
1024,46,2539.3
1024,47,2586.6
1024,48,2487.9
1024,49,2531.5
1024,50,2519.3
1024,51,2612.0
1024,52,2557.5
1024,53,3589.5
1024,54,3301.8
1024,55,3344.8
1024,56,3468.9
1024,57,3557.4
1024,58,3541.0
1024,59,3475.0
1024,60,3416.3
1024,61,3576.7
1024,62,4198.1
1024,63,3597.9
1024,64,3651.8
1024,65,2608.4
1024,66,2617.5
1024,67,2592.0
1024,68,2544.2
1024,69,2590.8
1024,70,2561.7
1024,71,2611.4
1024,72,3580.4
1024,73,3548.9
1024,74,3640.3
1024,75,3340.0
1024,76,3650.0
1024,77,3609.5
1024,78,3303.0
1024,79,3401.1
1024,80,3911.7
1024,81,3308.5
1024,82,3637.9
1024,83,3513.2
1024,84,3599.8
1024,85,3314.5
1024,86,3584.0
1024,87,3300.6
1024,88,3047.4
1024,89,3993.4
1024,90,3057.7
1024,91,3389.0
1024,92,3386.6
1024,93,3375.7
1024,94,3088.0
1024,95,3440.5
1024,96,3072.3
1024,97,3359.3
1024,98,4014.6
1024,99,3375.1
1024,100,2372.8
1024,101,2501.2
1024,102,2326.8
1024,103,2542.4
1024,104,2315.3
1024,105,2444.3
1024,106,2339.5
1024,107,2374.0
1024,108,3089.8
1024,109,3538.0
1024,110,3235.8
1024,111,3436.2
1024,112,3436.2
1024,113,3407.2
1024,114,3398.7
1024,115,3354.5
1024,116,4007.3
1024,117,4335.6
1024,118,3158.9
1024,119,3169.8
1024,120,3159.5
1024,121,2528.4
1024,122,2486.6
1024,123,2321.9
1024,124,2386.7
1024,125,2454.5
1024,126,2499.4
1024,127,3468.3
1024,128,3430.8
1024,129,3086.8
1024,130,3421.1
1024,131,3406.6
1024,132,3445.9
1024,133,3452.6
1024,134,3318.2
1024,135,3750.0
1024,136,3393.2
1024,137,2420.6
1024,138,2538.7
1024,139,2437.6
1024,140,2486.0
1024,141,2441.8
1024,142,2508.4
1024,143,2424.3
1024,144,2408.5
1024,145,4027.9
1024,146,4424.0
1024,147,3515.0
1024,148,6053.1
1024,149,4199.3
1024,150,4637.8
1024,151,8721.4
1024,152,4391.3
1024,153,4792.8
1024,154,8367.8
1024,155,4340.4
1024,156,4288.9
1024,157,3424.1
1024,158,3402.3
1024,159,3341.2
1024,160,3415.7
1024,161,2996.6
1024,162,2476.4
1024,163,2457.0
1024,164,2447.3
1024,165,2707.1
1024,166,3169.8
1024,167,3350.2
1024,168,3393.2
1024,169,3422.3
1024,170,3419.3
1024,171,3085.6
1024,172,3429.6
1024,173,3388.4
1024,174,4030.4
1024,175,3430.2
1024,176,2395.8
1024,177,2446.1
1024,178,2445.5
1024,179,2415.8
1024,180,2416.4
1024,181,2423.1
1024,182,2309.2
1024,183,2488.5
1024,184,4927.3
1024,185,8466.5
1024,186,4851.0
1024,187,7172.9
1024,188,5463.2
1024,189,5552.3
1024,190,8118.8
1024,191,3631.3
1024,192,3347.2
1024,193,3421.7
1024,194,3407.2
1024,195,3335.1
1024,196,3371.4
1024,197,2501.2
1024,198,2455.8
1024,199,2523.0
1024,200,3095.3
1024,201,3390.2
1024,202,3397.5
1024,203,3372.7
1024,204,3386.0
1024,205,3188.6
1024,206,3639.1
1024,207,2690.1
1024,208,2531.5
1024,209,2511.5
1024,210,2550.8
1024,211,2513.3
1024,212,2413.4
1024,213,2443.0
1024,214,2441.8
1024,215,4838.2
1024,216,8283.6
1024,217,4953.9
1024,218,5818.1
1024,219,6141.5
1024,220,4287.1
1024,221,3435.0
1024,222,3376.9
1024,223,3186.1
1024,224,3353.9
1024,225,3311.5
1024,226,2375.2
1024,227,2534.5
1024,228,2419.4
1024,229,2523.6
1024,230,3407.2
1024,231,3418.1
1024,232,3154.0
1024,233,3141.9
1024,234,3429.0
1024,235,3133.4
1024,236,3401.1
1024,237,3490.8
1024,238,4040.6
1024,239,3408.4
1024,240,2547.2
1024,241,2524.8
1024,242,2508.4
1024,243,2575.7
1024,244,2362.5
1024,245,2482.4
1024,246,2388.5
1024,247,2464.2
1024,248,4049.1
1024,249,4027.9
1024,250,3461.1
1024,251,3387.8
1024,252,3422.9
1024,253,3493.2
1024,254,3387.2
1024,255,3401.1
1024,256,3340.6
1024,257,4308.9
1024,258,3489.5
1024,259,3411.4
1024,260,2543.0
1024,261,2474.5
1024,262,2354.6
1024,263,2411.5
1024,264,2340.7
1024,265,2375.8
1024,266,2355.2
1024,267,3106.8
1024,268,3420.5
1024,269,3184.9
1024,270,3067.4
1024,271,3053.5
1024,272,3108.0
1024,273,3396.3
1024,274,3131.6
1024,275,4328.3
1024,276,4308.9
1024,277,3301.2
1024,278,2470.3
1024,279,2406.1
1024,280,2490.3
1024,281,2470.3
1024,282,2457.6
1024,283,2372.8
1024,284,2345.5
1024,285,3143.1
1024,286,3326.0
1024,287,3353.9
1024,288,3280.0
1024,289,3461.1
1024,290,3318.8
1024,291,3361.8
1024,292,3363.6
1024,293,3372.1
1024,294,3999.5
1024,295,4048.5
1024,296,4293.8
1024,297,3419.9
1024,298,3172.2
1024,299,2435.2
1024,300,2483.6
1024,301,2525.4
1024,302,2384.9
1024,303,2406.1
1024,304,2371.6
1024,305,2418.2
1024,306,3407.2
1024,307,3119.5
1024,308,3416.9
1024,309,3175.8
1024,310,3386.0
1024,311,3427.2
1024,312,3038.4
1024,313,3144.3
1024,314,4349.5
1024,315,4089.1
1024,316,2493.3
1024,317,2527.2
1024,318,2477.0
1024,319,2498.2
1024,320,2365.5
1024,321,2476.4
1024,322,2466.7
1024,323,3272.7
1024,324,3456.8
1024,325,3304.8
1024,326,3264.3
1024,327,3371.4
1024,328,3303.0
1024,329,3268.5
1024,330,3397.5
1024,331,4327.7
1024,332,3150.4
1024,333,3223.7
1024,334,2466.1
1024,335,2526.6
1024,336,2501.2
1024,337,2456.4
1024,338,2464.2
1024,339,2369.8
1024,340,2387.9
1024,341,3197.6
1024,342,3134.7
1024,343,3458.0
1024,344,3414.4
1024,345,3352.7
1024,346,3118.9
1024,347,3105.0
1024,348,3399.3
1024,349,3776.6
1024,350,3615.5
1024,351,2623.5
1024,352,2623.5
1024,353,2621.1
1024,354,2532.1
1024,355,2548.4
1024,356,2518.7
1024,357,2578.7
1024,358,2525.4
1024,359,3932.8
1024,360,4204.8
1024,361,3332.7
1024,362,2512.7
1024,363,2588.4
1024,364,2493.9
1024,365,2559.9
1024,366,2455.8
1024,367,2610.2
1024,368,2593.2
1024,369,2532.7
1024,370,3932.8
1024,371,4216.9
1024,372,3314.5
1024,373,2603.5
1024,374,2533.3
1024,375,2552.7
1024,376,2572.0
1024,377,2604.7
1024,378,2541.2
1024,379,2518.7
1024,380,2486.6
1024,381,3907.4
1024,382,3885.0
1024,383,3891.7
1024,384,4185.4
1024,385,2632.6
1024,386,2576.9
1024,387,2559.3
1024,388,2560.5
1024,389,2613.8
1024,390,2433.4
1024,391,2528.4
1024,392,2545.4
1024,393,3157.1
1024,394,4190.2
1024,395,3311.5
1024,396,2575.1
1024,397,2618.7
1024,398,2505.4
1024,399,2581.7
1024,400,2482.4
1024,401,2578.1
1024,402,2569.6
1024,403,2554.5
1024,404,4481.5
1024,405,3379.3
1024,406,2569.0
1024,407,2486.6
1024,408,5006.6
1024,409,4559.1
1024,410,4265.3
1024,411,3628.2
1024,412,4253.8
1024,413,4517.9
1024,414,3637.9
1024,415,4699.6
1024,416,4847.9
1024,417,4302.3
1024,418,3571.9
1024,419,3733.6
1024,420,4170.2
1024,421,3935.3
1024,422,4149.1
1024,423,4625.7
1024,424,4859.4
1024,425,6074.9
1024,426,4445.2
1024,427,4824.3
1024,428,4259.3
1024,429,3904.4
1024,430,3545.3
1024,431,3947.4
1024,432,3629.4
1024,433,3906.8
1024,434,3578.0
1024,435,4434.9
1024,436,4419.8
1024,437,4593.6
1024,438,4551.2
1024,439,4347.7
1024,440,3691.2
1024,441,3679.7
1024,442,3783.3
1024,443,3444.7
1024,444,3559.2
1024,445,3556.8
1024,446,3481.7
1024,447,3773.0
1024,448,4399.8
1024,449,4058.8
1024,450,3614.9
1024,451,3579.2
1024,452,3394.5
1024,453,3648.8
1024,454,3822.6
1024,455,3745.7
1024,456,3906.2
1024,457,4029.7
1024,458,4884.9
1024,459,4254.4
1024,460,4700.8
1024,461,4488.2
1024,462,3655.5
1024,463,4798.9
1024,464,4514.8
1024,465,4483.4
1024,466,4763.7
1024,467,4375.6
1024,468,4392.5
1024,469,3606.4
1024,470,4571.2
1024,471,3998.3
1024,472,3745.7
1024,473,3720.3
1024,474,3799.6
1024,475,3679.7
1024,476,3426.6
1024,477,4378.6
1024,478,4017.0
1024,479,3433.8
1024,480,3717.9
1024,481,3541.0
1024,482,3479.2
1024,483,3554.3
1024,484,3839.0
1024,485,3897.7
1024,486,4189.6
1024,487,4475.5
1024,488,4400.4
1024,489,4484.0
1024,490,4405.2
1024,491,4279.3
1024,492,3973.4
1024,493,4079.4
1024,494,3530.1
1024,495,3730.6
1024,496,3819.6
1024,497,3774.8
1024,498,3527.1
1024,499,3520.4
1024,500,3514.4
1024,501,3449.6
1024,502,4287.7
1024,503,4357.4
1024,504,4232.0
1024,505,3530.1
1024,506,3672.4
1024,507,3450.2
1024,508,3877.1
1024,509,3542.8
1024,510,3805.7
1024,511,3771.8
1024,512,3579.2
1024,513,4202.3
1024,514,4454.9
1024,515,4513.6
1024,516,4312.0
1024,517,3787.5
1024,518,3524.1
1024,519,3311.5
1024,520,3814.1
1024,521,3532.5
1024,522,3799.0
1024,523,3614.3
1024,524,4576.0
1024,525,4462.2
1024,526,4245.3
1024,527,4106.1
1024,528,4631.1
1024,529,4377.4
1024,530,4387.7
1024,531,3539.2
1024,532,3507.7
1024,533,3571.9
1024,534,3513.8
1024,535,3675.5
1024,536,3642.8
1024,537,3608.8
1024,538,3481.7
1024,539,4075.2
1024,540,3639.1
1024,541,3795.4
1024,542,3707.0
1024,543,3531.9
1024,544,3623.4
1024,545,3675.5
1024,546,3507.7
1024,547,4132.7
1024,548,4631.1
1024,549,4541.5
1024,550,4126.0
1024,551,4420.4
1024,552,4021.9
1024,553,4297.4
1024,554,4245.3
1024,555,3627.0
1024,556,3340.6
1024,557,3664.6
1024,558,3481.7
1024,559,3595.5
1024,560,3454.4
1024,561,3511.9
1024,562,4491.8
1024,563,4147.8
1024,564,4533.0
1024,565,4407.6
1024,566,4350.7
1024,567,4098.8
1024,568,3437.5
1024,569,3468.3
1024,570,3656.7
1024,571,3531.9
1024,572,3604.0
1024,573,3550.1
1024,574,3306.6
1024,575,3280.6
1024,576,3958.9
1024,577,3415.7
1024,578,3502.9
1024,579,3484.1
1024,580,3550.1
1024,581,3646.4
1024,582,3286.7
1024,583,3366.6
1024,584,3317.5
1024,585,4047.9
1024,586,3722.7
1024,587,3637.9
1024,588,3378.1
1024,589,3473.2
1024,590,3458.7
1024,591,3443.5
1024,592,3393.2
1024,593,3575.5
1024,594,4712.3
1024,595,3869.3
1024,596,4265.9
1024,597,4218.1
1024,598,3462.9
1024,599,3498.0
1024,600,3564.6
1024,601,3269.1
1024,602,3360.5
1024,603,3511.9
1024,604,3735.4
1024,605,3610.7
1024,606,4387.7
1024,607,4398.6
1024,608,4140.0
1024,609,4558.4
1024,610,4369.5
1024,611,3585.2
1024,612,3387.2
1024,613,2676.8
1024,614,2416.4
1024,615,2436.4
1024,616,2381.3
1024,617,2379.5
1024,618,2354.0
1024,619,2362.5
1024,620,2323.7
1024,621,3353.3
1024,622,3295.7
1024,623,3204.9
1024,624,3265.5
1024,625,3474.4
1024,626,3402.9
1024,627,3442.9
1024,628,3306.0
1024,629,3375.1
1024,630,3994.0
1024,631,4011.6
1024,632,4308.3
1024,633,3194.0
1024,634,3455.0
1024,635,2472.7
1024,636,2510.9
1024,637,2541.2
1024,638,2420.0
1024,639,2487.3
1024,640,2450.9
1024,641,2453.9
1024,642,3445.9
1024,643,3131.0
1024,644,3474.4
1024,645,3444.1
1024,646,3023.8
1024,647,3375.7
1024,648,3402.3
1024,649,3353.3
1024,650,3763.9
1024,651,3114.1
1024,652,3350.2
1024,653,3379.9
1024,654,3309.1
1024,655,3389.6
1024,656,3344.8
1024,657,3062.0
1024,658,3222.5
1024,659,4293.8
1024,660,3755.4
1024,661,2564.8
1024,662,2398.2
1024,663,2500.0
1024,664,2492.1
1024,665,2416.4
1024,666,2450.9
1024,667,2481.2
1024,668,3304.2
1024,669,3444.7
1024,670,3287.9
1024,671,3287.9
1024,672,3416.3
1024,673,3428.4
1024,674,3342.4
1024,675,3359.3
1024,676,3373.3
1024,677,4051.5
1024,678,4324.7
1024,679,3205.5
1024,680,3142.5
1024,681,4484.6
1024,682,2770.1
1024,683,2520.6
1024,684,2619.9
1024,685,2535.7
1024,686,2518.7
1024,687,2380.7
1024,688,2446.7
1024,689,3332.1
1024,690,3240.6
1024,691,3234.0
1024,692,3290.3
1024,693,3417.5
1024,694,3353.3
1024,695,3358.7
1024,696,3401.7
1024,697,3346.6
1024,698,4363.4
1024,699,3414.4
1024,700,3161.9
1024,701,2564.8
1024,702,2435.8
1024,703,2478.8
1024,704,2469.1
1024,705,2417.0
1024,706,2566.0
1024,707,2507.8
1024,708,2412.8
1024,709,3371.4
1024,710,3242.5
1024,711,3321.2
1024,712,3455.6
1024,713,3356.3
1024,714,3289.1
1024,715,3324.8
1024,716,3354.5
1024,717,3398.7
1024,718,4541.5
1024,719,3631.9
1024,720,3489.5
1024,721,3436.2
1024,722,3262.4
1024,723,3370.8
1024,724,3331.5
1024,725,2573.9
1024,726,2506.0
1024,727,2706.5
1024,728,3471.4
1024,729,3049.3
1024,730,3256.4
1024,731,3080.1
1024,732,3085.6
1024,733,3120.1
1024,734,3115.9
1024,735,3148.0
1024,736,4332.6
1024,737,4056.4
1024,738,2469.7
1024,739,2564.8
1024,740,2480.0
1024,741,2520.6
1024,742,2370.4
1024,743,2342.5
1024,744,2356.4
1024,745,3103.2
1024,746,3257.6
1024,747,3189.8
1024,748,3220.0
1024,749,3458.7
1024,750,3300.6
1024,751,3441.1
1024,752,3369.0
1024,753,3392.0
1024,754,4071.5
1024,755,4296.8
1024,756,3425.3
1024,757,3453.2
1024,758,2449.7
1024,759,2449.1
1024,760,2477.6
1024,761,2481.8
1024,762,2391.0
1024,763,2361.9
1024,764,2308.6
1024,765,3462.9
1024,766,3088.0
1024,767,3404.8
1024,768,3128.0
1024,769,3004.4
1024,770,3399.3
1024,771,3091.0
1024,772,3438.7
1024,773,4047.9
1024,774,3412.6
1024,775,2516.3
1024,776,2559.9
1024,777,2460.6
1024,778,2474.5
1024,779,2478.2
1024,780,2439.4
1024,781,2407.3
1024,782,2460.6
1024,783,4052.8
1024,784,4047.9
1024,785,3238.2
1024,786,3252.7
1024,787,3379.9
1024,788,3361.8
1024,789,3487.7
1024,790,3490.1
1024,791,3314.5
1024,792,4319.2
1024,793,3186.1
1024,794,3198.2
1024,795,3390.8
1024,796,2468.5
1024,797,2501.2
1024,798,2432.1
1024,799,2552.7
1024,800,2297.7
1024,801,2321.3
1024,802,3412.0
1024,803,3376.3
1024,804,3385.4
1024,805,3118.3
1024,806,3395.1
1024,807,3123.8
1024,808,3060.2
1024,809,3101.9
1024,810,4028.5
1024,811,3329.7
1024,812,2497.5
1024,813,2535.1
1024,814,2481.8
1024,815,2517.5
1024,816,2475.1
1024,817,2434.0
1024,818,2493.9
1024,819,2512.7
1024,820,3364.2
1024,821,3451.4
1024,822,3229.1
1024,823,3180.1
1024,824,3407.2
1024,825,3301.2
1024,826,3401.7
1024,827,3283.0
1024,828,3331.5
1024,829,4067.3
1024,830,4064.3
1024,831,4065.5
1024,832,4327.1
1024,833,3416.9
1024,834,3463.5
1024,835,2460.0
1024,836,2427.9
1024,837,2506.6
1024,838,2414.0
1024,839,2444.3
1024,840,2400.0
1024,841,2368.6
1024,842,3386.0
1024,843,3405.4
1024,844,3115.3
1024,845,3444.7
1024,846,3118.9
1024,847,3110.4
1024,848,3031.7
1024,849,3435.6
1024,850,4070.9
1024,851,3736.6
1024,852,3356.3
1024,853,2459.4
1024,854,2401.3
1024,855,2407.9
1024,856,2369.8
1024,857,2351.0
1024,858,2445.5
1024,859,2363.1
1024,860,2397.6
1024,861,4052.2
1024,862,4045.5
1024,863,4040.0
1024,864,3243.1
1024,865,3396.9
1024,866,3456.2
1024,867,3409.0
1024,868,3407.8
1024,869,3442.9
1024,870,3308.5
1024,871,4281.1
1024,872,3163.7
1024,873,3477.4
1024,874,2616.2
1024,875,2556.9
1024,876,2573.2
1024,877,2559.9
1024,878,2413.4
1024,879,2464.8
1024,880,2403.1
1024,881,5033.9
1024,882,5176.8
1024,883,3281.8
1024,884,3241.8
1024,885,3260.0
1024,886,3297.0
1024,887,3427.2
1024,888,3310.9
1024,889,4293.2
1024,890,3498.6
1024,891,3487.1
1024,892,2475.1
1024,893,2476.4
1024,894,2456.4
1024,895,2465.4
1024,896,2361.9
1024,897,2427.3
1024,898,2434.0
1024,899,3124.4
1024,900,3391.4
1024,901,3185.5
1024,902,3162.5
1024,903,3103.8
1024,904,3400.5
1024,905,3055.9
1024,906,3131.0
1024,907,4318.6
1024,908,4023.1
1024,909,2613.2
1024,910,2437.6
1024,911,2505.4
1024,912,2480.6
1024,913,2400.6
1024,914,2427.3
1024,915,2529.0
1024,916,3420.5
1024,917,3285.4
1024,918,3186.1
1024,919,3445.3
1024,920,3402.9
1024,921,3398.7
1024,922,3423.5
1024,923,3367.8
1024,924,3296.4
1024,925,4024.9
1024,926,4290.8
1024,927,3117.7
1024,928,3364.2
1024,929,2477.0
1024,930,2495.7
1024,931,2487.3
1024,932,2444.9
1024,933,2435.8
1024,934,2398.2
1024,935,2382.5
1024,936,3443.5
1024,937,3165.5
1024,938,3467.7
1024,939,3351.5
1024,940,3072.3
1024,941,3468.9
1024,942,3098.9
1024,943,3376.3
1024,944,4280.5
1024,945,4029.1
1024,946,2532.7
1024,947,2409.7
1024,948,2426.7
1024,949,2509.1
1024,950,2364.3
1024,951,2337.7
1024,952,2371.6
1024,953,3344.8
1024,954,3562.8
1024,955,3233.4
1024,956,3243.1
1024,957,3392.0
1024,958,3367.2
1024,959,3322.4
1024,960,3306.6
1024,961,3420.5
1024,962,4015.8
1024,963,3995.2
1024,964,4325.9
1024,965,3515.0
1024,966,3092.9
1024,967,2457.6
1024,968,2492.7
1024,969,2431.5
1024,970,2406.7
1024,971,2469.7
1024,972,2336.5
1024,973,2444.3
1024,974,3674.9
1024,975,2440.6
1024,976,2469.1
1024,977,2438.8
1024,978,2599.9
1024,979,2524.8
1024,980,2429.1
1024,981,2483.0
1024,982,4421.6
1024,983,3519.8
1024,984,3463.5
1024,985,2992.9
1024,986,3175.2
1024,987,3119.5
1024,988,3131.6
1024,989,3225.5
1024,990,3440.5
1024,991,3826.9
1024,992,3371.4
1024,993,2507.8
1024,994,2518.7
1024,995,2536.9
1024,996,2433.4
1024,997,2560.5
1024,998,2527.2
1024,999,2489.1
1024,1000,2489.1
1024,1001,4014.0
1024,1002,4060.0
1024,1003,3379.3
1024,1004,3267.3
1024,1005,3462.9
1024,1006,3415.1
1024,1007,3335.7
1024,1008,3344.2
1024,1009,3351.5
1024,1010,4339.8
1024,1011,3416.3
1024,1012,3127.4
1024,1013,2533.3
1024,1014,2450.3
1024,1015,2409.1
1024,1016,2430.3
1024,1017,2424.3
1024,1018,2400.6
1024,1019,2366.1
1024,1020,2363.1
1024,1021,3392.0
1024,1022,3361.8
1024,1023,3330.9
1024,1024,3257.6
1024,1025,3347.8
1024,1026,3421.7
1024,1027,3366.0
1024,1028,3360.5
1024,1029,4095.8
1024,1030,4324.7
1024,1031,3480.5
1024,1032,3410.8
1024,1033,2490.9
1024,1034,2474.5
1024,1035,2474.5
1024,1036,2481.8
1024,1037,2374.6
1024,1038,2424.3
1024,1039,2395.8
1024,1040,3113.5
1024,1041,3113.5
1024,1042,3383.0
1024,1043,3450.8
1024,1044,3432.0
1024,1045,3216.4
1024,1046,3022.0
1024,1047,3332.1
1024,1048,3743.3
1024,1049,3105.0
1024,1050,3094.1
1024,1051,3346.0
1024,1052,3442.3
1024,1053,3114.7
1024,1054,3459.9
1024,1055,3386.0
1024,1056,3427.8
1024,1057,4029.1
1024,1058,3080.8
1024,1059,2410.9
1024,1060,2433.4
1024,1061,2558.7
1024,1062,2408.5
1024,1063,2365.5
1024,1064,2357.0
1024,1065,2375.2
1024,1066,2442.4
1024,1067,4061.8
1024,1068,3748.7
1024,1069,3453.8
1024,1070,3238.2
1024,1071,3400.5
1024,1072,3338.1
1024,1073,3375.1
1024,1074,3438.7
1024,1075,3346.6
1024,1076,4003.1
1024,1077,4044.9
1024,1078,3986.1
1024,1079,4001.9
1024,1080,4018.8
1024,1081,4117.6
1024,1082,4411.9
1024,1083,3635.5
1024,1084,3535.6
1024,1085,2699.8
1024,1086,2631.4
1024,1087,2601.7
1024,1088,2571.4
1024,1089,2572.6
1024,1090,2537.5
1024,1091,2648.3
1024,1092,2583.5
1024,1093,3297.6
1024,1094,3527.7
1024,1095,3373.3
1024,1096,3410.2
1024,1097,3535.0
1024,1098,3565.8
1024,1099,3539.2
1024,1100,4392.5
1024,1101,3520.4
1024,1102,3522.2
1024,1103,3502.3
1024,1104,3421.7
1024,1105,2635.6
1024,1106,2631.4
1024,1107,2668.9
1024,1108,2615.6
1024,1109,2750.7
1024,1110,3681.5
1024,1111,3673.6
1024,1112,3721.5
1024,1113,3447.8
1024,1114,3713.6
1024,1115,3454.4
1024,1116,3415.7
1024,1117,4341.6
1024,1118,4260.5
1024,1119,3641.5
1024,1120,2748.3
1024,1121,2653.2
1024,1122,2623.5
1024,1123,2793.7
1024,1124,3045.6
1024,1125,2666.5
1024,1126,2672.0
1024,1127,3270.3
1024,1128,3375.7
1024,1129,3601.6
1024,1130,3432.6
1024,1131,3531.9
1024,1132,3532.5
1024,1133,3705.7
1024,1134,3531.3
1024,1135,3573.7
1024,1136,4516.7
1024,1137,3759.0
1024,1138,3840.8
1024,1139,2725.9
1024,1140,2644.7
1024,1141,2776.7
1024,1142,2602.9
1024,1143,2754.9
1024,1144,2619.9
1024,1145,2742.8
1024,1146,3684.5
1024,1147,3683.9
1024,1148,3423.5
1024,1149,3751.2
1024,1150,3396.9
1024,1151,3159.5
1024,1152,3251.5
1024,1153,3183.1
1024,1154,4399.8
1024,1155,4158.1
1024,1156,2710.1
1024,1157,2563.0
1024,1158,2526.6
1024,1159,2560.5
1024,1160,2522.4
1024,1161,2442.4
1024,1162,2524.2
1024,1163,3146.2
1024,1164,3387.2
1024,1165,3597.3
1024,1166,3318.8
1024,1167,3521.6
1024,1168,3422.3
1024,1169,3427.8
1024,1170,4109.1
1024,1171,4138.8
1024,1172,4367.7
1024,1173,3603.4
1024,1174,3318.8
1024,1175,2586.0
1024,1176,2556.9
1024,1177,2721.6
1024,1178,2561.7
1024,1179,2584.8
1024,1180,2520.0
1024,1181,2631.4
1024,1182,2547.8
1024,1183,3472.0
1024,1184,3547.1
1024,1185,3372.7
1024,1186,3566.5
1024,1187,3399.3
1024,1188,3475.0
1024,1189,3524.1
1024,1190,4110.9
1024,1191,4382.2
1024,1192,3557.4
1024,1193,3576.1
1024,1194,3568.9
1024,1195,2576.9
1024,1196,2504.8
1024,1197,2605.3
1024,1198,2549.0
1024,1199,2451.5
1024,1200,2499.4
1024,1201,2455.2
1024,1202,2467.9
1024,1203,3378.1
1024,1204,3309.7
1024,1205,3581.6
1024,1206,3330.3
1024,1207,3492.0
1024,1208,3394.5
1024,1209,3528.3
1024,1210,4115.7
1024,1211,4334.4
1024,1212,3518.6
1024,1213,3260.6
1024,1214,2599.3
1024,1215,2553.3
1024,1216,2543.6
1024,1217,2544.2
1024,1218,2512.7
1024,1219,2440.6
1024,1220,2428.5
1024,1221,2504.8
1024,1222,3146.2
1024,1223,3332.7
1024,1224,3505.3
1024,1225,3466.5
1024,1226,3514.4
1024,1227,3574.3
1024,1228,3424.1
1024,1229,3419.9
1024,1230,3459.9
1024,1231,4100.0
1024,1232,4143.6
1024,1233,4097.6
1024,1234,4371.9
1024,1235,3567.7
1024,1236,3280.0
1024,1237,2648.3
1024,1238,2670.8
1024,1239,2552.7
1024,1240,2483.6
1024,1241,2420.6
1024,1242,2441.2
1024,1243,2467.3
1024,1244,2518.1
1024,1245,3178.9
1024,1246,3295.1
1024,1247,3385.4
1024,1248,3530.7
1024,1249,3510.1
1024,1250,3384.8
1024,1251,4340.4
1024,1252,3450.8
1024,1253,3622.8
1024,1254,2601.1
1024,1255,2510.3
1024,1256,2481.2
1024,1257,2440.0
1024,1258,2462.4
1024,1259,2433.4
1024,1260,2420.0
1024,1261,2521.8
1024,1262,3160.7
1024,1263,3560.4
1024,1264,3469.6
1024,1265,3479.2
1024,1266,3519.8
1024,1267,3516.2
1024,1268,3416.9
1024,1269,3499.8
1024,1270,3433.8
1024,1271,4169.6
1024,1272,4140.0
1024,1273,7375.2
1024,1274,11162.0
1024,1275,3401.7
1024,1276,3545.3
1024,1277,3381.1
1024,1278,3273.3
1024,1279,3536.8
1024,1280,3266.7
1024,1281,3846.9
1024,1282,4169.0
1024,1283,3250.9
1024,1284,2604.1
1024,1285,2598.7
1024,1286,2550.8
1024,1287,2628.4
1024,1288,2561.7
1024,1289,2572.6
1024,1290,2597.5
1024,1291,2435.8
1024,1292,3898.3
1024,1293,7552.0
1024,1294,4974.5
1024,1295,4504.5
1024,1296,8525.2
1024,1297,4745.6
1024,1298,4937.0
1024,1299,8538.5
1024,1300,5084.1
1024,1301,11432.8
1024,1302,3682.7
1024,1303,3243.1
1024,1304,3544.0
1024,1305,3181.3
1024,1306,3165.5
1024,1307,4124.8
1024,1308,3406.0
1024,1309,3931.0
1024,1310,3141.9
1024,1311,2578.7
1024,1312,2504.8
1024,1313,2534.5
1024,1314,2553.3
1024,1315,2445.5
1024,1316,2436.4
1024,1317,2493.3
1024,1318,2459.4
1024,1319,4009.2
1024,1320,7708.2
1024,1321,4870.3
1024,1322,4151.5
1024,1323,3842.0
1024,1324,4117.0
1024,1325,4149.7
1024,1326,4354.4
1024,1327,3297.0
1024,1328,3569.5
1024,1329,3468.9
1024,1330,2498.2
1024,1331,2417.6
1024,1332,2434.6
1024,1333,2589.6
1024,1334,2430.9
1024,1335,2496.9
1024,1336,2476.4
1024,1337,2462.4
1024,1338,3473.2
1024,1339,3349.6
1024,1340,3326.6
1024,1341,3571.9
1024,1342,3501.7
1024,1343,3513.8
1024,1344,3485.9
1024,1345,3401.1
1024,1346,3548.9
1024,1347,4080.0
1024,1348,4368.3
1024,1349,3357.5
1024,1350,3230.3
1024,1351,3537.4
1024,1352,2606.0
1024,1353,2483.0
1024,1354,2643.5
1024,1355,2717.4
1024,1356,2472.7
1024,1357,2523.6
1024,1358,2441.2
1024,1359,2519.3
1024,1360,3280.6
1024,1361,3469.6
1024,1362,3338.1
1024,1363,3373.9
1024,1364,3493.2
1024,1365,3547.7
1024,1366,3498.6
1024,1367,4376.8
1024,1368,3594.3
1024,1369,3268.5
1024,1370,2682.9
1024,1371,2552.1
1024,1372,2579.3
1024,1373,2544.8
1024,1374,2492.7
1024,1375,2525.4
1024,1376,2549.6
1024,1377,2481.2
1024,1378,3442.9
1024,1379,3337.5
1024,1380,3314.5
1024,1381,3340.0
1024,1382,3564.6
1024,1383,3496.2
1024,1384,3451.4
1024,1385,3519.2
1024,1386,3520.4
1024,1387,4401.6
1024,1388,3542.8
1024,1389,3313.9
1024,1390,2554.5
1024,1391,2604.7
1024,1392,2449.7
1024,1393,2428.5
1024,1394,2484.8
1024,1395,2503.0
1024,1396,2481.2
1024,1397,2502.4
1024,1398,3402.3
1024,1399,3316.9
1024,1400,3545.3
1024,1401,3301.8
1024,1402,4119.4
1024,1403,4409.5
1024,1404,3654.3
1024,1405,3355.7
1024,1406,3537.4
1024,1407,3478.6
1024,1408,2534.5
1024,1409,2450.9
1024,1410,2461.2
1024,1411,2529.6
1024,1412,2438.8
1024,1413,2559.9
1024,1414,2427.3
1024,1415,2443.0
1024,1416,3194.6
1024,1417,3362.4
1024,1418,3533.8
1024,1419,3412.0
1024,1420,4087.9
1024,1421,4149.1
1024,1422,4088.5
1024,1423,4130.9
1024,1424,4111.5
1024,1425,4096.4
1024,1426,4127.3
1024,1427,4373.1
1024,1428,3559.8
1024,1429,3333.9
1024,1430,2601.7
1024,1431,2551.4
1024,1432,2508.4
1024,1433,2453.3
1024,1434,2484.2
1024,1435,2558.1
1024,1436,2518.1
1024,1437,2574.5
1024,1438,3138.9
1024,1439,3548.9
1024,1440,3336.3
1024,1441,3361.8
1024,1442,3535.0
1024,1443,3508.3
1024,1444,3546.5
1024,1445,3561.6
1024,1446,3453.8
1024,1447,4376.2
1024,1448,3329.7
1024,1449,3266.1
1024,1450,2650.2
1024,1451,2641.1
1024,1452,2586.0
1024,1453,2515.7
1024,1454,2489.1
1024,1455,2518.7
1024,1456,2477.0
1024,1457,2538.1
1024,1458,3850.5
1024,1459,4101.8
1024,1460,3338.7
1024,1461,3361.8
1024,1462,3555.6
1024,1463,3521.6
1024,1464,3507.7
1024,1465,3521.0
1024,1466,3454.4
1024,1467,3402.9
1024,1468,4114.5
1024,1469,4445.2
1024,1470,3542.2
1024,1471,3303.0
1024,1472,2658.0
1024,1473,2528.4
1024,1474,2546.6
1024,1475,2484.2
1024,1476,2489.7
1024,1477,2646.5
1024,1478,2495.1
1024,1479,2516.3
1024,1480,3406.6
1024,1481,3478.0
1024,1482,3507.7
1024,1483,3327.8
1024,1484,3461.7
1024,1485,3584.6
1024,1486,3495.6
1024,1487,3416.9
1024,1488,4115.1
1024,1489,4378.0
1024,1490,3565.8
1024,1491,3331.5
1024,1492,3279.4
1024,1493,2676.8
1024,1494,2427.9
1024,1495,2487.3
1024,1496,2445.5
1024,1497,2439.4
1024,1498,2521.8
1024,1499,2458.8
1024,1500,2461.2
1024,1501,3401.7
1024,1502,3349.0
1024,1503,3360.5
1024,1504,3362.4
1024,1505,3462.9
1024,1506,3494.4
1024,1507,3544.7
1024,1508,4120.0
1024,1509,4367.7
1024,1510,3239.4
1024,1511,3281.2
1024,1512,2583.5
1024,1513,2533.3
1024,1514,2486.6
1024,1515,2457.0
1024,1516,2475.7
1024,1517,2498.2
1024,1518,2487.3
1024,1519,2484.2
1024,1520,3137.7
1024,1521,3338.1
1024,1522,3539.2
1024,1523,3326.6
1024,1524,3544.7
1024,1525,3461.7
1024,1526,4086.1
1024,1527,4116.3
1024,1528,4402.8
1024,1529,3515.6
1024,1530,3323.6
1024,1531,2620.5
1024,1532,2488.5
1024,1533,2475.7
1024,1534,2509.1
1024,1535,2495.7
1024,1536,2485.4
1024,1537,2466.1
1024,1538,2450.9
1024,1539,3143.1
1024,1540,3317.5
1024,1541,3366.6
1024,1542,4117.6
1024,1543,4098.8
1024,1544,4350.1
1024,1545,3548.3
1024,1546,3330.3
1024,1547,2493.9
1024,1548,2430.9
1024,1549,2513.3
1024,1550,2410.3
1024,1551,2488.5
1024,1552,4305.9
1024,1553,2428.5
1024,1554,2477.0
1024,1555,2444.9
1024,1556,2473.3
1024,1557,2485.4
1024,1558,2464.2
1024,1559,2466.1
1024,1560,2466.1
1024,1561,3500.4
1024,1562,3345.4
1024,1563,3513.8
1024,1564,3507.1
1024,1565,4111.5
1024,1566,4335.0
1024,1567,3295.7
1024,1568,3280.6
1024,1569,3481.1
1024,1570,2581.1
1024,1571,2549.0
1024,1572,2488.5
1024,1573,2614.4
1024,1574,2450.3
1024,1575,2555.1
1024,1576,2538.1
1024,1577,2480.0
1024,1578,3518.6
1024,1579,3318.8
1024,1580,3395.7
1024,1581,3372.7
1024,1582,3493.8
1024,1583,3504.7
1024,1584,3399.9
1024,1585,3371.4
1024,1586,3519.2
1024,1587,4400.4
1024,1588,3280.6
1024,1589,3332.1
1024,1590,2503.6
1024,1591,2650.8
1024,1592,2525.4
1024,1593,2511.5
1024,1594,2476.4
1024,1595,2442.4
1024,1596,2399.4
1024,1597,2554.5
1024,1598,3158.3
1024,1599,3349.0
1024,1600,3359.3
1024,1601,3503.5
1024,1602,3505.3
1024,1603,3485.9
1024,1604,3432.6
1024,1605,3494.4
1024,1606,3410.8
1024,1607,4142.4
1024,1608,4074.0
1024,1609,4161.8
1024,1610,4129.1
1024,1611,4385.8
1024,1612,3535.6
1024,1613,3316.9
1024,1614,2515.7
1024,1615,2647.7
1024,1616,2481.2
1024,1617,2572.6
1024,1618,2500.6
1024,1619,2503.6
1024,1620,2538.7
1024,1621,2552.7
1024,1622,3186.7
1024,1623,3531.3
1024,1624,3355.7
1024,1625,3370.2
1024,1626,3487.7
1024,1627,3490.8
1024,1628,3477.4
1024,1629,3482.3
1024,1630,4360.4
1024,1631,3564.6
1024,1632,3248.5
1024,1633,2592.0
1024,1634,2627.1
1024,1635,2481.2
1024,1636,2495.7
1024,1637,2544.2
1024,1638,2518.7
1024,1639,2544.2
1024,1640,2468.5
1024,1641,3183.7
1024,1642,3340.6
1024,1643,3377.5
1024,1644,3352.7
1024,1645,3535.6
1024,1646,3491.4
1024,1647,3452.6
1024,1648,4356.8
1024,1649,3244.9
1024,1650,3540.4
1024,1651,3243.1
1024,1652,2472.7
1024,1653,2555.1
1024,1654,2488.5
1024,1655,2447.3
1024,1656,2495.7
1024,1657,2425.5
1024,1658,2503.6
1024,1659,2477.0
1024,1660,3206.7
1024,1661,3360.5
1024,1662,3359.9
1024,1663,3368.4
1024,1664,3490.1
1024,1665,3523.5
1024,1666,3450.2
1024,1667,4343.5
1024,1668,3289.1
1024,1669,3347.2
1024,1670,3513.8
1024,1671,2649.0
1024,1672,2656.2
1024,1673,2565.4
1024,1674,2514.5
1024,1675,2477.6
1024,1676,2527.2
1024,1677,3520.4
1024,1678,3221.9
1024,1679,3235.2
1024,1680,3481.7
1024,1681,3470.2
1024,1682,3419.9
1024,1683,3220.6
1024,1684,3152.2
1024,1685,3934.1
1024,1686,3480.5
1024,1687,2647.1
1024,1688,2470.3
1024,1689,2519.3
1024,1690,2553.3
1024,1691,2523.0
1024,1692,2487.9
1024,1693,2518.1
1024,1694,2431.5
1024,1695,3181.3
1024,1696,3476.8
1024,1697,3489.5
1024,1698,3649.4
1024,1699,4084.9
1024,1700,4360.4
1024,1701,3379.3
1024,1702,3558.0
1024,1703,3311.5
1024,1704,3249.7
1024,1705,2592.0
1024,1706,2515.1
1024,1707,2473.3
1024,1708,2541.2
1024,1709,2544.8
1024,1710,2474.5
1024,1711,2518.7
1024,1712,2443.6
1024,1713,3239.4
1024,1714,3336.9
1024,1715,3314.5
1024,1716,3281.2
1024,1717,3578.0
1024,1718,3513.2
1024,1719,3435.6
1024,1720,4132.1
1024,1721,4379.2
1024,1722,3598.6
1024,1723,3277.6
1024,1724,3515.0
1024,1725,3671.2
1024,1726,2599.9
1024,1727,2600.5
1024,1728,2484.8
1024,1729,2552.1
1024,1730,2556.3
1024,1731,3465.3
1024,1732,3310.9
1024,1733,3545.3
1024,1734,3125.0
1024,1735,3388.4
1024,1736,3421.7
1024,1737,3461.1
1024,1738,3174.6
1024,1739,4390.1
1024,1740,4104.2
1024,1741,2633.8
1024,1742,2650.2
1024,1743,2665.9
1024,1744,2540.5
1024,1745,2510.9
1024,1746,2563.6
1024,1747,2601.1
1024,1748,3443.5
1024,1749,3613.1
1024,1750,3358.7
1024,1751,3537.4
1024,1752,3522.2
1024,1753,3449.6
1024,1754,4138.8
1024,1755,4445.2
1024,1756,3535.6
1024,1757,3586.4
1024,1758,3461.1
1024,1759,2549.0
1024,1760,2598.1
1024,1761,2576.3
1024,1762,2512.7
1024,1763,2449.7
1024,1764,2502.4
1024,1765,2719.8
1024,1766,2519.3
1024,1767,3453.8
1024,1768,3369.0
1024,1769,3336.9
1024,1770,3367.8
1024,1771,3504.1
1024,1772,3424.1
1024,1773,3467.1
1024,1774,3398.1
1024,1775,3528.9
1024,1776,4069.1
1024,1777,4078.2
1024,1778,4395.5
1024,1779,3509.5
1024,1780,3488.9
1024,1781,2679.8
1024,1782,2512.1
1024,1783,2530.3
1024,1784,2484.8
1024,1785,2462.4
1024,1786,2466.1
1024,1787,2466.7
1024,1788,2395.2
1024,1789,3530.1
1024,1790,3335.7
1024,1791,3332.7
1024,1792,3369.0
1024,1793,3498.6
1024,1794,3513.2
1024,1795,3403.5
1024,1796,3456.2
1024,1797,4419.2
1024,1798,3238.8
1024,1799,3292.1
1024,1800,2618.1
1024,1801,2557.5
1024,1802,2497.5
1024,1803,2509.1
1024,1804,2453.9
1024,1805,2489.7
1024,1806,2452.1
1024,1807,2454.5
1024,1808,3173.4
1024,1809,3516.2
1024,1810,3528.9
1024,1811,3342.4
1024,1812,3484.7
1024,1813,3540.4
1024,1814,3413.8
1024,1815,3426.6
1024,1816,4084.3
1024,1817,4361.6
1024,1818,3522.8
1024,1819,3659.7
1024,1820,2647.7
1024,1821,2650.2
1024,1822,2480.0
1024,1823,2540.5
1024,1824,2549.6
1024,1825,2450.9
1024,1826,2490.3
1024,1827,2450.3
1024,1828,3217.0
1024,1829,3357.5
1024,1830,3846.9
1024,1831,4424.0
1024,1832,3220.0
1024,1833,3201.3
1024,1834,2434.6
1024,1835,2421.2
1024,1836,2455.2
1024,1837,2535.1
1024,1838,2478.2
1024,1839,2561.7
1024,1840,2477.6
1024,1841,2440.6
1024,1842,3188.6
1024,1843,3496.2
1024,1844,3518.6
1024,1845,3370.2
1024,1846,3442.3
1024,1847,3530.1
1024,1848,3483.5
1024,1849,3439.3
1024,1850,3716.6
1024,1851,4917.6
1024,1852,9258.0
1024,1853,5142.3
1024,1854,10841.1
1024,1855,3398.1
1024,1856,3254.6
1024,1857,3515.6
1024,1858,3567.7
1024,1859,3222.5
1024,1860,3243.1
1024,1861,3289.7
1024,1862,3396.3
1024,1863,2593.8
1024,1864,2593.8
1024,1865,2526.6
1024,1866,2577.5
1024,1867,2539.9
1024,1868,2529.6
1024,1869,2572.6
1024,1870,3846.2
1024,1871,7026.3
1024,1872,3576.7
1024,1873,4795.2
1024,1874,10676.3
1024,1875,3280.0
1024,1876,3243.7
1024,1877,3399.9
1024,1878,3267.3
1024,1879,3249.7
1024,1880,2534.5
1024,1881,2506.6
1024,1882,2497.5
1024,1883,2430.9
1024,1884,2473.3
1024,1885,2515.1
1024,1886,2480.0
1024,1887,2515.1
1024,1888,3902.6
1024,1889,9214.4
1024,1890,4189.6
1024,1891,4875.2
1024,1892,8716.6
1024,1893,4362.8
1024,1894,4084.3
1024,1895,4379.8
1024,1896,3209.1
1024,1897,3575.5
1024,1898,3591.3
1024,1899,3161.9
1024,1900,3148.6
1024,1901,2755.5
1024,1902,2524.8
1024,1903,2590.8
1024,1904,2466.1
1024,1905,2476.4
1024,1906,2489.7
1024,1907,2446.7
1024,1908,2440.6
1024,1909,3516.8
1024,1910,3346.0
1024,1911,3362.4
1024,1912,3247.3
1024,1913,3390.8
1024,1914,3487.1
1024,1915,3402.3
1024,1916,3478.0
1024,1917,4140.0
1024,1918,4078.2
1024,1919,4364.0
1024,1920,3604.6
1024,1921,3550.7
1024,1922,2606.0
1024,1923,2607.8
1024,1924,2491.5
1024,1925,2490.9
1024,1926,2469.1
1024,1927,2463.0
1024,1928,2467.3
1024,1929,2475.7
1024,1930,3191.6
1024,1931,3336.3
1024,1932,3349.6
1024,1933,3269.7
1024,1934,3439.9
1024,1935,3525.9
1024,1936,4391.9
1024,1937,3264.9
1024,1938,3524.7
1024,1939,3495.0
1024,1940,3260.6
1024,1941,3367.2
1024,1942,2823.4
1024,1943,2710.1
1024,1944,2551.4
1024,1945,2446.1
1024,1946,2457.0
1024,1947,2509.1
1024,1948,3485.9
1024,1949,3254.6
1024,1950,3278.8
1024,1951,3487.7
1024,1952,3121.9
1024,1953,3120.1
1024,1954,3235.2
1024,1955,3478.0
1024,1956,3802.6
1024,1957,3459.9
1024,1958,2489.1
1024,1959,2518.7
1024,1960,2545.4
1024,1961,2505.4
1024,1962,2467.9
1024,1963,2427.9
1024,1964,2526.0
1024,1965,2578.7
1024,1966,3198.8
1024,1967,3349.0
1024,1968,3335.7
1024,1969,3151.6
1024,1970,3417.5
1024,1971,3502.3
1024,1972,3402.3
1024,1973,4423.4
1024,1974,3331.5
1024,1975,3307.3
1024,1976,3553.1
1024,1977,2464.2
1024,1978,2535.1
1024,1979,2576.9
1024,1980,2436.4
1024,1981,2585.4
1024,1982,2500.0
1024,1983,2498.2
1024,1984,2466.7
1024,1985,3424.1
1024,1986,3525.9
1024,1987,3538.6
1024,1988,3187.9
1024,1989,3545.9
1024,1990,3390.2
1024,1991,3386.0
1024,1992,3462.3
1024,1993,3368.4
1024,1994,4154.5
1024,1995,4123.6
1024,1996,4068.5
1024,1997,4112.7
1024,1998,4304.1
1024,1999,3329.1
4096,0,5076.2
4096,1,5420.8
4096,2,5134.4
4096,3,5158.0
4096,4,5109.6
4096,5,5367.5
4096,6,5626.7
4096,7,5153.2
4096,8,5115.0
4096,9,5300.9
4096,10,5497.8
4096,11,5427.5
4096,12,5234.3
4096,13,5305.2
4096,14,5985.9
4096,15,5259.1
4096,16,6022.8
4096,17,5575.9
4096,18,5381.5
4096,19,5456.0
4096,20,5888.4
4096,21,5987.1
4096,22,5337.3
4096,23,5055.7
4096,24,5161.6
4096,25,5343.3
4096,26,5145.9
4096,27,5434.8
4096,28,5108.3
4096,29,5405.1
4096,30,5365.1
4096,31,5193.1
4096,32,5076.2
4096,33,5115.6
4096,34,5414.8
4096,35,5164.1
4096,36,5133.8
4096,37,5826.0
4096,38,5069.0
4096,39,5567.4
4096,40,5073.2
4096,41,5106.5
4096,42,5810.9
4096,43,5540.8
4096,44,5225.2
4096,45,5085.3
4096,46,5353.6
4096,47,5429.9
4096,48,5155.0
4096,49,5175.6
4096,50,5657.6
4096,51,5493.5
4096,52,5084.7
4096,53,5606.8
4096,54,5133.2
4096,55,5371.2
4096,56,5628.0
4096,57,5121.7
4096,58,5183.4
4096,59,8203.6
4096,60,4838.8
4096,61,4668.7
4096,62,5264.0
4096,63,5509.9
4096,64,5635.2
4096,65,5175.0
4096,66,4259.9
4096,67,4809.8
4096,68,5153.2
4096,69,5419.0
4096,70,5469.9
4096,71,5006.6
4096,72,5416.6
4096,73,4621.4
4096,74,5202.8
4096,75,5151.3
4096,76,5495.9
4096,77,5086.5
4096,78,5402.7
4096,79,5451.1
4096,80,5182.2
4096,81,5151.9
4096,82,5066.0
4096,83,5153.8
4096,84,5064.7
4096,85,5059.3
4096,86,5213.1
4096,87,5497.8
4096,88,5440.2
4096,89,5443.9
4096,90,5028.4
4096,91,5390.0
4096,92,5069.6
4096,93,5566.2
4096,94,5113.2
4096,95,5175.6
4096,96,5294.3
4096,97,5168.9
4096,98,5056.3
4096,99,5481.4
4096,100,5931.4
4096,101,5286.4
4096,102,5388.1
4096,103,5076.9
4096,104,5291.8
4096,105,5159.8
4096,106,5354.8
4096,107,5098.0
4096,108,5061.1
4096,109,5090.2
4096,110,5388.1
4096,111,5427.5
4096,112,5075.0
4096,113,5462.0
4096,114,5560.7
4096,115,5770.9
4096,116,5383.9
4096,117,5403.9
4096,118,5170.1
4096,119,5167.7
4096,120,5409.9
4096,121,5348.8
4096,122,5295.5
4096,123,5480.8
4096,124,5460.8
4096,125,5320.9
4096,126,5144.1
4096,127,5330.0
4096,128,5098.7
4096,129,5151.9
4096,130,5212.5
4096,131,5509.9
4096,132,5442.0
4096,133,5894.4
4096,134,5505.6
4096,135,5263.4
4096,136,5086.5
4096,137,5505.6
4096,138,5266.4
4096,139,5400.9
4096,140,5484.4
4096,141,7229.2
4096,142,5882.3
4096,143,5423.3
4096,144,5287.0
4096,145,4786.2
4096,146,6096.7
4096,147,6045.8
4096,148,6479.5
4096,149,5095.0
4096,150,4986.0
4096,151,5483.2
4096,152,5492.9
4096,153,5551.7
4096,154,4930.9
4096,155,5136.2
4096,156,5285.2
4096,157,5781.2
4096,158,5314.9
4096,159,5480.8
4096,160,5193.1
4096,161,5279.1
4096,162,5284.6
4096,163,6177.9
4096,164,5436.6
4096,165,5185.3
4096,166,5188.3
4096,167,5138.0
4096,168,5149.5
4096,169,5278.5
4096,170,5225.2
4096,171,5138.6
4096,172,5550.4
4096,173,5340.9
4096,174,5264.6
4096,175,5518.9
4096,176,5589.8
4096,177,5471.7
4096,178,5465.0
4096,179,5188.9
4096,180,5429.9
4096,181,4983.6
4096,182,5001.2
4096,183,5187.1
4096,184,5059.9
4096,185,4989.6
4096,186,4955.7
4096,187,5309.4
4096,188,4998.1
4096,189,5248.8
4096,190,5549.2
4096,191,4970.9
4096,192,4973.9
4096,193,5271.3
4096,194,5619.5
4096,195,5236.1
4096,196,5319.1
4096,197,5375.4
4096,198,4970.3
4096,199,4953.3
4096,200,5130.8
4096,201,5350.0
4096,202,5561.9
4096,203,4970.9
4096,204,5230.1
4096,205,5170.7
4096,206,5694.0
4096,207,6119.1
4096,208,5263.4
4096,209,5472.3
4096,210,4988.4
4096,211,5426.9
4096,212,4994.5
4096,213,4903.6
4096,214,5635.8
4096,215,5628.0
4096,216,4953.3
4096,217,5403.9
4096,218,5264.6
4096,219,5569.8
4096,220,5456.0
4096,221,4937.6
4096,222,4965.4
4096,223,5477.2
4096,224,4998.7
4096,225,5294.3
4096,226,5517.7
4096,227,5585.6
4096,228,5059.3
4096,229,5268.8
4096,230,5008.4
4096,231,5035.7
4096,232,5837.5
4096,233,5268.2
4096,234,5503.8
4096,235,5081.1
4096,236,5188.9
4096,237,4976.9
4096,238,6944.6
4096,239,5138.0
4096,240,5333.6
4096,241,5191.9
4096,242,5171.3
4096,243,5162.2
4096,244,5239.8
4096,245,4947.9
4096,246,5199.2
4096,247,4915.2
4096,248,5809.0
4096,249,5305.8
4096,250,4878.2
4096,251,4948.5
4096,252,5180.4
4096,253,4903.6
4096,254,5357.3
4096,255,5003.6
4096,256,4975.1
4096,257,5480.8
4096,258,5190.1
4096,259,5262.2
4096,260,5320.3
4096,261,5472.3
4096,262,4950.9
4096,263,5548.0
4096,264,4893.4
4096,265,5374.8
4096,266,5001.2
4096,267,5166.5
4096,268,5083.5
4096,269,4898.8
4096,270,4958.8
4096,271,5011.4
4096,272,5141.0
4096,273,5026.0
4096,274,5004.2
4096,275,5658.2
4096,276,5047.2
4096,277,4935.7
4096,278,5287.0
4096,279,5327.0
4096,280,5505.0
4096,281,4953.3
4096,282,4963.0
4096,283,4973.3
4096,284,4966.0
4096,285,4984.8
4096,286,4943.6
4096,287,4910.3
4096,288,5038.1
4096,289,4990.9
4096,290,5155.6
4096,291,4960.0
4096,292,5409.3
4096,293,4906.7
4096,294,4984.2
4096,295,4978.1
4096,296,5220.4
4096,297,5354.8
4096,298,4906.7
4096,299,5019.9
4096,300,5158.0
4096,301,4958.8
4096,302,4990.9
4096,303,5603.1
4096,304,4984.8
4096,305,6967.0
4096,306,5313.0
4096,307,4993.9
4096,308,5702.4
4096,309,5009.0
4096,310,5026.0
4096,311,5029.6
4096,312,5013.3
4096,313,5367.5
4096,314,5291.8
4096,315,5367.5
4096,316,5206.5
4096,317,5030.8
4096,318,5465.7
4096,319,5124.1
4096,320,5327.0
4096,321,5084.7
4096,322,5426.3
4096,323,5383.9
4096,324,5049.6
4096,325,5611.0
4096,326,5058.1
4096,327,5016.3
4096,328,5036.3
4096,329,5555.9
4096,330,5766.0
4096,331,5277.3
4096,332,5773.3
4096,333,5199.8
4096,334,5046.6
4096,335,5095.6
4096,336,5287.6
4096,337,5208.3
4096,338,5102.9
4096,339,5047.8
4096,340,5222.2
4096,341,5609.2
4096,342,5307.0
4096,343,5614.0
4096,344,5231.3
4096,345,5307.6
4096,346,5006.0
4096,347,5332.4
4096,348,5612.8
4096,349,5504.4
4096,350,5331.2
4096,351,5009.0
4096,352,5097.4
4096,353,5326.4
4096,354,5006.0
4096,355,5318.5
4096,356,5042.9
4096,357,5528.6
4096,358,5574.7
4096,359,5451.1
4096,360,5002.4
4096,361,5033.9
4096,362,5413.0
4096,363,5806.0
4096,364,5821.1
4096,365,5025.4
4096,366,5313.0
4096,367,5038.1
4096,368,5515.3
4096,369,5437.2
4096,370,5181.6
4096,371,5237.3
4096,372,6177.9
4096,373,5143.5
4096,374,5317.3
4096,375,5555.3
4096,376,5061.7
4096,377,5052.6
4096,378,5058.1
4096,379,5215.5
4096,380,5124.1
4096,381,5024.8
4096,382,5373.0
4096,383,5035.1
4096,384,5328.8
4096,385,5085.9
4096,386,5663.7
4096,387,5687.9
4096,388,5231.3
4096,389,5036.3
4096,390,5083.5
4096,391,5276.7
4096,392,5482.0
4096,393,5310.6
4096,394,5018.7
4096,395,5273.1
4096,396,5544.4
4096,397,5305.8
4096,398,5081.1
4096,399,5462.6
4096,400,5240.4
4096,401,5232.5
4096,402,5271.9
4096,403,5526.8
4096,404,5263.4
4096,405,5239.2
4096,406,5007.2
4096,407,5028.4
4096,408,5085.3
4096,409,5338.5
4096,410,5567.4
4096,411,5340.9
4096,412,5028.4
4096,413,5034.5
4096,414,5254.9
4096,415,4953.3
4096,416,5256.7
4096,417,5274.9
4096,418,5471.7
4096,419,6566.7
4096,420,5584.4
4096,421,5523.8
4096,422,5240.4
4096,423,5306.4
4096,424,5142.9
4096,425,5188.9
4096,426,5484.4
4096,427,5870.8
4096,428,5480.2
4096,429,5287.6
4096,430,5309.4
4096,431,5011.4
4096,432,5279.1
4096,433,5064.1
4096,434,5078.1
4096,435,5204.6
4096,436,5383.9
4096,437,5214.9
4096,438,5270.0
4096,439,5185.3
4096,440,5186.5
4096,441,5344.5
4096,442,5047.8
4096,443,5296.1
4096,444,5402.7
4096,445,5060.5
4096,446,5869.0
4096,447,5326.4
4096,448,5039.3
4096,449,5041.1
4096,450,5009.6
4096,451,5288.8
4096,452,5365.7
4096,453,5227.6
4096,454,5263.4
4096,455,5131.4
4096,456,5031.4
4096,457,5135.6
4096,458,5034.5
4096,459,5343.9
4096,460,5038.7
4096,461,4999.3
4096,462,5038.7
4096,463,5657.0
4096,464,5314.3
4096,465,5505.6
4096,466,5323.3
4096,467,5561.3
4096,468,5092.6
4096,469,5046.0
4096,470,5333.0
4096,471,5073.2
4096,472,4992.7
4096,473,5687.9
4096,474,5019.3
4096,475,6102.2
4096,476,5339.1
4096,477,5734.5
4096,478,5531.1
4096,479,4987.8
4096,480,5109.6
4096,481,5841.1
4096,482,5178.0
4096,483,5299.1
4096,484,5248.8
4096,485,5031.4
4096,486,5090.2
4096,487,5480.8
4096,488,5376.0
4096,489,5069.0
4096,490,5241.0
4096,491,5169.5
4096,492,5589.2
4096,493,5083.5
4096,494,4994.5
4096,495,5219.2
4096,496,5138.6
4096,497,5088.4
4096,498,5001.2
4096,499,5450.5
4096,500,5012.7
4096,501,5023.0
4096,502,5331.2
4096,503,5146.5
4096,504,5330.6
4096,505,5348.2
4096,506,5016.3
4096,507,5261.6
4096,508,5104.1
4096,509,5261.6
4096,510,5021.1
4096,511,6136.7
4096,512,5224.0
4096,513,5050.8
4096,514,5068.4
4096,515,5408.1
4096,516,5394.8
4096,517,5417.8
4096,518,5054.4
4096,519,5643.7
4096,520,5059.3
4096,521,6192.4
4096,522,5036.3
4096,523,5329.4
4096,524,5015.7
4096,525,5026.6
4096,526,5326.4
4096,527,5615.2
4096,528,5426.3
4096,529,5298.5
4096,530,4984.8
4096,531,5024.2
4096,532,5309.4
4096,533,5175.0
4096,534,5010.2
4096,535,5267.0
4096,536,4993.9
4096,537,5245.8
4096,538,5283.4
4096,539,5623.7
4096,540,5405.1
4096,541,5159.8
4096,542,5416.0
4096,543,5053.8
4096,544,5035.1
4096,545,5356.6
4096,546,5001.2
4096,547,5604.9
4096,548,5209.5
4096,549,5024.2
4096,550,5088.4
4096,551,5523.8
4096,552,5067.8
4096,553,5092.0
4096,554,5166.5
4096,555,5274.3
4096,556,4972.7
4096,557,5227.6
4096,558,5317.9
4096,559,5030.2
4096,560,5025.4
4096,561,5104.7
4096,562,5220.4
4096,563,5502.0
4096,564,5348.2
4096,565,5686.7
4096,566,5512.3
4096,567,5368.8
4096,568,5153.2
4096,569,5316.7
4096,570,5250.7
4096,571,5327.6
4096,572,5595.3
4096,573,5006.0
4096,574,5085.9
4096,575,5036.9
4096,576,5063.5
4096,577,5237.9
4096,578,5461.4
4096,579,5042.9
4096,580,5225.8
4096,581,5261.6
4096,582,5032.6
4096,583,5472.9
4096,584,5453.5
4096,585,5031.4
4096,586,5606.8
4096,587,5300.3
4096,588,5317.3
4096,589,5400.2
4096,590,5978.0
4096,591,5134.4
4096,592,5125.3
4096,593,5766.6
4096,594,4991.5
4096,595,5095.6
4096,596,4981.2
4096,597,5839.3
4096,598,5064.7
4096,599,5899.9
4096,600,6406.2
4096,601,5489.3
4096,602,4949.7
4096,603,5028.4
4096,604,5282.8
4096,605,5041.1
4096,606,5196.8
4096,607,5454.8
4096,608,5532.3
4096,609,5024.8
4096,610,5053.8
4096,611,5388.7
4096,612,5836.3
4096,613,5008.4
4096,614,5899.3
4096,615,5093.8
4096,616,4992.1
4096,617,5370.0
4096,618,5187.1
4096,619,5054.4
4096,620,5254.9
4096,621,5222.8
4096,622,5059.9
4096,623,5180.4
4096,624,5136.8
4096,625,5324.5
4096,626,5304.0
4096,627,5342.1
4096,628,5046.6
4096,629,5842.3
4096,630,5425.7
4096,631,5035.7
4096,632,5311.8
4096,633,5228.9
4096,634,5783.0
4096,635,5034.5
4096,636,5062.9
4096,637,5073.8
4096,638,5254.3
4096,639,5548.6
4096,640,4999.3
4096,641,5347.6
4096,642,5112.0
4096,643,5003.0
4096,644,5010.8
4096,645,5071.4
4096,646,5396.0
4096,647,4989.0
4096,648,5327.6
4096,649,5076.2
4096,650,5456.0
4096,651,5495.9
4096,652,5379.7
4096,653,5524.4
4096,654,5826.0
4096,655,5052.0
4096,656,4993.9
4096,657,5047.2
4096,658,5002.4
4096,659,5292.4
4096,660,5270.0
4096,661,5004.2
4096,662,5023.6
4096,663,5000.5
4096,664,5376.0
4096,665,4987.8
4096,666,5045.4
4096,667,5982.8
4096,668,5956.2
4096,669,4999.9
4096,670,5038.1
4096,671,4984.8
4096,672,5198.0
4096,673,5310.6
4096,674,5012.7
4096,675,5280.9
4096,676,4989.6
4096,677,5064.1
4096,678,5108.3
4096,679,5326.4
4096,680,5041.7
4096,681,5541.4
4096,682,5685.5
4096,683,5359.7
4096,684,5205.8
4096,685,5033.9
4096,686,5402.1
4096,687,5009.0
4096,688,5568.6
4096,689,5332.4
4096,690,5482.0
4096,691,5406.9
4096,692,5046.0
4096,693,5208.3
4096,694,5383.3
4096,695,5921.7
4096,696,5015.1
4096,697,5058.1
4096,698,5028.4
4096,699,5267.6
4096,700,5958.0
4096,701,5022.3
4096,702,5378.4
4096,703,5338.5
4096,704,5171.9
4096,705,5392.4
4096,706,5597.7
4096,707,5606.2
4096,708,5520.8
4096,709,5893.8
4096,710,5328.8
4096,711,5017.5
4096,712,5059.3
4096,713,5417.2
4096,714,4958.8
4096,715,5454.8
4096,716,5322.7
4096,717,5039.9
4096,718,5179.2
4096,719,5509.9
4096,720,5027.2
4096,721,5297.9
4096,722,4989.6
4096,723,5078.1
4096,724,5015.7
4096,725,5472.3
4096,726,5290.6
4096,727,5666.1
4096,728,4986.6
4096,729,5150.7
4096,730,5423.3
4096,731,5026.0
4096,732,5320.3
4096,733,5009.6
4096,734,5274.3
4096,735,5018.7
4096,736,5001.8
4096,737,5358.5
4096,738,5442.0
4096,739,5530.5
4096,740,5112.6
4096,741,5219.2
4096,742,5223.4
4096,743,4989.6
4096,744,5038.7
4096,745,5495.9
4096,746,5001.8
4096,747,5055.0
4096,748,5049.6
4096,749,5054.4
4096,750,5050.2
4096,751,5010.8
4096,752,5297.9
4096,753,5097.4
4096,754,5029.6
4096,755,5999.2
4096,756,5426.3
4096,757,5611.6
4096,758,5634.6
4096,759,5176.8
4096,760,5022.3
4096,761,5021.1
4096,762,5086.5
4096,763,5022.3
4096,764,5354.8
4096,765,5017.5
4096,766,5070.8
4096,767,4966.6
4096,768,5317.3
4096,769,5310.6
4096,770,5311.2
4096,771,5519.6
4096,772,5732.1
4096,773,5898.1
4096,774,5326.4
4096,775,5367.5
4096,776,5013.3
4096,777,5030.8
4096,778,5347.0
4096,779,5075.0
4096,780,7397.6
4096,781,5096.8
4096,782,5307.0
4096,783,5269.4
4096,784,5207.1
4096,785,5299.7
4096,786,5271.3
4096,787,5029.0
4096,788,5013.9
4096,789,5243.4
4096,790,5230.7
4096,791,5500.2
4096,792,4987.2
4096,793,5032.0
4096,794,4990.2
4096,795,5942.3
4096,796,4975.1
4096,797,5240.4
4096,798,5316.1
4096,799,5050.8
4096,800,5035.7
4096,801,5627.4
4096,802,5025.4
4096,803,5228.9
4096,804,5199.8
4096,805,5525.6
4096,806,5017.5
4096,807,5017.5
4096,808,5724.3
4096,809,5085.3
4096,810,5317.9
4096,811,5324.5
4096,812,5294.3
4096,813,4998.7
4096,814,5026.0
4096,815,5558.3
4096,816,5361.5
4096,817,5416.0
4096,818,4978.1
4096,819,5836.9
4096,820,5058.7
4096,821,5375.4
4096,822,5406.9
4096,823,5177.4
4096,824,5201.6
4096,825,5143.5
4096,826,5448.7
4096,827,5266.4
4096,828,5008.4
4096,829,5262.2
4096,830,5053.8
4096,831,5027.8
4096,832,5264.6
4096,833,5081.1
4096,834,5245.8
4096,835,5668.5
4096,836,5093.2
4096,837,5528.6
4096,838,4999.9
4096,839,5513.5
4096,840,5296.1
4096,841,5067.2
4096,842,5195.6
4096,843,5970.1
4096,844,5571.6
4096,845,4986.6
4096,846,5090.8
4096,847,5057.5
4096,848,5168.3
4096,849,5144.7
4096,850,5386.3
4096,851,5225.8
4096,852,5266.4
4096,853,5161.0
4096,854,5279.7
4096,855,5825.4
4096,856,5279.7
4096,857,5040.5
4096,858,4999.3
4096,859,6057.3
4096,860,5041.1
4096,861,5017.5
4096,862,5250.7
4096,863,4976.3
4096,864,5497.8
4096,865,5539.5
4096,866,5340.9
4096,867,5327.6
4096,868,5035.7
4096,869,6063.4
4096,870,5549.8
4096,871,5281.5
4096,872,5026.0
4096,873,5334.2
4096,874,5022.3
4096,875,5033.9
4096,876,5305.8
4096,877,5304.6
4096,878,5294.3
4096,879,5285.8
4096,880,5279.1
4096,881,5112.0
4096,882,5420.8
4096,883,5470.5
4096,884,5088.4
4096,885,5046.0
4096,886,5652.8
4096,887,5370.6
4096,888,5018.7
4096,889,5251.3
4096,890,5538.3
4096,891,5071.4
4096,892,5548.0
4096,893,4999.9
4096,894,5241.6
4096,895,5062.3
4096,896,5257.9
4096,897,5097.4
4096,898,5208.3
4096,899,5331.8
4096,900,5044.8
4096,901,5939.8
4096,902,5772.7
4096,903,5324.5
4096,904,5548.0
4096,905,5241.6
4096,906,5467.5
4096,907,5686.7
4096,908,5224.6
4096,909,5299.1
4096,910,5042.9
4096,911,5028.4
4096,912,5533.5
4096,913,5409.9
4096,914,5004.2
4096,915,5326.4
4096,916,5280.3
4096,917,4987.2
4096,918,5079.3
4096,919,5004.8
4096,920,5022.3
4096,921,5396.0
4096,922,4973.9
4096,923,5677.6
4096,924,5040.5
4096,925,5297.3
4096,926,5069.0
4096,927,5059.3
4096,928,5001.2
4096,929,5489.9
4096,930,5552.9
4096,931,5055.7
4096,932,5049.0
4096,933,5068.4
4096,934,5517.7
4096,935,5012.1
4096,936,5007.2
4096,937,5406.3
4096,938,5365.7
4096,939,5330.6
4096,940,5016.9
4096,941,5037.5
4096,942,5317.9
4096,943,5261.6
4096,944,5323.3
4096,945,5683.7
4096,946,5014.5
4096,947,5337.3
4096,948,5642.5
4096,949,5021.1
4096,950,5134.4
4096,951,5040.5
4096,952,5273.7
4096,953,5351.8
4096,954,5201.0
4096,955,5314.9
4096,956,5044.1
4096,957,6050.1
4096,958,5071.4
4096,959,5113.2
4096,960,5300.9
4096,961,6874.9
4096,962,5311.2
4096,963,5151.9
4096,964,5997.4
4096,965,5344.5
4096,966,5127.7
4096,967,5265.2
4096,968,5565.6
4096,969,5776.9
4096,970,5023.0
4096,971,5311.2
4096,972,4976.3
4096,973,4978.7
4096,974,5374.8
4096,975,5588.0
4096,976,5198.6
4096,977,5107.1
4096,978,5078.7
4096,979,5523.8
4096,980,5021.1
4096,981,5039.9
4096,982,5332.4
4096,983,5030.2
4096,984,5297.9
4096,985,5075.0
4096,986,5024.2
4096,987,5051.4
4096,988,5366.9
4096,989,5460.8
4096,990,5069.0
4096,991,5262.8
4096,992,4956.3
4096,993,5072.6
4096,994,5004.8
4096,995,5601.3
4096,996,5000.5
4096,997,5248.8
4096,998,5296.1
4096,999,5291.2
4096,1000,5342.1
4096,1001,5322.7
4096,1002,5006.0
4096,1003,5051.4
4096,1004,5049.6
4096,1005,5001.8
4096,1006,5112.6
4096,1007,5509.9
4096,1008,5316.7
4096,1009,5288.8
4096,1010,5503.8
4096,1011,5068.4
4096,1012,5330.0
4096,1013,5134.4
4096,1014,5141.0
4096,1015,5982.8
4096,1016,5191.3
4096,1017,5185.3
4096,1018,6147.6
4096,1019,5150.7
4096,1020,5454.8
4096,1021,5508.7
4096,1022,5325.8
4096,1023,5126.5
4096,1024,5239.2
4096,1025,5202.2
4096,1026,5397.2
4096,1027,5178.0
4096,1028,5961.7
4096,1029,5703.7
4096,1030,5190.1
4096,1031,5038.7
4096,1032,5109.6
4096,1033,5482.0
4096,1034,5464.4
4096,1035,5376.0
4096,1036,5234.9
4096,1037,5425.7
4096,1038,5684.3
4096,1039,5198.0
4096,1040,5365.1
4096,1041,5944.7
4096,1042,5360.3
4096,1043,5378.4
4096,1044,5660.1
4096,1045,5173.1
4096,1046,5300.3
4096,1047,5434.2
4096,1048,5439.6
4096,1049,5601.9
4096,1050,5557.1
4096,1051,5425.1
4096,1052,5570.4
4096,1053,5881.1
4096,1054,5494.7
4096,1055,6080.4
4096,1056,5446.3
4096,1057,6144.5
4096,1058,5689.1
4096,1059,5552.9
4096,1060,5810.2
4096,1061,5819.3
4096,1062,5686.7
4096,1063,5588.0
4096,1064,6349.8
4096,1065,5753.3
4096,1066,5537.7
4096,1067,5432.3
4096,1068,6305.0
4096,1069,5769.7
4096,1070,5395.4
4096,1071,5717.0
4096,1072,5390.6
4096,1073,5588.0
4096,1074,5366.3
4096,1075,5402.7
4096,1076,5735.8
4096,1077,5374.2
4096,1078,5749.1
4096,1079,5584.4
4096,1080,5710.9
4096,1081,5635.8
4096,1082,5486.9
4096,1083,5588.6
4096,1084,5717.6
4096,1085,5432.3
4096,1086,5712.7
4096,1087,6040.4
4096,1088,5403.3
4096,1089,5758.2
4096,1090,5764.2
4096,1091,5674.0
4096,1092,5417.2
4096,1093,5712.1
4096,1094,5792.7
4096,1095,5167.1
4096,1096,5127.1
4096,1097,5574.1
4096,1098,5451.7
4096,1099,5402.7
4096,1100,5092.6
4096,1101,5818.1
4096,1102,5477.2
4096,1103,5772.7
4096,1104,5170.7
4096,1105,5990.1
4096,1106,5454.8
4096,1107,5144.7
4096,1108,5157.4
4096,1109,5129.5
4096,1110,5244.6
4096,1111,5181.6
4096,1112,5393.0
4096,1113,5702.4
4096,1114,5282.2
4096,1115,5757.6
4096,1116,5660.1
4096,1117,6183.9
4096,1118,5250.1
4096,1119,5492.9
4096,1120,5153.2
4096,1121,5980.4
4096,1122,5132.6
4096,1123,5450.5
4096,1124,5949.5
4096,1125,5209.5
4096,1126,5216.7
4096,1127,5150.7
4096,1128,5426.3
4096,1129,5635.2
4096,1130,5108.3
4096,1131,5414.2
4096,1132,5497.1
4096,1133,5422.1
4096,1134,5703.7
4096,1135,5159.8
4096,1136,6089.4
4096,1137,4320.4
4096,1138,5974.4
4096,1139,5106.5
4096,1140,5753.3
4096,1141,5529.9
4096,1142,5237.3
4096,1143,5174.4
4096,1144,5415.4
4096,1145,5227.6
4096,1146,5397.2
4096,1147,5894.4
4096,1148,5383.9
4096,1149,5397.2
4096,1150,5212.5
4096,1151,5694.6
4096,1152,5391.8
4096,1153,5245.2
4096,1154,5143.5
4096,1155,5554.1
4096,1156,5170.1
4096,1157,5489.9
4096,1158,5963.5
4096,1159,5535.3
4096,1160,5159.8
4096,1161,5445.1
4096,1162,6492.2
4096,1163,5323.9
4096,1164,5147.1
4096,1165,5881.7
4096,1166,5136.2
4096,1167,5188.3
4096,1168,5417.8
4096,1169,5211.3
4096,1170,5180.4
4096,1171,5554.1
4096,1172,5712.7
4096,1173,5239.8
4096,1174,5591.0
4096,1175,5357.9
4096,1176,5472.9
4096,1177,5451.1
4096,1178,5124.1
4096,1179,5477.2
4096,1180,5874.4
4096,1181,5143.5
4096,1182,5428.1
4096,1183,5142.9
4096,1184,5537.1
4096,1185,5389.3
4096,1186,5120.5
4096,1187,5890.8
4096,1188,5149.5
4096,1189,5136.8
4096,1190,6294.7
4096,1191,5465.0
4096,1192,5845.4
4096,1193,5663.1
4096,1194,5445.7
4096,1195,5125.3
4096,1196,5672.8
4096,1197,5449.3
4096,1198,5162.8
4096,1199,5199.8
4096,1200,5419.0
4096,1201,5198.0
4096,1202,5170.1
4096,1203,5198.6
4096,1204,5585.6
4096,1205,5428.7
4096,1206,5210.1
4096,1207,5170.1
4096,1208,5184.0
4096,1209,5537.7
4096,1210,5198.0
4096,1211,5144.1
4096,1212,5224.6
4096,1213,5408.1
4096,1214,5448.1
4096,1215,5108.3
4096,1216,5314.3
4096,1217,5241.0
4096,1218,5289.4
4096,1219,5647.3
4096,1220,5295.5
4096,1221,5976.8
4096,1222,5167.7
4096,1223,5403.9
4096,1224,5995.0
4096,1225,5429.9
4096,1226,5190.7
4096,1227,5804.8
4096,1228,5726.1
4096,1229,5451.7
4096,1230,5227.0
4096,1231,5161.0
4096,1232,5138.0
4096,1233,5641.9
4096,1234,5486.9
4096,1235,5420.2
4096,1236,5118.6
4096,1237,5165.3
4096,1238,5981.0
4096,1239,5155.0
4096,1240,5153.2
4096,1241,5402.1
4096,1242,5623.7
4096,1243,5182.2
4096,1244,5354.2
4096,1245,5720.0
4096,1246,5184.0
4096,1247,5167.7
4096,1248,5302.1
4096,1249,5273.7
4096,1250,5236.7
4096,1251,5334.2
4096,1252,5288.2
4096,1253,6031.3
4096,1254,5248.2
4096,1255,5164.7
4096,1256,5334.2
4096,1257,5236.1
4096,1258,5378.4
4096,1259,5915.6
4096,1260,5116.2
4096,1261,5222.8
4096,1262,5397.2
4096,1263,5100.5
4096,1264,5749.7
4096,1265,5214.3
4096,1266,5167.1
4096,1267,5468.7
4096,1268,5413.0
4096,1269,5423.9
4096,1270,5221.0
4096,1271,5449.9
4096,1272,5214.3
4096,1273,5219.2
4096,1274,5902.9
4096,1275,5218.0
4096,1276,5154.4
4096,1277,5755.1
4096,1278,5624.9
4096,1279,5419.6
4096,1280,5650.4
4096,1281,5403.9
4096,1282,5376.0
4096,1283,5987.7
4096,1284,5720.6
4096,1285,5294.3
4096,1286,5272.5
4096,1287,5729.1
4096,1288,6249.9
4096,1289,5219.8
4096,1290,5226.4
4096,1291,5191.3
4096,1292,5684.9
4096,1293,5210.1
4096,1294,5191.9
4096,1295,5190.7
4096,1296,5618.3
4096,1297,6216.0
4096,1298,5801.8
4096,1299,5161.0
4096,1300,5112.6
4096,1301,5504.4
4096,1302,5185.9
4096,1303,5199.8
4096,1304,5400.2
4096,1305,5243.4
4096,1306,5221.6
4096,1307,5209.5
4096,1308,5882.9
4096,1309,5307.0
4096,1310,5475.3
4096,1311,5449.3
4096,1312,6164.5
4096,1313,5835.7
4096,1314,5674.6
4096,1315,5557.7
4096,1316,5148.9
4096,1317,5393.0
4096,1318,5961.0
4096,1319,5169.5
4096,1320,5199.8
4096,1321,5548.0
4096,1322,5188.9
4096,1323,5204.0
4096,1324,5583.7
4096,1325,5694.0
4096,1326,5879.3
4096,1327,5484.4
4096,1328,5188.3
4096,1329,5330.0
4096,1330,5345.7
4096,1331,5582.5
4096,1332,5583.1
4096,1333,5403.9
4096,1334,5277.9
4096,1335,5519.6
4096,1336,5452.9
4096,1337,5228.9
4096,1338,5179.8
4096,1339,5511.1
4096,1340,5398.4
4096,1341,5379.1
4096,1342,5411.1
4096,1343,5591.6
4096,1344,5451.1
4096,1345,5330.6
4096,1346,5439.0
4096,1347,6032.5
4096,1348,5356.0
4096,1349,5168.3
4096,1350,5191.9
4096,1351,5342.7
4096,1352,5726.1
4096,1353,5594.0
4096,1354,5165.9
4096,1355,5759.4
4096,1356,5388.1
4096,1357,5455.4
4096,1358,5133.2
4096,1359,5370.0
4096,1360,5148.9
4096,1361,5865.4
4096,1362,5162.2
4096,1363,5469.9
4096,1364,5179.8
4096,1365,5861.7
4096,1366,5178.6
4096,1367,5955.6
4096,1368,5164.7
4096,1369,6116.7
4096,1370,5462.0
4096,1371,5198.0
4096,1372,5182.8
4096,1373,5167.1
4096,1374,5162.8
4096,1375,5399.0
4096,1376,5422.1
4096,1377,5547.4
4096,1378,5179.8
4096,1379,5776.9
4096,1380,5563.2
4096,1381,5222.8
4096,1382,5486.9
4096,1383,5204.0
4096,1384,5881.7
4096,1385,5485.0
4096,1386,6120.3
4096,1387,5634.0
4096,1388,5440.2
4096,1389,6022.2
4096,1390,5477.8
4096,1391,5139.2
4096,1392,5158.0
4096,1393,5914.4
4096,1394,5932.6
4096,1395,5233.1
4096,1396,5773.9
4096,1397,5519.6
4096,1398,5787.8
4096,1399,5418.4
4096,1400,5176.2
4096,1401,5187.7
4096,1402,5162.8
4096,1403,5409.9
4096,1404,5131.4
4096,1405,5747.3
4096,1406,6332.9
4096,1407,5646.1
4096,1408,5627.4
4096,1409,5612.8
4096,1410,5561.9
4096,1411,5132.0
4096,1412,5162.8
4096,1413,5597.1
4096,1414,5316.1
4096,1415,5205.8
4096,1416,5866.0
4096,1417,5253.7
4096,1418,5770.3
4096,1419,6080.4
4096,1420,5812.1
4096,1421,5587.4
4096,1422,5703.1
4096,1423,5142.9
4096,1424,5464.4
4096,1425,5480.8
4096,1426,5159.2
4096,1427,5479.0
4096,1428,5388.1
4096,1429,5381.5
4096,1430,5216.7
4096,1431,5105.9
4096,1432,5488.1
4096,1433,5773.3
4096,1434,5115.0
4096,1435,5468.7
4096,1436,5429.3
4096,1437,5316.1
4096,1438,5135.6
4096,1439,5655.8
4096,1440,5245.2
4096,1441,5784.2
4096,1442,5492.9
4096,1443,5463.8
4096,1444,5959.2
4096,1445,5130.8
4096,1446,5192.5
4096,1447,5498.4
4096,1448,5171.9
4096,1449,5236.1
4096,1450,5121.7
4096,1451,5572.8
4096,1452,5228.9
4096,1453,6187.5
4096,1454,5261.6
4096,1455,5671.0
4096,1456,5990.7
4096,1457,5366.3
4096,1458,5117.4
4096,1459,5445.7
4096,1460,5420.8
4096,1461,5127.1
4096,1462,5417.8
4096,1463,5150.7
4096,1464,5143.5
4096,1465,5490.5
4096,1466,5421.4
4096,1467,5481.4
4096,1468,5563.2
4096,1469,5707.3
4096,1470,5338.5
4096,1471,5376.6
4096,1472,5378.4
4096,1473,5205.2
4096,1474,5937.4
4096,1475,5213.1
4096,1476,5159.8
4096,1477,5159.2
4096,1478,5330.6
4096,1479,5445.1
4096,1480,5500.2
4096,1481,5249.5
4096,1482,5481.4
4096,1483,5545.0
4096,1484,5156.2
4096,1485,5586.8
4096,1486,6286.3
4096,1487,5316.7
4096,1488,5436.6
4096,1489,5634.6
4096,1490,5373.6
4096,1491,5099.9
4096,1492,5174.4
4096,1493,5363.9
4096,1494,5604.3
4096,1495,5399.6
4096,1496,5125.3
4096,1497,5219.8
4096,1498,5184.0
4096,1499,5336.7
4096,1500,5449.3
4096,1501,5525.6
4096,1502,5218.0
4096,1503,5129.5
4096,1504,5399.6
4096,1505,5171.3
4096,1506,5459.0
4096,1507,5781.8
4096,1508,5394.2
4096,1509,5373.6
4096,1510,5479.6
4096,1511,5362.1
4096,1512,5428.1
4096,1513,5658.2
4096,1514,5192.5
4096,1515,5885.3
4096,1516,5445.7
4096,1517,5555.9
4096,1518,5163.5
4096,1519,5147.1
4096,1520,5185.3
4096,1521,5734.5
4096,1522,5127.1
4096,1523,5729.1
4096,1524,5178.0
4096,1525,5151.9
4096,1526,5448.7
4096,1527,5408.7
4096,1528,5530.5
4096,1529,5514.7
4096,1530,5988.9
4096,1531,5418.4
4096,1532,5193.7
4096,1533,5404.5
4096,1534,5470.5
4096,1535,5182.8
4096,1536,5422.1
4096,1537,5609.2
4096,1538,5350.0
4096,1539,5175.6
4096,1540,5251.9
4096,1541,5848.4
4096,1542,5186.5
4096,1543,5494.7
4096,1544,5704.9
4096,1545,5872.6
4096,1546,5360.9
4096,1547,5451.7
4096,1548,5208.3
4096,1549,5776.9
4096,1550,5214.9
4096,1551,5529.9
4096,1552,5540.1
4096,1553,5461.4
4096,1554,5625.5
4096,1555,5164.7
4096,1556,5239.8
4096,1557,5188.9
4096,1558,5748.5
4096,1559,5319.1
4096,1560,5469.9
4096,1561,5472.9
4096,1562,5519.6
4096,1563,6003.4
4096,1564,5571.0
4096,1565,5393.0
4096,1566,5565.0
4096,1567,5224.6
4096,1568,5151.9
4096,1569,5502.0
4096,1570,5188.3
4096,1571,5192.5
4096,1572,5433.0
4096,1573,5116.8
4096,1574,5460.8
4096,1575,5658.2
4096,1576,5129.5
4096,1577,6406.2
4096,1578,5175.0
4096,1579,5216.7
4096,1580,5175.6
4096,1581,5116.8
4096,1582,5200.4
4096,1583,5448.7
4096,1584,5399.6
4096,1585,5835.1
4096,1586,5140.4
4096,1587,5399.6
4096,1588,5132.0
4096,1589,5376.0
4096,1590,5199.8
4096,1591,5356.0
4096,1592,5525.0
4096,1593,5196.2
4096,1594,5151.9
4096,1595,5687.9
4096,1596,5393.0
4096,1597,5384.5
4096,1598,5402.7
4096,1599,5215.5
4096,1600,5115.0
4096,1601,5400.9
4096,1602,5373.6
4096,1603,5458.4
4096,1604,5193.1
4096,1605,5135.0
4096,1606,5506.8
4096,1607,5830.2
4096,1608,5142.3
4096,1609,5803.6
4096,1610,5588.0
4096,1611,5566.8
4096,1612,5730.9
4096,1613,5169.5
4096,1614,5086.5
4096,1615,5132.0
4096,1616,5111.4
4096,1617,5576.5
4096,1618,5177.4
4096,1619,5334.8
4096,1620,5477.8
4096,1621,5132.6
4096,1622,5180.4
4096,1623,5775.1
4096,1624,5257.3
4096,1625,5752.1
4096,1626,4394.9
4096,1627,4711.7
4096,1628,5620.7
4096,1629,5845.4
4096,1630,5468.7
4096,1631,5141.0
4096,1632,5947.7
4096,1633,5465.0
4096,1634,6001.6
4096,1635,5204.6
4096,1636,5339.1
4096,1637,5156.2
4096,1638,5833.9
4096,1639,5549.8
4096,1640,5144.7
4096,1641,5171.3
4096,1642,5925.9
4096,1643,5174.4
4096,1644,5462.0
4096,1645,5385.1
4096,1646,5505.0
4096,1647,5886.0
4096,1648,5147.1
4096,1649,5599.5
4096,1650,5546.2
4096,1651,5233.1
4096,1652,5153.2
4096,1653,5575.3
4096,1654,5201.6
4096,1655,5780.0
4096,1656,5150.1
4096,1657,5480.2
4096,1658,5128.9
4096,1659,5161.6
4096,1660,5153.2
4096,1661,5167.7
4096,1662,6157.9
4096,1663,6543.0
4096,1664,5231.3
4096,1665,5277.3
4096,1666,5155.0
4096,1667,5902.9
4096,1668,5460.2
4096,1669,5171.9
4096,1670,5190.1
4096,1671,5166.5
4096,1672,5173.1
4096,1673,5909.6
4096,1674,5398.4
4096,1675,5528.0
4096,1676,5322.7
4096,1677,5122.9
4096,1678,5913.2
4096,1679,5371.8
4096,1680,5510.5
4096,1681,5173.1
4096,1682,6088.8
4096,1683,5274.9
4096,1684,5431.1
4096,1685,5437.8
4096,1686,5219.8
4096,1687,5391.2
4096,1688,5388.7
4096,1689,5473.5
4096,1690,5182.2
4096,1691,5932.0
4096,1692,5563.8
4096,1693,5414.8
4096,1694,5456.6
4096,1695,5471.1
4096,1696,5457.2
4096,1697,5873.8
4096,1698,5136.2
4096,1699,5542.0
4096,1700,5403.9
4096,1701,5641.3
4096,1702,6104.0
4096,1703,5360.3
4096,1704,5428.7
4096,1705,5732.7
4096,1706,5432.3
4096,1707,5869.6
4096,1708,5248.2
4096,1709,5181.0
4096,1710,5264.0
4096,1711,5201.0
4096,1712,5666.7
4096,1713,5233.1
4096,1714,5241.0
4096,1715,5230.7
4096,1716,5906.5
4096,1717,5230.1
4096,1718,5384.5
4096,1719,5433.0
4096,1720,5855.1
4096,1721,5948.9
4096,1722,5778.2
4096,1723,5451.1
4096,1724,5976.8
4096,1725,5938.0
4096,1726,5581.3
4096,1727,5487.5
4096,1728,5425.1
4096,1729,5228.9
4096,1730,5156.8
4096,1731,5991.3
4096,1732,5519.6
4096,1733,5869.6
4096,1734,5204.0
4096,1735,5640.1
4096,1736,5599.5
4096,1737,5578.9
4096,1738,5195.6
4096,1739,5178.6
4096,1740,5474.1
4096,1741,5362.7
4096,1742,5512.3
4096,1743,5188.9
4096,1744,5426.3
4096,1745,5236.1
4096,1746,5355.4
4096,1747,6526.7
4096,1748,5546.8
4096,1749,5881.1
4096,1750,5270.6
4096,1751,5477.8
4096,1752,5709.7
4096,1753,5782.4
4096,1754,5621.9
4096,1755,5181.6
4096,1756,5653.4
4096,1757,5182.2
4096,1758,5188.9
4096,1759,5240.4
4096,1760,5830.2
4096,1761,5167.7
4096,1762,5618.9
4096,1763,5587.4
4096,1764,5477.8
4096,1765,5180.4
4096,1766,5457.2
4096,1767,5479.6
4096,1768,5226.4
4096,1769,5563.8
4096,1770,5512.3
4096,1771,5205.2
4096,1772,5194.3
4096,1773,5165.3
4096,1774,5214.9
4096,1775,5390.6
4096,1776,5159.8
4096,1777,5615.8
4096,1778,5169.5
4096,1779,5773.9
4096,1780,5315.5
4096,1781,5225.2
4096,1782,6167.0
4096,1783,5169.5
4096,1784,5309.4
4096,1785,5648.6
4096,1786,5739.4
4096,1787,5196.2
4096,1788,5531.1
4096,1789,5201.6
4096,1790,5537.7
4096,1791,5230.7
4096,1792,5261.6
4096,1793,5680.6
4096,1794,5164.1
4096,1795,5500.2
4096,1796,5401.5
4096,1797,5359.7
4096,1798,5517.1
4096,1799,5181.0
4096,1800,5915.0
4096,1801,5667.9
4096,1802,5196.2
4096,1803,5188.3
4096,1804,5549.2
4096,1805,5571.6
4096,1806,5239.2
4096,1807,5463.2
4096,1808,5185.9
4096,1809,5360.3
4096,1810,5409.3
4096,1811,5597.7
4096,1812,5803.0
4096,1813,5194.9
4096,1814,5999.8
4096,1815,5928.9
4096,1816,5153.2
4096,1817,5341.5
4096,1818,5848.4
4096,1819,5873.2
4096,1820,5403.3
4096,1821,5197.4
4096,1822,5678.2
4096,1823,5171.9
4096,1824,5868.4
4096,1825,5176.8
4096,1826,5370.0
4096,1827,5187.7
4096,1828,5155.0
4096,1829,5215.5
4096,1830,5497.1
4096,1831,5400.9
4096,1832,5340.9
4096,1833,5601.3
4096,1834,5182.2
4096,1835,6014.9
4096,1836,4857.0
4096,1837,5491.7
4096,1838,5500.8
4096,1839,5695.2
4096,1840,5208.3
4096,1841,5190.1
4096,1842,5397.2
4096,1843,5240.4
4096,1844,5416.6
4096,1845,5170.1
4096,1846,5455.4
4096,1847,5179.2
4096,1848,5429.9
4096,1849,5183.4
4096,1850,5431.1
4096,1851,5382.1
4096,1852,5509.9
4096,1853,5345.1
4096,1854,5406.3
4096,1855,5457.8
4096,1856,5530.5
4096,1857,5875.7
4096,1858,5768.5
4096,1859,5365.7
4096,1860,5204.6
4096,1861,5259.1
4096,1862,5360.9
4096,1863,5387.5
4096,1864,6294.1
4096,1865,5242.2
4096,1866,5238.6
4096,1867,5537.1
4096,1868,5409.3
4096,1869,5448.1
4096,1870,5200.4
4096,1871,5160.4
4096,1872,5475.3
4096,1873,5878.7
4096,1874,5131.4
4096,1875,5571.6
4096,1876,5463.2
4096,1877,5114.4
4096,1878,5194.9
4096,1879,5265.8
4096,1880,5350.6
4096,1881,7278.9
4096,1882,6593.9
4096,1883,7257.7
4096,1884,6096.1
4096,1885,5658.8
4096,1886,6323.8
4096,1887,5909.0
4096,1888,5678.2
4096,1889,6100.3
4096,1890,5641.9
4096,1891,5758.8
4096,1892,5813.3
4096,1893,6158.5
4096,1894,6114.9
4096,1895,6374.7
4096,1896,6044.0
4096,1897,6431.0
4096,1898,6153.0
4096,1899,6460.7
4096,1900,6159.1
4096,1901,5651.6
4096,1902,6141.5
4096,1903,6540.6
4096,1904,5761.2
4096,1905,5720.0
4096,1906,6507.9
4096,1907,6340.8
4096,1908,7052.4
4096,1909,6254.8
4096,1910,6579.4
4096,1911,5745.4
4096,1912,6225.1
4096,1913,6070.1
4096,1914,6341.4
4096,1915,5933.8
4096,1916,5650.4
4096,1917,5644.3
4096,1918,6499.4
4096,1919,6234.2
4096,1920,6229.3
4096,1921,6078.5
4096,1922,6004.0
4096,1923,6196.6
4096,1924,6112.4
4096,1925,5905.9
4096,1926,7569.6
4096,1927,5655.8
4096,1928,5616.5
4096,1929,6638.7
4096,1930,5632.2
4096,1931,5634.6
4096,1932,5628.0
4096,1933,6319.6
4096,1934,5593.4
4096,1935,5434.8
4096,1936,5626.7
4096,1937,5471.7
4096,1938,5999.2
4096,1939,5744.2
4096,1940,5886.0
4096,1941,5575.3
4096,1942,5864.1
4096,1943,5879.9
4096,1944,5450.5
4096,1945,5296.1
4096,1946,5687.9
4096,1947,5413.6
4096,1948,5221.0
4096,1949,5689.1
4096,1950,5197.4
4096,1951,5252.5
4096,1952,5150.1
4096,1953,5596.5
4096,1954,5736.4
4096,1955,5855.1
4096,1956,5352.4
4096,1957,5659.5
4096,1958,5756.3
4096,1959,5998.6
4096,1960,5446.3
4096,1961,6041.0
4096,1962,5244.6
4096,1963,5225.8
4096,1964,5561.9
4096,1965,5151.9
4096,1966,5829.0
4096,1967,5543.8
4096,1968,5508.7
4096,1969,5345.1
4096,1970,5581.9
4096,1971,5355.4
4096,1972,5182.2
4096,1973,5159.2
4096,1974,5740.6
4096,1975,5725.5
4096,1976,5626.7
4096,1977,5228.3
4096,1978,5416.6
4096,1979,5695.8
4096,1980,5725.5
4096,1981,5198.0
4096,1982,5242.2
4096,1983,5752.7
4096,1984,5613.4
4096,1985,5458.4
4096,1986,5444.5
4096,1987,5276.7
4096,1988,5191.3
4096,1989,5178.6
4096,1990,5515.3
4096,1991,5525.0
4096,1992,5414.2
4096,1993,5523.2
4096,1994,5387.5
4096,1995,5603.1
4096,1996,5353.6
4096,1997,5410.5
4096,1998,5724.3
4096,1999,5179.2
16384,0,10561.3
16384,1,10652.7
16384,2,10388.7
16384,3,10367.5
16384,4,10414.7
16384,5,10296.0
16384,6,10250.0
16384,7,10288.8
16384,8,10518.3
16384,9,10236.1
16384,10,10291.8
16384,11,10456.5
16384,12,10099.2
16384,13,9862.4
16384,14,9379.7
16384,15,9519.0
16384,16,9680.1
16384,17,10124.6
16384,18,9943.0
16384,19,10607.9
16384,20,10450.5
16384,21,10098.0
16384,22,10214.9
16384,23,9514.2
16384,24,9354.3
16384,25,9585.6
16384,26,9415.5
16384,27,9460.3
16384,28,9499.6
16384,29,9290.7
16384,30,9733.4
16384,31,9342.8
16384,32,9534.2
16384,33,9431.8
16384,34,9339.8
16384,35,9342.2
16384,36,9582.6
16384,37,9417.3
16384,38,9316.1
16384,39,9336.1
16384,40,9731.0
16384,41,10066.5
16384,42,9357.9
16384,43,9457.9
16384,44,9506.9
16384,45,9481.5
16384,46,9382.2
16384,47,9406.4
16384,48,9522.7
16384,49,9783.7
16384,50,9447.0
16384,51,9559.6
16384,52,9275.6
16384,53,9517.2
16384,54,9262.8
16384,55,9376.1
16384,56,9972.6
16384,57,9640.1
16384,58,9287.7
16384,59,9726.1
16384,60,9314.9
16384,61,9387.6
16384,62,9396.7
16384,63,9360.4
16384,64,9628.6
16384,65,9535.4
16384,66,9382.8
16384,67,9337.3
16384,68,9982.3
16384,69,9331.9
16384,70,9643.2
16384,71,9628.6
16384,72,9563.2
16384,73,9618.3
16384,74,9301.0
16384,75,9803.1
16384,76,9459.7
16384,77,9354.3
16384,78,9715.8
16384,79,10321.5
16384,80,9935.7
16384,81,9403.3
16384,82,9277.4
16384,83,9329.5
16384,84,9447.0
16384,85,9313.7
16384,86,9253.8
16384,87,9549.9
16384,88,9698.9
16384,89,9600.2
16384,90,9331.9
16384,91,9519.0
16384,92,9433.6
16384,93,9327.0
16384,94,9307.1
16384,95,9326.4
16384,96,9435.4
16384,97,9327.6
16384,98,9277.4
16384,99,9273.1
16384,100,9510.5
16384,101,9609.3
16384,102,9519.0
16384,103,9402.1
16384,104,9515.4
16384,105,9597.8
16384,106,9448.8
16384,107,9572.3
16384,108,9335.5
16384,109,9336.7
16384,110,9196.2
16384,111,9391.8
16384,112,9474.2
16384,113,9542.6
16384,114,9394.3
16384,115,9927.8
16384,116,10144.6
16384,117,10128.3
16384,118,10165.8
16384,119,10258.5
16384,120,10325.7
16384,121,10629.7
16384,122,10267.0
16384,123,10368.7
16384,124,10478.9
16384,125,10317.8
16384,126,10252.4
16384,127,10659.4
16384,128,10379.6
16384,129,10615.8
16384,130,10258.5
16384,131,10199.1
16384,132,10598.2
16384,133,10357.2
16384,134,10392.9
16384,135,10619.4
16384,136,10454.1
16384,137,10478.3
16384,138,10532.2
16384,139,10179.7
16384,140,9901.8
16384,141,9932.7
16384,142,9564.4
16384,143,9810.3
16384,144,9897.5
16384,145,9852.1
16384,146,9863.6
16384,147,10254.2
16384,148,10322.1
16384,149,10487.4
16384,150,10534.0
16384,151,10248.2
16384,152,10272.4
16384,153,10227.0
16384,154,9772.2
16384,155,9785.5
16384,156,9568.7
16384,157,9302.8
16384,158,9642.0
16384,159,9337.9
16384,160,9318.0
16384,161,9365.8
16384,162,9411.8
16384,163,9471.8
16384,164,9616.5
16384,165,9831.5
16384,166,9164.1
16384,167,9286.5
16384,168,9863.6
16384,169,9342.8
16384,170,9591.1
16384,171,9657.1
16384,172,9657.7
16384,173,9445.1
16384,174,9463.9
16384,175,9471.2
16384,176,9476.6
16384,177,9410.6
16384,178,11357.7
16384,179,9296.8
16384,180,9535.4
16384,181,9505.1
16384,182,9418.5
16384,183,9548.1
16384,184,9565.7
16384,185,9468.8
16384,186,9290.7
16384,187,9361.0
16384,188,9281.0
16384,189,9268.9
16384,190,9304.6
16384,191,9508.1
16384,192,9403.3
16384,193,9536.0
16384,194,9380.3
16384,195,9416.7
16384,196,9384.0
16384,197,9398.5
16384,198,9190.2
16384,199,9645.6
16384,200,9807.9
16384,201,9322.2
16384,202,9239.8
16384,203,9707.4
16384,204,9556.6
16384,205,9919.3
16384,206,10088.9
16384,207,9843.0
16384,208,10046.5
16384,209,9785.5
16384,210,9754.0
16384,211,9755.8
16384,212,9923.0
16384,213,9875.1
16384,214,10143.4
16384,215,10117.4
16384,216,10056.2
16384,217,10267.6
16384,218,9899.3
16384,219,10068.9
16384,220,10284.5
16384,221,10299.1
16384,222,9771.0
16384,223,9962.9
16384,224,9883.0
16384,225,9960.5
16384,226,10149.5
16384,227,10228.8
16384,228,9959.3
16384,229,10085.3
16384,230,9609.9
16384,231,9547.5
16384,232,9408.8
16384,233,9546.3
16384,234,9403.3
16384,235,9540.8
16384,236,9159.3
16384,237,9241.0
16384,238,9041.8
16384,239,10036.2
16384,240,9707.4
16384,241,9936.3
16384,242,9706.8
16384,243,9742.5
16384,244,9502.1
16384,245,9642.0
16384,246,9472.4
16384,247,9164.1
16384,248,9129.0
16384,249,9334.9
16384,250,9247.1
16384,251,9149.6
16384,252,9285.3
16384,253,9153.8
16384,254,9284.6
16384,255,9119.3
16384,256,9034.5
16384,257,9109.6
16384,258,8994.0
16384,259,9179.3
16384,260,9083.0
16384,261,9305.8
16384,262,9391.8
16384,263,9184.1
16384,264,9292.5
16384,265,9030.9
16384,266,9041.8
16384,267,9050.3
16384,268,9093.3
16384,269,9675.3
16384,270,9047.9
16384,271,9506.9
16384,272,9235.0
16384,273,9281.6
16384,274,9340.4
16384,275,9020.6
16384,276,9360.4
16384,277,9136.3
16384,278,9205.3
16384,279,9127.2
16384,280,11362.5
16384,281,9431.8
16384,282,9062.4
16384,283,9193.8
16384,284,9167.2
16384,285,9300.4
16384,286,9058.8
16384,287,9525.1
16384,288,9396.7
16384,289,9043.0
16384,290,9270.7
16384,291,9324.0
16384,292,9056.3
16384,293,9078.1
16384,294,9000.6
16384,295,9302.8
16384,296,9520.2
16384,297,9565.7
16384,298,8964.3
16384,299,9256.8
16384,300,9731.0
16384,301,9397.3
16384,302,9540.8
16384,303,9438.5
16384,304,9468.8
16384,305,9777.0
16384,306,9633.5
16384,307,9581.4
16384,308,9674.7
16384,309,9586.2
16384,310,9615.9
16384,311,9749.8
16384,312,9850.9
16384,313,9495.4
16384,314,9843.0
16384,315,9574.7
16384,316,9818.2
16384,317,9744.3
16384,318,9676.5
16384,319,10113.1
16384,320,9255.0
16384,321,9210.2
16384,322,9135.7
16384,323,9167.2
16384,324,9240.4
16384,325,9101.1
16384,326,9026.7
16384,327,9113.3
16384,328,9389.4
16384,329,9013.9
16384,330,9191.4
16384,331,9299.2
16384,332,9508.1
16384,333,9608.0
16384,334,9099.3
16384,335,9249.5
16384,336,9295.6
16384,337,9049.1
16384,338,9012.1
16384,339,9311.9
16384,340,9039.4
16384,341,9428.2
16384,342,9392.4
16384,343,9017.6
16384,344,9110.8
16384,345,9174.4
16384,346,9373.7
16384,347,9029.1
16384,348,9118.1
16384,349,9181.7
16384,350,8996.4
16384,351,9120.5
16384,352,9210.2
16384,353,9368.8
16384,354,8980.0
16384,355,9300.4
16384,356,9250.1
16384,357,9365.8
16384,358,9230.7
16384,359,9493.6
16384,360,9338.5
16384,361,9445.1
16384,362,9030.3
16384,363,9061.2
16384,364,9393.1
16384,365,9289.5
16384,366,9064.8
16384,367,9150.8
16384,368,9224.7
16384,369,9005.5
16384,370,9204.1
16384,371,9120.5
16384,372,9090.2
16384,373,9608.0
16384,374,9006.7
16384,375,9059.4
16384,376,9066.6
16384,377,9101.8
16384,378,9270.7
16384,379,9026.7
16384,380,9336.1
16384,381,9164.1
16384,382,9163.5
16384,383,9075.1
16384,384,11157.2
16384,385,9192.0
16384,386,9367.6
16384,387,9365.8
16384,388,9643.8
16384,389,10566.1
16384,390,10740.5
16384,391,9287.7
16384,392,9792.8
16384,393,9564.4
16384,394,9055.7
16384,395,9271.9
16384,396,9113.3
16384,397,9359.1
16384,398,9514.2
16384,399,9250.1
16384,400,9199.3
16384,401,9211.4
16384,402,9124.8
16384,403,9102.4
16384,404,9007.3
16384,405,9254.4
16384,406,9142.9
16384,407,9518.4
16384,408,9332.5
16384,409,9161.7
16384,410,9192.0
16384,411,9439.7
16384,412,9181.1
16384,413,9416.7
16384,414,9075.1
16384,415,9589.3
16384,416,9344.0
16384,417,9237.4
16384,418,9360.4
16384,419,9308.9
16384,420,9126.6
16384,421,9189.0
16384,422,9091.5
16384,423,9198.0
16384,424,9353.1
16384,425,9151.4
16384,426,9254.4
16384,427,9041.2
16384,428,9278.6
16384,429,9600.2
16384,430,9055.7
16384,431,8913.4
16384,432,9104.8
16384,433,9339.8
16384,434,9212.6
16384,435,9222.3
16384,436,9210.8
16384,437,9108.4
16384,438,9446.3
16384,439,9362.8
16384,440,9059.4
16384,441,9404.6
16384,442,9224.1
16384,443,9130.2
16384,444,9371.9
16384,445,9542.6
16384,446,9071.5
16384,447,9232.6
16384,448,9190.2
16384,449,9176.2
16384,450,9121.7
16384,451,9438.5
16384,452,9222.9
16384,453,9334.9
16384,454,9018.8
16384,455,9225.3
16384,456,9368.8
16384,457,9149.6
16384,458,9365.8
16384,459,9084.8
16384,460,8976.4
16384,461,9380.9
16384,462,9159.9
16384,463,9322.2
16384,464,9051.5
16384,465,9474.2
16384,466,9187.1
16384,467,9350.1
16384,468,9533.6
16384,469,9529.9
16384,470,9734.6
16384,471,9708.0
16384,472,9634.7
16384,473,9653.5
16384,474,9645.0
16384,475,9617.7
16384,476,9661.3
16384,477,10002.9
16384,478,9735.8
16384,479,9913.9
16384,480,9817.6
16384,481,9746.1
16384,482,9614.7
16384,483,9816.4
16384,484,9675.3
16384,485,9619.6
16384,486,9583.2
16384,487,9511.8
16384,488,11498.2
16384,489,9152.6
16384,490,9305.8
16384,491,9626.8
16384,492,9638.9
16384,493,9128.4
16384,494,9216.8
16384,495,9287.7
16384,496,9249.5
16384,497,9321.0
16384,498,9047.2
16384,499,9103.0
16384,500,9164.7
16384,501,9622.6
16384,502,9514.2
16384,503,9794.6
16384,504,9748.5
16384,505,9853.3
16384,506,9675.9
16384,507,9801.8
16384,508,9667.4
16384,509,9521.4
16384,510,9797.0
16384,511,9600.2
16384,512,9936.3
16384,513,9733.4
16384,514,9440.9
16384,515,9871.5
16384,516,9615.3
16384,517,9851.5
16384,518,9635.9
16384,519,9560.8
16384,520,9634.1
16384,521,9531.7
16384,522,9631.1
16384,523,9728.0
16384,524,9782.5
16384,525,9793.4
16384,526,9577.8
16384,527,9531.1
16384,528,9247.1
16384,529,9356.1
16384,530,9080.6
16384,531,9229.5
16384,532,9186.5
16384,533,9460.3
16384,534,9683.1
16384,535,9666.2
16384,536,10012.0
16384,537,9741.3
16384,538,9348.2
16384,539,9154.4
16384,540,9075.7
16384,541,9554.1
16384,542,9134.5
16384,543,9268.3
16384,544,9041.8
16384,545,9359.7
16384,546,9227.7
16384,547,9185.3
16384,548,9242.9
16384,549,9057.5
16384,550,9154.4
16384,551,9100.5
16384,552,9128.4
16384,553,9176.9
16384,554,9264.7
16384,555,9161.1
16384,556,9486.3
16384,557,9117.5
16384,558,9204.7
16384,559,9159.3
16384,560,9155.7
16384,561,9174.4
16384,562,9025.4
16384,563,9481.5
16384,564,9242.9
16384,565,9196.2
16384,566,9085.4
16384,567,9366.4
16384,568,9149.6
16384,569,9927.2
16384,570,8974.0
16384,571,9243.5
16384,572,9167.8
16384,573,9113.3
16384,574,9274.4
16384,575,9458.5
16384,576,9143.5
16384,577,9151.4
16384,578,9120.5
16384,579,9245.9
16384,580,9139.3
16384,581,9431.8
16384,582,9336.7
16384,583,9596.5
16384,584,9144.8
16384,585,9177.5
16384,586,9115.7
16384,587,9175.0
16384,588,9146.6
16384,589,9270.7
16384,590,9123.6
16384,591,10466.8
16384,592,9023.6
16384,593,9231.4
16384,594,9476.6
16384,595,9099.3
16384,596,9402.1
16384,597,9102.4
16384,598,9156.9
16384,599,9079.3
16384,600,9257.4
16384,601,9083.6
16384,602,11050.6
16384,603,9062.4
16384,604,9162.3
16384,605,9157.5
16384,606,9204.1
16384,607,9180.5
16384,608,9081.2
16384,609,9303.4
16384,610,9187.1
16384,611,9102.4
16384,612,9292.5
16384,613,9068.4
16384,614,9017.0
16384,615,9313.7
16384,616,9267.7
16384,617,9273.7
16384,618,9093.3
16384,619,9189.6
16384,620,9450.0
16384,621,9308.3
16384,622,9121.1
16384,623,9114.5
16384,624,9123.6
16384,625,9354.9
16384,626,9089.6
16384,627,9134.5
16384,628,9256.8
16384,629,9179.3
16384,630,9468.1
16384,631,9425.8
16384,632,9082.4
16384,633,9137.5
16384,634,9051.5
16384,635,9199.3
16384,636,9059.4
16384,637,9480.9
16384,638,9487.5
16384,639,9569.9
16384,640,9229.5
16384,641,9204.1
16384,642,9261.0
16384,643,9273.7
16384,644,9301.0
16384,645,9472.4
16384,646,8991.5
16384,647,9483.3
16384,648,9562.0
16384,649,9142.9
16384,650,9203.5
16384,651,9294.9
16384,652,9097.5
16384,653,9326.4
16384,654,8949.7
16384,655,9069.1
16384,656,9413.6
16384,657,9341.0
16384,658,9022.4
16384,659,9143.5
16384,660,9288.9
16384,661,9303.4
16384,662,9600.2
16384,663,9126.0
16384,664,9081.2
16384,665,9222.3
16384,666,9230.1
16384,667,9151.4
16384,668,9600.8
16384,669,9697.1
16384,670,9050.3
16384,671,9198.0
16384,672,9220.5
16384,673,9120.5
16384,674,9171.4
16384,675,9101.8
16384,676,9101.8
16384,677,9209.6
16384,678,9013.9
16384,679,9066.0
16384,680,9339.2
16384,681,9190.8
16384,682,9189.6
16384,683,9016.4
16384,684,9150.8
16384,685,9383.4
16384,686,8988.5
16384,687,9246.5
16384,688,9112.7
16384,689,9257.4
16384,690,9065.4
16384,691,9068.4
16384,692,9103.0
16384,693,9365.8
16384,694,9384.6
16384,695,9097.5
16384,696,13607.5
16384,697,9353.1
16384,698,8958.2
16384,699,9196.8
16384,700,9110.2
16384,701,9261.6
16384,702,9504.5
16384,703,9342.8
16384,704,9548.1
16384,705,9123.0
16384,706,9095.7
16384,707,9208.3
16384,708,9152.6
16384,709,9180.5
16384,710,9077.5
16384,711,9243.5
16384,712,9165.3
16384,713,9364.6
16384,714,9029.1
16384,715,9138.7
16384,716,9167.8
16384,717,9107.8
16384,718,9130.2
16384,719,9228.3
16384,720,9221.7
16384,721,9241.7
16384,722,9225.9
16384,723,9543.9
16384,724,9582.0
16384,725,9949.6
16384,726,9565.0
16384,727,9789.7
16384,728,9572.9
16384,729,9703.7
16384,730,9623.2
16384,731,9815.2
16384,732,9938.1
16384,733,9728.6
16384,734,10275.4
16384,735,9789.1
16384,736,10058.6
16384,737,9920.5
16384,738,9756.4
16384,739,9789.7
16384,740,9880.6
16384,741,10016.8
16384,742,9687.4
16384,743,9891.5
16384,744,9997.5
16384,745,9721.9
16384,746,9666.2
16384,747,9826.7
16384,748,9450.6
16384,749,9489.3
16384,750,9531.7
16384,751,9509.9
16384,752,9491.8
16384,753,9463.9
16384,754,9232.0
16384,755,9290.7
16384,756,10105.3
16384,757,10063.5
16384,758,9837.6
16384,759,9804.9
16384,760,9812.7
16384,761,10179.7
16384,762,10005.3
16384,763,9896.3
16384,764,9460.9
16384,765,9257.4
16384,766,9543.9
16384,767,9380.3
16384,768,9608.0
16384,769,9315.5
16384,770,9474.2
16384,771,9466.3
16384,772,9332.5
16384,773,9259.2
16384,774,9204.7
16384,775,9601.4
16384,776,9406.4
16384,777,9259.8
16384,778,9255.0
16384,779,9777.6
16384,780,9300.4
16384,781,9448.8
16384,782,9442.1
16384,783,9555.4
16384,784,9287.1
16384,785,9915.7
16384,786,9311.9
16384,787,9443.9
16384,788,9286.5
16384,789,9310.7
16384,790,9380.9
16384,791,9327.0
16384,792,9783.7
16384,793,9310.7
16384,794,9447.6
16384,795,9515.4
16384,796,9334.3
16384,797,9654.1
16384,798,14555.9
16384,799,9460.9
16384,800,9381.5
16384,801,9620.8
16384,802,9470.0
16384,803,9597.1
16384,804,9373.7
16384,805,9473.6
16384,806,9273.7
16384,807,9646.8
16384,808,9491.2
16384,809,9496.6
16384,810,9480.3
16384,811,9425.2
16384,812,9382.8
16384,813,9716.5
16384,814,9481.5
16384,815,9509.9
16384,816,9336.1
16384,817,9462.7
16384,818,9259.2
16384,819,9459.1
16384,820,9517.8
16384,821,9415.5
16384,822,9287.1
16384,823,9342.2
16384,824,9563.8
16384,825,9588.7
16384,826,9507.5
16384,827,9280.4
16384,828,9487.5
16384,829,9261.6
16384,830,9257.4
16384,831,9391.2
16384,832,9361.6
16384,833,9470.0
16384,834,9332.5
16384,835,9417.3
16384,836,9498.4
16384,837,9984.7
16384,838,9371.9
16384,839,9302.2
16384,840,9417.3
16384,841,9541.4
16384,842,9235.6
16384,843,9333.1
16384,844,9532.3
16384,845,9465.1
16384,846,9528.7
16384,847,9783.1
16384,848,9750.4
16384,849,9536.6
16384,850,9525.7
16384,851,9226.5
16384,852,9494.8
16384,853,9297.4
16384,854,9364.0
16384,855,9268.9
16384,856,9438.5
16384,857,9542.6
16384,858,9337.3
16384,859,9400.3
16384,860,9632.3
16384,861,9380.3
16384,862,9387.6
16384,863,9284.6
16384,864,9621.4
16384,865,9280.4
16384,866,9383.4
16384,867,9235.6
16384,868,9514.8
16384,869,9272.5
16384,870,9394.9
16384,871,9390.6
16384,872,9970.8
16384,873,9411.2
16384,874,9402.1
16384,875,9292.5
16384,876,9330.1
16384,877,9308.9
16384,878,9502.1
16384,879,9240.4
16384,880,9534.2
16384,881,9560.2
16384,882,9269.5
16384,883,9479.1
16384,884,9387.0
16384,885,9307.7
16384,886,9231.4
16384,887,9447.6
16384,888,9359.1
16384,889,9586.8
16384,890,9364.0
16384,891,9300.4
16384,892,9396.1
16384,893,9661.9
16384,894,9336.1
16384,895,9723.7
16384,896,9510.5
16384,897,9490.6
16384,898,9501.5
16384,899,9554.1
16384,900,10303.3
16384,901,9482.7
16384,902,9229.5
16384,903,9281.6
16384,904,9879.4
16384,905,9764.3
16384,906,9579.6
16384,907,9614.1
16384,908,9787.9
16384,909,9331.3
16384,910,9261.0
16384,911,9841.2
16384,912,9362.8
16384,913,9393.7
16384,914,9304.6
16384,915,9684.4
16384,916,9497.8
16384,917,9465.7
16384,918,9344.0
16384,919,9437.3
16384,920,9249.5
16384,921,9558.4
16384,922,9425.8
16384,923,9361.6
16384,924,9341.0
16384,925,9665.0
16384,926,9369.4
16384,927,9474.8
16384,928,9514.8
16384,929,9442.1
16384,930,9575.9
16384,931,9589.3
16384,932,9486.9
16384,933,9481.5
16384,934,9317.4
16384,935,9241.7
16384,936,9408.8
16384,937,9264.1
16384,938,9219.8
16384,939,9585.6
16384,940,9310.1
16384,941,9402.1
16384,942,9350.1
16384,943,9301.0
16384,944,9462.1
16384,945,9488.1
16384,946,9185.3
16384,947,9301.6
16384,948,9304.6
16384,949,9322.8
16384,950,9308.9
16384,951,9565.0
16384,952,9356.1
16384,953,9551.7
16384,954,9330.7
16384,955,9265.3
16384,956,9615.3
16384,957,9886.0
16384,958,9962.9
16384,959,9766.1
16384,960,9863.0
16384,961,9985.3
16384,962,9677.7
16384,963,9976.9
16384,964,9888.4
16384,965,9780.6
16384,966,9971.4
16384,967,9864.2
16384,968,9835.2
16384,969,9758.2
16384,970,9857.6
16384,971,10271.2
16384,972,9818.8
16384,973,9781.9
16384,974,9680.1
16384,975,9751.6
16384,976,9806.1
16384,977,10005.3
16384,978,9819.4
16384,979,10180.4
16384,980,9834.5
16384,981,9862.4
16384,982,9397.9
16384,983,9667.4
16384,984,9327.6
16384,985,9751.6
16384,986,9979.3
16384,987,9853.9
16384,988,9996.8
16384,989,10005.3
16384,990,9693.4
16384,991,10028.9
16384,992,10169.4
16384,993,10052.6
16384,994,9904.2
16384,995,9799.4
16384,996,9789.7
16384,997,9959.9
16384,998,9250.1
16384,999,9330.1
16384,1000,9458.5
16384,1001,11535.1
16384,1002,9200.5
16384,1003,9358.5
16384,1004,9490.6
16384,1005,9559.0
16384,1006,9534.2
16384,1007,9289.5
16384,1008,9306.5
16384,1009,9580.8
16384,1010,9457.2
16384,1011,9312.5
16384,1012,9910.2
16384,1013,10100.4
16384,1014,9943.6
16384,1015,9832.7
16384,1016,10032.0
16384,1017,10508.0
16384,1018,10068.9
16384,1019,10056.2
16384,1020,9835.2
16384,1021,9757.6
16384,1022,10038.6
16384,1023,10242.1
16384,1024,9929.0
16384,1025,10194.3
16384,1026,9750.4
16384,1027,10030.2
16384,1028,9726.1
16384,1029,9675.9
16384,1030,9987.8
16384,1031,9786.1
16384,1032,9891.5
16384,1033,9447.6
16384,1034,9201.7
16384,1035,9315.5
16384,1036,9287.7
16384,1037,9217.4
16384,1038,9583.2
16384,1039,9421.5
16384,1040,9555.4
16384,1041,9676.5
16384,1042,9280.4
16384,1043,9262.2
16384,1044,9385.8
16384,1045,9265.9
16384,1046,9216.8
16384,1047,9594.1
16384,1048,9347.0
16384,1049,9344.6
16384,1050,9224.7
16384,1051,9576.6
16384,1052,9321.6
16384,1053,9649.8
16384,1054,9330.1
16384,1055,9360.4
16384,1056,9706.2
16384,1057,9357.9
16384,1058,9275.0
16384,1059,9259.8
16384,1060,9494.2
16384,1061,9724.9
16384,1062,9494.8
16384,1063,9875.1
16384,1064,9612.9
16384,1065,9664.4
16384,1066,9473.0
16384,1067,9304.0
16384,1068,9415.5
16384,1069,9351.9
16384,1070,9331.3
16384,1071,9732.2
16384,1072,9711.6
16384,1073,9470.0
16384,1074,9226.5
16384,1075,9440.3
16384,1076,9470.6
16384,1077,9398.5
16384,1078,9281.0
16384,1079,9389.4
16384,1080,9620.8
16384,1081,9804.9
16384,1082,9580.8
16384,1083,9827.9
16384,1084,9314.9
16384,1085,9449.4
16384,1086,9305.2
16384,1087,9562.0
16384,1088,9344.6
16384,1089,9279.8
16384,1090,9319.2
16384,1091,9508.7
16384,1092,9263.5
16384,1093,9232.0
16384,1094,9356.1
16384,1095,9340.4
16384,1096,9398.5
16384,1097,9292.5
16384,1098,9173.2
16384,1099,9644.4
16384,1100,9428.2
16384,1101,9265.3
16384,1102,9325.8
16384,1103,11161.4
16384,1104,9368.8
16384,1105,9464.5
16384,1106,9502.1
16384,1107,9724.3
16384,1108,9523.3
16384,1109,9414.9
16384,1110,9855.1
16384,1111,9227.1
16384,1112,9433.6
16384,1113,9434.8
16384,1114,9333.1
16384,1115,9688.0
16384,1116,9319.2
16384,1117,9315.5
16384,1118,9427.6
16384,1119,9643.2
16384,1120,9606.2
16384,1121,9541.4
16384,1122,9322.8
16384,1123,9618.9
16384,1124,9413.6
16384,1125,9714.0
16384,1126,9456.6
16384,1127,9473.0
16384,1128,9328.3
16384,1129,9422.7
16384,1130,9527.5
16384,1131,9548.7
16384,1132,9448.2
16384,1133,9655.3
16384,1134,9734.0
16384,1135,9606.2
16384,1136,9487.5
16384,1137,9469.4
16384,1138,9654.7
16384,1139,9354.3
16384,1140,9347.6
16384,1141,9747.3
16384,1142,9432.4
16384,1143,9585.0
16384,1144,9555.4
16384,1145,9455.4
16384,1146,9340.4
16384,1147,9588.1
16384,1148,9358.5
16384,1149,9627.4
16384,1150,9693.4
16384,1151,9839.4
16384,1152,9508.1
16384,1153,9370.0
16384,1154,9503.3
16384,1155,9396.1
16384,1156,9538.4
16384,1157,9910.2
16384,1158,9768.5
16384,1159,9650.4
16384,1160,10005.9
16384,1161,9361.6
16384,1162,9447.0
16384,1163,9416.1
16384,1164,9325.2
16384,1165,9845.4
16384,1166,9315.5
16384,1167,9300.4
16384,1168,9561.4
16384,1169,9680.7
16384,1170,9256.2
16384,1171,9775.2
16384,1172,9578.4
16384,1173,9672.8
16384,1174,9565.7
16384,1175,9488.1
16384,1176,9397.9
16384,1177,9533.0
16384,1178,9308.3
16384,1179,9397.3
16384,1180,9329.5
16384,1181,9314.3
16384,1182,9360.4
16384,1183,9766.1
16384,1184,9692.2
16384,1185,9353.7
16384,1186,9557.8
16384,1187,9661.3
16384,1188,9549.9
16384,1189,9500.2
16384,1190,9336.1
16384,1191,9353.1
16384,1192,9443.9
16384,1193,9388.2
16384,1194,9241.7
16384,1195,9742.5
16384,1196,9396.7
16384,1197,9545.1
16384,1198,9534.2
16384,1199,9611.1
16384,1200,9506.9
16384,1201,9587.5
16384,1202,9334.9
16384,1203,9578.4
16384,1204,9431.2
16384,1205,11997.8
16384,1206,9636.5
16384,1207,9715.2
16384,1208,9825.5
16384,1209,9714.6
16384,1210,9433.0
16384,1211,9550.5
16384,1212,9355.5
16384,1213,9462.1
16384,1214,9354.3
16384,1215,9322.2
16384,1216,9519.0
16384,1217,9622.6
16384,1218,9350.1
16384,1219,9539.6
16384,1220,9384.6
16384,1221,9262.2
16384,1222,9197.4
16384,1223,9525.7
16384,1224,9552.9
16384,1225,9556.6
16384,1226,9416.7
16384,1227,9560.2
16384,1228,9379.1
16384,1229,9594.7
16384,1230,9470.0
16384,1231,9433.6
16384,1232,9734.0
16384,1233,9452.4
16384,1234,9310.1
16384,1235,9422.7
16384,1236,9658.3
16384,1237,9640.1
16384,1238,9546.3
16384,1239,9526.9
16384,1240,9372.5
16384,1241,9589.9
16384,1242,9373.7
16384,1243,9938.1
16384,1244,9464.5
16384,1245,9678.9
16384,1246,9288.3
16384,1247,9282.8
16384,1248,9658.3
16384,1249,9583.8
16384,1250,9364.0
16384,1251,9331.9
16384,1252,9364.6
16384,1253,9646.2
16384,1254,9486.9
16384,1255,9356.7
16384,1256,9310.1
16384,1257,9441.5
16384,1258,9279.8
16384,1259,9504.5
16384,1260,9826.7
16384,1261,9465.1
16384,1262,9325.2
16384,1263,9523.9
16384,1264,9376.7
16384,1265,9404.0
16384,1266,9494.2
16384,1267,9407.6
16384,1268,9787.3
16384,1269,9419.7
16384,1270,9585.0
16384,1271,9537.2
16384,1272,9399.7
16384,1273,9351.9
16384,1274,9331.3
16384,1275,9395.5
16384,1276,9792.8
16384,1277,9506.9
16384,1278,9561.4
16384,1279,9392.4
16384,1280,9390.6
16384,1281,9433.6
16384,1282,9779.4
16384,1283,9803.7
16384,1284,9495.4
16384,1285,9344.0
16384,1286,9239.8
16384,1287,9384.0
16384,1288,9513.0
16384,1289,9521.4
16384,1290,9587.5
16384,1291,9634.7
16384,1292,9340.4
16384,1293,9651.7
16384,1294,9607.4
16384,1295,9375.5
16384,1296,9373.1
16384,1297,9297.4
16384,1298,9280.4
16384,1299,9528.1
16384,1300,9611.1
16384,1301,9469.4
16384,1302,9460.3
16384,1303,9451.8
16384,1304,9345.8
16384,1305,9552.9
16384,1306,9519.0
16384,1307,11842.8
16384,1308,9428.2
16384,1309,9622.6
16384,1310,9789.7
16384,1311,9440.9
16384,1312,9526.9
16384,1313,9340.4
16384,1314,9452.4
16384,1315,9395.5
16384,1316,9655.9
16384,1317,9575.3
16384,1318,9644.4
16384,1319,9324.0
16384,1320,9425.2
16384,1321,9415.5
16384,1322,9519.6
16384,1323,9637.7
16384,1324,9398.5
16384,1325,9319.8
16384,1326,9535.4
16384,1327,9688.6
16384,1328,9398.5
16384,1329,9354.3
16384,1330,9298.6
16384,1331,9628.0
16384,1332,9476.0
16384,1333,9399.7
16384,1334,9251.9
16384,1335,9400.9
16384,1336,9299.8
16384,1337,9476.0
16384,1338,9388.8
16384,1339,9499.6
16384,1340,9394.9
16384,1341,9360.4
16384,1342,9344.0
16384,1343,9390.6
16384,1344,9800.6
16384,1345,9455.4
16384,1346,9464.5
16384,1347,9456.0
16384,1348,9577.2
16384,1349,9314.3
16384,1350,9335.5
16384,1351,9620.8
16384,1352,9349.4
16384,1353,9755.8
16384,1354,9844.8
16384,1355,9396.7
16384,1356,9380.9
16384,1357,9406.4
16384,1358,9669.2
16384,1359,9704.9
16384,1360,9368.2
16384,1361,9606.8
16384,1362,9649.2
16384,1363,9637.7
16384,1364,9629.8
16384,1365,9654.7
16384,1366,9258.6
16384,1367,10067.7
16384,1368,9612.3
16384,1369,9370.0
16384,1370,9560.8
16384,1371,9818.2
16384,1372,9309.5
16384,1373,9344.0
16384,1374,9503.3
16384,1375,9603.8
16384,1376,9398.5
16384,1377,9695.9
16384,1378,9456.6
16384,1379,9333.7
16384,1380,9572.9
16384,1381,9409.4
16384,1382,9309.5
16384,1383,9380.3
16384,1384,9776.4
16384,1385,9407.0
16384,1386,9341.6
16384,1387,9537.8
16384,1388,9343.4
16384,1389,9411.2
16384,1390,9485.7
16384,1391,9602.0
16384,1392,9542.6
16384,1393,9712.8
16384,1394,9407.6
16384,1395,9319.2
16384,1396,9572.3
16384,1397,9518.4
16384,1398,9528.1
16384,1399,9600.8
16384,1400,9519.6
16384,1401,9782.5
16384,1402,9354.3
16384,1403,9467.5
16384,1404,10168.8
16384,1405,9552.3
16384,1406,9245.3
16384,1407,9382.2
16384,1408,9571.7
16384,1409,11312.2
16384,1410,9383.4
16384,1411,9356.1
16384,1412,9652.3
16384,1413,9508.1
16384,1414,9438.5
16384,1415,9259.8
16384,1416,9379.1
16384,1417,9347.0
16384,1418,9486.3
16384,1419,9583.2
16384,1420,9259.8
16384,1421,9543.9
16384,1422,9328.9
16384,1423,9333.7
16384,1424,9373.1
16384,1425,9708.0
16384,1426,9575.3
16384,1427,9459.1
16384,1428,9368.8
16384,1429,9679.5
16384,1430,9447.0
16384,1431,9586.8
16384,1432,9371.9
16384,1433,9537.2
16384,1434,9540.2
16384,1435,9402.1
16384,1436,9478.4
16384,1437,10027.7
16384,1438,9717.1
16384,1439,9981.1
16384,1440,10162.2
16384,1441,10116.2
16384,1442,9819.4
16384,1443,10170.1
16384,1444,9870.9
16384,1445,9776.4
16384,1446,9699.5
16384,1447,9945.4
16384,1448,9935.7
16384,1449,9800.0
16384,1450,9798.8
16384,1451,9948.4
16384,1452,9987.8
16384,1453,9971.4
16384,1454,10088.9
16384,1455,9805.5
16384,1456,10006.5
16384,1457,9578.4
16384,1458,9326.4
16384,1459,9370.0
16384,1460,9441.5
16384,1461,9327.6
16384,1462,9429.4
16384,1463,9637.7
16384,1464,9557.2
16384,1465,9344.0
16384,1466,9630.5
16384,1467,9720.1
16384,1468,9357.9
16384,1469,9744.9
16384,1470,9522.0
16384,1471,9883.6
16384,1472,9635.9
16384,1473,9334.9
16384,1474,9366.4
16384,1475,9600.2
16384,1476,9322.8
16384,1477,9537.8
16384,1478,9240.4
16384,1479,9640.7
16384,1480,9619.6
16384,1481,9476.0
16384,1482,9453.6
16384,1483,9761.3
16384,1484,9454.2
16384,1485,9928.4
16384,1486,9289.5
16384,1487,9670.4
16384,1488,9427.6
16384,1489,9657.1
16384,1490,9299.2
16384,1491,9300.4
16384,1492,9507.5
16384,1493,9646.8
16384,1494,9407.0
16384,1495,9748.5
16384,1496,9801.8
16384,1497,9635.9
16384,1498,9221.7
16384,1499,9413.6
16384,1500,9468.1
16384,1501,9578.4
16384,1502,9262.2
16384,1503,9352.5
16384,1504,9658.9
16384,1505,9771.0
16384,1506,9378.5
16384,1507,9342.8
16384,1508,9380.9
16384,1509,9805.5
16384,1510,11207.5
16384,1511,9629.8
16384,1512,10018.0
16384,1513,9385.8
16384,1514,9479.7
16384,1515,9281.6
16384,1516,9226.5
16384,1517,9361.0
16384,1518,9017.6
16384,1519,9235.0
16384,1520,9198.7
16384,1521,9196.2
16384,1522,9271.3
16384,1523,9130.2
16384,1524,9363.4
16384,1525,9176.9
16384,1526,9169.6
16384,1527,9135.7
16384,1528,9365.2
16384,1529,9149.6
16384,1530,9111.4
16384,1531,9122.3
16384,1532,9287.7
16384,1533,9328.9
16384,1534,9383.4
16384,1535,9122.3
16384,1536,9249.5
16384,1537,9083.0
16384,1538,9361.6
16384,1539,9251.3
16384,1540,9067.2
16384,1541,8966.1
16384,1542,9231.4
16384,1543,9319.2
16384,1544,9157.5
16384,1545,9091.5
16384,1546,9081.2
16384,1547,9040.0
16384,1548,9193.2
16384,1549,9281.0
16384,1550,9255.0
16384,1551,9616.5
16384,1552,9394.9
16384,1553,9088.4
16384,1554,9189.6
16384,1555,9239.2
16384,1556,9269.5
16384,1557,9293.1
16384,1558,9073.9
16384,1559,9218.6
16384,1560,9259.8
16384,1561,9265.9
16384,1562,9232.6
16384,1563,9427.0
16384,1564,9231.4
16384,1565,9322.2
16384,1566,8977.0
16384,1567,9752.2
16384,1568,9161.1
16384,1569,9200.5
16384,1570,9058.8
16384,1571,9425.2
16384,1572,9101.8
16384,1573,9296.2
16384,1574,9262.2
16384,1575,9215.6
16384,1576,9281.0
16384,1577,9110.8
16384,1578,9145.4
16384,1579,9339.2
16384,1580,9189.6
16384,1581,9268.9
16384,1582,9137.5
16384,1583,9089.0
16384,1584,9184.1
16384,1585,9046.0
16384,1586,9095.7
16384,1587,9213.8
16384,1588,9198.0
16384,1589,9272.5
16384,1590,9078.1
16384,1591,9110.8
16384,1592,9104.8
16384,1593,9112.7
16384,1594,9397.3
16384,1595,9468.1
16384,1596,9355.5
16384,1597,9060.6
16384,1598,9175.6
16384,1599,9411.2
16384,1600,9548.1
16384,1601,9565.0
16384,1602,9776.4
16384,1603,9529.3
16384,1604,9711.6
16384,1605,9717.7
16384,1606,9512.4
16384,1607,9701.9
16384,1608,9999.9
16384,1609,9462.7
16384,1610,9436.7
16384,1611,9715.8
16384,1612,9491.8
16384,1613,9784.9
16384,1614,10446.2
16384,1615,9885.4
16384,1616,9585.0
16384,1617,9580.8
16384,1618,9376.1
16384,1619,9354.3
16384,1620,9124.8
16384,1621,9298.6
16384,1622,8986.7
16384,1623,9324.0
16384,1624,9560.8
16384,1625,9294.3
16384,1626,9199.9
16384,1627,9483.3
16384,1628,9423.3
16384,1629,9564.4
16384,1630,9033.3
16384,1631,9077.5
16384,1632,9119.3
16384,1633,9171.4
16384,1634,9212.6
16384,1635,9111.4
16384,1636,9170.8
16384,1637,14334.9
16384,1638,8977.6
16384,1639,9045.4
16384,1640,9438.5
16384,1641,9295.6
16384,1642,9037.0
16384,1643,9511.8
16384,1644,9164.7
16384,1645,9250.1
16384,1646,9111.4
16384,1647,9237.4
16384,1648,9117.5
16384,1649,9112.0
16384,1650,9084.8
16384,1651,9271.3
16384,1652,9224.7
16384,1653,9595.3
16384,1654,9196.2
16384,1655,9115.7
16384,1656,9466.9
16384,1657,9267.1
16384,1658,9037.0
16384,1659,9083.0
16384,1660,9266.5
16384,1661,9291.3
16384,1662,9508.7
16384,1663,9503.9
16384,1664,9582.0
16384,1665,9683.7
16384,1666,9679.5
16384,1667,10107.7
16384,1668,9680.7
16384,1669,9647.4
16384,1670,9433.0
16384,1671,9647.4
16384,1672,9975.7
16384,1673,9468.8
16384,1674,9480.3
16384,1675,9634.7
16384,1676,9933.3
16384,1677,9999.3
16384,1678,9534.8
16384,1679,9768.5
16384,1680,9799.4
16384,1681,9555.4
16384,1682,9665.0
16384,1683,9642.6
16384,1684,9654.7
16384,1685,9602.0
16384,1686,9335.5
16384,1687,9232.0
16384,1688,9337.3
16384,1689,9097.5
16384,1690,9248.9
16384,1691,9263.5
16384,1692,9155.0
16384,1693,9279.2
16384,1694,9284.0
16384,1695,9112.7
16384,1696,9405.2
16384,1697,9259.8
16384,1698,9031.5
16384,1699,9143.5
16384,1700,9298.6
16384,1701,9085.4
16384,1702,9052.7
16384,1703,9201.1
16384,1704,9206.5
16384,1705,9014.5
16384,1706,9427.6
16384,1707,9385.8
16384,1708,9374.3
16384,1709,8993.3
16384,1710,9119.9
16384,1711,9062.4
16384,1712,9248.9
16384,1713,9373.1
16384,1714,9171.4
16384,1715,9159.3
16384,1716,9439.1
16384,1717,9252.6
16384,1718,11361.3
16384,1719,9253.2
16384,1720,9369.4
16384,1721,9493.6
16384,1722,9158.7
16384,1723,9300.4
16384,1724,9253.8
16384,1725,9159.9
16384,1726,9221.7
16384,1727,9264.1
16384,1728,9279.8
16384,1729,9189.6
16384,1730,9378.5
16384,1731,9403.3
16384,1732,9289.5
16384,1733,9173.8
16384,1734,9331.3
16384,1735,9024.2
16384,1736,9247.7
16384,1737,9273.7
16384,1738,9004.9
16384,1739,9118.1
16384,1740,9163.5
16384,1741,9380.9
16384,1742,9526.9
16384,1743,9212.0
16384,1744,9115.1
16384,1745,9080.0
16384,1746,9044.2
16384,1747,9296.8
16384,1748,9196.8
16384,1749,9098.1
16384,1750,9648.0
16384,1751,9652.9
16384,1752,9655.3
16384,1753,9519.0
16384,1754,9642.6
16384,1755,9838.2
16384,1756,9617.7
16384,1757,9870.3
16384,1758,9921.1
16384,1759,9607.4
16384,1760,9552.9
16384,1761,9778.2
16384,1762,9500.9
16384,1763,9711.0
16384,1764,9941.1
16384,1765,9810.3
16384,1766,9483.9
16384,1767,9711.0
16384,1768,9583.2
16384,1769,9592.3
16384,1770,9528.7
16384,1771,9602.0
16384,1772,9620.8
16384,1773,10000.5
16384,1774,9480.9
16384,1775,9290.1
16384,1776,9147.2
16384,1777,9125.4
16384,1778,9021.2
16384,1779,9492.4
16384,1780,9097.5
16384,1781,9250.7
16384,1782,9534.2
16384,1783,9155.0
16384,1784,9017.6
16384,1785,9273.7
16384,1786,9110.8
16384,1787,9067.2
16384,1788,9319.8
16384,1789,9093.3
16384,1790,9172.6
16384,1791,9326.4
16384,1792,9450.0
16384,1793,9292.5
16384,1794,9168.4
16384,1795,9158.1
16384,1796,9118.1
16384,1797,9348.2
16384,1798,9150.2
16384,1799,9210.2
16384,1800,9345.8
16384,1801,9064.2
16384,1802,8955.2
16384,1803,9350.7
16384,1804,9101.1
16384,1805,9305.2
16384,1806,9003.6
16384,1807,9503.3
16384,1808,9193.2
16384,1809,9086.6
16384,1810,9251.9
16384,1811,9058.1
16384,1812,9485.1
16384,1813,9165.3
16384,1814,9477.8
16384,1815,9291.3
16384,1816,9142.9
16384,1817,9092.7
16384,1818,9205.3
16384,1819,9720.7
16384,1820,9834.5
16384,1821,10996.7
16384,1822,9654.7
16384,1823,9537.8
16384,1824,9741.9
16384,1825,10039.2
16384,1826,9772.2
16384,1827,9565.7
16384,1828,9685.0
16384,1829,9540.8
16384,1830,9685.6
16384,1831,9804.3
16384,1832,9679.5
16384,1833,9889.7
16384,1834,9557.2
16384,1835,10085.9
16384,1836,9817.6
16384,1837,9482.7
16384,1838,9586.8
16384,1839,9476.0
16384,1840,10234.2
16384,1841,9574.7
16384,1842,9497.2
16384,1843,9754.6
16384,1844,9124.8
16384,1845,9043.0
16384,1846,9325.8
16384,1847,8997.6
16384,1848,9285.9
16384,1849,9169.6
16384,1850,9227.1
16384,1851,9214.4
16384,1852,9380.9
16384,1853,9276.2
16384,1854,9081.8
16384,1855,9253.2
16384,1856,9278.6
16384,1857,9348.8
16384,1858,9185.3
16384,1859,9112.7
16384,1860,9397.3
16384,1861,9020.0
16384,1862,9038.2
16384,1863,9088.4
16384,1864,9339.2
16384,1865,9170.2
16384,1866,9301.6
16384,1867,9283.4
16384,1868,8952.2
16384,1869,9177.5
16384,1870,9001.2
16384,1871,8967.9
16384,1872,9027.3
16384,1873,9192.6
16384,1874,9252.6
16384,1875,9095.1
16384,1876,9040.0
16384,1877,9121.7
16384,1878,9307.1
16384,1879,9167.8
16384,1880,9046.6
16384,1881,9178.7
16384,1882,9035.7
16384,1883,9084.2
16384,1884,9186.5
16384,1885,9204.1
16384,1886,9095.1
16384,1887,9185.3
16384,1888,9052.7
16384,1889,9497.2
16384,1890,8953.4
16384,1891,9095.1
16384,1892,9438.5
16384,1893,9149.6
16384,1894,9155.7
16384,1895,8953.4
16384,1896,9413.6
16384,1897,9026.1
16384,1898,9141.1
16384,1899,9219.8
16384,1900,9187.1
16384,1901,9080.0
16384,1902,9251.3
16384,1903,9229.5
16384,1904,9066.6
16384,1905,9351.9
16384,1906,9112.0
16384,1907,9324.6
16384,1908,9101.8
16384,1909,9102.4
16384,1910,9264.1
16384,1911,9123.0
16384,1912,9259.2
16384,1913,8959.4
16384,1914,9063.6
16384,1915,9112.0
16384,1916,9275.6
16384,1917,9013.3
16384,1918,9028.5
16384,1919,9077.5
16384,1920,9196.8
16384,1921,9080.6
16384,1922,9021.8
16384,1923,9204.7
16384,1924,9053.3
16384,1925,9235.0
16384,1926,9949.0
16384,1927,9206.5
16384,1928,9169.0
16384,1929,9345.2
16384,1930,9103.6
16384,1931,9498.4
16384,1932,9478.4
16384,1933,9293.1
16384,1934,9063.0
16384,1935,9115.7
16384,1936,9064.2
16384,1937,9113.9
16384,1938,9393.1
16384,1939,9666.8
16384,1940,9184.1
16384,1941,9215.6
16384,1942,9009.7
16384,1943,9043.0
16384,1944,9101.8
16384,1945,9187.1
16384,1946,9223.5
16384,1947,9339.8
16384,1948,9341.6
16384,1949,9368.8
16384,1950,9059.4
16384,1951,9461.5
16384,1952,9254.4
16384,1953,9126.6
16384,1954,9059.4
16384,1955,9224.1
16384,1956,9574.7
16384,1957,9341.6
16384,1958,9644.4
16384,1959,9408.2
16384,1960,9646.8
16384,1961,9730.4
16384,1962,9479.1
16384,1963,9296.8
16384,1964,9280.4
16384,1965,9505.7
16384,1966,9297.4
16384,1967,9258.0
16384,1968,9333.7
16384,1969,9394.9
16384,1970,9225.3
16384,1971,9362.2
16384,1972,9374.9
16384,1973,9365.8
16384,1974,9634.7
16384,1975,9327.6
16384,1976,9423.9
16384,1977,9483.3
16384,1978,9273.7
16384,1979,9590.5
16384,1980,9502.1
16384,1981,9348.2
16384,1982,9276.2
16384,1983,9262.2
16384,1984,9387.0
16384,1985,9651.7
16384,1986,10068.9
16384,1987,9620.8
16384,1988,9811.5
16384,1989,9817.0
16384,1990,9959.3
16384,1991,9781.9
16384,1992,10424.4
16384,1993,9772.8
16384,1994,10166.4
16384,1995,10085.9
16384,1996,9739.5
16384,1997,10111.3
16384,1998,9709.2
16384,1999,10038.0
65536,0,26507.7
65536,1,25765.2
65536,2,25997.7
65536,3,26061.3
65536,4,25876.0
65536,5,26020.2
65536,6,26135.8
65536,7,26079.5
65536,8,25998.3
65536,9,26040.1
65536,10,26041.3
65536,11,25880.9
65536,12,25969.9
65536,13,25975.9
65536,14,26003.2
65536,15,25785.8
65536,16,25914.8
65536,17,26016.5
65536,18,26098.3
65536,19,26209.1
65536,20,27014.0
65536,21,27370.1
65536,22,27450.6
65536,23,27363.4
65536,24,27390.7
65536,25,28811.4
65536,26,27499.7
65536,27,27316.2
65536,28,27475.4
65536,29,27094.5
65536,30,26077.7
65536,31,27349.5
65536,32,27597.8
65536,33,30640.4
65536,34,28409.3
65536,35,27138.1
65536,36,26327.2
65536,37,26184.9
65536,38,26264.2
65536,39,26162.5
65536,40,26137.0
65536,41,26327.8
65536,42,26046.8
65536,43,25979.6
65536,44,25946.9
65536,45,25861.5
65536,46,25991.7
65536,47,25840.3
65536,48,26923.1
65536,49,26231.5
65536,50,25992.9
65536,51,26026.8
65536,52,26035.9
65536,53,26283.0
65536,54,25948.7
65536,55,26032.3
65536,56,25991.7
65536,57,25999.0
65536,58,25925.1
65536,59,26126.1
65536,60,26003.2
65536,61,26008.0
65536,62,27153.9
65536,63,26059.5
65536,64,26158.2
65536,65,26131.0
65536,66,26064.4
65536,67,27223.5
65536,68,27471.8
65536,69,27458.5
65536,70,27373.1
65536,71,27417.9
65536,72,27353.7
65536,73,27293.1
65536,74,27447.0
65536,75,26867.4
65536,76,26177.0
65536,77,25932.9
65536,78,26180.0
65536,79,25940.8
65536,80,25753.1
65536,81,25825.1
65536,82,26123.1
65536,83,25934.8
65536,84,25802.1
65536,85,25932.9
65536,86,25839.7
65536,87,25953.5
65536,88,26063.8
65536,89,25968.7
65536,90,25975.3
65536,91,25916.6
65536,92,25850.6
65536,93,25864.5
65536,94,25883.9
65536,95,26071.0
65536,96,26020.8
65536,97,25939.6
65536,98,25853.0
65536,99,26057.7
65536,100,27049.1
65536,101,26071.0
65536,102,25814.8
65536,103,25981.4
65536,104,26012.3
65536,105,26122.5
65536,106,25837.3
65536,107,25856.6
65536,108,25934.2
65536,109,25896.0
65536,110,26197.0
65536,111,25891.2
65536,112,25869.4
65536,113,26190.3
65536,114,26307.8
65536,115,26028.6
65536,116,26008.6
65536,117,26124.3
65536,118,26022.0
65536,119,26001.4
65536,120,26038.3
65536,121,25943.2
65536,122,26187.3
65536,123,27181.7
65536,124,27712.8
65536,125,27663.2
65536,126,27471.2
65536,127,27631.7
65536,128,27682.0
65536,129,27335.5
65536,130,26101.9
65536,131,26106.8
65536,132,26104.3
65536,133,26180.0
65536,134,26246.7
65536,135,25886.9
65536,136,25994.1
65536,137,26803.2
65536,138,26405.3
65536,139,25921.4
65536,140,25968.1
65536,141,26046.8
65536,142,26099.5
65536,143,25827.6
65536,144,25823.3
65536,145,26261.2
65536,146,26053.5
65536,147,26124.9
65536,148,25889.3
65536,149,26373.8
65536,150,26080.7
65536,151,27562.6
65536,152,27474.8
65536,153,27505.7
65536,154,27558.4
65536,155,27520.9
65536,156,27440.9
65536,157,27511.2
65536,158,27572.9
65536,159,25982.6
65536,160,26034.1
65536,161,26054.7
65536,162,26106.8
65536,163,25990.5
65536,164,25827.0
65536,165,26015.9
65536,166,25916.0
65536,167,25948.7
65536,168,25966.9
65536,169,25956.6
65536,170,26212.7
65536,171,25935.4
65536,172,26125.5
65536,173,25957.8
65536,174,26121.9
65536,175,26866.8
65536,176,25913.6
65536,177,26124.3
65536,178,25806.4
65536,179,26138.2
65536,180,26101.9
65536,181,26028.6
65536,182,26170.9
65536,183,25928.1
65536,184,26010.5
65536,185,26074.7
65536,186,25922.0
65536,187,25932.9
65536,188,26306.0
65536,189,25932.9
65536,190,25786.4
65536,191,25986.8
65536,192,26123.7
65536,193,25817.9
65536,194,25945.1
65536,195,26037.7
65536,196,26000.2
65536,197,26331.4
65536,198,25866.9
65536,199,25760.3
65536,200,25919.6
65536,201,25818.5
65536,202,26181.9
65536,203,25843.3
65536,204,25968.1
65536,205,26152.2
65536,206,26224.8
65536,207,25966.9
65536,208,25979.0
65536,209,26246.7
65536,210,26011.1
65536,211,25841.5
65536,212,25786.4
65536,213,28744.2
65536,214,25960.2
65536,215,26238.2
65536,216,26105.5
65536,217,26144.9
65536,218,25952.3
65536,219,25810.0
65536,220,26027.4
65536,221,25880.9
65536,222,25860.3
65536,223,26128.0
65536,224,26085.6
65536,225,26022.6
65536,226,26050.4
65536,227,25898.4
65536,228,25996.5
65536,229,26241.8
65536,230,25928.7
65536,231,26052.2
65536,232,25963.8
65536,233,25854.8
65536,234,26243.6
65536,235,25909.9
65536,236,25960.2
65536,237,25808.2
65536,238,25884.5
65536,239,25994.7
65536,240,26008.0
65536,241,26065.6
65536,242,25959.0
65536,243,26147.9
65536,244,26115.8
65536,245,26174.6
65536,246,25918.4
65536,247,26025.0
65536,248,25806.4
65536,249,25759.7
65536,250,26012.3
65536,251,27115.1
65536,252,26135.8
65536,253,26402.3
65536,254,27427.0
65536,255,27505.7
65536,256,27602.6
65536,257,28711.5
65536,258,28884.7
65536,259,29130.0
65536,260,29014.9
65536,261,29084.6
65536,262,29127.6
65536,263,27185.4
65536,264,26319.9
65536,265,26458.0
65536,266,27565.1
65536,267,27617.8
65536,268,27665.0
65536,269,26108.6
65536,270,26033.5
65536,271,26114.0
65536,272,26115.2
65536,273,26118.3
65536,274,26111.0
65536,275,26157.6
65536,276,26163.1
65536,277,26133.4
65536,278,26203.0
65536,279,26306.6
65536,280,26514.9
65536,281,27417.9
65536,282,27563.3
65536,283,27538.4
65536,284,27815.2
65536,285,27454.8
65536,286,27595.4
65536,287,30884.4
65536,288,26635.5
65536,289,26152.8
65536,290,26192.1
65536,291,26293.3
65536,292,26057.1
65536,293,26212.1
65536,294,25945.7
65536,295,26071.6
65536,296,26121.3
65536,297,26052.2
65536,298,26083.7
65536,299,26113.4
65536,300,26106.8
65536,301,25928.1
65536,302,26402.9
65536,303,26132.2
65536,304,26114.0
65536,305,26158.8
65536,306,26111.6
65536,307,26359.9
65536,308,26186.7
65536,309,26040.7
65536,310,26107.4
65536,311,26241.2
65536,312,25961.4
65536,313,25987.4
65536,314,26286.6
65536,315,26163.1
65536,316,26389.6
65536,317,26255.1
65536,318,26043.2
65536,319,26071.6
65536,320,26264.8
65536,321,25994.1
65536,322,25923.9
65536,323,26286.6
65536,324,26019.5
65536,325,27663.8
65536,326,26361.1
65536,327,25945.7
65536,328,26042.6
65536,329,26273.9
65536,330,26217.0
65536,331,25967.5
65536,332,26183.1
65536,333,25950.5
65536,334,26270.3
65536,335,26186.7
65536,336,27233.2
65536,337,27693.5
65536,338,27526.9
65536,339,27806.1
65536,340,27513.6
65536,341,27588.7
65536,342,27538.4
65536,343,27576.0
65536,344,27468.8
65536,345,27659.5
65536,346,26272.7
65536,347,27388.2
65536,348,27563.3
65536,349,27493.6
65536,350,27629.3
65536,351,26463.5
65536,352,26112.8
65536,353,26179.4
65536,354,26186.7
65536,355,26109.8
65536,356,25971.1
65536,357,26275.7
65536,358,26084.3
65536,359,26092.2
65536,360,26034.7
65536,361,26107.4
65536,362,27143.6
65536,363,26304.8
65536,364,26092.2
65536,365,26060.1
65536,366,26023.2
65536,367,26123.7
65536,368,25989.9
65536,369,26017.7
65536,370,26011.7
65536,371,26177.6
65536,372,26235.7
65536,373,26172.2
65536,374,26245.4
65536,375,26235.7
65536,376,26051.0
65536,377,26073.4
65536,378,26221.2
65536,379,26075.3
65536,380,26124.3
65536,381,26250.9
65536,382,26090.4
65536,383,26095.9
65536,384,26071.6
65536,385,26074.1
65536,386,26091.0
65536,387,25921.4
65536,388,25994.7
65536,389,26133.4
65536,390,26116.4
65536,391,26148.5
65536,392,25898.4
65536,393,26129.8
65536,394,26222.4
65536,395,26038.9
65536,396,26138.9
65536,397,26077.7
65536,398,26311.5
65536,399,26789.9
65536,400,26181.9
65536,401,26149.1
65536,402,26003.2
65536,403,25966.9
65536,404,26138.9
65536,405,26369.0
65536,406,25885.1
65536,407,25716.7
65536,408,25508.4
65536,409,25719.2
65536,410,25602.9
65536,411,25454.5
65536,412,25592.6
65536,413,25535.7
65536,414,25479.9
65536,415,25370.3
65536,416,25589.6
65536,417,25444.2
65536,418,25476.3
65536,419,25759.7
65536,420,25409.7
65536,421,25583.5
65536,422,25587.1
65536,423,25540.5
65536,424,25523.5
65536,425,25490.8
65536,426,25429.7
65536,427,25653.2
65536,428,25540.5
65536,429,25438.2
65536,430,25745.2
65536,431,25444.8
65536,432,25527.8
65536,433,25720.4
65536,434,25598.0
65536,435,27181.1
65536,436,27081.2
65536,437,27244.1
65536,438,27915.1
65536,439,27127.2
65536,440,27021.8
65536,441,26916.5
65536,442,27169.0
65536,443,25567.8
65536,444,25513.3
65536,445,25698.0
65536,446,25547.2
65536,447,25471.5
65536,448,25616.8
65536,449,25374.0
65536,450,25391.5
65536,451,25608.9
65536,452,25495.7
65536,453,25558.7
65536,454,25371.5
65536,455,25645.9
65536,456,25540.5
65536,457,25562.9
65536,458,25446.6
65536,459,25347.3
65536,460,25458.1
65536,461,25441.8
65536,462,25524.8
65536,463,25421.8
65536,464,25572.0
65536,465,25386.7
65536,466,25606.5
65536,467,25618.0
65536,468,25633.2
65536,469,25589.0
65536,470,27144.2
65536,471,27109.0
65536,472,27157.5
65536,473,27124.8
65536,474,27125.4
65536,475,26903.7
65536,476,28038.1
65536,477,26921.3
65536,478,27225.9
65536,479,26293.3
65536,480,25865.1
65536,481,26983.7
65536,482,27046.7
65536,483,27172.6
65536,484,26965.5
65536,485,25753.7
65536,486,25398.8
65536,487,25612.6
65536,488,25441.8
65536,489,25489.0
65536,490,25721.0
65536,491,25589.0
65536,492,25711.3
65536,493,25565.9
65536,494,25445.4
65536,495,25522.3
65536,496,25408.5
65536,497,25391.5
65536,498,25537.5
65536,499,25662.2
65536,500,25490.2
65536,501,25816.7
65536,502,25637.4
65536,503,25615.0
65536,504,25719.2
65536,505,25458.1
65536,506,25555.6
65536,507,25427.9
65536,508,25672.5
65536,509,25462.4
65536,510,25611.4
65536,511,25549.0
65536,512,25489.0
65536,513,25462.4
65536,514,26360.5
65536,515,25567.2
65536,516,25620.4
65536,517,25703.4
65536,518,25511.4
65536,519,25410.3
65536,520,25569.0
65536,521,25489.6
65536,522,25463.0
65536,523,25521.1
65536,524,25618.6
65536,525,25604.7
65536,526,25724.6
65536,527,26803.8
65536,528,27182.9
65536,529,27122.4
65536,530,26922.5
65536,531,26995.8
65536,532,26948.6
65536,533,26949.2
65536,534,26001.4
65536,535,25629.5
65536,536,25427.3
65536,537,25316.4
65536,538,25767.6
65536,539,25717.3
65536,540,25648.3
65536,541,25358.8
65536,542,25463.6
65536,543,25454.5
65536,544,25652.5
65536,545,25917.2
65536,546,25458.1
65536,547,25630.7
65536,548,25501.1
65536,549,25415.8
65536,550,25437.6
65536,551,25613.8
65536,552,26893.4
65536,553,26876.5
65536,554,27126.0
65536,555,26855.9
65536,556,26975.8
65536,557,27145.4
65536,558,26943.7
65536,559,26949.2
65536,560,26924.9
65536,561,26025.6
65536,562,25515.1
65536,563,25796.1
65536,564,27478.5
65536,565,27511.8
65536,566,27519.6
65536,567,27438.5
65536,568,27442.1
65536,569,27465.7
65536,570,27586.3
65536,571,26984.9
65536,572,25913.6
65536,573,25837.9
65536,574,26065.0
65536,575,26022.0
65536,576,25959.0
65536,577,25899.0
65536,578,25754.3
65536,579,26049.2
65536,580,25724.0
65536,581,25925.1
65536,582,25906.3
65536,583,25926.3
65536,584,25999.0
65536,585,26031.7
65536,586,25957.8
65536,587,25922.6
65536,588,26090.4
65536,589,28247.0
65536,590,27572.9
65536,591,27542.1
65536,592,27343.4
65536,593,27428.2
65536,594,27403.4
65536,595,27348.3
65536,596,27655.3
65536,597,27456.7
65536,598,25711.3
65536,599,25803.3
65536,600,25854.8
65536,601,25910.5
65536,602,25989.3
65536,603,25891.8
65536,604,25931.7
65536,605,25788.2
65536,606,25976.5
65536,607,26011.1
65536,608,25879.6
65536,609,25745.2
65536,610,25829.4
65536,611,25978.4
65536,612,25974.7
65536,613,26004.4
65536,614,25784.0
65536,615,26018.3
65536,616,25888.7
65536,617,25833.0
65536,618,26132.2
65536,619,25958.4
65536,620,26032.3
65536,621,25844.5
65536,622,26029.2
65536,623,25829.4
65536,624,25914.2
65536,625,25982.6
65536,626,25754.3
65536,627,27576.0
65536,628,26005.0
65536,629,26124.3
65536,630,26030.4
65536,631,25858.5
65536,632,25915.4
65536,633,25790.6
65536,634,26062.5
65536,635,26009.3
65536,636,26098.3
65536,637,25895.4
65536,638,25816.1
65536,639,25877.8
65536,640,26021.4
65536,641,25863.9
65536,642,26004.4
65536,643,25827.0
65536,644,25955.4
65536,645,25897.2
65536,646,25896.0
65536,647,25896.6
65536,648,26035.3
65536,649,25777.3
65536,650,25999.6
65536,651,25820.3
65536,652,25897.8
65536,653,25951.1
65536,654,26152.2
65536,655,25881.5
65536,656,25822.1
65536,657,25887.5
65536,658,25874.2
65536,659,26011.1
65536,660,25907.5
65536,661,25748.2
65536,662,25609.5
65536,663,25934.8
65536,664,25837.9
65536,665,27436.7
65536,666,26210.3
65536,667,26355.1
65536,668,26044.4
65536,669,26016.5
65536,670,25969.9
65536,671,25756.7
65536,672,25914.8
65536,673,25933.5
65536,674,25766.4
65536,675,25953.5
65536,676,25828.2
65536,677,25916.0
65536,678,25911.7
65536,679,25874.8
65536,680,25890.6
65536,681,25850.0
65536,682,26062.5
65536,683,25798.5
65536,684,25953.5
65536,685,25945.1
65536,686,26114.6
65536,687,25985.6
65536,688,25837.9
65536,689,25914.2
65536,690,26089.8
65536,691,26072.2
65536,692,25821.5
65536,693,25901.5
65536,694,25873.0
65536,695,26104.3
65536,696,25827.6
65536,697,25911.7
65536,698,25903.9
65536,699,27384.0
65536,700,25976.5
65536,701,25845.7
65536,702,26075.3
65536,703,27181.7
65536,704,26135.2
65536,705,25833.6
65536,706,26012.3
65536,707,26077.1
65536,708,25850.0
65536,709,26018.9
65536,710,25954.1
65536,711,25830.0
65536,712,26000.8
65536,713,26209.7
65536,714,25989.3
65536,715,25880.3
65536,716,25980.2
65536,717,25848.2
65536,718,26028.0
65536,719,26005.0
65536,720,25813.0
65536,721,25929.3
65536,722,25827.6
65536,723,26051.6
65536,724,26071.6
65536,725,26164.9
65536,726,26059.5
65536,727,26104.3
65536,728,25909.9
65536,729,26005.6
65536,730,26051.0
65536,731,26304.8
65536,732,27723.1
65536,733,27585.7
65536,734,27587.5
65536,735,27571.7
65536,736,27720.1
65536,737,27510.6
65536,738,27491.2
65536,739,25937.2
65536,740,25991.1
65536,741,27345.8
65536,742,26190.9
65536,743,26078.3
65536,744,25896.6
65536,745,26009.3
65536,746,26163.1
65536,747,26160.7
65536,748,25925.7
65536,749,25955.4
65536,750,26209.1
65536,751,25855.4
65536,752,25993.5
65536,753,26066.2
65536,754,26022.6
65536,755,26066.2
65536,756,25797.3
65536,757,25942.6
65536,758,26009.9
65536,759,26081.9
65536,760,26845.0
65536,761,27370.7
65536,762,27509.4
65536,763,27556.6
65536,764,27525.7
65536,765,27460.3
65536,766,27543.3
65536,767,27400.9
65536,768,26374.4
65536,769,25985.0
65536,770,25939.0
65536,771,26099.5
65536,772,25961.4
65536,773,26178.2
65536,774,25798.5
65536,775,25971.7
65536,776,26069.2
65536,777,25974.1
65536,778,27124.2
65536,779,26005.6
65536,780,26070.4
65536,781,25885.1
65536,782,26065.0
65536,783,25919.6
65536,784,25833.0
65536,785,26125.5
65536,786,25911.7
65536,787,26093.4
65536,788,26129.2
65536,789,27495.4
65536,790,27534.8
65536,791,27521.5
65536,792,27440.3
65536,793,27404.0
65536,794,27675.3
65536,795,27649.9
65536,796,27666.2
65536,797,27424.6
65536,798,26465.3
65536,799,26124.9
65536,800,27636.5
65536,801,27384.0
65536,802,27419.1
65536,803,27339.2
65536,804,25935.4
65536,805,26330.2
65536,806,26003.2
65536,807,25837.3
65536,808,25956.0
65536,809,26084.3
65536,810,25917.8
65536,811,26008.0
65536,812,26063.8
65536,813,25933.5
65536,814,26025.0
65536,815,26892.2
65536,816,25971.7
65536,817,26175.8
65536,818,25904.5
65536,819,26055.3
65536,820,25993.5
65536,821,26033.5
65536,822,25932.9
65536,823,26247.9
65536,824,25898.4
65536,825,25889.9
65536,826,25934.8
65536,827,26063.2
65536,828,26136.4
65536,829,25763.4
65536,830,25921.4
65536,831,26045.0
65536,832,26218.8
65536,833,26236.4
65536,834,25949.9
65536,835,25944.5
65536,836,25904.5
65536,837,26060.7
65536,838,25919.6
65536,839,26082.5
65536,840,26060.7
65536,841,25873.0
65536,842,26026.2
65536,843,25842.1
65536,844,25942.0
65536,845,25938.4
65536,846,26068.6
65536,847,26004.4
65536,848,25845.1
65536,849,25923.3
65536,850,25972.3
65536,851,26210.3
65536,852,26017.7
65536,853,26721.5
65536,854,26189.7
65536,855,26175.8
65536,856,26031.7
65536,857,26074.7
65536,858,26023.2
65536,859,25908.1
65536,860,26103.1
65536,861,26096.5
65536,862,25940.8
65536,863,26063.2
65536,864,26179.4
65536,865,25997.1
65536,866,25965.6
65536,867,26135.2
65536,868,26062.5
65536,869,26215.2
65536,870,25911.1
65536,871,25957.2
65536,872,26027.4
65536,873,26150.4
65536,874,26206.7
65536,875,26177.0
65536,876,26106.8
65536,877,26022.0
65536,878,26321.1
65536,879,26032.3
65536,880,26045.0
65536,881,26075.3
65536,882,25952.9
65536,883,26061.3
65536,884,26083.7
65536,885,26085.6
65536,886,26229.7
65536,887,26060.7
65536,888,26086.8
65536,889,25903.9
65536,890,26043.8
65536,891,26941.9
65536,892,26312.7
65536,893,26145.5
65536,894,25847.6
65536,895,25507.2
65536,896,25340.7
65536,897,25522.3
65536,898,25629.5
65536,899,25666.5
65536,900,26831.7
65536,901,26960.7
65536,902,27015.8
65536,903,27086.6
65536,904,27127.8
65536,905,28272.4
65536,906,28576.4
65536,907,28503.2
65536,908,28435.9
65536,909,27189.0
65536,910,27390.0
65536,911,28397.2
65536,912,27400.3
65536,913,26213.3
65536,914,25563.5
65536,915,25656.2
65536,916,25552.0
65536,917,25518.7
65536,918,25489.0
65536,919,25558.1
65536,920,25520.5
65536,921,25606.5
65536,922,25523.5
65536,923,25350.9
65536,924,25585.3
65536,925,25331.0
65536,926,25592.0
65536,927,25402.4
65536,928,25573.8
65536,929,28357.8
65536,930,25587.7
65536,931,25551.4
65536,932,25446.6
65536,933,25719.8
65536,934,25409.7
65536,935,25403.0
65536,936,25542.3
65536,937,25324.9
65536,938,25516.3
65536,939,25549.6
65536,940,25591.4
65536,941,25558.1
65536,942,25570.2
65536,943,25503.0
65536,944,25434.5
65536,945,25377.0
65536,946,26130.4
65536,947,27096.9
65536,948,26955.8
65536,949,26974.0
65536,950,26906.8
65536,951,27085.4
65536,952,27042.4
65536,953,27032.7
65536,954,26877.7
65536,955,26862.0
65536,956,25820.3
65536,957,25679.2
65536,958,26866.2
65536,959,26847.4
65536,960,27167.8
65536,961,27150.2
65536,962,25675.0
65536,963,25607.1
65536,964,25570.2
65536,965,25499.3
65536,966,26680.3
65536,967,25566.5
65536,968,25658.0
65536,969,25593.2
65536,970,25665.3
65536,971,25591.4
65536,972,25467.2
65536,973,25296.4
65536,974,25487.8
65536,975,25464.2
65536,976,25475.7
65536,977,25405.5
65536,978,25479.3
65536,979,25574.4
65536,980,25651.3
65536,981,25618.6
65536,982,25363.7
65536,983,25565.9
65536,984,25517.5
65536,985,25362.5
65536,986,25628.3
65536,987,25430.9
65536,988,25605.9
65536,989,25417.0
65536,990,25404.8
65536,991,25547.2
65536,992,25495.7
65536,993,25495.7
65536,994,25493.3
65536,995,25355.8
65536,996,25542.3
65536,997,25632.6
65536,998,25559.9
65536,999,25550.8
65536,1000,25525.4
65536,1001,25385.5
65536,1002,25512.6
65536,1003,25358.8
65536,1004,25610.8
65536,1005,26271.5
65536,1006,25567.8
65536,1007,25455.1
65536,1008,25522.3
65536,1009,25546.6
65536,1010,25422.4
65536,1011,25734.3
65536,1012,25456.3
65536,1013,25419.4
65536,1014,25453.9
65536,1015,25627.7
65536,1016,25696.1
65536,1017,25562.9
65536,1018,25586.5
65536,1019,25548.4
65536,1020,25612.0
65536,1021,25533.2
65536,1022,25592.6
65536,1023,25476.9
65536,1024,25399.4
65536,1025,25516.9
65536,1026,25572.0
65536,1027,25687.1
65536,1028,25468.4
65536,1029,27085.4
65536,1030,26916.5
65536,1031,27092.7
65536,1032,26755.4
65536,1033,26788.1
65536,1034,27148.4
65536,1035,27073.3
65536,1036,26186.7
65536,1037,25367.9
65536,1038,25550.2
65536,1039,25555.0
65536,1040,25690.7
65536,1041,25572.6
65536,1042,25432.1
65536,1043,26566.4
65536,1044,25633.8
65536,1045,25499.3
65536,1046,25558.7
65536,1047,25707.7
65536,1048,27072.7
65536,1049,26981.9
65536,1050,27130.2
65536,1051,27120.6
65536,1052,27239.3
65536,1053,27045.5
65536,1054,27763.1
65536,1055,27559.6
65536,1056,27439.1
65536,1057,26191.5
65536,1058,25923.3
65536,1059,26229.7
65536,1060,27313.7
65536,1061,27605.0
65536,1062,27229.0
65536,1063,25975.3
65536,1064,25842.7
65536,1065,25753.7
65536,1066,25895.4
65536,1067,25886.9
65536,1068,25938.4
65536,1069,25823.9
65536,1070,25939.0
65536,1071,25876.6
65536,1072,26035.3
65536,1073,26062.5
65536,1074,25839.7
65536,1075,25924.5
65536,1076,25933.5
65536,1077,25886.9
65536,1078,25900.2
65536,1079,25936.6
65536,1080,25863.9
65536,1081,27348.9
65536,1082,25980.2
65536,1083,25861.5
65536,1084,25927.5
65536,1085,25939.0
65536,1086,25917.2
65536,1087,25831.2
65536,1088,25949.3
65536,1089,25853.0
65536,1090,25835.4
65536,1091,26063.8
65536,1092,25811.2
65536,1093,25878.4
65536,1094,25910.5
65536,1095,25925.1
65536,1096,25976.5
65536,1097,25788.8
65536,1098,25879.6
65536,1099,25823.3
65536,1100,25888.1
65536,1101,25848.2
65536,1102,25835.4
65536,1103,25682.2
65536,1104,25752.5
65536,1105,25718.0
65536,1106,26117.0
65536,1107,26003.8
65536,1108,25865.1
65536,1109,25937.2
65536,1110,25988.7
65536,1111,25991.7
65536,1112,25796.1
65536,1113,25945.7
65536,1114,25849.4
65536,1115,25650.1
65536,1116,25931.7
65536,1117,25759.1
65536,1118,26016.5
65536,1119,27161.1
65536,1120,26092.2
65536,1121,25654.4
65536,1122,25905.1
65536,1123,26042.6
65536,1124,25750.7
65536,1125,26017.7
65536,1126,25927.5
65536,1127,25932.9
65536,1128,25920.2
65536,1129,25917.2
65536,1130,26108.0
65536,1131,25872.4
65536,1132,27380.4
65536,1133,27354.3
65536,1134,27565.1
65536,1135,27349.5
65536,1136,27471.8
65536,1137,27592.3
65536,1138,27400.9
65536,1139,27354.9
65536,1140,27363.4
65536,1141,26447.1
65536,1142,25872.4
65536,1143,26325.4
65536,1144,27159.9
65536,1145,27363.4
65536,1146,26596.7
65536,1147,25926.9
65536,1148,25922.6
65536,1149,25873.0
65536,1150,26124.3
65536,1151,25851.8
65536,1152,25952.3
65536,1153,25960.2
65536,1154,26573.7
65536,1155,27393.1
65536,1156,28076.8
65536,1157,27513.0
65536,1158,27232.0
65536,1159,27439.1
65536,1160,27210.2
65536,1161,25791.8
65536,1162,25916.0
65536,1163,25897.2
65536,1164,26279.4
65536,1165,26065.6
65536,1166,26022.0
65536,1167,25965.6
65536,1168,25857.2
65536,1169,25763.4
65536,1170,25860.9
65536,1171,25877.2
65536,1172,25802.1
65536,1173,25951.7
65536,1174,25768.8
65536,1175,25944.5
65536,1176,26184.3
65536,1177,26048.0
65536,1178,26051.0
65536,1179,25979.0
65536,1180,26042.0
65536,1181,25824.5
65536,1182,25884.5
65536,1183,25899.6
65536,1184,25969.9
65536,1185,25839.7
65536,1186,25796.7
65536,1187,25882.1
65536,1188,25922.0
65536,1189,26304.8
65536,1190,25900.8
65536,1191,25805.2
65536,1192,25855.4
65536,1193,25946.9
65536,1194,26633.6
65536,1195,25929.9
65536,1196,26125.5
65536,1197,25958.4
65536,1198,25951.1
65536,1199,25873.0
65536,1200,25969.9
65536,1201,26230.3
65536,1202,25852.4
65536,1203,25744.0
65536,1204,25811.8
65536,1205,26120.7
65536,1206,25954.7
65536,1207,26130.4
65536,1208,26085.6
65536,1209,26074.1
65536,1210,26094.6
65536,1211,25812.4
65536,1212,26247.3
65536,1213,26135.2
65536,1214,27109.0
65536,1215,27371.9
65536,1216,27496.6
65536,1217,27354.9
65536,1218,27500.9
65536,1219,27841.2
65536,1220,27193.8
65536,1221,26078.3
65536,1222,25959.6
65536,1223,26083.1
65536,1224,26112.8
65536,1225,25796.7
65536,1226,26146.1
65536,1227,25877.8
65536,1228,26025.6
65536,1229,26155.8
65536,1230,25922.6
65536,1231,25945.1
65536,1232,28812.0
65536,1233,26475.0
65536,1234,26022.0
65536,1235,26352.6
65536,1236,26271.5
65536,1237,28973.1
65536,1238,29028.2
65536,1239,29066.4
65536,1240,29057.9
65536,1241,28974.9
65536,1242,29111.8
65536,1243,28934.4
65536,1244,29002.2
65536,1245,28819.3
65536,1246,26224.2
65536,1247,27650.5
65536,1248,29076.7
65536,1249,28891.4
65536,1250,28111.9
65536,1251,27325.9
65536,1252,25825.8
65536,1253,25849.4
65536,1254,25942.0
65536,1255,25984.4
65536,1256,26078.3
65536,1257,26265.4
65536,1258,26181.2
65536,1259,25982.0
65536,1260,25794.9
65536,1261,26034.7
65536,1262,26128.6
65536,1263,25892.4
65536,1264,25782.8
65536,1265,26326.0
65536,1266,25934.2
65536,1267,26028.0
65536,1268,26753.5
65536,1269,26138.2
65536,1270,26003.2
65536,1271,25854.2
65536,1272,25907.5
65536,1273,26008.6
65536,1274,26029.8
65536,1275,26005.6
65536,1276,26069.2
65536,1277,26087.4
65536,1278,26011.1
65536,1279,26150.4
65536,1280,26095.9
65536,1281,25869.4
65536,1282,25796.1
65536,1283,25838.5
65536,1284,26057.1
65536,1285,26085.0
65536,1286,25886.9
65536,1287,25991.7
65536,1288,25972.9
65536,1289,25918.4
65536,1290,26041.3
65536,1291,26086.8
65536,1292,26007.4
65536,1293,27354.3
65536,1294,27627.4
65536,1295,27354.3
65536,1296,27305.9
65536,1297,27571.7
65536,1298,28164.0
65536,1299,27586.9
65536,1300,26057.1
65536,1301,26091.0
65536,1302,26054.7
65536,1303,26368.4
65536,1304,26038.9
65536,1305,25868.7
65536,1306,28735.1
65536,1307,25908.7
65536,1308,25845.1
65536,1309,25976.5
65536,1310,26156.4
65536,1311,26128.0
65536,1312,26243.6
65536,1313,26048.6
65536,1314,26272.1
65536,1315,26386.5
65536,1316,27527.5
65536,1317,27583.2
65536,1318,27487.6
65536,1319,27735.9
65536,1320,27385.8
65536,1321,27422.1
65536,1322,27658.9
65536,1323,27569.3
65536,1324,27264.7
65536,1325,25862.7
65536,1326,26081.3
65536,1327,25983.8
65536,1328,25983.2
65536,1329,25943.8
65536,1330,26054.1
65536,1331,26106.8
65536,1332,25976.5
65536,1333,25989.9
65536,1334,25975.3
65536,1335,25913.0
65536,1336,25912.4
65536,1337,26025.0
65536,1338,26158.8
65536,1339,26092.2
65536,1340,26113.4
65536,1341,25734.9
65536,1342,25885.7
65536,1343,26611.8
65536,1344,26245.4
65536,1345,25902.7
65536,1346,25822.7
65536,1347,26002.6
65536,1348,26079.5
65536,1349,26273.9
65536,1350,25655.0
65536,1351,25615.6
65536,1352,25582.3
65536,1353,25452.7
65536,1354,25547.8
65536,1355,25431.5
65536,1356,25479.9
65536,1357,25538.7
65536,1358,25696.1
65536,1359,25454.5
65536,1360,25404.8
65536,1361,25656.2
65536,1362,25535.7
65536,1363,25623.5
65536,1364,25414.5
65536,1365,25544.7
65536,1366,25602.9
65536,1367,25655.6
65536,1368,25442.4
65536,1369,25423.0
65536,1370,25493.3
65536,1371,25401.2
65536,1372,25566.5
65536,1373,25542.9
65536,1374,25696.8
65536,1375,25472.7
65536,1376,25670.7
65536,1377,25880.9
65536,1378,26933.4
65536,1379,27093.3
65536,1380,26986.1
65536,1381,28085.9
65536,1382,27112.1
65536,1383,27328.3
65536,1384,27113.3
65536,1385,25886.9
65536,1386,25642.9
65536,1387,25462.4
65536,1388,25689.5
65536,1389,25548.4
65536,1390,25565.3
65536,1391,25447.2
65536,1392,25624.7
65536,1393,25418.8
65536,1394,25711.9
65536,1395,25631.3
65536,1396,25639.2
65536,1397,25684.6
65536,1398,25542.9
65536,1399,25740.4
65536,1400,25775.5
65536,1401,25592.6
65536,1402,27061.2
65536,1403,26958.9
65536,1404,27219.3
65536,1405,26971.0
65536,1406,27041.2
65536,1407,27034.6
65536,1408,27302.2
65536,1409,26767.5
65536,1410,25340.0
65536,1411,25391.5
65536,1412,25514.5
65536,1413,25805.2
65536,1414,25583.5
65536,1415,25384.3
65536,1416,25491.5
65536,1417,25353.4
65536,1418,25660.4
65536,1419,26340.5
65536,1420,25599.3
65536,1421,25386.1
65536,1422,25628.9
65536,1423,25431.5
65536,1424,25565.9
65536,1425,25583.5
65536,1426,25412.7
65536,1427,25487.2
65536,1428,25372.1
65536,1429,25481.8
65536,1430,25393.9
65536,1431,25655.6
65536,1432,25520.5
65536,1433,25576.2
65536,1434,25665.3
65536,1435,25470.9
65536,1436,25667.1
65536,1437,25409.7
65536,1438,25446.6
65536,1439,25486.0
65536,1440,25618.6
65536,1441,25469.0
65536,1442,25350.3
65536,1443,25526.0
65536,1444,25285.5
65536,1445,25587.7
65536,1446,25456.9
65536,1447,25653.2
65536,1448,25569.0
65536,1449,25648.9
65536,1450,25407.3
65536,1451,25401.8
65536,1452,25381.8
65536,1453,25359.4
65536,1454,25730.1
65536,1455,25398.2
65536,1456,25576.8
65536,1457,25503.0
65536,1458,26313.3
65536,1459,25580.5
65536,1460,25656.2
65536,1461,25752.5
65536,1462,26998.8
65536,1463,27133.9
65536,1464,26903.7
65536,1465,27156.9
65536,1466,27107.2
65536,1467,27048.5
65536,1468,27201.1
65536,1469,25622.9
65536,1470,25335.2
65536,1471,25395.8
65536,1472,25658.0
65536,1473,25455.1
65536,1474,25372.1
65536,1475,25676.8
65536,1476,25452.1
65536,1477,25566.5
65536,1478,25440.6
65536,1479,25701.6
65536,1480,25642.9
65536,1481,25592.0
65536,1482,27038.8
65536,1483,26935.2
65536,1484,26973.4
65536,1485,26847.4
65536,1486,28362.7
65536,1487,28459.6
65536,1488,28306.3
65536,1489,27268.3
65536,1490,26946.7
65536,1491,27205.9
65536,1492,27096.3
65536,1493,26240.6
65536,1494,25477.5
65536,1495,26484.7
65536,1496,25592.0
65536,1497,25443.0
65536,1498,25561.1
65536,1499,25403.6
65536,1500,25596.2
65536,1501,25449.7
65536,1502,25424.2
65536,1503,25562.3
65536,1504,25635.0
65536,1505,25582.9
65536,1506,25763.4
65536,1507,26181.9
65536,1508,25866.3
65536,1509,26022.0
65536,1510,25836.0
65536,1511,25949.9
65536,1512,25886.3
65536,1513,25783.4
65536,1514,26134.0
65536,1515,25944.5
65536,1516,26028.0
65536,1517,25820.9
65536,1518,25972.3
65536,1519,25921.4
65536,1520,25861.5
65536,1521,25708.9
65536,1522,25771.2
65536,1523,26077.1
65536,1524,25761.6
65536,1525,25953.5
65536,1526,25741.0
65536,1527,26082.5
65536,1528,25868.7
65536,1529,25858.5
65536,1530,25971.1
65536,1531,25936.0
65536,1532,26209.7
65536,1533,25663.4
65536,1534,26791.1
65536,1535,25971.1
65536,1536,26038.9
65536,1537,25929.9
65536,1538,25808.8
65536,1539,26109.2
65536,1540,25833.0
65536,1541,25916.0
65536,1542,25899.6
65536,1543,26218.8
65536,1544,25932.3
65536,1545,25896.0
65536,1546,25821.5
65536,1547,25826.4
65536,1548,25979.0
65536,1549,25791.8
65536,1550,26060.7
65536,1551,25983.8
65536,1552,25922.6
65536,1553,25943.2
65536,1554,25850.0
65536,1555,26000.2
65536,1556,25856.0
65536,1557,25911.7
65536,1558,25866.3
65536,1559,25975.3
65536,1560,25988.7
65536,1561,25868.7
65536,1562,25940.8
65536,1563,25968.7
65536,1564,25972.3
65536,1565,27457.3
65536,1566,27558.4
65536,1567,27467.0
65536,1568,29051.2
65536,1569,29018.5
65536,1570,28925.3
65536,1571,29781.6
65536,1572,29018.5
65536,1573,28310.6
65536,1574,27502.1
65536,1575,27665.6
65536,1576,28615.8
65536,1577,27248.9
65536,1578,28472.9
65536,1579,28094.4
65536,1580,27606.9
65536,1581,27299.2
65536,1582,27315.6
65536,1583,25832.4
65536,1584,26057.7
65536,1585,25757.3
65536,1586,25788.2
65536,1587,26094.0
65536,1588,26122.5
65536,1589,26086.2
65536,1590,25830.0
65536,1591,25920.2
65536,1592,25720.4
65536,1593,25861.5
65536,1594,26031.1
65536,1595,25724.6
65536,1596,25894.8
65536,1597,26077.1
65536,1598,25879.0
65536,1599,25887.5
65536,1600,26062.5
65536,1601,25961.4
65536,1602,25813.0
65536,1603,25906.9
65536,1604,25819.7
65536,1605,25845.1
65536,1606,25885.7
65536,1607,26104.9
65536,1608,28285.1
65536,1609,26038.9
65536,1610,26076.5
65536,1611,25942.0
65536,1612,25915.4
65536,1613,25947.5
65536,1614,25885.1
65536,1615,25967.5
65536,1616,25961.4
65536,1617,25667.1
65536,1618,26007.4
65536,1619,26025.0
65536,1620,25733.7
65536,1621,26519.2
65536,1622,27250.8
65536,1623,27547.5
65536,1624,27507.5
65536,1625,27187.8
65536,1626,27396.1
65536,1627,27456.7
65536,1628,26504.0
65536,1629,25745.2
65536,1630,25772.5
65536,1631,25864.5
65536,1632,25801.5
65536,1633,25714.3
65536,1634,26063.8
65536,1635,25908.1
65536,1636,25907.5
65536,1637,25896.6
65536,1638,25794.3
65536,1639,25862.7
65536,1640,25709.5
65536,1641,25556.9
65536,1642,25983.8
65536,1643,25910.5
65536,1644,25883.9
65536,1645,26122.5
65536,1646,29794.9
65536,1647,26055.9
65536,1648,26140.1
65536,1649,25837.3
65536,1650,25828.2
65536,1651,26035.3
65536,1652,25926.9
65536,1653,25787.0
65536,1654,25923.9
65536,1655,26223.0
65536,1656,25737.3
65536,1657,25657.4
65536,1658,25974.7
65536,1659,26133.4
65536,1660,26199.4
65536,1661,25847.6
65536,1662,25968.7
65536,1663,25928.7
65536,1664,26140.1
65536,1665,25940.8
65536,1666,26005.6
65536,1667,26097.7
65536,1668,25860.3
65536,1669,26042.6
65536,1670,25909.3
65536,1671,25994.1
65536,1672,26339.3
65536,1673,26012.3
65536,1674,26059.5
65536,1675,26038.9
65536,1676,26210.9
65536,1677,25912.4
65536,1678,26085.0
65536,1679,26069.2
65536,1680,25899.0
65536,1681,25792.4
65536,1682,25833.0
65536,1683,25925.7
65536,1684,28043.5
65536,1685,26194.0
65536,1686,26065.0
65536,1687,26134.6
65536,1688,25883.9
65536,1689,26066.8
65536,1690,26202.4
65536,1691,25949.9
65536,1692,25990.5
65536,1693,25948.7
65536,1694,26039.5
65536,1695,25791.2
65536,1696,26281.2
65536,1697,25982.6
65536,1698,26241.8
65536,1699,27562.6
65536,1700,27355.5
65536,1701,27551.7
65536,1702,27705.6
65536,1703,27703.1
65536,1704,27459.1
65536,1705,27345.8
65536,1706,27678.9
65536,1707,27446.4
65536,1708,26085.0
65536,1709,26206.1
65536,1710,26592.5
65536,1711,27433.0
65536,1712,27549.9
65536,1713,27528.7
65536,1714,25893.6
65536,1715,26112.8
65536,1716,25779.7
65536,1717,26052.9
65536,1718,26001.4
65536,1719,26035.3
65536,1720,25937.8
65536,1721,26660.3
65536,1722,26253.3
65536,1723,25800.9
65536,1724,25978.4
65536,1725,26042.0
65536,1726,26160.0
65536,1727,26024.4
65536,1728,26045.6
65536,1729,25788.2
65536,1730,25870.6
65536,1731,25929.9
65536,1732,25938.4
65536,1733,26210.9
65536,1734,26053.5
65536,1735,25966.3
65536,1736,26095.9
65536,1737,26131.0
65536,1738,26218.8
65536,1739,25916.0
65536,1740,26065.0
65536,1741,25935.4
65536,1742,26082.5
65536,1743,25826.4
65536,1744,26146.7
65536,1745,25902.1
65536,1746,25728.9
65536,1747,25985.0
65536,1748,25974.1
65536,1749,25883.3
65536,1750,25990.5
65536,1751,26121.3
65536,1752,27224.7
65536,1753,27520.3
65536,1754,27531.8
65536,1755,27495.4
65536,1756,27553.0
65536,1757,27502.1
65536,1758,27391.9
65536,1759,28632.2
65536,1760,27662.6
65536,1761,27373.7
65536,1762,26204.9
65536,1763,27142.4
65536,1764,27353.1
65536,1765,27696.5
65536,1766,27482.1
65536,1767,26043.2
65536,1768,25797.3
65536,1769,25924.5
65536,1770,25953.5
65536,1771,25766.4
65536,1772,25974.1
65536,1773,25981.4
65536,1774,26041.3
65536,1775,25895.4
65536,1776,25954.1
65536,1777,26053.5
65536,1778,26105.5
65536,1779,26075.3
65536,1780,25919.0
65536,1781,26134.0
65536,1782,26030.4
65536,1783,26073.4
65536,1784,25704.0
65536,1785,26132.2
65536,1786,25984.4
65536,1787,25974.7
65536,1788,25946.9
65536,1789,25906.3
65536,1790,26166.1
65536,1791,26066.8
65536,1792,26123.7
65536,1793,25961.4
65536,1794,25857.2
65536,1795,25989.3
65536,1796,26698.4
65536,1797,26138.9
65536,1798,25885.1
65536,1799,25988.1
65536,1800,25931.7
65536,1801,26080.7
65536,1802,25965.6
65536,1803,25970.5
65536,1804,25932.9
65536,1805,25871.2
65536,1806,26215.2
65536,1807,25868.1
65536,1808,26211.5
65536,1809,26410.8
65536,1810,27513.0
65536,1811,27542.7
65536,1812,27504.5
65536,1813,27654.7
65536,1814,27388.8
65536,1815,27654.7
65536,1816,27474.2
65536,1817,26230.3
65536,1818,26255.1
65536,1819,26218.2
65536,1820,26270.3
65536,1821,26110.4
65536,1822,26083.7
65536,1823,26163.7
65536,1824,26461.0
65536,1825,26015.3
65536,1826,26062.5
65536,1827,26278.1
65536,1828,26057.1
65536,1829,26141.9
65536,1830,26029.8
65536,1831,26287.8
65536,1832,26186.7
65536,1833,26039.5
65536,1834,27186.6
65536,1835,26183.7
65536,1836,26325.4
65536,1837,26347.2
65536,1838,27798.2
65536,1839,27572.3
65536,1840,27803.7
65536,1841,27463.9
65536,1842,27596.0
65536,1843,27568.7
65536,1844,27308.9
65536,1845,26339.3
65536,1846,26112.8
65536,1847,26276.9
65536,1848,25917.2
65536,1849,25976.5
65536,1850,26126.1
65536,1851,26121.3
65536,1852,26235.1
65536,1853,26017.7
65536,1854,26318.7
65536,1855,26169.7
65536,1856,26326.0
65536,1857,26125.5
65536,1858,25956.0
65536,1859,25885.1
65536,1860,26049.8
65536,1861,26390.8
65536,1862,26118.9
65536,1863,26103.7
65536,1864,26046.2
65536,1865,26117.0
65536,1866,26189.7
65536,1867,25958.4
65536,1868,26040.1
65536,1869,26172.2
65536,1870,26141.3
65536,1871,26737.2
65536,1872,26167.9
65536,1873,26249.1
65536,1874,26088.0
65536,1875,26132.8
65536,1876,25988.1
65536,1877,26369.0
65536,1878,26157.6
65536,1879,26230.3
65536,1880,25969.9
65536,1881,26081.9
65536,1882,26095.2
65536,1883,25954.7
65536,1884,26320.5
65536,1885,26181.2
65536,1886,26504.6
65536,1887,27563.9
65536,1888,27548.7
65536,1889,27563.3
65536,1890,27674.1
65536,1891,28908.3
65536,1892,28964.0
65536,1893,29299.5
65536,1894,28861.7
65536,1895,27577.8
65536,1896,27445.8
65536,1897,26118.3
65536,1898,26199.4
65536,1899,25974.7
65536,1900,26050.4
65536,1901,26131.0
65536,1902,26072.2
65536,1903,25961.4
65536,1904,26060.7
65536,1905,26005.0
65536,1906,26112.8
65536,1907,26051.6
65536,1908,27210.2
65536,1909,26318.7
65536,1910,26264.2
65536,1911,26169.7
65536,1912,26200.0
65536,1913,25960.8
65536,1914,26107.4
65536,1915,26126.1
65536,1916,26225.5
65536,1917,26123.7
65536,1918,26044.4
65536,1919,26066.8
65536,1920,26085.0
65536,1921,26109.2
65536,1922,26197.6
65536,1923,26177.0
65536,1924,26074.1
65536,1925,26053.5
65536,1926,25871.2
65536,1927,26046.8
65536,1928,26161.9
65536,1929,26103.7
65536,1930,26052.2
65536,1931,25942.0
65536,1932,26193.4
65536,1933,26257.6
65536,1934,26318.1
65536,1935,26224.2
65536,1936,26174.6
65536,1937,26094.6
65536,1938,25935.4
65536,1939,26074.1
65536,1940,26049.2
65536,1941,26085.0
65536,1942,25976.5
65536,1943,26186.1
65536,1944,26005.6
65536,1945,26251.5
65536,1946,28867.7
65536,1947,29099.1
65536,1948,29039.7
65536,1949,29042.8
65536,1950,29060.9
65536,1951,29143.3
65536,1952,28985.2
65536,1953,29106.4
65536,1954,27534.8
65536,1955,27565.1
65536,1956,26192.1
65536,1957,27547.5
65536,1958,27547.5
65536,1959,27540.8
65536,1960,27557.8
65536,1961,27583.2
65536,1962,26111.0
65536,1963,25959.0
65536,1964,26161.9
65536,1965,26115.2
65536,1966,26134.0
65536,1967,26101.3
65536,1968,26250.3
65536,1969,26078.9
65536,1970,26152.2
65536,1971,25983.8
65536,1972,26057.7
65536,1973,26111.6
65536,1974,25931.7
65536,1975,26256.9
65536,1976,26119.5
65536,1977,26007.4
65536,1978,25883.9
65536,1979,26236.4
65536,1980,26276.3
65536,1981,26067.4
65536,1982,26083.7
65536,1983,27288.9
65536,1984,26276.3
65536,1985,25835.4
65536,1986,25983.8
65536,1987,25918.4
65536,1988,26069.2
65536,1989,26098.3
65536,1990,26068.0
65536,1991,26307.2
65536,1992,25987.4
65536,1993,26061.9
65536,1994,26225.5
65536,1995,25920.8
65536,1996,26006.2
65536,1997,25992.9
65536,1998,26170.9
65536,1999,25938.4
262144,0,116681.0
262144,1,115974.8
262144,2,116867.5
262144,3,116644.6
262144,4,116005.1
262144,5,116402.4
262144,6,120184.5
262144,7,126135.8
262144,8,115922.8
262144,9,116395.1
262144,10,116219.5
262144,11,116194.1
262144,12,115589.7
262144,13,116322.5
262144,14,116466.6
262144,15,116037.2
262144,16,117749.9
262144,17,116699.2
262144,18,115902.2
262144,19,116714.3
262144,20,116500.5
262144,21,116168.6
262144,22,116269.8
262144,23,116352.7
262144,24,117946.7
262144,25,116504.1
262144,26,116485.4
262144,27,116639.2
262144,28,117131.6
262144,29,122572.4
262144,30,121971.6
262144,31,116328.5
262144,32,116244.3
262144,33,118989.6
262144,34,116358.2
262144,35,116490.2
262144,36,116137.1
262144,37,116400.0
262144,38,116412.1
262144,39,116518.1
262144,40,118959.3
262144,41,124618.8
262144,42,117915.8
262144,43,116128.1
262144,44,116968.0
262144,45,116443.6
262144,46,116370.9
262144,47,116547.1
262144,48,116682.8
262144,49,115725.3
262144,50,118710.4
262144,51,116765.8
262144,52,116244.3
262144,53,116059.0
262144,54,116286.1
262144,55,118100.5
262144,56,116426.6
262144,57,116088.7
262144,58,117122.5
262144,59,113301.1
262144,60,113416.1
262144,61,113689.9
262144,62,113709.2
262144,63,113803.7
262144,64,113938.8
262144,65,113900.0
262144,66,113235.0
262144,67,115398.3
262144,68,115387.4
262144,69,119586.7
262144,70,118104.2
262144,71,114082.9
262144,72,113247.2
262144,73,113511.2
262144,74,113474.3
262144,75,113530.0
262144,76,115348.0
262144,77,113617.2
262144,78,112988.0
262144,79,113703.2
262144,80,113365.3
262144,81,113817.6
262144,82,113595.4
262144,83,113686.2
262144,84,114204.6
262144,85,113394.9
262144,86,113891.5
262144,87,113025.5
262144,88,113838.2
262144,89,113744.4
262144,90,113447.6
262144,91,113825.5
262144,92,113483.4
262144,93,114279.1
262144,94,114377.8
262144,95,120518.8
262144,96,116381.8
262144,97,115939.7
262144,98,115003.4
262144,99,115349.2
262144,100,115415.9
262144,101,115122.7
262144,102,116377.0
262144,103,116070.5
262144,104,122046.1
262144,105,121551.9
262144,106,119418.4
262144,107,116553.2
262144,108,115640.5
262144,109,115874.3
262144,110,116568.9
262144,111,115846.5
262144,112,115234.2
262144,113,115497.0
262144,114,115694.4
262144,115,115830.1
262144,116,115791.9
262144,117,115292.9
262144,118,115452.8
262144,119,116384.2
262144,120,115235.4
262144,121,115434.0
262144,122,117002.0
262144,123,121730.0
262144,124,118754.0
262144,125,115623.6
262144,126,115382.6
262144,127,117073.4
262144,128,122103.6
262144,129,121139.5
262144,130,120585.4
262144,131,116451.5
262144,132,115916.1
262144,133,116013.0
262144,134,119190.6
262144,135,122639.6
262144,136,121285.5
262144,137,117732.3
262144,138,122742.6
262144,139,118175.6
262144,140,115881.6
262144,141,116197.7
262144,142,115462.5
262144,143,118035.1
262144,144,125551.4
262144,145,127352.5
262144,146,124247.5
262144,147,117360.5
262144,148,116419.4
262144,149,115702.3
262144,150,116335.8
262144,151,116059.6
262144,152,116753.1
262144,153,116352.1
262144,154,115839.8
262144,155,116108.1
262144,156,116782.7
262144,157,116208.0
262144,158,116224.4
262144,159,117815.3
262144,160,122402.8
262144,161,118430.6
262144,162,116153.5
262144,163,116882.0
262144,164,116135.3
262144,165,116454.5
262144,166,116644.6
262144,167,116558.7
262144,168,116261.9
262144,169,116066.9
262144,170,119049.5
262144,171,117241.2
262144,172,116054.2
262144,173,116786.4
262144,174,116423.0
262144,175,116467.8
262144,176,116020.9
262144,177,116561.7
262144,178,118870.9
262144,179,115930.6
262144,180,116245.6
262144,181,118940.5
262144,182,122818.9
262144,183,121628.2
262144,184,118288.3
262144,185,117014.1
262144,186,121685.2
262144,187,120308.6
262144,188,116274.0
262144,189,116810.0
262144,190,116588.9
262144,191,118144.8
262144,192,122747.4
262144,193,122038.2
262144,194,120811.3
262144,195,118195.0
262144,196,116238.9
262144,197,116031.2
262144,198,116003.9
262144,199,116845.1
262144,200,115956.1
262144,201,116482.3
262144,202,116409.7
262144,203,118616.5
262144,204,116344.3
262144,205,116515.0
262144,206,115717.5
262144,207,116525.9
262144,208,120839.1
262144,209,122697.7
262144,210,120660.5
262144,211,121037.2
262144,212,116829.4
262144,213,117286.6
262144,214,116588.9
262144,215,115698.1
262144,216,116257.7
262144,217,116525.3
262144,218,117080.1
262144,219,123452.9
262144,220,124431.0
262144,221,117591.8
262144,222,122689.3
262144,223,119680.0
262144,224,116566.5
262144,225,116172.9
262144,226,115937.9
262144,227,116605.9
262144,228,116492.0
262144,229,117687.5
262144,230,116410.9
262144,231,116406.6
262144,232,119472.9
262144,233,128795.7
262144,234,126988.5
262144,235,119928.3
262144,236,116023.3
262144,237,117168.5
262144,238,116058.4
262144,239,116292.8
262144,240,116325.5
262144,241,116767.6
262144,242,116218.9
262144,243,121155.9
262144,244,123736.4
262144,245,122169.7
262144,246,120112.4
262144,247,116921.4
262144,248,115972.4
262144,249,116202.6
262144,250,117038.3
262144,251,116360.6
262144,252,116099.6
262144,253,116402.4
262144,254,116862.1
262144,255,116232.8
262144,256,116472.0
262144,257,116048.7
262144,258,116413.3
262144,259,121051.7
262144,260,121914.7
262144,261,115948.8
262144,262,117360.5
262144,263,116456.9
262144,264,117245.4
262144,265,122715.9
262144,266,122617.8
262144,267,117294.5
262144,268,117025.6
262144,269,115732.6
262144,270,116526.6
262144,271,116951.7
262144,272,116719.1
262144,273,116484.8
262144,274,116158.9
262144,275,116809.4
262144,276,118954.5
262144,277,122856.4
262144,278,117700.8
262144,279,117471.9
262144,280,116150.5
262144,281,116144.4
262144,282,115833.1
262144,283,118833.9
262144,284,122387.1
262144,285,116502.3
262144,286,116397.0
262144,287,116129.9
262144,288,117395.6
262144,289,116563.5
262144,290,116378.2
262144,291,116471.4
262144,292,116185.6
262144,293,119845.9
262144,294,122769.2
262144,295,120658.0
262144,296,119856.8
262144,297,116231.6
262144,298,116340.6
262144,299,116926.9
262144,300,116392.7
262144,301,116221.3
262144,302,116658.0
262144,303,116631.3
262144,304,116441.2
262144,305,117361.1
262144,306,116706.4
262144,307,116050.5
262144,308,115996.0
262144,309,118669.2
262144,310,123022.4
262144,311,121789.3
262144,312,122368.3
262144,313,117773.5
262144,314,116552.0
262144,315,116270.4
262144,316,116496.9
262144,317,116906.3
262144,318,116208.0
262144,319,116625.3
262144,320,116446.0
262144,321,116092.9
262144,322,118364.0
262144,323,116839.1
262144,324,116105.0
262144,325,116842.1
262144,326,117640.9
262144,327,126220.0
262144,328,119729.6
262144,329,117968.5
262144,330,114502.0
262144,331,113388.3
262144,332,114010.2
262144,333,113146.0
262144,334,113649.3
262144,335,113699.6
262144,336,113366.5
262144,337,113850.4
262144,338,113315.0
262144,339,114472.9
262144,340,113829.2
262144,341,113813.4
262144,342,113447.0
262144,343,114041.7
262144,344,113217.5
262144,345,113631.7
262144,346,113714.1
262144,347,113700.8
262144,348,115094.9
262144,349,118368.2
262144,350,119184.6
262144,351,113253.8
262144,352,113778.3
262144,353,113457.3
262144,354,113708.0
262144,355,114024.8
262144,356,114720.6
262144,357,113578.4
262144,358,115270.5
262144,359,119698.8
262144,360,114302.1
262144,361,113536.6
262144,362,113212.6
262144,363,113668.1
262144,364,113685.0
262144,365,115733.2
262144,366,118072.7
262144,367,114718.8
262144,368,114806.6
262144,369,115540.0
262144,370,115198.4
262144,371,115772.0
262144,372,119202.2
262144,373,120839.7
262144,374,118974.4
262144,375,115827.7
262144,376,114852.0
262144,377,116102.0
262144,378,115350.5
262144,379,115109.4
262144,380,119815.6
262144,381,121483.5
262144,382,117051.0
262144,383,119210.0
262144,384,121415.1
262144,385,115773.8
262144,386,115687.2
262144,387,115311.7
262144,388,115315.9
262144,389,116244.3
262144,390,121919.5
262144,391,123328.2
262144,392,118589.3
262144,393,115733.8
262144,394,115456.4
262144,395,115510.3
262144,396,115605.4
262144,397,115871.3
262144,398,115529.1
262144,399,117405.3
262144,400,115659.3
262144,401,115552.7
262144,402,115471.0
262144,403,116082.6
262144,404,115541.8
262144,405,115762.9
262144,406,119025.3
262144,407,121852.3
262144,408,121315.7
262144,409,120327.4
262144,410,115305.6
262144,411,119584.3
262144,412,122196.9
262144,413,120216.6
262144,414,119059.8
262144,415,115987.0
262144,416,116682.8
262144,417,116065.1
262144,418,115631.5
262144,419,115921.5
262144,420,116174.7
262144,421,115580.0
262144,422,116146.2
262144,423,116142.0
262144,424,115643.6
262144,425,118276.8
262144,426,120604.1
262144,427,122669.9
262144,428,116326.7
262144,429,115796.2
262144,430,116022.1
262144,431,116030.0
262144,432,116090.5
262144,433,121716.1
262144,434,120844.6
262144,435,116639.8
262144,436,116036.0
262144,437,115888.8
262144,438,116634.4
262144,439,115877.3
262144,440,116625.3
262144,441,116694.3
262144,442,118251.9
262144,443,116158.9
262144,444,116366.1
262144,445,115930.0
262144,446,116218.9
262144,447,116312.8
262144,448,116359.4
262144,449,116693.1
262144,450,119805.3
262144,451,123015.1
262144,452,120914.8
262144,453,119402.0
262144,454,116831.8
262144,455,116243.7
262144,456,115908.2
262144,457,116276.4
262144,458,116624.1
262144,459,117654.2
262144,460,116225.0
262144,461,116225.6
262144,462,116090.5
262144,463,116645.3
262144,464,116224.4
262144,465,116561.1
262144,466,116071.1
262144,467,117135.8
262144,468,116627.7
262144,469,113454.9
262144,470,113200.5
262144,471,113798.9
262144,472,113308.9
262144,473,113425.2
262144,474,113582.1
262144,475,120205.7
262144,476,120302.6
262144,477,117144.3
262144,478,114411.1
262144,479,113497.3
262144,480,113662.0
262144,481,113535.4
262144,482,113685.6
262144,483,113691.1
262144,484,114245.8
262144,485,113677.1
262144,486,114214.9
262144,487,113161.8
262144,488,113542.7
262144,489,113534.8
262144,490,113656.0
262144,491,113743.2
262144,492,113599.0
262144,493,114608.0
262144,494,113833.4
262144,495,117466.5
262144,496,119792.6
262144,497,118375.5
262144,498,118815.2
262144,499,113190.8
262144,500,114178.6
262144,501,113162.4
262144,502,116931.7
262144,503,113614.8
262144,504,113374.3
262144,505,115362.6
262144,506,115566.1
262144,507,115217.8
262144,508,115862.2
262144,509,115510.9
262144,510,117681.5
262144,511,115812.5
262144,512,123549.2
262144,513,124951.2
262144,514,115972.4
262144,515,115423.7
262144,516,115205.7
262144,517,117328.4
262144,518,121787.5
262144,519,121044.4
262144,520,119741.8
262144,521,115561.2
262144,522,115494.6
262144,523,115879.2
262144,524,115240.2
262144,525,115497.6
262144,526,115993.6
262144,527,116286.1
262144,528,115244.5
262144,529,115606.6
262144,530,115631.5
262144,531,115365.6
262144,532,115229.3
262144,533,115961.5
262144,534,115257.8
262144,535,115572.7
262144,536,116263.1
262144,537,117003.8
262144,538,125045.1
262144,539,122215.7
262144,540,119272.4
262144,541,116112.9
262144,542,116563.5
262144,543,116726.4
262144,544,116661.0
262144,545,116269.8
262144,546,116049.9
262144,547,116033.0
262144,548,116157.1
262144,549,123035.7
262144,550,119858.0
262144,551,116522.3
262144,552,115947.6
262144,553,119597.6
262144,554,119191.9
262144,555,129536.3
262144,556,126342.9
262144,557,124738.1
262144,558,116988.0
262144,559,116718.5
262144,560,116232.2
262144,561,118526.3
262144,562,116860.9
262144,563,115966.4
262144,564,116289.2
262144,565,116041.5
262144,566,115664.8
262144,567,116033.0
262144,568,116187.4
262144,569,115946.4
262144,570,118852.7
262144,571,122097.6
262144,572,127906.6
262144,573,121848.1
262144,574,121699.1
262144,575,115816.2
262144,576,117614.8
262144,577,117522.8
262144,578,119286.3
262144,579,124851.9
262144,580,123955.0
262144,581,125099.0
262144,582,122335.0
262144,583,125045.7
262144,584,117673.0
262144,585,116704.6
262144,586,120063.9
262144,587,118992.0
262144,588,122774.7
262144,589,121158.9
262144,590,121811.7
262144,591,117183.0
262144,592,116551.4
262144,593,116311.0
262144,594,117637.9
262144,595,124929.4
262144,596,118927.2
262144,597,116542.3
262144,598,116224.4
262144,599,115811.9
262144,600,115721.1
262144,601,115748.3
262144,602,115501.3
262144,603,117433.2
262144,604,115743.5
262144,605,115859.2
262144,606,115939.7
262144,607,115835.6
262144,608,115862.2
262144,609,116332.8
262144,610,115358.3
262144,611,116228.6
262144,612,117679.6
262144,613,116405.4
262144,614,115265.1
262144,615,114720.0
262144,616,112484.1
262144,617,112751.8
262144,618,114033.2
262144,619,114096.8
262144,620,116661.0
262144,621,113124.8
262144,622,112476.8
262144,623,112474.4
262144,624,112284.8
262144,625,112418.1
262144,626,111779.8
262144,627,112822.0
262144,628,112657.9
262144,629,114124.1
262144,630,113190.2
262144,631,118730.4
262144,632,116871.1
262144,633,112610.7
262144,634,114740.0
262144,635,118997.5
262144,636,114726.1
262144,637,112233.4
262144,638,113834.6
262144,639,112614.3
262144,640,112126.8
262144,641,112437.5
262144,642,113216.3
262144,643,112924.4
262144,644,113265.3
262144,645,113354.4
262144,646,116533.2
262144,647,127673.5
262144,648,122871.6
262144,649,118856.3
262144,650,112736.6
262144,651,113141.2
262144,652,112804.5
262144,653,112827.5
262144,654,112773.6
262144,655,115129.4
262144,656,112650.6
262144,657,112709.4
262144,658,114849.0
262144,659,116989.2
262144,660,121246.7
262144,661,117278.1
262144,662,114972.6
262144,663,115160.9
262144,664,117105.5
262144,665,118850.3
262144,666,121403.6
262144,667,115678.1
262144,668,115606.0
262144,669,115330.5
262144,670,115003.4
262144,671,116788.8
262144,672,125334.0
262144,673,122296.8
262144,674,120541.2
262144,675,116022.7
262144,676,115196.6
262144,677,115022.8
262144,678,118249.5
262144,679,121812.3
262144,680,119537.7
262144,681,121002.6
262144,682,115840.4
262144,683,115122.7
262144,684,115038.0
262144,685,115074.3
262144,686,114713.4
262144,687,115195.4
262144,688,115240.2
262144,689,117832.3
262144,690,114859.9
262144,691,116198.3
262144,692,121929.2
262144,693,123793.9
262144,694,124604.8
262144,695,116092.9
262144,696,115396.5
262144,697,115360.8
262144,698,120745.9
262144,699,116026.9
262144,700,115704.1
262144,701,115326.2
262144,702,115615.7
262144,703,115530.9
262144,704,114912.0
262144,705,116333.4
262144,706,117284.2
262144,707,115775.6
262144,708,122307.7
262144,709,128139.8
262144,710,119276.0
262144,711,120685.3
262144,712,114948.9
262144,713,115831.3
262144,714,121657.3
262144,715,125956.6
262144,716,119664.2
262144,717,115971.8
262144,718,115176.0
262144,719,115782.9
262144,720,115442.5
262144,721,115713.8
262144,722,115125.2
262144,723,116915.4
262144,724,115818.0
262144,725,115401.9
262144,726,116037.8
262144,727,120326.8
262144,728,122382.8
262144,729,118436.7
262144,730,122133.3
262144,731,123114.4
262144,732,115929.4
262144,733,115614.5
262144,734,115586.0
262144,735,116270.4
262144,736,115830.1
262144,737,115388.6
262144,738,115887.6
262144,739,120739.8
262144,740,123644.9
262144,741,116121.4
262144,742,115979.1
262144,743,115408.0
262144,744,116420.6
262144,745,115717.5
262144,746,115586.6
262144,747,116525.3
262144,748,115667.8
262144,749,117557.3
262144,750,115878.5
262144,751,115595.7
262144,752,115686.0
262144,753,117120.7
262144,754,122375.6
262144,755,119403.2
262144,756,115956.7
262144,757,117222.4
262144,758,116357.6
262144,759,122024.9
262144,760,123622.5
262144,761,118717.7
262144,762,114884.1
262144,763,113970.9
262144,764,113054.6
262144,765,113391.3
262144,766,115464.3
262144,767,113421.6
262144,768,113269.0
262144,769,112900.1
262144,770,113499.7
262144,771,113309.5
262144,772,113507.0
262144,773,112696.7
262144,774,115313.5
262144,775,113122.4
262144,776,113063.1
262144,777,113154.5
262144,778,112885.6
262144,779,113420.4
262144,780,112601.6
262144,781,113161.8
262144,782,113184.2
262144,783,114252.5
262144,784,113275.0
262144,785,113487.0
262144,786,113222.3
262144,787,113364.7
262144,788,112822.6
262144,789,113223.5
262144,790,113252.0
262144,791,112878.9
262144,792,119335.4
262144,793,113301.1
262144,794,113686.2
262144,795,115355.3
262144,796,114962.3
262144,797,115007.1
262144,798,115266.3
262144,799,115122.1
262144,800,115239.0
262144,801,117276.9
262144,802,115334.7
262144,803,114759.4
262144,804,115917.3
262144,805,114965.3
262144,806,114893.8
262144,807,117082.5
262144,808,121509.5
262144,809,116054.2
262144,810,115230.5
262144,811,115064.6
262144,812,114880.5
262144,813,115560.0
262144,814,115151.2
262144,815,115166.3
262144,816,115223.9
262144,817,114614.6
262144,818,118243.5
262144,819,120364.3
262144,820,121897.1
262144,821,120814.9
262144,822,118087.8
262144,823,114657.6
262144,824,114827.8
262144,825,114834.5
262144,826,116776.1
262144,827,115503.1
262144,828,115023.4
262144,829,115166.3
262144,830,115702.9
262144,831,115529.1
262144,832,115860.4
262144,833,115893.1
262144,834,115291.7
262144,835,117060.7
262144,836,125924.5
262144,837,126701.5
262144,838,115454.0
262144,839,114738.2
262144,840,114941.1
262144,841,115836.2
262144,842,115046.4
262144,843,118193.2
262144,844,115688.4
262144,845,115446.1
262144,846,115574.5
262144,847,117773.5
262144,848,128012.0
262144,849,121002.6
262144,850,120036.1
262144,851,117645.1
262144,852,117241.2
262144,853,115636.9
262144,854,115326.8
262144,855,115397.1
262144,856,115239.0
262144,857,115489.7
262144,858,115386.8
262144,859,119992.5
262144,860,123575.9
262144,861,119895.0
262144,862,126472.5
262144,863,117526.4
262144,864,116407.9
262144,865,115725.9
262144,866,116098.4
262144,867,118937.5
262144,868,122301.1
262144,869,118494.8
262144,870,116075.4
262144,871,116037.8
262144,872,119471.6
262144,873,121226.7
262144,874,115575.7
262144,875,116386.1
262144,876,115801.6
262144,877,118884.8
262144,878,116359.4
262144,879,115956.7
262144,880,116079.6
262144,881,118333.1
262144,882,122437.3
262144,883,121297.6
262144,884,118701.3
262144,885,115362.0
262144,886,119295.4
262144,887,116067.5
262144,888,116327.9
262144,889,115965.2
262144,890,115958.5
262144,891,116136.5
262144,892,116060.2
262144,893,115907.6
262144,894,117136.4
262144,895,115997.2
262144,896,116026.3
262144,897,115979.7
262144,898,115867.0
262144,899,116343.7
262144,900,116191.7
262144,901,116271.6
262144,902,117422.9
262144,903,124744.7
262144,904,121642.8
262144,905,121642.2
262144,906,116795.4
262144,907,119476.5
262144,908,121968.6
262144,909,115396.5
262144,910,116720.4
262144,911,118039.4
262144,912,115930.6
262144,913,115724.7
262144,914,115884.0
262144,915,116084.5
262144,916,115700.5
262144,917,115564.2
262144,918,115698.1
262144,919,118390.0
262144,920,124756.2
262144,921,121043.8
262144,922,120019.1
262144,923,116097.8
262144,924,116335.8
262144,925,115710.2
262144,926,115963.9
262144,927,115901.0
262144,928,117923.7
262144,929,115355.3
262144,930,118433.0
262144,931,122282.9
262144,932,116635.0
262144,933,115924.6
262144,934,116108.7
262144,935,116336.4
262144,936,118314.3
262144,937,122599.6
262144,938,121337.5
262144,939,121867.5
262144,940,116312.8
262144,941,115919.7
262144,942,116041.5
262144,943,115615.1
262144,944,116332.2
262144,945,118012.1
262144,946,115552.7
262144,947,115992.4
262144,948,116082.6
262144,949,115773.2
262144,950,116163.2
262144,951,115538.8
262144,952,116306.1
262144,953,115982.1
262144,954,118581.4
262144,955,118254.4
262144,956,122203.6
262144,957,116931.7
262144,958,116283.7
262144,959,115994.2
262144,960,115854.9
262144,961,116017.8
262144,962,117118.8
262144,963,116002.7
262144,964,116104.4
262144,965,115969.4
262144,966,115881.0
262144,967,116246.8
262144,968,115649.0
262144,969,115895.5
262144,970,113430.1
262144,971,113952.7
262144,972,113563.9
262144,973,116286.7
262144,974,119194.9
262144,975,117983.1
262144,976,114683.1
262144,977,112969.8
262144,978,113583.3
262144,979,120478.2
262144,980,114171.9
262144,981,113516.7
262144,982,113362.2
262144,983,113198.7
262144,984,116475.1
262144,985,119612.2
262144,986,113734.7
262144,987,113348.9
262144,988,114235.5
262144,989,113153.3
262144,990,115314.7
262144,991,119376.0
262144,992,118726.1
262144,993,117255.1
262144,994,113145.4
262144,995,113106.1
262144,996,112826.9
262144,997,112164.3
262144,998,113359.8
262144,999,112913.5
262144,1000,113113.9
262144,1001,115087.0
262144,1002,120006.4
262144,1003,114460.2
262144,1004,112846.2
262144,1005,114451.1
262144,1006,113361.0
262144,1007,113533.0
262144,1008,114796.3
262144,1009,115518.2
262144,1010,114654.6
262144,1011,114999.8
262144,1012,116566.5
262144,1013,121160.7
262144,1014,120695.6
262144,1015,116024.5
262144,1016,115086.4
262144,1017,114975.0
262144,1018,118280.4
262144,1019,121502.3
262144,1020,115824.6
262144,1021,115779.8
262144,1022,116277.6
262144,1023,114984.7
262144,1024,115105.2
262144,1025,118331.3
262144,1026,121547.7
262144,1027,120319.5
262144,1028,126592.4
262144,1029,118029.7
262144,1030,115834.9
262144,1031,117907.4
262144,1032,115013.1
262144,1033,115079.7
262144,1034,115008.9
262144,1035,115073.1
262144,1036,114936.8
262144,1037,114938.0
262144,1038,115358.9
262144,1039,115696.3
262144,1040,115978.5
262144,1041,114935.6
262144,1042,118506.3
262144,1043,120827.0
262144,1044,115313.5
262144,1045,115274.1
262144,1046,115624.2
262144,1047,116490.2
262144,1048,125280.7
262144,1049,120835.5
262144,1050,121868.1
262144,1051,119293.0
262144,1052,115261.4
262144,1053,117567.6
262144,1054,122267.8
262144,1055,126627.6
262144,1056,125476.3
262144,1057,115757.4
262144,1058,115369.2
262144,1059,115578.2
262144,1060,116206.8
262144,1061,115338.9
262144,1062,115207.5
262144,1063,115834.9
262144,1064,115653.9
262144,1065,119295.4
262144,1066,115873.1
262144,1067,115687.2
262144,1068,115460.7
262144,1069,115896.1
262144,1070,115466.1
262144,1071,115140.9
262144,1072,115795.6
262144,1073,116968.0
262144,1074,115677.5
262144,1075,117215.7
262144,1076,125050.6
262144,1077,118832.1
262144,1078,116240.7
262144,1079,115645.4
262144,1080,115871.3
262144,1081,119868.9
262144,1082,123433.6
262144,1083,120203.8
262144,1084,115951.2
262144,1085,116014.8
262144,1086,115705.9
262144,1087,119117.4
262144,1088,122664.4
262144,1089,116639.2
262144,1090,117645.1
262144,1091,115818.6
262144,1092,120348.6
262144,1093,122659.0
262144,1094,122038.8
262144,1095,120575.7
262144,1096,116793.0
262144,1097,115709.6
262144,1098,116555.6
262144,1099,117970.3
262144,1100,116068.1
262144,1101,115861.6
262144,1102,115386.2
262144,1103,117615.4
262144,1104,122040.7
262144,1105,119121.6
262144,1106,115953.0
262144,1107,118630.5
262144,1108,115558.2
262144,1109,115672.6
262144,1110,115624.8
262144,1111,115869.5
262144,1112,115805.3
262144,1113,116144.4
262144,1114,116063.9
262144,1115,116057.2
262144,1116,117693.0
262144,1117,122283.5
262144,1118,121514.4
262144,1119,116037.8
262144,1120,115860.4
262144,1121,116216.5
262144,1122,115848.3
262144,1123,116488.4
262144,1124,117781.4
262144,1125,122152.1
262144,1126,117249.7
262144,1127,116168.6
262144,1128,115896.1
262144,1129,115805.9
262144,1130,120561.8
262144,1131,128600.1
262144,1132,120099.1
262144,1133,119903.5
262144,1134,115616.3
262144,1135,115920.3
262144,1136,116122.0
262144,1137,115459.5
262144,1138,116085.7
262144,1139,115924.0
262144,1140,115746.5
262144,1141,121089.2
262144,1142,122785.6
262144,1143,116103.8
262144,1144,115796.2
262144,1145,116091.1
262144,1146,115696.9
262144,1147,119630.9
262144,1148,121032.9
262144,1149,116006.3
262144,1150,117377.4
262144,1151,115823.4
262144,1152,115940.9
262144,1153,115890.7
262144,1154,117037.7
262144,1155,122255.7
262144,1156,121972.2
262144,1157,119941.0
262144,1158,118317.4
262144,1159,116019.7
262144,1160,116320.0
262144,1161,115701.1
262144,1162,115573.3
262144,1163,115944.0
262144,1164,116099.6
262144,1165,116691.3
262144,1166,122497.3
262144,1167,120589.6
262144,1168,115897.3
262144,1169,115545.5
262144,1170,115596.3
262144,1171,115867.0
262144,1172,115999.7
262144,1173,115873.1
262144,1174,116172.9
262144,1175,117152.8
262144,1176,117711.7
262144,1177,122296.2
262144,1178,120348.6
262144,1179,116209.8
262144,1180,116000.9
262144,1181,116208.6
262144,1182,116009.4
262144,1183,116111.7
262144,1184,162391.4
262144,1185,115837.4
262144,1186,117129.7
262144,1187,117283.0
262144,1188,122756.5
262144,1189,118156.9
262144,1190,115913.1
262144,1191,116252.2
262144,1192,119016.2
262144,1193,115979.1
262144,1194,115915.5
262144,1195,115835.6
262144,1196,115873.1
262144,1197,115798.6
262144,1198,115714.4
262144,1199,116210.4
262144,1200,117189.7
262144,1201,115395.9
262144,1202,116151.1
262144,1203,116036.6
262144,1204,115930.0
262144,1205,117659.7
262144,1206,122753.5
262144,1207,121390.2
262144,1208,116480.5
262144,1209,119039.8
262144,1210,115969.4
262144,1211,116036.0
262144,1212,116086.3
262144,1213,115921.5
262144,1214,118052.1
262144,1215,122671.7
262144,1216,115725.3
262144,1217,117439.2
262144,1218,115687.8
262144,1219,120179.6
262144,1220,116267.4
262144,1221,115802.2
262144,1222,116859.6
262144,1223,115861.0
262144,1224,115751.4
262144,1225,115678.1
262144,1226,120816.7
262144,1227,115739.9
262144,1228,115734.4
262144,1229,115567.3
262144,1230,116082.0
262144,1231,116004.5
262144,1232,116107.5
262144,1233,116386.7
262144,1234,124531.5
262144,1235,116102.6
262144,1236,116094.1
262144,1237,115962.7
262144,1238,115877.9
262144,1239,116386.7
262144,1240,115705.9
262144,1241,115864.0
262144,1242,115951.2
262144,1243,116529.6
262144,1244,115972.4
262144,1245,116426.6
262144,1246,115713.2
262144,1247,115612.1
262144,1248,116917.2
262144,1249,115533.4
262144,1250,115939.7
262144,1251,117631.2
262144,1252,115659.9
262144,1253,116287.9
262144,1254,116166.2
262144,1255,115983.9
262144,1256,115822.2
262144,1257,120418.2
262144,1258,122488.8
262144,1259,116866.3
262144,1260,117157.0
262144,1261,115225.7
262144,1262,116412.7
262144,1263,118009.7
262144,1264,122371.9
262144,1265,121481.7
262144,1266,118529.9
262144,1267,116687.0
262144,1268,116778.5
262144,1269,116175.3
262144,1270,116183.2
262144,1271,115939.7
262144,1272,116185.0
262144,1273,115557.6
262144,1274,119366.9
262144,1275,121817.8
262144,1276,115773.2
262144,1277,116655.6
262144,1278,115978.5
262144,1279,116052.4
262144,1280,116109.9
262144,1281,116438.1
262144,1282,122279.9
262144,1283,126540.4
262144,1284,128342.1
262144,1285,125700.4
262144,1286,121298.2
262144,1287,117786.2
262144,1288,117809.8
262144,1289,118533.0
262144,1290,118957.5
262144,1291,118286.5
262144,1292,117528.8
262144,1293,117379.9
262144,1294,122054.6
262144,1295,117783.8
262144,1296,116986.2
262144,1297,116990.5
262144,1298,117154.0
262144,1299,116165.6
262144,1300,116346.1
262144,1301,116544.1
262144,1302,119261.5
262144,1303,117877.1
262144,1304,116483.0
262144,1305,115290.5
262144,1306,115249.3
262144,1307,119088.3
262144,1308,123082.9
262144,1309,123511.7
262144,1310,116685.8
262144,1311,112929.8
262144,1312,112754.8
262144,1313,111887.6
262144,1314,112209.7
262144,1315,112899.5
262144,1316,112120.1
262144,1317,112382.3
262144,1318,112911.7
262144,1319,114034.5
262144,1320,112611.3
262144,1321,112857.1
262144,1322,112396.3
262144,1323,112429.0
262144,1324,112194.0
262144,1325,112541.0
262144,1326,112538.6
262144,1327,112745.1
262144,1328,115221.5
262144,1329,112863.8
262144,1330,112980.7
262144,1331,118863.6
262144,1332,116638.0
262144,1333,112496.8
262144,1334,113115.7
262144,1335,112301.2
262144,1336,112836.0
262144,1337,113797.1
262144,1338,111840.3
262144,1339,112700.9
262144,1340,112564.0
262144,1341,112694.8
262144,1342,112419.9
262144,1343,112315.7
262144,1344,112273.3
262144,1345,112368.4
262144,1346,114251.3
262144,1347,112330.3
262144,1348,113602.1
262144,1349,114442.6
262144,1350,114300.9
262144,1351,114196.2
262144,1352,114836.3
262144,1353,114683.7
262144,1354,115744.1
262144,1355,114162.8
262144,1356,114589.2
262144,1357,114608.6
262144,1358,114505.6
262144,1359,114439.6
262144,1360,114207.7
262144,1361,114138.0
262144,1362,116529.6
262144,1363,124202.1
262144,1364,122209.6
262144,1365,116670.7
262144,1366,114880.5
262144,1367,115354.1
262144,1368,115742.9
262144,1369,114909.0
262144,1370,114494.7
262144,1371,115667.8
262144,1372,123141.1
262144,1373,118554.8
262144,1374,114917.4
262144,1375,114764.8
262144,1376,114803.0
262144,1377,114786.6
262144,1378,115227.5
262144,1379,114704.9
262144,1380,118470.0
262144,1381,115203.9
262144,1382,114760.6
262144,1383,118518.4
262144,1384,121879.6
262144,1385,115964.5
262144,1386,115750.8
262144,1387,115546.1
262144,1388,115073.7
262144,1389,117336.9
262144,1390,115013.1
262144,1391,115696.3
262144,1392,115765.3
262144,1393,115203.3
262144,1394,115566.7
262144,1395,115504.9
262144,1396,115050.1
262144,1397,116900.2
262144,1398,119059.2
262144,1399,121747.5
262144,1400,120712.6
262144,1401,126855.3
262144,1402,118735.8
262144,1403,115738.0
262144,1404,115341.4
262144,1405,115161.5
262144,1406,117271.5
262144,1407,115576.3
262144,1408,116097.8
262144,1409,115204.5
262144,1410,115772.6
262144,1411,115587.2
262144,1412,115547.3
262144,1413,115525.5
262144,1414,116759.7
262144,1415,115354.7
262144,1416,115512.8
262144,1417,115936.1
262144,1418,115568.5
262144,1419,116119.0
262144,1420,115967.6
262144,1421,115957.3
262144,1422,115707.8
262144,1423,117390.8
262144,1424,115735.6
262144,1425,115853.1
262144,1426,116255.2
262144,1427,115702.3
262144,1428,116214.1
262144,1429,116851.8
262144,1430,116678.0
262144,1431,117726.3
262144,1432,124957.9
262144,1433,115988.8
262144,1434,116237.7
262144,1435,116228.6
262144,1436,115788.3
262144,1437,116063.9
262144,1438,115958.5
262144,1439,115801.0
262144,1440,117633.0
262144,1441,115362.0
262144,1442,115729.6
262144,1443,115939.7
262144,1444,115513.4
262144,1445,115853.7
262144,1446,116483.0
262144,1447,122520.3
262144,1448,122452.5
262144,1449,121814.2
262144,1450,116492.0
262144,1451,115908.8
262144,1452,115779.8
262144,1453,115657.5
262144,1454,115650.2
262144,1455,116348.5
262144,1456,116134.1
262144,1457,117152.2
262144,1458,116109.3
262144,1459,115979.1
262144,1460,115702.9
262144,1461,119961.0
262144,1462,121905.6
262144,1463,119548.0
262144,1464,122222.9
262144,1465,115841.0
262144,1466,116188.0
262144,1467,115884.0
262144,1468,115848.9
262144,1469,116193.5
262144,1470,116059.6
262144,1471,115709.0
262144,1472,116843.3
262144,1473,115873.1
262144,1474,116809.4
262144,1475,115871.9
262144,1476,116091.7
262144,1477,115762.9
262144,1478,115865.2
262144,1479,115772.0
262144,1480,115945.8
262144,1481,115619.3
262144,1482,115702.3
262144,1483,117724.5
262144,1484,116033.6
262144,1485,116096.0
262144,1486,116580.5
262144,1487,115802.8
262144,1488,116177.1
262144,1489,115897.9
262144,1490,115419.5
262144,1491,116962.0
262144,1492,116145.6
262144,1493,115651.4
262144,1494,115846.5
262144,1495,116221.3
262144,1496,115630.2
262144,1497,115913.7
262144,1498,115641.1
262144,1499,115752.0
262144,1500,117199.4
262144,1501,116014.8
262144,1502,115960.9
262144,1503,116496.3
262144,1504,116449.6
262144,1505,115856.7
262144,1506,115922.2
262144,1507,115727.8
262144,1508,116817.9
262144,1509,115921.5
262144,1510,115377.1
262144,1511,116426.6
262144,1512,116280.1
262144,1513,116263.1
262144,1514,116604.7
262144,1515,115720.5
262144,1516,115947.0
262144,1517,124484.3
262144,1518,115937.9
262144,1519,116019.1
262144,1520,116278.3
262144,1521,115857.4
262144,1522,116737.9
262144,1523,122582.7
262144,1524,121497.4
262144,1525,121679.7
262144,1526,119497.7
262144,1527,119950.7
262144,1528,118275.0
262144,1529,114387.5
262144,1530,113976.9
262144,1531,113026.1
262144,1532,113204.8
262144,1533,113081.8
262144,1534,115670.2
262144,1535,113126.6
262144,1536,113685.6
262144,1537,113160.6
262144,1538,113153.9
262144,1539,115286.9
262144,1540,119380.2
262144,1541,114996.2
262144,1542,113021.3
262144,1543,114844.8
262144,1544,112816.6
262144,1545,113191.4
262144,1546,117490.7
262144,1547,113566.3
262144,1548,114514.1
262144,1549,113274.4
262144,1550,112853.5
262144,1551,115315.9
262144,1552,114026.6
262144,1553,119403.2
262144,1554,119177.9
262144,1555,119825.9
262144,1556,119700.0
262144,1557,115335.9
262144,1558,114437.2
262144,1559,113239.9
262144,1560,114567.4
262144,1561,113265.9
262144,1562,113171.5
262144,1563,115414.7
262144,1564,115810.7
262144,1565,115007.7
262144,1566,116767.0
262144,1567,121675.5
262144,1568,121197.6
262144,1569,118404.0
262144,1570,115423.1
262144,1571,115248.7
262144,1572,116036.6
262144,1573,114966.5
262144,1574,115283.2
262144,1575,116849.3
262144,1576,121895.3
262144,1577,120581.7
262144,1578,115647.8
262144,1579,114804.2
262144,1580,115391.6
262144,1581,115395.9
262144,1582,114720.6
262144,1583,114944.7
262144,1584,115561.8
262144,1585,121015.4
262144,1586,125558.7
262144,1587,130091.1
262144,1588,121165.5
262144,1589,116558.0
262144,1590,115182.7
262144,1591,115363.8
262144,1592,115669.0
262144,1593,114816.9
262144,1594,118271.9
262144,1595,115297.2
262144,1596,114846.0
262144,1597,116102.6
262144,1598,121769.3
262144,1599,120877.9
262144,1600,116088.1
262144,1601,115292.3
262144,1602,115352.3
262144,1603,118302.2
262144,1604,115211.2
262144,1605,115664.8
262144,1606,116064.5
262144,1607,115749.6
262144,1608,115643.0
262144,1609,120696.8
262144,1610,121958.3
262144,1611,118714.6
262144,1612,115816.2
262144,1613,115227.5
262144,1614,115202.1
262144,1615,115988.2
262144,1616,115393.5
262144,1617,115400.7
262144,1618,115227.5
262144,1619,115389.8
262144,1620,117755.3
262144,1621,121535.0
262144,1622,116181.4
262144,1623,115714.4
262144,1624,115973.6
262144,1625,115514.0
262144,1626,115761.1
262144,1627,115025.8
262144,1628,116166.2
262144,1629,115661.7
262144,1630,115239.0
262144,1631,116197.1
262144,1632,116128.7
262144,1633,115856.1
262144,1634,120119.7
262144,1635,125433.3
262144,1636,127081.8
262144,1637,124712.6
262144,1638,118880.6
262144,1639,116272.2
262144,1640,116438.7
262144,1641,115649.0
262144,1642,116185.0
262144,1643,115654.5
262144,1644,115743.5
262144,1645,116957.8
262144,1646,117529.4
262144,1647,123058.7
262144,1648,116763.3
262144,1649,115867.6
262144,1650,116133.5
262144,1651,115876.1
262144,1652,116571.4
262144,1653,115289.3
262144,1654,121971.6
262144,1655,122562.7
262144,1656,116155.9
262144,1657,115618.1
262144,1658,117204.8
262144,1659,116101.4
262144,1660,116126.2
262144,1661,115836.8
262144,1662,118328.3
262144,1663,116903.9
262144,1664,116072.3
262144,1665,116377.6
262144,1666,115714.4
262144,1667,116053.6
262144,1668,116186.8
262144,1669,115842.8
262144,1670,116151.1
262144,1671,117284.2
262144,1672,116010.0
262144,1673,115824.6
262144,1674,115623.0
262144,1675,116182.0
262144,1676,115847.1
262144,1677,115675.1
262144,1678,115844.0
262144,1679,119511.6
262144,1680,115621.2
262144,1681,117353.8
262144,1682,126415.6
262144,1683,125165.0
262144,1684,121966.2
262144,1685,116052.4
262144,1686,116181.4
262144,1687,117937.6
262144,1688,125354.6
262144,1689,121216.4
262144,1690,118018.2
262144,1691,115655.7
262144,1692,116154.1
262144,1693,116083.9
262144,1694,115442.5
262144,1695,116803.3
262144,1696,117046.8
262144,1697,115752.0
262144,1698,116277.0
262144,1699,115775.6
262144,1700,115930.0
262144,1701,116840.3
262144,1702,119368.7
262144,1703,121261.2
262144,1704,116212.2
262144,1705,117958.8
262144,1706,115856.7
262144,1707,115738.7
262144,1708,116432.1
262144,1709,115825.9
262144,1710,115938.5
262144,1711,115792.6
262144,1712,115983.9
262144,1713,118862.4
262144,1714,122506.4
262144,1715,121498.6
262144,1716,119039.8
262144,1717,116172.9
262144,1718,122414.9
262144,1719,119173.1
262144,1720,116120.8
262144,1721,117068.6
262144,1722,115831.9
262144,1723,118692.2
262144,1724,123525.0
262144,1725,127040.6
262144,1726,124372.9
262144,1727,116412.7
262144,1728,115998.5
262144,1729,116073.0
262144,1730,124360.8
262144,1731,122531.8
262144,1732,120719.2
262144,1733,118823.0
262144,1734,116283.7
262144,1735,116165.6
262144,1736,115828.9
262144,1737,116456.9
262144,1738,116269.2
262144,1739,115672.0
262144,1740,116266.1
262144,1741,115781.0
262144,1742,116085.7
262144,1743,116627.7
262144,1744,116185.0
262144,1745,115537.0
262144,1746,116033.0
262144,1747,116973.5
262144,1748,115398.3
262144,1749,116137.1
262144,1750,122238.1
262144,1751,116155.3
262144,1752,116232.8
262144,1753,115801.6
262144,1754,115352.9
262144,1755,118052.1
262144,1756,116248.6
262144,1757,116093.5
262144,1758,116068.7
262144,1759,115649.0
262144,1760,115234.2
262144,1761,117095.8
262144,1762,122521.5
262144,1763,118207.7
262144,1764,122898.8
262144,1765,121432.0
262144,1766,116151.7
262144,1767,116132.3
262144,1768,115888.2
262144,1769,116105.0
262144,1770,115923.4
262144,1771,115772.6
262144,1772,117158.8
262144,1773,117044.4
262144,1774,116126.2
262144,1775,116194.7
262144,1776,123119.3
262144,1777,116917.8
262144,1778,115740.5
262144,1779,115960.9
262144,1780,115493.4
262144,1781,118361.0
262144,1782,116003.9
262144,1783,116094.8
262144,1784,115994.8
262144,1785,116340.0
262144,1786,115735.6
262144,1787,116162.6
262144,1788,120394.6
262144,1789,123631.6
262144,1790,119945.2
262144,1791,129853.1
262144,1792,132755.8
262144,1793,130056.5
262144,1794,119348.1
262144,1795,125995.3
262144,1796,124514.6
262144,1797,129305.6
262144,1798,123419.6
262144,1799,126797.7
262144,1800,122674.1
262144,1801,116100.2
262144,1802,115486.1
262144,1803,115902.2
262144,1804,115830.1
262144,1805,115763.5
262144,1806,120750.7
262144,1807,121803.3
262144,1808,116356.4
262144,1809,115458.9
262144,1810,114669.7
262144,1811,115220.2
262144,1812,115673.2
262144,1813,115076.1
262144,1814,117041.9
262144,1815,117770.5
262144,1816,121719.1
262144,1817,120507.9
262144,1818,118987.2
262144,1819,121371.5
262144,1820,119889.5
262144,1821,119405.6
262144,1822,116150.5
262144,1823,115436.5
262144,1824,115368.6
262144,1825,115031.3
262144,1826,115601.2
262144,1827,115517.6
262144,1828,114855.1
262144,1829,116020.3
262144,1830,121673.1
262144,1831,123210.1
262144,1832,117528.2
262144,1833,120979.0
262144,1834,115383.8
262144,1835,115534.0
262144,1836,115574.5
262144,1837,115162.7
262144,1838,115623.6
262144,1839,115007.7
262144,1840,117144.3
262144,1841,115348.0
262144,1842,115010.7
262144,1843,115174.2
262144,1844,115199.1
262144,1845,115532.1
262144,1846,115300.8
262144,1847,115793.8
262144,1848,116732.5
262144,1849,115236.6
262144,1850,118636.5
262144,1851,121906.2
262144,1852,120318.9
262144,1853,118740.7
262144,1854,115791.3
262144,1855,116282.5
262144,1856,116008.2
262144,1857,118500.2
262144,1858,116236.5
262144,1859,115796.8
262144,1860,115559.4
262144,1861,117895.2
262144,1862,122403.4
262144,1863,121499.2
262144,1864,118873.3
262144,1865,117451.9
262144,1866,116257.1
262144,1867,115704.1
262144,1868,116386.7
262144,1869,116019.7
262144,1870,115875.5
262144,1871,115642.4
262144,1872,116653.1
262144,1873,115675.1
262144,1874,117480.4
262144,1875,115799.2
262144,1876,115788.3
262144,1877,115953.0
262144,1878,116161.4
262144,1879,116040.2
262144,1880,116067.5
262144,1881,115905.2
262144,1882,118348.2
262144,1883,115392.2
262144,1884,115934.9
262144,1885,116034.8
262144,1886,115846.5
262144,1887,116453.9
262144,1888,115822.2
262144,1889,115988.8
262144,1890,115972.4
262144,1891,118338.5
262144,1892,115598.8
262144,1893,115951.2
262144,1894,116979.6
262144,1895,116596.8
262144,1896,117364.7
262144,1897,121283.6
262144,1898,116193.5
262144,1899,117459.8
262144,1900,115991.2
262144,1901,115564.2
262144,1902,115867.6
262144,1903,115930.6
262144,1904,115997.9
262144,1905,120199.0
262144,1906,122154.5
262144,1907,116184.4
262144,1908,119136.1
262144,1909,116456.9
262144,1910,115913.1
262144,1911,116106.3
262144,1912,118027.9
262144,1913,121883.2
262144,1914,122500.9
262144,1915,125071.8
262144,1916,123270.7
262144,1917,115857.4
262144,1918,115940.9
262144,1919,115790.1
262144,1920,116785.8
262144,1921,115558.2
262144,1922,115768.3
262144,1923,116160.8
262144,1924,115819.8
262144,1925,117739.0
262144,1926,116306.7
262144,1927,122060.6
262144,1928,118228.3
262144,1929,116085.7
262144,1930,116266.7
262144,1931,115897.3
262144,1932,115950.6
262144,1933,119157.9
262144,1934,116129.9
262144,1935,116899.6
262144,1936,116370.3
262144,1937,117984.9
262144,1938,121785.7
262144,1939,115701.7
262144,1940,116148.0
262144,1941,117034.7
262144,1942,124275.4
262144,1943,122232.0
262144,1944,116839.7
262144,1945,117008.0
262144,1946,115558.2
262144,1947,115997.9
262144,1948,115996.6
262144,1949,115759.2
262144,1950,117086.1
262144,1951,116197.1
262144,1952,116099.6
262144,1953,117024.4
262144,1954,122425.2
262144,1955,119992.5
262144,1956,116043.3
262144,1957,115719.9
262144,1958,116952.9
262144,1959,117512.5
262144,1960,115660.5
262144,1961,115772.6
262144,1962,116073.6
262144,1963,115397.7
262144,1964,116246.2
262144,1965,115995.4
262144,1966,116146.8
262144,1967,117855.9
262144,1968,115916.7
262144,1969,115770.8
262144,1970,116034.8
262144,1971,115716.2
262144,1972,117742.0
262144,1973,122275.6
262144,1974,122229.0
262144,1975,121214.6
262144,1976,118708.0
262144,1977,115895.5
262144,1978,116327.3
262144,1979,115774.4
262144,1980,115991.2
262144,1981,115791.9
262144,1982,115530.9
262144,1983,118370.6
262144,1984,136578.4
262144,1985,119255.4
262144,1986,116482.3
262144,1987,116102.6
262144,1988,116644.6
262144,1989,118646.8
262144,1990,122063.7
262144,1991,116360.0
262144,1992,116038.4
262144,1993,116078.4
262144,1994,115877.3
262144,1995,116140.2
262144,1996,115773.2
262144,1997,115855.5
262144,1998,116134.7
262144,1999,115657.5
524288,0,235963.1
524288,1,239185.5
524288,2,246745.4
524288,3,237331.8
524288,4,240314.4
524288,5,243005.1
524288,6,235513.1
524288,7,236312.5
524288,8,237410.5
524288,9,236570.5
524288,10,236137.5
524288,11,237153.1
524288,12,248247.3
524288,13,236162.3
524288,14,236119.9
524288,15,242814.4
524288,16,237726.0
524288,17,235736.6
524288,18,243542.3
524288,19,245556.6
524288,20,237290.0
524288,21,236105.4
524288,22,236480.3
524288,23,236236.8
524288,24,236982.9
524288,25,236200.5
524288,26,235830.5
524288,27,236927.2
524288,28,235703.3
524288,29,237512.8
524288,30,235894.0
524288,31,235105.5
524288,32,244393.8
524288,33,238186.3
524288,34,235827.4
524288,35,244379.9
524288,36,243976.5
524288,37,238128.8
524288,38,236510.6
524288,39,236965.4
524288,40,236429.4
524288,41,237591.6
524288,42,237505.6
524288,43,235782.0
524288,44,235573.7
524288,45,237555.8
524288,46,236819.4
524288,47,236212.6
524288,48,240946.7
524288,49,249494.3
524288,50,244341.1
524288,51,246020.5
524288,52,236295.0
524288,53,236136.3
524288,54,238325.0
524288,55,236480.9
524288,56,243594.4
524288,57,236302.8
524288,58,237559.5
524288,59,236153.2
524288,60,235614.9
524288,61,236733.4
524288,62,244009.9
524288,63,236497.2
524288,64,235955.2
524288,65,243987.4
524288,66,256016.1
524288,67,236870.3
524288,68,239835.4
524288,69,242610.3
524288,70,238012.5
524288,71,246710.3
524288,72,244348.4
524288,73,237014.4
524288,74,236024.9
524288,75,243105.1
524288,76,246686.1
524288,77,235633.0
524288,78,235348.4
524288,79,236734.0
524288,80,235792.3
524288,81,235654.8
524288,82,236052.7
524288,83,244535.5
524288,84,236166.6
524288,85,235711.8
524288,86,236035.8
524288,87,237885.3
524288,88,235957.0
524288,89,235969.1
524288,90,236089.7
524288,91,236970.8
524288,92,244858.9
524288,93,244270.3
524288,94,237005.9
524288,95,237537.1
524288,96,236283.4
524288,97,236122.4
524288,98,235545.8
524288,99,236168.4
524288,100,244760.2
524288,101,240474.9
524288,102,240224.2
524288,103,232357.9
524288,104,231963.0
524288,105,229941.5
524288,106,230397.5
524288,107,239071.1
524288,108,231662.0
524288,109,229965.1
524288,110,240987.8
524288,111,237048.9
524288,112,231408.3
524288,113,230692.4
524288,114,231074.6
524288,115,230235.8
524288,116,240322.3
524288,117,243790.0
524288,118,233897.3
524288,119,235284.8
524288,120,247605.4
524288,121,243951.7
524288,122,234314.6
524288,123,234737.9
524288,124,234789.4
524288,125,235358.7
524288,126,234316.4
524288,127,234771.8
524288,128,234026.9
524288,129,235094.6
524288,130,235493.1
524288,131,246781.1
524288,132,243903.3
524288,133,242570.9
524288,134,234513.2
524288,135,235760.8
524288,136,242601.8
524288,137,237222.8
524288,138,236328.9
524288,139,235066.8
524288,140,234993.5
524288,141,253183.1
524288,142,246139.2
524288,143,239415.7
524288,144,243062.1
524288,145,235347.2
524288,146,235862.5
524288,147,235542.2
524288,148,235000.8
524288,149,235428.3
524288,150,236406.4
524288,151,235317.5
524288,152,235134.6
524288,153,235559.1
524288,154,240678.4
524288,155,244784.4
524288,156,235660.3
524288,157,235915.2
524288,158,236023.0
524288,159,237432.9
524288,160,236491.8
524288,161,242847.7
524288,162,245697.7
524288,163,237059.8
524288,164,235967.3
524288,165,237297.2
524288,166,246019.9
524288,167,239003.3
524288,168,236591.1
524288,169,236253.8
524288,170,236110.2
524288,171,237269.4
524288,172,236738.3
524288,173,236149.6
524288,174,242988.8
524288,175,248052.3
524288,176,236212.0
524288,177,236130.2
524288,178,236002.4
524288,179,241462.6
524288,180,240880.7
524288,181,235670.6
524288,182,244948.6
524288,183,246187.6
524288,184,244010.5
524288,185,237029.0
524288,186,235751.1
524288,187,236268.9
524288,188,237400.8
524288,189,236291.9
524288,190,236126.6
524288,191,236060.0
524288,192,237411.7
524288,193,245018.2
524288,194,238776.8
524288,195,236099.3
524288,196,237058.0
524288,197,235776.6
524288,198,236015.2
524288,199,236122.4
524288,200,244383.5
524288,201,240386.5
524288,202,237648.5
524288,203,242864.0
524288,204,235705.1
524288,205,242656.9
524288,206,236652.9
524288,207,236006.7
524288,208,236377.9
524288,209,238575.1
524288,210,236402.1
524288,211,236654.1
524288,212,236196.2
524288,213,236190.2
524288,214,236145.4
524288,215,236329.5
524288,216,236091.5
524288,217,236403.4
524288,218,236336.1
524288,219,236123.6
524288,220,236480.3
524288,221,244580.9
524288,222,236205.3
524288,223,237423.2
524288,224,244028.0
524288,225,236238.6
524288,226,237999.8
524288,227,235969.1
524288,228,236164.1
524288,229,236024.9
524288,230,237754.5
524288,231,236250.1
524288,232,235237.6
524288,233,236362.8
524288,234,237576.4
524288,235,236123.6
524288,236,236255.0
524288,237,235578.5
524288,238,238242.6
524288,239,248069.9
524288,240,235967.3
524288,241,237922.2
524288,242,248570.1
524288,243,238188.7
524288,244,235425.9
524288,245,236361.6
524288,246,235589.4
524288,247,237518.9
524288,248,245109.0
524288,249,235744.5
524288,250,236233.2
524288,251,241308.8
524288,252,242678.7
524288,253,244777.2
524288,254,245341.0
524288,255,238466.7
524288,256,235998.2
524288,257,235569.4
524288,258,236193.2
524288,259,246144.6
524288,260,236525.7
524288,261,235915.8
524288,262,236204.7
524288,263,237501.9
524288,264,236281.0
524288,265,236568.7
524288,266,245989.0
524288,267,247815.5
524288,268,239611.3
524288,269,246620.0
524288,270,236090.3
524288,271,242775.6
524288,272,250303.4
524288,273,236307.1
524288,274,236376.1
524288,275,236060.6
524288,276,237339.0
524288,277,236385.2
524288,278,236040.6
524288,279,236252.0
524288,280,236865.4
524288,281,239754.8
524288,282,241072.0
524288,283,236154.5
524288,284,238445.5
524288,285,242798.6
524288,286,238678.6
524288,287,235736.6
524288,288,248838.4
524288,289,245024.3
524288,290,244582.2
524288,291,235341.7
524288,292,238172.4
524288,293,236826.1
524288,294,235659.7
524288,295,237013.8
524288,296,235480.4
524288,297,239760.3
524288,298,236320.4
524288,299,236192.0
524288,300,236157.5
524288,301,238252.9
524288,302,235958.8
524288,303,236413.0
524288,304,236714.0
524288,305,237898.0
524288,306,236350.1
524288,307,233841.6
524288,308,230324.2
524288,309,232381.5
524288,310,242254.2
524288,311,240980.0
524288,312,237027.1
524288,313,231693.5
524288,314,234248.0
524288,315,236661.4
524288,316,229624.7
524288,317,229599.9
524288,318,232016.3
524288,319,230165.5
524288,320,239816.0
524288,321,238506.7
524288,322,231625.7
524288,323,230707.0
524288,324,229902.1
524288,325,230842.0
524288,326,231132.1
524288,327,230352.1
524288,328,234407.9
524288,329,237128.3
524288,330,240783.2
524288,331,241171.3
524288,332,237936.8
524288,333,234029.4
524288,334,241047.8
524288,335,236313.1
524288,336,234714.9
524288,337,234905.1
524288,338,242670.8
524288,339,235834.7
524288,340,234154.7
524288,341,233507.3
524288,342,236154.5
524288,343,236318.0
524288,344,234471.5
524288,345,235256.9
524288,346,241418.4
524288,347,244842.6
524288,348,236279.2
524288,349,241009.0
524288,350,235553.1
524288,351,235581.5
524288,352,237978.6
524288,353,235777.2
524288,354,235501.0
524288,355,234811.8
524288,356,238177.8
524288,357,235264.8
524288,358,235442.9
524288,359,235452.5
524288,360,236364.6
524288,361,235196.4
524288,362,237234.9
524288,363,237227.6
524288,364,237220.3
524288,365,237376.0
524288,366,236394.9
524288,367,235912.2
524288,368,246945.3
524288,369,235918.9
524288,370,237030.8
524288,371,242570.3
524288,372,235436.8
524288,373,242077.3
524288,374,235768.7
524288,375,235885.6
524288,376,236516.0
524288,377,239002.6
524288,378,236219.9
524288,379,235688.7
524288,380,236622.6
524288,381,237763.6
524288,382,242735.6
524288,383,236774.6
524288,384,236327.7
524288,385,236773.4
524288,386,235396.2
524288,387,236076.3
524288,388,235802.6
524288,389,235934.0
524288,390,237318.4
524288,391,236766.1
524288,392,253650.0
524288,393,236385.2
524288,394,242202.7
524288,395,242621.8
524288,396,235794.1
524288,397,244167.9
524288,398,252185.0
524288,399,248216.4
524288,400,237901.0
524288,401,236308.3
524288,402,237899.8
524288,403,236665.6
524288,404,247180.8
524288,405,236189.0
524288,406,237397.8
524288,407,236201.7
524288,408,236298.6
524288,409,235871.0
524288,410,250798.8
524288,411,237073.2
524288,412,236211.4
524288,413,235654.8
524288,414,247271.7
524288,415,237035.6
524288,416,235974.0
524288,417,236149.6
524288,418,243662.8
524288,419,246100.4
524288,420,237301.5
524288,421,236645.0
524288,422,236380.3
524288,423,237236.7
524288,424,236241.7
524288,425,235936.4
524288,426,240615.4
524288,427,241495.4
524288,428,236778.2
524288,429,236155.7
524288,430,235622.7
524288,431,236845.5
524288,432,236632.9
524288,433,235811.7
524288,434,235911.0
524288,435,238558.1
524288,436,245475.4
524288,437,239510.2
524288,438,236657.7
524288,439,235817.7
524288,440,237039.9
524288,441,242580.0
524288,442,237252.4
524288,443,235891.6
524288,444,241649.8
524288,445,246282.7
524288,446,240637.8
524288,447,236023.6
524288,448,237096.2
524288,449,236115.1
524288,450,235881.9
524288,451,246890.2
524288,452,240859.5
524288,453,244539.8
524288,454,235788.1
524288,455,235509.5
524288,456,243295.8
524288,457,238364.3
524288,458,246358.4
524288,459,242262.7
524288,460,239891.1
524288,461,236413.0
524288,462,236230.8
524288,463,238464.3
524288,464,244759.0
524288,465,237408.7
524288,466,236916.3
524288,467,236601.4
524288,468,235398.6
524288,469,238144.5
524288,470,236007.3
524288,471,244257.6
524288,472,244644.5
524288,473,239264.9
524288,474,235529.5
524288,475,239710.6
524288,476,241898.7
524288,477,236439.1
524288,478,236497.8
524288,479,236450.0
524288,480,244754.2
524288,481,237835.6
524288,482,236391.9
524288,483,245261.7
524288,484,242929.4
524288,485,237070.1
524288,486,236195.6
524288,487,236306.5
524288,488,246872.0
524288,489,244792.3
524288,490,236880.0
524288,491,236810.3
524288,492,236370.1
524288,493,235983.7
524288,494,245060.0
524288,495,246269.4
524288,496,236207.1
524288,497,236592.3
524288,498,236421.5
524288,499,236218.6
524288,500,236895.1
524288,501,236264.1
524288,502,247780.4
524288,503,247556.9
524288,504,236162.9
524288,505,236630.5
524288,506,255960.4
524288,507,237783.6
524288,508,236482.1
524288,509,235703.9
524288,510,236674.1
524288,511,236245.9
524288,512,236560.8
524288,513,235746.3
524288,514,236348.9
524288,515,241850.8
524288,516,242522.5
524288,517,245157.5
524288,518,236425.2
524288,519,269164.0
524288,520,235951.0
524288,521,236083.6
524288,522,235934.6
524288,523,237228.8
524288,524,236450.6
524288,525,246789.0
524288,526,240978.2
524288,527,236939.9
524288,528,235983.1
524288,529,239465.9
524288,530,242086.4
524288,531,237936.2
524288,532,243080.2
524288,533,237670.3
524288,534,236285.9
524288,535,239871.1
524288,536,235814.7
524288,537,236180.5
524288,538,248327.9
524288,539,246021.7
524288,540,239472.6
524288,541,236552.3
524288,542,236230.2
524288,543,243165.6
524288,544,249310.8
524288,545,237443.2
524288,546,235491.9
524288,547,236133.3
524288,548,238473.9
524288,549,235855.9
524288,550,236328.9
524288,551,236312.5
524288,552,237145.2
524288,553,235283.0
524288,554,242848.9
524288,555,242442.5
524288,556,248358.2
524288,557,236689.8
524288,558,236147.8
524288,559,236299.8
524288,560,238990.5
524288,561,246818.7
524288,562,236810.3
524288,563,236358.5
524288,564,237371.1
524288,565,249408.9
524288,566,242446.2
524288,567,236111.5
524288,568,236496.6
524288,569,236283.4
524288,570,236133.3
524288,571,235764.4
524288,572,236429.4
524288,573,237450.5
524288,574,236128.4
524288,575,235771.1
524288,576,236798.2
524288,577,249327.1
524288,578,235604.6
524288,579,236025.5
524288,580,236321.6
524288,581,235783.8
524288,582,236104.8
524288,583,241086.0
524288,584,240732.9
524288,585,235388.4
524288,586,237869.5
524288,587,236197.5
524288,588,236174.4
524288,589,235736.0
524288,590,250109.0
524288,591,245420.3
524288,592,235900.1
524288,593,235604.0
524288,594,250584.4
524288,595,236081.2
524288,596,239578.6
524288,597,242742.9
524288,598,237543.1
524288,599,235832.9
524288,600,236855.1
524288,601,237310.0
524288,602,254210.2
524288,603,235809.9
524288,604,236117.5
524288,605,235601.5
524288,606,237181.6
524288,607,236073.9
524288,608,236228.3
524288,609,236115.7
524288,610,236404.0
524288,611,237738.1
524288,612,236460.9
524288,613,236153.2
524288,614,246392.3
524288,615,236208.4
524288,616,237260.9
524288,617,242083.4
524288,618,235860.1
524288,619,292494.6
524288,620,236107.8
524288,621,232886.0
524288,622,230276.4
524288,623,233066.4
524288,624,230521.0
524288,625,239793.6
524288,626,230923.2
524288,627,231307.1
524288,628,230509.5
524288,629,230124.4
524288,630,230203.1
524288,631,230390.2
524288,632,231437.3
524288,633,237799.3
524288,634,231988.4
524288,635,230128.0
524288,636,231862.5
524288,637,229876.1
524288,638,239392.7
524288,639,234412.7
524288,640,232782.4
524288,641,241425.1
524288,642,234863.9
524288,643,234484.8
524288,644,234933.5
524288,645,234334.0
524288,646,234643.4
524288,647,234888.7
524288,648,234281.9
524288,649,238860.3
524288,650,245615.9
524288,651,237172.5
524288,652,233839.2
524288,653,234957.8
524288,654,234431.5
524288,655,245910.9
524288,656,234965.6
524288,657,239436.3
524288,658,242713.2
524288,659,235003.8
524288,660,239510.8
524288,661,239522.3
524288,662,235604.6
524288,663,245618.4
524288,664,244868.6
524288,665,236607.5
524288,666,236970.8
524288,667,243374.6
524288,668,236174.4
524288,669,235112.8
524288,670,235323.6
524288,671,241895.1
524288,672,238997.2
524288,673,234896.6
524288,674,236308.3
524288,675,246088.9
524288,676,235671.2
524288,677,247541.2
524288,678,238785.2
524288,679,237357.8
524288,680,244308.4
524288,681,235556.7
524288,682,243838.5
524288,683,245987.2
524288,684,246735.1
524288,685,235840.7
524288,686,239300.6
524288,687,258205.4
524288,688,261086.3
524288,689,249751.1
524288,690,243534.5
524288,691,247480.6
524288,692,238675.0
524288,693,234557.5
524288,694,271016.6
524288,695,271178.2
524288,696,278027.7
524288,697,260261.5
524288,698,270337.7
524288,699,284741.6
524288,700,246850.8
524288,701,236967.8
524288,702,231620.2
524288,703,228984.6
524288,704,238596.3
524288,705,237589.8
524288,706,230634.9
524288,707,229206.9
524288,708,229127.5
524288,709,229439.4
524288,710,243526.6
524288,711,236187.2
524288,712,233283.2
524288,713,233336.5
524288,714,234988.6
524288,715,253229.7
524288,716,232915.6
524288,717,232869.0
524288,718,233074.3
524288,719,236170.2
524288,720,233828.3
524288,721,233093.7
524288,722,233833.7
524288,723,244237.6
524288,724,240553.0
524288,725,234471.5
524288,726,232714.6
524288,727,235900.7
524288,728,242539.4
524288,729,252268.6
524288,730,235012.3
524288,731,236732.2
524288,732,235772.9
524288,733,235081.9
524288,734,235576.7
524288,735,234916.0
524288,736,238684.7
524288,737,247940.9
524288,738,238857.9
524288,739,235337.5
524288,740,236669.2
524288,741,235671.2
524288,742,235046.2
524288,743,240584.5
524288,744,239587.7
524288,745,235276.9
524288,746,243119.6
524288,747,238959.0
524288,748,239401.1
524288,749,245751.6
524288,750,236907.8
524288,751,236496.6
524288,752,256086.4
524288,753,249438.0
524288,754,236528.7
524288,755,235959.4
524288,756,235876.5
524288,757,238375.8
524288,758,236241.1
524288,759,235682.1
524288,760,236605.6
524288,761,237792.0
524288,762,236451.8
524288,763,235788.1
524288,764,236400.9
524288,765,238765.9
524288,766,246483.8
524288,767,246153.7
524288,768,236367.6
524288,769,238602.3
524288,770,230851.1
524288,771,231047.3
524288,772,230724.5
524288,773,236023.0
524288,774,237474.1
524288,775,231623.9
524288,776,230496.2
524288,777,230464.1
524288,778,235121.3
524288,779,241167.7
524288,780,230072.3
524288,781,230920.7
524288,782,232098.7
524288,783,230051.7
524288,784,230914.7
524288,785,230335.7
524288,786,231900.6
524288,787,230628.8
524288,788,234290.4
524288,789,234248.0
524288,790,234430.3
524288,791,235445.3
524288,792,234377.6
524288,793,234320.7
524288,794,234187.4
524288,795,235921.9
524288,796,235051.0
524288,797,233675.1
524288,798,242502.5
524288,799,242949.4
524288,800,234313.4
524288,801,233721.7
524288,802,234314.6
524288,803,235666.9
524288,804,233912.5
524288,805,234948.7
524288,806,235342.3
524288,807,235779.0
524288,808,235709.3
524288,809,235124.9
524288,810,238390.4
524288,811,239621.0
524288,812,235528.2
524288,813,235674.2
524288,814,235077.7
524288,815,235708.1
524288,816,236205.3
524288,817,237847.7
524288,818,240671.1
524288,819,234830.0
524288,820,244233.9
524288,821,238476.4
524288,822,236174.4
524288,823,237400.2
524288,824,238050.6
524288,825,233795.6
524288,826,239071.1
524288,827,230558.0
524288,828,232577.7
524288,829,240118.2
524288,830,236320.4
524288,831,234409.7
524288,832,230676.7
524288,833,232812.7
524288,834,229983.9
524288,835,230369.0
524288,836,230406.0
524288,837,232112.6
524288,838,238962.7
524288,839,231501.5
524288,840,243122.0
524288,841,239998.9
524288,842,232099.3
524288,843,234089.3
524288,844,235288.4
524288,845,234705.2
524288,846,239975.9
524288,847,233751.4
524288,848,234865.1
524288,849,234521.7
524288,850,235866.2
524288,851,239632.5
524288,852,243500.5
524288,853,236541.4
524288,854,235917.1
524288,855,235166.1
524288,856,234953.5
524288,857,246193.1
524288,858,238398.2
524288,859,234008.8
524288,860,235181.2
524288,861,235170.3
524288,862,235623.9
524288,863,236076.3
524288,864,235808.6
524288,865,234985.6
524288,866,244575.5
524288,867,243917.8
524288,868,236261.6
524288,869,235208.5
524288,870,234803.3
524288,871,238294.1
524288,872,234688.9
524288,873,234853.6
524288,874,248708.2
524288,875,244260.0
524288,876,236385.2
524288,877,235787.5
524288,878,235685.1
524288,879,236921.2
524288,880,235757.8
524288,881,236055.7
524288,882,244218.2
524288,883,246591.6
524288,884,236120.5
524288,885,235504.6
524288,886,236074.5
524288,887,239393.3
524288,888,244836.5
524288,889,235031.0
524288,890,235651.2
524288,891,235984.3
524288,892,238088.2
524288,893,235090.4
524288,894,236083.6
524288,895,236240.5
524288,896,238183.3
524288,897,236583.2
524288,898,247429.1
524288,899,247562.4
524288,900,238593.3
524288,901,233850.1
524288,902,229851.2
524288,903,230582.8
524288,904,232299.7
524288,905,243090.5
524288,906,238417.6
524288,907,253684.5
524288,908,262346.0
524288,909,255773.3
524288,910,261472.7
524288,911,248321.2
524288,912,263694.7
524288,913,265418.3
524288,914,267801.4
524288,915,252438.2
524288,916,256092.4
524288,917,241697.0
524288,918,242426.8
524288,919,244453.8
524288,920,236946.6
524288,921,246292.4
524288,922,232231.3
524288,923,228631.5
524288,924,242506.1
524288,925,228796.3
524288,926,228181.6
524288,927,228269.4
524288,928,228907.1
524288,929,234162.6
524288,930,240963.0
524288,931,235136.4
524288,932,237901.6
524288,933,232624.3
524288,934,228122.8
524288,935,228621.8
524288,936,229023.4
524288,937,232775.7
524288,938,228586.7
524288,939,232928.4
524288,940,232941.7
524288,941,233292.9
524288,942,235292.1
524288,943,242289.9
524288,944,234879.6
524288,945,239856.0
524288,946,240617.8
524288,947,234966.2
524288,948,234361.2
524288,949,234415.7
524288,950,243940.2
524288,951,234327.3
524288,952,242748.4
524288,953,245272.0
524288,954,244246.0
524288,955,234278.9
524288,956,235954.6
524288,957,244554.3
524288,958,236349.5
524288,959,246035.6
524288,960,244555.5
524288,961,235065.0
524288,962,234879.6
524288,963,237525.6
524288,964,234997.1
524288,965,237615.8
524288,966,236020.6
524288,967,237858.0
524288,968,235820.8
524288,969,235118.2
524288,970,235163.7
524288,971,236652.3
524288,972,235652.4
524288,973,244649.4
524288,974,236006.1
524288,975,241119.9
524288,976,242450.4
524288,977,236850.9
524288,978,248405.4
524288,979,236519.6
524288,980,244104.9
524288,981,236104.8
524288,982,235387.7
524288,983,236999.3
524288,984,243329.8
524288,985,240957.6
524288,986,235870.4
524288,987,245153.9
524288,988,239717.9
524288,989,247636.3
524288,990,249057.0
524288,991,236066.6
524288,992,236743.7
524288,993,246657.6
524288,994,244821.4
524288,995,238381.9
524288,996,237802.3
524288,997,235623.9
524288,998,236083.6
524288,999,235766.3
524288,1000,237673.9
524288,1001,246311.8
524288,1002,246704.8
524288,1003,236901.2
524288,1004,236905.4
524288,1005,237098.0
524288,1006,236252.6
524288,1007,245301.0
524288,1008,239812.4
524288,1009,236144.8
524288,1010,236455.4
524288,1011,247338.9
524288,1012,236512.4
524288,1013,241110.2
524288,1014,250187.1
524288,1015,236849.7
524288,1016,236060.6
524288,1017,238105.7
524288,1018,238705.9
524288,1019,242990.6
524288,1020,238423.1
524288,1021,247048.2
524288,1022,235852.3
524288,1023,235948.5
524288,1024,236569.9
524288,1025,237445.6
524288,1026,237358.4
524288,1027,236117.5
524288,1028,237034.4
524288,1029,246929.5
524288,1030,241644.3
524288,1031,235735.4
524288,1032,236405.8
524288,1033,236719.5
524288,1034,247985.1
524288,1035,236996.9
524288,1036,236485.1
524288,1037,244703.9
524288,1038,237483.8
524288,1039,236367.6
524288,1040,236235.6
524288,1041,236043.6
524288,1042,275182.0
524288,1043,254920.6
524288,1044,242057.4
524288,1045,242988.8
524288,1046,239590.7
524288,1047,232471.1
524288,1048,230860.8
524288,1049,230592.5
524288,1050,230356.9
524288,1051,229860.9
524288,1052,231028.5
524288,1053,230596.7
524288,1054,231738.9
524288,1055,230003.8
524288,1056,230472.0
524288,1057,240401.0
524288,1058,237406.9
524288,1059,231976.3
524288,1060,230369.6
524288,1061,230155.3
524288,1062,230807.5
524288,1063,231887.9
524288,1064,231955.1
524288,1065,234429.1
524288,1066,243894.8
524288,1067,237194.3
524288,1068,234545.3
524288,1069,235424.7
524288,1070,246486.8
524288,1071,237265.8
524288,1072,244472.5
524288,1073,235061.3
524288,1074,235000.8
524288,1075,234395.1
524288,1076,236063.0
524288,1077,234272.2
524288,1078,234638.0
524288,1079,244003.8
524288,1080,249669.3
524288,1081,235763.8
524288,1082,235502.8
524288,1083,234897.8
524288,1084,237041.7
524288,1085,235907.4
524288,1086,243572.6
524288,1087,235203.0
524288,1088,241601.3
524288,1089,241444.5
524288,1090,235432.0
524288,1091,235559.7
524288,1092,247615.1
524288,1093,241408.7
524288,1094,241347.0
524288,1095,236121.7
524288,1096,235804.4
524288,1097,241038.1
524288,1098,241654.0
524288,1099,235702.1
524288,1100,246040.5
524288,1101,239132.3
524288,1102,235900.1
524288,1103,236076.9
524288,1104,235997.6
524288,1105,236794.0
524288,1106,235306.6
524288,1107,236484.5
524288,1108,236481.5
524288,1109,236626.8
524288,1110,241823.6
524288,1111,236784.3
524288,1112,236346.4
524288,1113,237630.9
524288,1114,235986.7
524288,1115,236308.3
524288,1116,236661.4
524288,1117,235262.4
524288,1118,235607.0
524288,1119,236014.6
524288,1120,235750.5
524288,1121,235291.5
524288,1122,238173.6
524288,1123,236354.9
524288,1124,251690.2
524288,1125,245485.1
524288,1126,237005.9
524288,1127,235946.1
524288,1128,236400.9
524288,1129,242731.4
524288,1130,241389.4
524288,1131,237187.0
524288,1132,236319.8
524288,1133,235713.6
524288,1134,237083.5
524288,1135,248350.3
524288,1136,236073.3
524288,1137,248624.6
524288,1138,245161.7
524288,1139,236022.4
524288,1140,236692.2
524288,1141,236042.4
524288,1142,236096.9
524288,1143,237172.5
524288,1144,236576.6
524288,1145,243862.1
524288,1146,237283.9
524288,1147,237040.5
524288,1148,247332.2
524288,1149,237024.7
524288,1150,236559.6
524288,1151,237601.3
524288,1152,236542.7
524288,1153,239180.1
524288,1154,241482.6
524288,1155,238914.8
524288,1156,245422.8
524288,1157,244951.6
524288,1158,235969.7
524288,1159,238690.8
524288,1160,235717.8
524288,1161,236137.5
524288,1162,236649.2
524288,1163,237241.5
524288,1164,236361.0
524288,1165,236353.1
524288,1166,241317.3
524288,1167,246132.5
524288,1168,241327.0
524288,1169,245855.2
524288,1170,235979.4
524288,1171,237530.4
524288,1172,246215.5
524288,1173,235441.0
524288,1174,242839.8
524288,1175,239594.3
524288,1176,237832.0
524288,1177,235384.1
524288,1178,236561.4
524288,1179,236901.2
524288,1180,237660.6
524288,1181,235708.7
524288,1182,236433.6
524288,1183,236326.4
524288,1184,237059.8
524288,1185,236255.6
524288,1186,236602.0
524288,1187,235260.6
524288,1188,237042.3
524288,1189,238205.1
524288,1190,236281.0
524288,1191,236080.6
524288,1192,235837.1
524288,1193,241343.3
524288,1194,242835.6
524288,1195,236198.7
524288,1196,236588.1
524288,1197,236631.1
524288,1198,242658.1
524288,1199,246070.8
524288,1200,243352.8
524288,1201,237629.1
524288,1202,236657.7
524288,1203,236443.3
524288,1204,236499.0
524288,1205,236953.3
524288,1206,236275.0
524288,1207,239473.8
524288,1208,244734.8
524288,1209,235796.5
524288,1210,245278.0
524288,1211,242085.8
524288,1212,236428.8
524288,1213,245599.0
524288,1214,248102.0
524288,1215,230493.8
524288,1216,230897.7
524288,1217,238919.1
524288,1218,233217.8
524288,1219,230991.0
524288,1220,230280.6
524288,1221,230824.5
524288,1222,230990.4
524288,1223,230720.3
524288,1224,231302.9
524288,1225,230497.4
524288,1226,230888.0
524288,1227,230780.9
524288,1228,230633.7
524288,1229,233304.4
524288,1230,237065.9
524288,1231,231745.0
524288,1232,233126.4
524288,1233,234247.4
524288,1234,234116.0
524288,1235,234819.7
524288,1236,234408.5
524288,1237,234576.8
524288,1238,234218.3
524288,1239,235904.3
524288,1240,236058.2
524288,1241,254131.5
524288,1242,243003.3
524288,1243,235840.7
524288,1244,234771.8
524288,1245,234429.1
524288,1246,241298.5
524288,1247,236244.7
524288,1248,236881.8
524288,1249,235336.3
524288,1250,235204.9
524288,1251,246318.5
524288,1252,236066.0
524288,1253,237723.6
524288,1254,244062.5
524288,1255,246325.7
524288,1256,236549.9
524288,1257,237695.7
524288,1258,241282.8
524288,1259,235266.0
524288,1260,236345.2
524288,1261,242928.2
524288,1262,244992.2
524288,1263,236412.4
524288,1264,236869.1
524288,1265,237755.1
524288,1266,244078.3
524288,1267,235505.2
524288,1268,242909.5
524288,1269,238953.0
524288,1270,235921.9
524288,1271,243337.6
524288,1272,237058.6
524288,1273,236895.7
524288,1274,235995.2
524288,1275,235585.8
524288,1276,235987.9
524288,1277,238524.2
524288,1278,235786.8
524288,1279,236624.4
524288,1280,236358.5
524288,1281,239003.9
524288,1282,236130.8
524288,1283,236205.3
524288,1284,236471.2
524288,1285,238174.2
524288,1286,235490.1
524288,1287,236080.6
524288,1288,236181.1
524288,1289,235447.1
524288,1290,236830.3
524288,1291,246090.1
524288,1292,238186.9
524288,1293,236048.5
524288,1294,249335.6
524288,1295,235705.1
524288,1296,237709.1
524288,1297,245030.3
524288,1298,240049.8
524288,1299,239392.1
524288,1300,243040.3
524288,1301,235639.1
524288,1302,244235.7
524288,1303,239527.1
524288,1304,235244.8
524288,1305,235771.7
524288,1306,236984.1
524288,1307,237022.3
524288,1308,248665.2
524288,1309,241209.5
524288,1310,237232.4
524288,1311,236477.2
524288,1312,236304.0
524288,1313,235350.2
524288,1314,236986.0
524288,1315,237253.0
524288,1316,236402.8
524288,1317,236309.5
524288,1318,236077.5
524288,1319,237030.2
524288,1320,240498.5
524288,1321,242352.3
524288,1322,236711.0
524288,1323,239154.1
524288,1324,235892.8
524288,1325,246807.2
524288,1326,236580.2
524288,1327,236821.8
524288,1328,236469.4
524288,1329,235834.7
524288,1330,236081.8
524288,1331,237030.8
524288,1332,236687.4
524288,1333,244521.0
524288,1334,246729.7
524288,1335,236947.8
524288,1336,239352.7
524288,1337,245258.0
524288,1338,246165.8
524288,1339,237009.0
524288,1340,239036.6
524288,1341,235227.3
524288,1342,246196.7
524288,1343,259717.0
524288,1344,240471.3
524288,1345,246176.1
524288,1346,245046.1
524288,1347,235355.0
524288,1348,237029.0
524288,1349,236309.5
524288,1350,236184.7
524288,1351,235516.7
524288,1352,240685.0
524288,1353,235559.7
524288,1354,236674.7
524288,1355,236146.0
524288,1356,237455.9
524288,1357,235795.3
524288,1358,235943.1
524288,1359,236089.7
524288,1360,235759.6
524288,1361,237818.7
524288,1362,237322.1
524288,1363,235565.8
524288,1364,235792.9
524288,1365,237743.6
524288,1366,235805.6
524288,1367,236152.6
524288,1368,236054.5
524288,1369,237061.1
524288,1370,236206.5
524288,1371,236093.9
524288,1372,236479.7
524288,1373,236969.6
524288,1374,235829.2
524288,1375,236545.7
524288,1376,235708.1
524288,1377,238305.0
524288,1378,247922.1
524288,1379,242764.1
524288,1380,236516.0
524288,1381,236040.6
524288,1382,248072.9
524288,1383,235886.8
524288,1384,238923.9
524288,1385,241730.9
524288,1386,237773.3
524288,1387,236591.7
524288,1388,236539.6
524288,1389,235799.6
524288,1390,238262.0
524288,1391,245194.4
524288,1392,244877.7
524288,1393,235578.5
524288,1394,238175.4
524288,1395,236354.3
524288,1396,235765.6
524288,1397,235881.9
524288,1398,239969.2
524288,1399,244042.6
524288,1400,238193.6
524288,1401,236053.9
524288,1402,237363.3
524288,1403,236304.0
524288,1404,236436.1
524288,1405,247401.9
524288,1406,236380.3
524288,1407,239856.6
524288,1408,245901.8
524288,1409,236437.9
524288,1410,236256.2
524288,1411,250285.8
524288,1412,244727.5
524288,1413,236219.3
524288,1414,235477.4
524288,1415,237522.5
524288,1416,239114.1
524288,1417,246373.0
524288,1418,245018.2
524288,1419,245351.9
524288,1420,236150.8
524288,1421,245024.3
524288,1422,236738.9
524288,1423,237141.6
524288,1424,236357.9
524288,1425,235987.3
524288,1426,235548.2
524288,1427,239202.5
524288,1428,236012.7
524288,1429,235478.0
524288,1430,236402.1
524288,1431,236330.1
524288,1432,237072.0
524288,1433,236164.1
524288,1434,236083.0
524288,1435,236705.0
524288,1436,236638.3
524288,1437,245878.8
524288,1438,245454.2
524288,1439,235816.5
524288,1440,236618.4
524288,1441,235777.8
524288,1442,235427.7
524288,1443,243315.2
524288,1444,237391.7
524288,1445,236090.9
524288,1446,236443.9
524288,1447,237600.1
524288,1448,244857.1
524288,1449,236946.6
524288,1450,235860.7
524288,1451,237044.7
524288,1452,253766.3
524288,1453,238357.1
524288,1454,236615.9
524288,1455,236286.5
524288,1456,236104.2
524288,1457,236810.9
524288,1458,236253.2
524288,1459,236864.8
524288,1460,236219.9
524288,1461,245022.4
524288,1462,244548.9
524288,1463,235779.6
524288,1464,236116.9
524288,1465,237685.4
524288,1466,235861.9
524288,1467,236381.0
524288,1468,243168.7
524288,1469,237957.4
524288,1470,235881.9
524288,1471,236269.5
524288,1472,236812.1
524288,1473,236021.8
524288,1474,238360.7
524288,1475,246456.5
524288,1476,236361.6
524288,1477,240892.8
524288,1478,245663.2
524288,1479,235383.5
524288,1480,236407.0
524288,1481,236352.5
524288,1482,234632.5
524288,1483,235949.8
524288,1484,235852.9
524288,1485,235544.6
524288,1486,236737.1
524288,1487,236595.9
524288,1488,236281.0
524288,1489,235380.5
524288,1490,237222.8
524288,1491,236695.3
524288,1492,245992.0
524288,1493,236916.9
524288,1494,241466.3
524288,1495,244849.2
524288,1496,247302.0
524288,1497,235529.5
524288,1498,236983.5
524288,1499,238025.2
524288,1500,236589.9
524288,1501,235984.3
524288,1502,235059.5
524288,1503,237529.2
524288,1504,250115.6
524288,1505,254421.6
524288,1506,238304.4
524288,1507,237113.7
524288,1508,236257.4
524288,1509,236218.6
524288,1510,236063.6
524288,1511,237055.6
524288,1512,236334.9
524288,1513,236304.6
524288,1514,236078.8
524288,1515,236798.2
524288,1516,237706.6
524288,1517,248244.3
524288,1518,244388.4
524288,1519,236184.7
524288,1520,240277.5
524288,1521,236236.2
524288,1522,236630.5
524288,1523,236158.7
524288,1524,238578.7
524288,1525,235934.0
524288,1526,236342.8
524288,1527,235799.0
524288,1528,255165.2
524288,1529,241403.3
524288,1530,235716.0
524288,1531,236195.0
524288,1532,237007.2
524288,1533,235779.0
524288,1534,236548.7
524288,1535,236490.0
524288,1536,237320.3
524288,1537,236866.7
524288,1538,241226.5
524288,1539,245815.2
524288,1540,239343.6
524288,1541,246323.3
524288,1542,236572.3
524288,1543,235860.7
524288,1544,236315.5
524288,1545,237503.2
524288,1546,235682.7
524288,1547,235379.3
524288,1548,246678.2
524288,1549,238153.6
524288,1550,236198.7
524288,1551,246526.8
524288,1552,236112.1
524288,1553,237559.5
524288,1554,236084.2
524288,1555,235524.6
524288,1556,236745.5
524288,1557,237666.7
524288,1558,235597.3
524288,1559,252658.0
524288,1560,233533.4
524288,1561,237162.2
524288,1562,236546.3
524288,1563,236620.2
524288,1564,236404.6
524288,1565,235763.8
524288,1566,236953.9
524288,1567,235936.4
524288,1568,236715.3
524288,1569,236136.3
524288,1570,237432.3
524288,1571,235560.3
524288,1572,236227.7
524288,1573,235881.9
524288,1574,237032.0
524288,1575,235841.4
524288,1576,236660.7
524288,1577,236881.8
524288,1578,237546.2
524288,1579,236142.9
524288,1580,236096.9
524288,1581,236237.4
524288,1582,237391.1
524288,1583,245447.0
524288,1584,236591.1
524288,1585,241409.4
524288,1586,245872.7
524288,1587,241378.5
524288,1588,236238.0
524288,1589,236049.7
524288,1590,236411.2
524288,1591,238916.7
524288,1592,236173.8
524288,1593,235325.4
524288,1594,235324.2
524288,1595,237770.8
524288,1596,243750.0
524288,1597,238589.0
524288,1598,236285.3
524288,1599,249352.6
524288,1600,245678.9
524288,1601,237879.2
524288,1602,235573.1
524288,1603,246591.0
524288,1604,240494.9
524288,1605,236167.2
524288,1606,235799.0
524288,1607,239309.7
524288,1608,244989.7
524288,1609,235565.8
524288,1610,236284.7
524288,1611,236002.4
524288,1612,235316.9
524288,1613,230046.2
524288,1614,230231.6
524288,1615,230255.8
524288,1616,242443.7
524288,1617,238439.4
524288,1618,238260.2
524288,1619,229856.1
524288,1620,236813.4
524288,1621,233584.2
524288,1622,232111.4
524288,1623,244166.1
524288,1624,248313.3
524288,1625,232707.3
524288,1626,229965.7
524288,1627,241489.3
524288,1628,245141.7
524288,1629,237673.3
524288,1630,232388.8
524288,1631,234459.9
524288,1632,234596.8
524288,1633,236565.7
524288,1634,234602.9
524288,1635,233394.7
524288,1636,235191.5
524288,1637,236492.4
524288,1638,244190.3
524288,1639,242342.6
524288,1640,243856.0
524288,1641,235413.8
524288,1642,233869.5
524288,1643,234001.5
524288,1644,234545.9
524288,1645,233962.7
524288,1646,238173.0
524288,1647,234947.5
524288,1648,235116.4
524288,1649,247436.4
524288,1650,246885.3
524288,1651,235270.3
524288,1652,235213.3
524288,1653,234696.7
524288,1654,242074.3
524288,1655,237370.5
524288,1656,241423.3
524288,1657,243424.2
524288,1658,235256.3
524288,1659,246310.0
524288,1660,241446.9
524288,1661,238167.5
524288,1662,241805.4
524288,1663,235473.7
524288,1664,242231.2
524288,1665,246525.0
524288,1666,239578.6
524288,1667,235725.1
524288,1668,236126.0
524288,1669,236092.7
524288,1670,236019.4
524288,1671,242127.0
524288,1672,241287.0
524288,1673,235883.7
524288,1674,235897.7
524288,1675,237553.4
524288,1676,245070.9
524288,1677,238636.9
524288,1678,236425.8
524288,1679,238087.0
524288,1680,236230.8
524288,1681,236045.4
524288,1682,245351.3
524288,1683,237652.7
524288,1684,236564.5
524288,1685,236131.4
524288,1686,246716.3
524288,1687,236598.4
524288,1688,236210.8
524288,1689,237530.4
524288,1690,246812.0
524288,1691,243510.2
524288,1692,246149.5
524288,1693,235888.0
524288,1694,236710.4
524288,1695,236582.0
524288,1696,237875.6
524288,1697,235852.9
524288,1698,235379.9
524288,1699,235713.6
524288,1700,237554.0
524288,1701,235791.7
524288,1702,236397.9
524288,1703,236205.9
524288,1704,237053.8
524288,1705,235700.8
524288,1706,236370.1
524288,1707,240314.4
524288,1708,243268.0
524288,1709,236344.6
524288,1710,236234.4
524288,1711,235935.8
524288,1712,243656.8
524288,1713,245093.9
524288,1714,243843.9
524288,1715,236218.6
524288,1716,236267.7
524288,1717,242000.4
524288,1718,243436.9
524288,1719,245874.5
524288,1720,236608.7
524288,1721,237442.0
524288,1722,235388.4
524288,1723,236416.7
524288,1724,236033.3
524288,1725,237387.5
524288,1726,244934.6
524288,1727,235768.7
524288,1728,236339.2
524288,1729,237804.1
524288,1730,235745.7
524288,1731,236777.6
524288,1732,236752.2
524288,1733,243654.4
524288,1734,239577.4
524288,1735,235828.6
524288,1736,236133.9
524288,1737,236038.8
524288,1738,243854.8
524288,1739,245295.6
524288,1740,247104.5
524288,1741,236446.4
524288,1742,236835.8
524288,1743,236135.7
524288,1744,236858.2
524288,1745,235874.1
524288,1746,237075.6
524288,1747,236070.3
524288,1748,236001.8
524288,1749,237090.7
524288,1750,247078.5
524288,1751,236070.3
524288,1752,236139.3
524288,1753,236010.9
524288,1754,237718.1
524288,1755,236652.9
524288,1756,236016.4
524288,1757,236219.9
524288,1758,236651.7
524288,1759,237710.3
524288,1760,235931.6
524288,1761,235772.9
524288,1762,235699.0
524288,1763,236723.1
524288,1764,243516.3
524288,1765,245115.7
524288,1766,237688.5
524288,1767,237636.4
524288,1768,236524.5
524288,1769,246374.8
524288,1770,242938.5
524288,1771,236958.1
524288,1772,235934.6
524288,1773,236035.1
524288,1774,235070.4
524288,1775,236729.8
524288,1776,237159.2
524288,1777,235442.9
524288,1778,235616.7
524288,1779,236411.2
524288,1780,237694.5
524288,1781,235760.2
524288,1782,236527.5
524288,1783,235879.5
524288,1784,238274.7
524288,1785,248149.2
524288,1786,242085.2
524288,1787,236038.2
524288,1788,237050.2
524288,1789,236368.2
524288,1790,237483.8
524288,1791,236027.3
524288,1792,248996.5
524288,1793,236150.8
524288,1794,238106.3
524288,1795,252680.4
524288,1796,237884.7
524288,1797,235954.6
524288,1798,236457.3
524288,1799,244812.3
524288,1800,238329.2
524288,1801,235726.9
524288,1802,246410.5
524288,1803,236670.4
524288,1804,235610.6
524288,1805,236652.3
524288,1806,234922.6
524288,1807,235865.6
524288,1808,236007.3
524288,1809,236485.1
524288,1810,236161.1
524288,1811,236383.4
524288,1812,236797.0
524288,1813,236466.3
524288,1814,245384.0
524288,1815,235807.4
524288,1816,236436.1
524288,1817,250483.3
524288,1818,240046.7
524288,1819,236542.7
524288,1820,236427.0
524288,1821,236293.7
524288,1822,236178.7
524288,1823,245138.7
524288,1824,236872.7
524288,1825,236050.9
524288,1826,236851.5
524288,1827,236245.3
524288,1828,236295.0
524288,1829,235809.9
524288,1830,236450.6
524288,1831,236428.2
524288,1832,234988.6
524288,1833,236512.4
524288,1834,236785.5
524288,1835,236448.2
524288,1836,256871.3
524288,1837,243171.7
524288,1838,250374.2
524288,1839,246122.2
524288,1840,236492.4
524288,1841,235661.5
524288,1842,238396.4
524288,1843,241738.2
524288,1844,240338.6
524288,1845,235746.3
524288,1846,247127.6
524288,1847,238292.9
524288,1848,235850.4
524288,1849,246432.3
524288,1850,236093.9
524288,1851,236874.5
524288,1852,244615.5
524288,1853,236857.0
524288,1854,236413.0
524288,1855,237164.6
524288,1856,236758.2
524288,1857,236996.9
524288,1858,235989.7
524288,1859,237589.8
524288,1860,246106.5
524288,1861,245117.5
524288,1862,235858.3
524288,1863,237253.6
524288,1864,236391.9
524288,1865,239574.3
524288,1866,246147.1
524288,1867,242136.1
524288,1868,242658.1
524288,1869,235850.4
524288,1870,235794.7
524288,1871,244177.6
524288,1872,236107.8
524288,1873,235534.9
524288,1874,247143.3
524288,1875,243854.8
524288,1876,236977.5
524288,1877,234952.3
524288,1878,242722.9
524288,1879,247060.3
524288,1880,237310.6
524288,1881,235834.7
524288,1882,236450.0
524288,1883,240113.3
524288,1884,242249.3
524288,1885,235905.5
524288,1886,235716.6
524288,1887,235616.7
524288,1888,236763.7
524288,1889,235516.7
524288,1890,247778.6
524288,1891,239285.5
524288,1892,249556.1
524288,1893,245496.0
524288,1894,236342.2
524288,1895,236414.9
524288,1896,236941.1
524288,1897,237153.1
524288,1898,236461.5
524288,1899,235706.9
524288,1900,243710.1
524288,1901,248476.3
524288,1902,235992.8
524288,1903,236309.5
524288,1904,236172.0
524288,1905,237640.6
524288,1906,236209.0
524288,1907,236101.2
524288,1908,236853.3
524288,1909,236778.8
524288,1910,236825.5
524288,1911,236552.3
524288,1912,235741.4
524288,1913,245278.6
524288,1914,236353.7
524288,1915,236509.3
524288,1916,236114.5
524288,1917,238153.6
524288,1918,235751.1
524288,1919,239164.3
524288,1920,240585.7
524288,1921,236506.3
524288,1922,243609.5
524288,1923,249422.8
524288,1924,245894.5
524288,1925,237179.8
524288,1926,237093.2
524288,1927,235964.9
524288,1928,235709.9
524288,1929,235881.9
524288,1930,239914.1
524288,1931,242400.7
524288,1932,236184.7
524288,1933,246925.3
524288,1934,248607.1
524288,1935,236969.6
524288,1936,236870.3
524288,1937,236006.1
524288,1938,237214.3
524288,1939,238031.9
524288,1940,247828.9
524288,1941,242590.3
524288,1942,236657.1
524288,1943,236522.1
524288,1944,236039.4
524288,1945,236080.6
524288,1946,236153.2
524288,1947,236766.1
524288,1948,243326.7
524288,1949,236254.4
524288,1950,235605.8
524288,1951,237930.7
524288,1952,236569.9
524288,1953,235614.9
524288,1954,241786.7
524288,1955,247389.8
524288,1956,239350.9
524288,1957,235771.7
524288,1958,245996.9
524288,1959,237910.1
524288,1960,237045.3
524288,1961,256748.3
524288,1962,240075.8
524288,1963,237776.9
524288,1964,235894.0
524288,1965,245579.6
524288,1966,237988.9
524288,1967,236480.9
524288,1968,236217.4
524288,1969,235934.6
524288,1970,236889.7
524288,1971,245216.8
524288,1972,237873.2
524288,1973,239140.7
524288,1974,239711.2
524288,1975,235140.1
524288,1976,255207.0
524288,1977,236858.8
524288,1978,235771.7
524288,1979,235998.2
524288,1980,237310.6
524288,1981,235770.5
524288,1982,235544.0
524288,1983,245341.6
524288,1984,245669.2
524288,1985,235603.3
524288,1986,236193.2
524288,1987,236002.4
524288,1988,236919.9
524288,1989,236170.8
524288,1990,235867.4
524288,1991,236272.5
524288,1992,236961.1
524288,1993,239967.4
524288,1994,242138.5
524288,1995,236757.6
524288,1996,237190.1
524288,1997,248749.4
524288,1998,236818.2
524288,1999,235870.4
