size_bytes,iteration,rtt_ns
4,0,2361.9
4,1,9250.7
4,2,2550.2
4,3,2280.1
4,4,2148.7
4,5,2412.2
4,6,2208.7
4,7,2180.8
4,8,2212.9
4,9,2283.8
4,10,6287.5
4,11,9749.8
4,12,2280.7
4,13,2247.4
4,14,2147.5
4,15,2139.6
4,16,2166.3
4,17,2162.0
4,18,2201.4
4,19,2146.9
4,20,4229.6
4,21,3010.5
4,22,2166.3
4,23,2262.0
4,24,2248.0
4,25,2323.1
4,26,2329.8
4,27,2163.2
4,28,2226.8
4,29,2619.9
4,30,3843.8
4,31,3546.5
4,32,4131.5
4,33,2257.7
4,34,2203.8
4,35,2086.3
4,36,2151.1
4,37,2210.5
4,38,2093.6
4,39,2155.4
4,40,2180.8
4,41,3154.0
4,42,3849.9
4,43,3172.2
4,44,3237.0
4,45,3316.3
4,46,3215.2
4,47,3203.1
4,48,3108.6
4,49,3238.2
4,50,4125.4
4,51,3252.1
4,52,2913.6
4,53,2225.6
4,54,2261.4
4,55,2294.1
4,56,2184.4
4,57,2241.4
4,58,2203.2
4,59,2169.9
4,60,3201.9
4,61,3272.1
4,62,2967.5
4,63,3216.4
4,64,2949.3
4,65,2873.6
4,66,3277.0
4,67,3117.1
4,68,3845.0
4,69,3147.4
4,70,2175.4
4,71,2340.7
4,72,2201.4
4,73,2288.6
4,74,2205.6
4,75,2182.6
4,76,2178.4
4,77,2225.0
4,78,3847.5
4,79,4124.8
4,80,2265.6
4,81,2193.5
4,82,2301.9
4,83,2182.0
4,84,2207.5
4,85,2262.6
4,86,2141.4
4,87,2185.7
4,88,3089.2
4,89,4190.2
4,90,2338.3
4,91,2157.8
4,92,2174.8
4,93,2199.6
4,94,2134.8
4,95,2242.0
4,96,2267.4
4,97,2278.9
4,98,3152.2
4,99,3820.2
4,100,3225.5
4,101,3364.8
4,102,3210.4
4,103,3226.1
4,104,3161.9
4,105,3152.2
4,106,3177.0
4,107,4083.6
4,108,3217.0
4,109,3338.1
4,110,2242.6
4,111,2347.4
4,112,2223.2
4,113,2378.8
4,114,2197.8
4,115,2197.8
4,116,2220.2
4,117,3351.5
4,118,2986.3
4,119,3250.3
4,120,2995.4
4,121,2965.1
4,122,3271.5
4,123,2948.7
4,124,2920.3
4,125,3917.1
4,126,3184.9
4,127,2258.9
4,128,2262.0
4,129,2275.9
4,130,2367.9
4,131,2203.8
4,132,2265.0
4,133,2244.4
4,134,2200.2
4,135,4135.1
4,136,3247.9
4,137,2211.7
4,138,2286.2
4,139,2272.9
4,140,2205.0
4,141,2304.4
4,142,2124.5
4,143,2138.4
4,144,2079.7
4,145,3582.8
4,146,4157.5
4,147,3292.7
4,148,2360.1
4,149,2311.0
4,150,2364.3
4,151,2269.2
4,152,2152.3
4,153,2218.4
4,154,2154.8
4,155,2177.8
4,156,3137.7
4,157,4012.8
4,158,3163.1
4,159,3164.3
4,160,3230.9
4,161,3231.6
4,162,3187.9
4,163,3151.6
4,164,3241.8
4,165,4144.2
4,166,3203.1
4,167,3282.4
4,168,2304.4
4,169,2324.9
4,170,2274.7
4,171,2197.2
4,172,2235.3
4,173,2219.6
4,174,2153.0
4,175,3202.5
4,176,3237.0
4,177,2978.4
4,178,3054.7
4,179,2921.5
4,180,2874.2
4,181,3220.0
4,182,3239.4
4,183,3835.3
4,184,3116.5
4,185,2368.6
4,186,2191.1
4,187,2242.6
4,188,2281.9
4,189,2178.4
4,190,2131.2
4,191,2168.1
4,192,2136.6
4,193,4138.2
4,194,2864.5
4,195,2191.7
4,196,2140.8
4,197,2202.6
4,198,2127.5
4,199,2208.1
4,200,2145.1
4,201,2179.6
4,202,2409.7
4,203,3607.0
4,204,3823.8
4,205,3218.8
4,206,3205.5
4,207,3229.7
4,208,3225.5
4,209,3179.5
4,210,3245.5
4,211,3158.9
4,212,3826.3
4,213,4164.8
4,214,3177.7
4,215,3234.6
4,216,2241.4
4,217,2303.8
4,218,2229.9
4,219,2235.9
4,220,2123.9
4,221,2219.0
4,222,2142.7
4,223,2997.8
4,224,3220.6
4,225,3269.7
4,226,3269.1
4,227,2824.6
4,228,2846.4
4,229,3184.9
4,230,3108.0
4,231,3937.7
4,232,2905.1
4,233,2263.2
4,234,2281.3
4,235,2409.7
4,236,2181.4
4,237,2285.6
4,238,2216.5
4,239,2209.9
4,240,2217.1
4,241,3599.8
4,242,3576.7
4,243,4116.4
4,244,2234.1
4,245,2182.0
4,246,2129.9
4,247,2228.0
4,248,2171.7
4,249,2151.1
4,250,2257.1
4,251,2133.6
4,252,3134.0
4,253,3872.9
4,254,3207.3
4,255,3235.8
4,256,3178.9
4,257,3207.9
4,258,3165.5
4,259,3145.6
4,260,3131.0
4,261,4163.6
4,262,2918.4
4,263,3295.7
4,264,2224.4
4,265,2223.8
4,266,2303.1
4,267,2175.4
4,268,2186.9
4,269,2272.3
4,270,2156.0
4,271,2825.8
4,272,3034.7
4,273,2940.9
4,274,3263.6
4,275,3152.2
4,276,3120.1
4,277,2887.6
4,278,3240.0
4,279,4171.5
4,280,3508.3
4,281,3132.8
4,282,2311.6
4,283,2363.1
4,284,2222.0
4,285,2252.3
4,286,2322.5
4,287,2225.0
4,288,2384.9
4,289,2330.4
4,290,3464.7
4,291,3457.4
4,292,3408.4
4,293,3453.8
4,294,3539.8
4,295,4048.5
4,296,3995.8
4,297,4307.1
4,298,3032.9
4,299,3021.4
4,300,2986.3
4,301,3128.0
4,302,2414.0
4,303,2361.3
4,304,2298.3
4,305,2321.3
4,306,2335.2
4,307,3275.2
4,308,3281.2
4,309,2973.6
4,310,3356.9
4,311,3301.2
4,312,3237.0
4,313,2982.0
4,314,3341.8
4,315,4290.2
4,316,3733.0
4,317,2392.2
4,318,2301.3
4,319,2360.7
4,320,2266.2
4,321,2361.9
4,322,2752.5
4,323,3152.2
4,324,3121.9
4,325,3350.3
4,326,3383.6
4,327,3282.4
4,328,3229.7
4,329,3217.6
4,330,3259.4
4,331,4037.0
4,332,3224.9
4,333,2412.8
4,334,2405.5
4,335,2414.0
4,336,2293.5
4,337,2263.2
4,338,2395.8
4,339,2397.6
4,340,2364.3
4,341,4347.1
4,342,3225.5
4,343,2460.0
4,344,2324.3
4,345,2242.0
4,346,2293.5
4,347,2230.5
4,348,2429.1
4,349,2484.2
4,350,2318.9
4,351,3828.7
4,352,3686.4
4,353,4327.7
4,354,2482.4
4,355,2318.3
4,356,2328.6
4,357,2430.3
4,358,2320.1
4,359,2343.1
4,360,2392.2
4,361,2363.1
4,362,3082.6
4,363,3796.6
4,364,3680.9
4,365,4066.1
4,366,4269.6
4,367,2464.8
4,368,2583.5
4,369,2409.7
4,370,2430.9
4,371,2320.1
4,372,2445.5
4,373,2374.0
4,374,2245.6
4,375,3193.4
4,376,3734.2
4,377,4038.2
4,378,3080.8
4,379,3355.1
4,380,3295.1
4,381,3361.8
4,382,3237.0
4,383,3273.9
4,384,3232.2
4,385,3994.6
4,386,4028.5
4,387,3960.1
4,388,3295.7
4,389,3296.4
4,390,3194.6
4,391,3249.1
4,392,3268.5
4,393,3254.0
4,394,3365.4
4,395,3255.8
4,396,4239.3
4,397,3462.9
4,398,3210.4
4,399,2477.6
4,400,2321.9
4,401,2405.5
4,402,2407.3
4,403,2283.2
4,404,2379.5
4,405,2413.4
4,406,3203.7
4,407,3249.1
4,408,3124.4
4,409,3393.9
4,410,3099.5
4,411,3308.5
4,412,3168.0
4,413,3406.0
4,414,4057.6
4,415,3859.0
4,416,2320.7
4,417,2300.7
4,418,2398.2
4,419,2385.5
4,420,2312.2
4,421,2361.3
4,422,2389.1
4,423,3028.7
4,424,3286.1
4,425,3364.8
4,426,3237.0
4,427,3168.6
4,428,3281.2
4,429,3292.7
4,430,3126.8
4,431,3227.3
4,432,4140.0
4,433,3293.3
4,434,3355.1
4,435,2319.5
4,436,2287.4
4,437,2325.6
4,438,2249.2
4,439,2186.9
4,440,2257.1
4,441,2232.3
4,442,3224.3
4,443,3040.2
4,444,2969.9
4,445,3347.2
4,446,3103.2
4,447,3359.3
4,448,3455.6
4,449,3166.1
4,450,4015.2
4,451,3364.2
4,452,3404.2
4,453,3493.2
4,454,3399.3
4,455,3447.8
4,456,3323.6
4,457,5087.8
4,458,2595.1
4,459,4573.6
4,460,9378.5
4,461,6652.7
4,462,7036.6
4,463,4338.6
4,464,4339.8
4,465,3229.7
4,466,3330.3
4,467,3197.0
4,468,3235.8
4,469,2401.9
4,470,2374.0
4,471,2276.5
4,472,2155.4
4,473,3238.2
4,474,3249.7
4,475,3275.8
4,476,3166.7
4,477,3157.7
4,478,3134.0
4,479,3225.5
4,480,3230.9
4,481,3085.0
4,482,3863.8
4,483,4136.3
4,484,3255.8
4,485,3055.9
4,486,2217.1
4,487,2235.9
4,488,2191.1
4,489,2206.9
4,490,2331.0
4,491,2252.3
4,492,2156.0
4,493,3957.7
4,494,7408.5
4,495,3191.6
4,496,4953.3
4,497,10323.9
4,498,3321.8
4,499,3261.2
4,500,3143.1
4,501,3234.6
4,502,3133.4
4,503,3151.0
4,504,2932.4
4,505,3252.7
4,506,2322.5
4,507,2168.7
4,508,2314.0
4,509,2252.9
4,510,2130.5
4,511,2202.6
4,512,2243.8
4,513,3224.9
4,514,3199.5
4,515,2906.9
4,516,3240.6
4,517,3003.8
4,518,3192.2
4,519,3145.6
4,520,2879.1
4,521,3924.4
4,522,3204.9
4,523,2291.0
4,524,2336.5
4,525,2308.0
4,526,2227.4
4,527,2234.7
4,528,2178.4
4,529,2222.6
4,530,2183.2
4,531,3860.8
4,532,4118.2
4,533,2420.6
4,534,2226.2
4,535,2346.7
4,536,2194.1
4,537,2202.0
4,538,2186.9
4,539,2182.6
4,540,2116.6
4,541,3145.6
4,542,3548.3
4,543,3217.0
4,544,3223.1
4,545,3184.9
4,546,3243.1
4,547,3166.1
4,548,3113.5
4,549,3282.4
4,550,4155.1
4,551,3118.3
4,552,2930.6
4,553,2308.6
4,554,2376.4
4,555,2243.2
4,556,2281.3
4,557,2250.5
4,558,2174.8
4,559,2244.4
4,560,3244.3
4,561,2928.1
4,562,2983.9
4,563,3222.5
4,564,3236.4
4,565,3245.5
4,566,3109.8
4,567,3128.6
4,568,4093.3
4,569,4160.6
4,570,3189.2
4,571,2409.7
4,572,2147.5
4,573,2297.7
4,574,2191.1
4,575,2232.9
4,576,2176.6
4,577,2165.1
4,578,3023.2
4,579,3154.0
4,580,3194.0
4,581,3094.1
4,582,3163.1
4,583,3278.2
4,584,3221.9
4,585,3251.5
4,586,3186.7
4,587,3823.2
4,588,3804.5
4,589,4171.5
4,590,3212.8
4,591,3283.0
4,592,2298.3
4,593,2170.5
4,594,2374.0
4,595,2273.5
4,596,2171.1
4,597,2263.8
4,598,2159.6
4,599,2934.8
4,600,3211.0
4,601,3210.4
4,602,3228.5
4,603,3178.9
4,604,3216.4
4,605,3152.8
4,606,3106.2
4,607,3805.1
4,608,3132.8
4,609,2232.3
4,610,2168.1
4,611,2302.5
4,612,2148.1
4,613,2219.0
4,614,2139.6
4,615,2165.1
4,616,2146.9
4,617,3605.8
4,618,223947.2
4,619,4040.0
4,620,3953.4
4,621,4207.2
4,622,3197.6
4,623,3254.0
4,624,3219.4
4,625,3178.9
4,626,3238.2
4,627,2340.7
4,628,2286.8
4,629,2361.3
4,630,2266.2
4,631,3472.0
4,632,3183.1
4,633,3297.6
4,634,3282.4
4,635,3299.4
4,636,3339.3
4,637,3449.6
4,638,2575.1
4,639,2435.2
4,640,2469.1
4,641,2472.7
4,642,2445.5
4,643,2321.3
4,644,2334.6
4,645,2503.0
4,646,3964.3
4,647,4285.9
4,648,2479.4
4,649,2312.8
4,650,2487.3
4,651,2444.3
4,652,2333.4
4,653,2400.6
4,654,2297.7
4,655,2317.1
4,656,3339.3
4,657,3392.0
4,658,3530.1
4,659,3437.5
4,660,3372.7
4,661,3507.1
4,662,4310.1
4,663,3020.8
4,664,3266.1
4,665,3381.7
4,666,3258.2
4,667,3272.1
4,668,2325.6
4,669,2398.8
4,670,2445.5
4,671,2281.9
4,672,2280.7
4,673,2280.7
4,674,2336.5
4,675,2339.5
4,676,3294.5
4,677,3261.8
4,678,3218.8
4,679,3177.0
4,680,3163.7
4,681,3229.7
4,682,3243.7
4,683,3101.3
4,684,4074.6
4,685,3278.2
4,686,3141.9
4,687,2360.7
4,688,2106.3
4,689,2125.1
4,690,2171.7
4,691,2132.4
4,692,2184.4
4,693,2226.2
4,694,2910.0
4,695,5293.7
4,696,3394.5
4,697,3243.1
4,698,3316.3
4,699,3138.9
4,700,2911.8
4,701,3247.9
4,702,3962.5
4,703,3164.3
4,704,2301.3
4,705,2265.6
4,706,2269.8
4,707,2212.9
4,708,2222.0
4,709,2268.0
4,710,2148.1
4,711,2285.6
4,712,4152.7
4,713,3201.3
4,714,2305.6
4,715,2271.7
4,716,2366.1
4,717,2275.9
4,718,2268.6
4,719,2203.8
4,720,2194.1
4,721,2253.5
4,722,3846.2
4,723,3908.0
4,724,3209.1
4,725,3152.2
4,726,3282.4
4,727,3215.8
4,728,3175.2
4,729,3230.9
4,730,3158.3
4,731,3832.3
4,732,3827.5
4,733,4146.0
4,734,3227.3
4,735,3284.8
4,736,2279.5
4,737,2207.5
4,738,2191.1
4,739,2133.6
4,740,2141.4
4,741,2236.5
4,742,2198.4
4,743,3184.9
4,744,2899.7
4,745,3226.1
4,746,3020.8
4,747,3194.6
4,748,3132.8
4,749,2937.2
4,750,2836.1
4,751,3875.9
4,752,3138.9
4,753,2300.7
4,754,2187.5
4,755,2233.5
4,756,2156.6
4,757,2306.8
4,758,2246.8
4,759,2225.6
4,760,2274.7
4,761,3831.7
4,762,3560.4
4,763,4103.0
4,764,2254.1
4,765,2230.5
4,766,2203.2
4,767,2189.3
4,768,2182.0
4,769,2260.1
4,770,2175.4
4,771,2267.4
4,772,3054.1
4,773,3873.5
4,774,3788.7
4,775,3176.4
4,776,3272.1
4,777,3249.1
4,778,3249.1
4,779,3234.0
4,780,3178.3
4,781,3148.6
4,782,4120.0
4,783,3301.8
4,784,3190.4
4,785,2295.9
4,786,2243.8
4,787,2269.2
4,788,2232.3
4,789,2183.2
4,790,2182.0
4,791,2281.3
4,792,3289.1
4,793,3281.2
4,794,3226.1
4,795,3164.9
4,796,2983.9
4,797,3165.5
4,798,3275.2
4,799,2867.6
4,800,3605.2
4,801,3168.6
4,802,2398.2
4,803,2334.0
4,804,2260.8
4,805,2208.7
4,806,2126.3
4,807,2227.4
4,808,2113.0
4,809,2181.4
4,810,3880.8
4,811,3842.0
4,812,3291.5
4,813,3260.6
4,814,3169.8
4,815,3268.5
4,816,3192.8
4,817,3234.6
4,818,3316.3
4,819,3805.7
4,820,4118.2
4,821,3307.9
4,822,2976.6
4,823,2278.9
4,824,2248.0
4,825,2157.2
4,826,2317.1
4,827,2198.4
4,828,2280.7
4,829,2229.9
4,830,2252.9
4,831,3201.9
4,832,3307.3
4,833,3175.2
4,834,3169.2
4,835,3217.6
4,836,3181.9
4,837,3275.2
4,838,3098.3
4,839,3128.6
4,840,4100.6
4,841,3294.5
4,842,3352.7
4,843,2211.1
4,844,2195.3
4,845,2206.9
4,846,2126.9
4,847,2174.8
4,848,2248.6
4,849,2330.4
4,850,3297.0
4,851,3212.8
4,852,3243.7
4,853,3302.4
4,854,2948.7
4,855,3417.5
4,856,3151.0
4,857,3069.2
4,858,4187.8
4,859,3873.5
4,860,2296.5
4,861,2344.3
4,862,2236.5
4,863,2159.0
4,864,2272.3
4,865,2188.7
4,866,2158.4
4,867,3144.9
4,868,3301.8
4,869,3199.5
4,870,3046.8
4,871,3191.0
4,872,3184.3
4,873,3160.1
4,874,3328.4
4,875,3152.8
4,876,3853.5
4,877,4144.8
4,878,3310.9
4,879,3363.0
4,880,2188.1
4,881,2174.8
4,882,2173.5
4,883,2249.9
4,884,2239.6
4,885,2203.2
4,886,2170.5
4,887,3215.2
4,888,2993.5
4,889,2953.6
4,890,3004.4
4,891,2972.3
4,892,2874.2
4,893,3221.3
4,894,3093.5
4,895,3560.4
4,896,3091.0
4,897,2186.3
4,898,2306.2
4,899,2263.2
4,900,2122.7
4,901,2289.2
4,902,2172.3
4,903,2286.8
4,904,2184.4
4,905,4187.8
4,906,2867.0
4,907,2154.8
4,908,2195.3
4,909,2297.7
4,910,2118.4
4,911,2156.6
4,912,2267.4
4,913,2317.1
4,914,2129.9
4,915,3820.8
4,916,3857.1
4,917,4186.6
4,918,2200.2
4,919,2177.2
4,920,2236.5
4,921,2274.1
4,922,2197.8
4,923,2183.8
4,924,2363.7
4,925,2257.7
4,926,3206.1
4,927,3788.7
4,928,3132.2
4,929,3092.9
4,930,3247.3
4,931,3167.4
4,932,3238.8
4,933,3270.9
4,934,3101.3
4,935,3832.9
4,936,4149.7
4,937,2951.2
4,938,2997.8
4,939,2412.8
4,940,2220.8
4,941,2338.9
4,942,2158.4
4,943,2246.2
4,944,2281.3
4,945,2134.8
4,946,3298.8
4,947,2984.5
4,948,3141.3
4,949,2951.2
4,950,2879.7
4,951,3257.6
4,952,2882.7
4,953,2278.3
4,954,2311.6
4,955,2237.1
4,956,2219.6
4,957,2258.3
4,958,2296.5
4,959,2147.5
4,960,2173.5
4,961,3832.3
4,962,3818.4
4,963,3172.2
4,964,3250.9
4,965,3037.1
4,966,3258.2
4,967,3235.2
4,968,3098.9
4,969,3195.8
4,970,3829.3
4,971,4092.7
4,972,2978.4
4,973,3331.5
4,974,2145.1
4,975,2213.5
4,976,2230.5
4,977,2184.4
4,978,2194.1
4,979,2223.2
4,980,2172.3
4,981,2988.1
4,982,3205.5
4,983,3329.7
4,984,3273.9
4,985,2978.4
4,986,2961.4
4,987,3221.3
4,988,2980.2
4,989,3849.9
4,990,3105.6
4,991,2233.5
4,992,2156.6
4,993,2263.8
4,994,2201.4
4,995,2146.9
4,996,2196.6
4,997,2338.3
4,998,2153.0
4,999,4679.0
4,1000,4129.7
4,1001,2234.1
4,1002,2289.8
4,1003,2192.3
4,1004,2142.7
4,1005,2187.5
4,1006,2175.4
4,1007,2175.4
4,1008,2223.8
4,1009,2976.0
4,1010,3825.7
4,1011,3181.9
4,1012,3144.9
4,1013,3188.6
4,1014,3225.5
4,1015,3228.5
4,1016,3111.6
4,1017,3183.7
4,1018,4239.9
4,1019,3225.5
4,1020,4784.3
4,1021,2364.3
4,1022,2214.1
4,1023,2258.3
4,1024,2159.0
4,1025,2183.8
4,1026,2176.0
4,1027,2157.2
4,1028,2246.2
4,1029,3464.7
4,1030,3785.7
4,1031,3171.6
4,1032,3147.4
4,1033,3217.6
4,1034,3142.5
4,1035,3126.2
4,1036,3252.7
4,1037,3181.9
4,1038,3834.1
4,1039,4146.6
4,1040,2890.0
4,1041,3234.6
4,1042,2360.7
4,1043,2300.1
4,1044,2417.6
4,1045,2280.1
4,1046,2149.3
4,1047,2190.5
4,1048,2165.1
4,1049,3225.5
4,1050,3239.4
4,1051,16713.1
4,1052,7241.3
4,1053,5594.0
4,1054,5522.6
4,1055,10201.5
4,1056,22930.3
4,1057,3723.9
4,1058,3680.9
4,1059,4267.1
4,1060,4093.3
4,1061,4395.5
4,1062,4098.2
4,1063,4067.3
4,1064,4300.5
4,1065,3436.9
4,1066,3469.6
4,1067,2693.2
4,1068,2528.4
4,1069,2443.0
4,1070,2401.9
4,1071,2407.3
4,1072,2364.3
4,1073,2292.9
4,1074,2386.7
4,1075,3430.2
4,1076,3197.0
4,1077,3518.6
4,1078,3511.9
4,1079,3473.8
4,1080,3507.7
4,1081,3467.7
4,1082,4046.1
4,1083,4327.1
4,1084,2970.5
4,1085,3053.5
4,1086,3004.4
4,1087,3070.5
4,1088,2373.4
4,1089,2348.6
4,1090,2346.1
4,1091,2294.1
4,1092,2358.9
4,1093,2421.8
4,1094,2356.4
4,1095,2391.0
4,1096,3436.9
4,1097,4027.9
4,1098,3498.6
4,1099,3481.1
4,1100,3436.9
4,1101,3538.6
4,1102,4304.7
4,1103,3376.9
4,1104,2997.8
4,1105,3073.5
4,1106,3106.8
4,1107,3000.8
4,1108,2394.0
4,1109,2292.9
4,1110,2326.8
4,1111,2349.2
4,1112,3067.4
4,1113,2956.0
4,1114,3009.9
4,1115,3309.7
4,1116,3197.6
4,1117,2931.8
4,1118,2856.7
4,1119,3201.3
4,1120,4093.3
4,1121,4077.0
4,1122,3153.4
4,1123,2329.2
4,1124,2321.9
4,1125,2327.4
4,1126,2206.2
4,1127,2154.8
4,1128,2184.4
4,1129,2219.6
4,1130,3247.3
4,1131,3262.4
4,1132,3448.4
4,1133,3470.8
4,1134,3398.1
4,1135,3429.0
4,1136,4288.3
4,1137,4288.3
4,1138,4559.1
4,1139,4238.7
4,1140,9351.3
4,1141,8458.0
4,1142,7203.2
4,1143,6800.4
4,1144,6362.0
4,1145,6428.0
4,1146,6011.3
4,1147,7412.7
4,1148,5667.3
4,1149,6309.3
4,1150,5902.3
4,1151,5889.0
4,1152,6056.1
4,1153,5542.6
4,1154,5549.8
4,1155,5787.8
4,1156,5517.7
4,1157,5302.1
4,1158,5881.7
4,1159,6276.6
4,1160,5905.3
4,1161,5673.4
4,1162,5667.3
4,1163,5576.5
4,1164,5923.5
4,1165,5549.8
4,1166,5603.7
4,1167,5770.3
4,1168,5686.7
4,1169,5426.9
4,1170,5747.9
4,1171,5577.1
4,1172,5615.8
4,1173,5873.8
4,1174,5446.3
4,1175,6041.0
4,1176,5600.1
4,1177,5599.5
4,1178,5445.7
4,1179,5870.2
4,1180,5350.6
4,1181,5463.2
4,1182,5409.3
4,1183,5866.0
4,1184,6310.5
4,1185,5808.4
4,1186,5719.4
4,1187,5607.4
4,1188,5971.9
4,1189,5662.5
4,1190,5440.2
4,1191,5471.1
4,1192,6188.8
4,1193,5506.8
4,1194,5632.2
4,1195,5707.9
4,1196,5924.1
4,1197,5657.0
4,1198,5654.0
4,1199,5744.2
4,1200,5528.0
4,1201,5507.4
4,1202,6014.3
4,1203,5499.0
4,1204,5524.4
4,1205,5564.4
4,1206,5451.1
4,1207,5830.2
4,1208,5711.5
4,1209,5384.5
4,1210,5723.6
4,1211,5497.1
4,1212,5981.6
4,1213,5572.8
4,1214,5725.5
4,1215,5671.6
4,1216,5516.5
4,1217,6002.8
4,1218,5589.8
4,1219,5709.7
4,1220,5315.5
4,1221,6546.1
4,1222,5744.2
4,1223,5477.8
4,1224,5526.2
4,1225,5451.1
4,1226,5900.5
4,1227,5615.8
4,1228,5397.2
4,1229,5575.9
4,1230,5341.5
4,1231,8504.0
4,1232,5636.4
4,1233,5653.4
4,1234,5657.6
4,1235,5600.7
4,1236,5795.7
4,1237,5426.9
4,1238,5575.3
4,1239,5452.3
4,1240,6215.4
4,1241,5777.5
4,1242,6153.0
4,1243,5554.1
4,1244,5666.7
4,1245,5622.5
4,1246,5539.5
4,1247,5758.2
4,1248,5485.6
4,1249,5831.4
4,1250,5721.8
4,1251,5689.7
4,1252,5420.8
4,1253,5867.8
4,1254,6193.6
4,1255,5406.3
4,1256,5399.6
4,1257,5281.6
4,1258,5824.8
4,1259,5763.6
4,1260,5398.4
4,1261,5467.5
4,1262,5328.8
4,1263,5641.9
4,1264,5741.8
4,1265,5507.4
4,1266,5991.3
4,1267,5451.1
4,1268,5565.0
4,1269,5959.2
4,1270,5388.7
4,1271,5291.2
4,1272,6149.4
4,1273,5860.5
4,1274,5687.3
4,1275,5436.6
4,1276,5740.0
4,1277,5554.1
4,1278,5566.8
4,1279,5503.8
4,1280,5535.9
4,1281,6038.6
4,1282,6052.5
4,1283,5838.7
4,1284,5403.9
4,1285,6357.7
4,1286,6269.9
4,1287,6214.2
4,1288,5732.1
4,1289,6129.4
4,1290,5393.0
4,1291,6871.3
4,1292,5948.9
4,1293,5524.4
4,1294,6010.7
4,1295,5740.6
4,1296,6314.1
4,1297,5436.6
4,1298,5468.7
4,1299,6624.8
4,1300,5998.6
4,1301,5698.8
4,1302,5604.3
4,1303,5397.8
4,1304,5248.8
4,1305,5487.5
4,1306,5726.7
4,1307,5589.8
4,1308,5721.2
4,1309,5707.9
4,1310,5832.7
4,1311,5468.7
4,1312,5374.2
4,1313,5271.3
4,1314,5449.3
4,1315,5525.6
4,1316,5188.3
4,1317,5793.9
4,1318,6054.3
4,1319,5899.9
4,1320,5856.3
4,1321,5271.3
4,1322,5517.1
4,1323,6734.4
4,1324,5311.2
4,1325,5542.0
4,1326,5763.0
4,1327,5846.6
4,1328,5644.3
4,1329,5827.2
4,1330,5876.9
4,1331,5555.9
4,1332,5705.5
4,1333,5499.0
4,1334,5465.1
4,1335,5358.5
4,1336,5229.5
4,1337,5222.2
4,1338,5224.0
4,1339,5978.0
4,1340,5442.6
4,1341,5397.2
4,1342,5868.4
4,1343,6125.8
4,1344,6085.2
4,1345,6011.3
4,1346,6202.1
4,1347,6189.4
4,1348,5508.7
4,1349,5606.2
4,1350,5264.0
4,1351,5557.1
4,1352,5776.3
4,1353,5571.0
4,1354,5566.2
4,1355,5365.7
4,1356,5546.2
4,1357,6202.7
4,1358,5694.0
4,1359,7004.5
4,1360,5551.0
4,1361,5655.8
4,1362,5749.7
4,1363,5512.9
4,1364,5660.7
4,1365,5440.2
4,1366,5280.3
4,1367,5522.0
4,1368,5832.7
4,1369,5647.9
4,1370,5480.8
4,1371,5411.2
4,1372,5230.7
4,1373,6090.0
4,1374,5633.4
4,1375,5283.4
4,1376,5827.2
4,1377,5523.8
4,1378,5365.1
4,1379,6036.1
4,1380,5912.6
4,1381,5921.7
4,1382,5823.6
4,1383,6738.0
4,1384,5532.9
4,1385,6027.1
4,1386,6433.4
4,1387,5550.4
4,1388,5493.5
4,1389,10058.6
4,1390,5310.0
4,1391,43948.7
4,1392,8531.3
4,1393,6038.6
4,1394,5886.0
4,1395,6834.3
4,1396,6467.9
4,1397,5634.0
4,1398,5688.5
4,1399,5569.8
4,1400,5588.6
4,1401,5727.9
4,1402,5628.6
4,1403,5486.9
4,1404,5931.4
4,1405,5552.9
4,1406,7868.7
4,1407,6104.6
4,1408,5916.2
4,1409,6054.3
4,1410,5621.9
4,1411,6047.0
4,1412,5669.1
4,1413,5787.8
4,1414,6331.7
4,1415,5512.9
4,1416,5761.8
4,1417,5952.0
4,1418,5632.8
4,1419,6313.5
4,1420,5803.0
4,1421,5686.1
4,1422,5643.1
4,1423,5457.2
4,1424,5621.9
4,1425,5624.3
4,1426,5633.4
4,1427,5591.6
4,1428,5778.2
4,1429,6226.9
4,1430,5987.7
4,1431,5858.1
4,1432,6184.5
4,1433,3387.2
4,1434,2518.1
4,1435,2366.7
4,1436,2350.4
4,1437,2506.6
4,1438,2269.8
4,1439,2189.9
4,1440,2238.3
4,1441,2273.5
4,1442,4193.3
4,1443,3415.7
4,1444,2303.1
4,1445,2426.7
4,1446,2420.0
4,1447,2149.3
4,1448,2181.4
4,1449,2175.4
4,1450,2206.2
4,1451,2194.1
4,1452,3148.6
4,1453,3635.5
4,1454,3244.9
4,1455,3103.2
4,1456,3165.5
4,1457,3238.2
4,1458,3184.3
4,1459,3094.7
4,1460,3209.7
4,1461,3989.2
4,1462,3802.6
4,1463,3771.8
4,1464,3793.0
4,1465,4117.6
4,1466,3043.8
4,1467,2930.0
4,1468,2223.8
4,1469,2341.3
4,1470,2277.1
4,1471,2278.9
4,1472,2116.0
4,1473,2149.9
4,1474,2156.0
4,1475,3217.6
4,1476,2964.5
4,1477,2954.2
4,1478,2960.8
4,1479,3270.3
4,1480,3300.6
4,1481,2874.2
4,1482,3238.2
4,1483,3873.5
4,1484,2872.4
4,1485,3164.3
4,1486,3148.0
4,1487,2926.9
4,1488,3211.6
4,1489,3146.8
4,1490,3141.3
4,1491,3199.5
4,1492,3846.2
4,1493,3163.7
4,1494,2228.0
4,1495,2491.5
4,1496,2306.2
4,1497,2466.1
4,1498,2387.9
4,1499,2340.7
4,1500,2389.7
4,1501,2394.6
4,1502,3446.5
4,1503,3512.6
4,1504,3513.8
4,1505,3472.6
4,1506,3478.6
4,1507,3975.2
4,1508,4318.0
4,1509,3552.5
4,1510,2921.5
4,1511,3255.2
4,1512,2965.7
4,1513,2304.4
4,1514,2342.5
4,1515,2278.9
4,1516,2359.5
4,1517,2436.4
4,1518,2305.6
4,1519,2269.8
4,1520,2286.2
4,1521,3385.4
4,1522,3423.5
4,1523,3472.6
4,1524,3386.6
4,1525,3385.4
4,1526,3442.3
4,1527,4012.8
4,1528,4005.5
4,1529,4321.0
4,1530,3051.1
4,1531,3134.7
4,1532,2981.4
4,1533,2413.4
4,1534,2343.7
4,1535,2472.7
4,1536,2312.2
4,1537,2302.5
4,1538,2367.3
4,1539,2964.5
4,1540,3029.3
4,1541,2542.4
4,1542,2442.4
4,1543,2364.9
4,1544,2427.3
4,1545,2515.7
4,1546,2379.5
4,1547,2337.1
4,1548,2339.5
4,1549,3395.7
4,1550,3498.6
4,1551,3487.1
4,1552,3430.8
4,1553,3963.7
4,1554,4313.2
4,1555,3360.5
4,1556,3221.9
4,1557,3023.8
4,1558,3206.1
4,1559,2354.0
4,1560,2343.1
4,1561,2363.1
4,1562,2366.1
4,1563,2592.0
4,1564,2352.8
4,1565,2460.6
4,1566,2191.7
4,1567,3007.5
4,1568,3140.1
4,1569,3163.1
4,1570,3283.0
4,1571,3143.7
4,1572,3067.4
4,1573,3269.7
4,1574,3102.6
4,1575,3154.6
4,1576,3842.0
4,1577,3821.4
4,1578,3851.7
4,1579,3805.1
4,1580,4129.7
4,1581,2980.8
4,1582,2963.9
4,1583,2179.6
4,1584,2297.7
4,1585,2242.0
4,1586,2253.5
4,1587,2123.9
4,1588,2186.3
4,1589,2266.8
4,1590,3162.5
4,1591,3270.3
4,1592,2911.8
4,1593,2884.5
4,1594,3244.9
4,1595,3164.3
4,1596,3174.0
4,1597,2845.2
4,1598,3760.9
4,1599,3128.0
4,1600,2235.9
4,1601,2317.1
4,1602,2380.1
4,1603,2215.9
4,1604,2192.3
4,1605,2248.0
4,1606,2103.3
4,1607,2150.5
4,1608,3851.1
4,1609,4127.3
4,1610,2277.7
4,1611,2262.6
4,1612,2126.9
4,1613,2233.5
4,1614,2181.4
4,1615,2240.2
4,1616,2181.4
4,1617,2172.9
4,1618,3021.4
4,1619,3538.0
4,1620,4092.7
4,1621,2337.7
4,1622,2164.5
4,1623,2365.5
4,1624,2210.5
4,1625,2236.5
4,1626,2305.6
4,1627,2169.3
4,1628,2151.7
4,1629,3024.4
4,1630,3514.4
4,1631,4107.3
4,1632,2303.1
4,1633,2146.9
4,1634,2241.4
4,1635,2176.6
4,1636,2219.6
4,1637,2212.9
4,1638,2135.4
4,1639,2162.0
4,1640,3169.8
4,1641,3858.4
4,1642,3325.4
4,1643,3191.6
4,1644,3292.1
4,1645,3256.4
4,1646,3232.8
4,1647,3229.1
4,1648,3243.1
4,1649,4143.6
4,1650,3273.9
4,1651,2936.6
4,1652,2335.2
4,1653,2231.1
4,1654,2242.0
4,1655,2182.6
4,1656,2160.8
4,1657,2156.0
4,1658,2274.1
4,1659,3253.4
4,1660,3011.1
4,1661,3009.9
4,1662,2900.9
4,1663,2867.6
4,1664,2859.1
4,1665,2848.2
4,1666,3152.8
4,1667,3837.2
4,1668,2814.9
4,1669,2294.1
4,1670,2219.0
4,1671,2290.4
4,1672,2171.1
4,1673,2140.2
4,1674,4112.7
4,1675,2329.8
4,1676,2159.6
4,1677,3549.5
4,1678,4342.9
4,1679,3221.3
4,1680,3184.3
4,1681,3218.2
4,1682,3246.1
4,1683,3235.8
4,1684,3168.6
4,1685,3174.0
4,1686,3818.4
4,1687,4143.0
4,1688,3001.4
4,1689,2956.6
4,1690,2391.6
4,1691,2359.5
4,1692,2228.7
4,1693,2263.8
4,1694,2128.7
4,1695,2132.4
4,1696,2176.0
4,1697,4141.2
4,1698,7920.8
4,1699,2828.2
4,1700,4494.9
4,1701,9898.1
4,1702,3040.8
4,1703,3150.4
4,1704,3247.9
4,1705,3215.2
4,1706,3223.7
4,1707,3204.9
4,1708,2184.4
4,1709,2268.6
4,1710,3131.6
4,1711,3193.4
4,1712,3207.3
4,1713,3186.7
4,1714,3141.9
4,1715,3184.3
4,1716,3168.6
4,1717,3224.3
4,1718,3195.8
4,1719,4145.4
4,1720,3290.3
4,1721,3031.1
4,1722,2390.4
4,1723,2194.7
4,1724,2244.4
4,1725,2311.6
4,1726,2182.0
4,1727,2304.4
4,1728,2163.2
4,1729,3239.4
4,1730,3228.5
4,1731,2910.6
4,1732,3143.1
4,1733,3278.8
4,1734,2831.8
4,1735,3132.8
4,1736,2888.8
4,1737,3840.2
4,1738,3148.0
4,1739,2234.1
4,1740,2192.9
4,1741,2337.1
4,1742,2346.7
4,1743,2154.2
4,1744,2155.4
4,1745,2157.8
4,1746,2218.4
4,1747,3557.4
4,1748,3500.4
4,1749,3880.2
4,1750,3171.6
4,1751,3234.0
4,1752,3208.5
4,1753,3184.9
4,1754,3231.6
4,1755,3175.8
4,1756,3134.7
4,1757,4123.0
4,1758,2956.6
4,1759,3301.8
4,1760,2228.7
4,1761,2293.5
4,1762,2170.5
4,1763,2162.0
4,1764,2152.3
4,1765,2213.5
4,1766,2131.8
4,1767,2957.8
4,1768,3206.1
4,1769,3059.6
4,1770,3246.7
4,1771,2901.5
4,1772,2922.7
4,1773,3223.7
4,1774,2876.7
4,1775,3902.6
4,1776,3189.8
4,1777,2176.6
4,1778,2222.6
4,1779,2217.8
4,1780,2222.6
4,1781,2254.1
4,1782,2165.1
4,1783,2276.5
4,1784,2271.7
4,1785,3628.2
4,1786,3875.3
4,1787,3224.3
4,1788,3221.3
4,1789,3297.6
4,1790,3198.2
4,1791,3232.8
4,1792,3161.9
4,1793,3203.7
4,1794,4146.0
4,1795,2939.0
4,1796,3016.0
4,1797,2285.0
4,1798,2171.7
4,1799,2153.6
4,1800,2209.3
4,1801,2167.5
4,1802,2224.4
4,1803,2202.6
4,1804,2934.8
4,1805,3275.8
4,1806,2982.6
4,1807,2974.2
4,1808,2911.8
4,1809,2867.6
4,1810,2860.9
4,1811,3214.0
4,1812,4101.2
4,1813,3857.8
4,1814,2373.4
4,1815,2350.4
4,1816,2269.2
4,1817,2295.9
4,1818,2219.6
4,1819,2272.9
4,1820,2320.1
4,1821,3191.0
4,1822,3227.3
4,1823,3187.3
4,1824,3277.6
4,1825,3215.2
4,1826,3262.4
4,1827,3252.1
4,1828,3134.7
4,1829,3297.6
4,1830,3760.3
4,1831,3874.7
4,1832,3799.0
4,1833,4293.2
4,1834,3183.1
4,1835,3390.2
4,1836,3426.0
4,1837,3467.1
4,1838,2323.7
4,1839,2392.8
4,1840,2452.1
4,1841,2357.0
4,1842,2349.2
4,1843,3384.8
4,1844,3258.2
4,1845,3325.4
4,1846,3349.6
4,1847,3190.4
4,1848,3187.3
4,1849,3382.3
4,1850,3412.6
4,1851,4296.2
4,1852,3973.4
4,1853,2507.8
4,1854,2252.9
4,1855,2251.7
4,1856,2369.8
4,1857,2332.8
4,1858,2374.0
4,1859,2357.7
4,1860,3251.5
4,1861,3392.0
4,1862,3267.3
4,1863,3082.0
4,1864,3393.2
4,1865,3269.7
4,1866,3278.8
4,1867,3187.9
4,1868,3344.2
4,1869,4375.6
4,1870,3144.9
4,1871,3316.3
4,1872,2389.7
4,1873,2448.5
4,1874,2413.4
4,1875,2371.0
4,1876,2349.2
4,1877,2412.8
4,1878,2315.9
4,1879,3381.7
4,1880,3270.3
4,1881,3433.2
4,1882,3482.3
4,1883,3389.6
4,1884,3266.1
4,1885,3439.3
4,1886,3415.7
4,1887,3994.6
4,1888,3975.2
4,1889,2355.2
4,1890,2404.9
4,1891,2296.5
4,1892,2403.7
4,1893,2401.3
4,1894,2397.6
4,1895,2332.8
4,1896,3233.4
4,1897,3034.7
4,1898,3272.1
4,1899,3225.5
4,1900,3235.8
4,1901,3263.6
4,1902,3129.2
4,1903,3224.3
4,1904,3115.9
4,1905,3838.4
4,1906,3806.9
4,1907,4070.3
4,1908,2874.2
4,1909,3077.7
4,1910,2303.8
4,1911,2260.1
4,1912,2165.1
4,1913,2159.6
4,1914,2174.8
4,1915,2269.2
4,1916,2157.2
4,1917,2969.3
4,1918,3256.4
4,1919,2921.5
4,1920,2234.7
4,1921,2957.8
4,1922,3000.8
4,1923,3217.0
4,1924,2859.1
4,1925,3221.3
4,1926,2304.4
4,1927,2977.8
4,1928,2977.8
4,1929,3259.4
4,1930,2953.0
4,1931,2238.3
4,1932,2269.8
4,1933,2257.1
4,1934,3194.6
4,1935,2852.4
4,1936,2261.4
4,1937,3211.0
4,1938,3171.0
4,1939,2908.8
4,1940,2994.8
4,1941,3220.6
4,1942,2893.6
4,1943,3131.0
4,1944,3120.7
4,1945,4126.6
4,1946,4176.9
4,1947,3276.4
4,1948,2228.0
4,1949,2283.2
4,1950,2268.0
4,1951,2210.5
4,1952,2219.0
4,1953,2137.8
4,1954,2228.0
4,1955,2986.9
4,1956,3224.9
4,1957,3236.4
4,1958,3142.5
4,1959,3233.4
4,1960,3194.6
4,1961,3174.6
4,1962,3238.2
4,1963,3151.6
4,1964,4092.7
4,1965,3290.9
4,1966,2963.3
4,1967,2394.6
4,1968,2340.1
4,1969,2241.4
4,1970,2311.6
4,1971,2137.2
4,1972,2249.2
4,1973,2314.7
4,1974,2114.8
4,1975,3080.1
4,1976,3259.4
4,1977,3177.7
4,1978,3290.3
4,1979,3172.2
4,1980,3161.3
4,1981,3174.0
4,1982,3152.2
4,1983,3136.5
4,1984,4069.1
4,1985,4355.6
4,1986,4916.4
4,1987,3525.9
4,1988,2406.1
4,1989,2374.0
4,1990,2355.2
4,1991,2225.6
4,1992,2168.7
4,1993,2251.1
4,1994,2910.6
4,1995,3575.5
4,1996,4124.8
4,1997,3315.7
4,1998,3183.7
4,1999,3129.8
16,0,4423.4
16,1,4114.5
16,2,3206.1
16,3,3223.1
16,4,2366.7
16,5,2222.0
16,6,2315.9
16,7,2309.8
16,8,2097.2
16,9,2285.6
16,10,3254.6
16,11,3166.7
16,12,3014.1
16,13,3230.9
16,14,3137.1
16,15,3106.2
16,16,3231.6
16,17,3248.5
16,18,3137.1
16,19,4151.5
16,20,3250.9
16,21,3381.1
16,22,2283.8
16,23,2326.2
16,24,2273.5
16,25,2291.6
16,26,2123.9
16,27,2201.4
16,28,2117.8
16,29,3875.3
16,30,3254.6
16,31,3683.9
16,32,3235.8
16,33,3710.6
16,34,4186.6
16,35,4133.9
16,36,3722.1
16,37,4018.2
16,38,4331.3
16,39,4327.1
16,40,3244.9
16,41,2350.4
16,42,2397.0
16,43,2274.1
16,44,2263.8
16,45,2233.5
16,46,2337.1
16,47,2171.1
16,48,3207.9
16,49,3268.5
16,50,3135.3
16,51,3159.5
16,52,3108.6
16,53,3324.8
16,54,3154.6
16,55,3214.6
16,56,3198.8
16,57,3970.4
16,58,4133.3
16,59,3301.8
16,60,3003.2
16,61,2271.0
16,62,2321.3
16,63,2278.9
16,64,2253.5
16,65,2240.2
16,66,2119.0
16,67,2141.4
16,68,3946.8
16,69,7418.2
16,70,4944.8
16,71,4628.1
16,72,10119.8
16,73,3232.8
16,74,3144.9
16,75,3240.6
16,76,3193.4
16,77,3170.4
16,78,3108.0
16,79,2345.5
16,80,2962.1
16,81,2394.6
16,82,2355.2
16,83,2278.3
16,84,2238.3
16,85,2174.2
16,86,2231.7
16,87,2147.5
16,88,3891.1
16,89,6768.3
16,90,4184.8
16,91,5476.6
16,92,10185.8
16,93,3153.4
16,94,3265.5
16,95,3218.2
16,96,3198.8
16,97,3220.6
16,98,3257.6
16,99,3855.9
16,100,3301.2
16,101,2992.9
16,102,2261.4
16,103,2346.7
16,104,2203.8
16,105,2214.1
16,106,2316.5
16,107,2234.7
16,108,2180.8
16,109,3869.9
16,110,7240.1
16,111,3401.1
16,112,4576.0
16,113,3834.7
16,114,3180.1
16,115,3224.9
16,116,3144.3
16,117,3193.4
16,118,2317.1
16,119,2237.7
16,120,2197.2
16,121,3204.9
16,122,3086.2
16,123,3160.1
16,124,3243.7
16,125,3190.4
16,126,3174.0
16,127,3157.1
16,128,3117.1
16,129,3255.2
16,130,3835.3
16,131,4155.7
16,132,3006.9
16,133,3018.4
16,134,3346.6
16,135,3006.3
16,136,2228.7
16,137,2286.2
16,138,2164.5
16,139,2272.3
16,140,2166.9
16,141,2214.7
16,142,3968.0
16,143,7369.7
16,144,3350.9
16,145,4669.9
16,146,14033.9
16,147,3103.2
16,148,3281.8
16,149,3144.9
16,150,3212.2
16,151,3155.8
16,152,3128.0
16,153,3168.6
16,154,4117.6
16,155,3271.5
16,156,2925.1
16,157,2201.4
16,158,2283.2
16,159,2117.2
16,160,2344.9
16,161,2256.5
16,162,2206.9
16,163,2138.4
16,164,3022.0
16,165,2963.9
16,166,3263.0
16,167,2987.5
16,168,2888.2
16,169,3053.5
16,170,2863.9
16,171,2897.9
16,172,3553.7
16,173,3110.4
16,174,2205.0
16,175,2155.4
16,176,2262.6
16,177,2312.2
16,178,2169.3
16,179,2226.8
16,180,2140.8
16,181,2213.5
16,182,4133.9
16,183,2879.1
16,184,2160.2
16,185,2288.6
16,186,2177.8
16,187,2199.6
16,188,2204.4
16,189,2160.2
16,190,2212.9
16,191,2160.8
16,192,4123.6
16,193,3248.5
16,194,2268.0
16,195,2174.2
16,196,2257.7
16,197,2222.6
16,198,2245.0
16,199,2244.4
16,200,2145.1
16,201,2239.0
16,202,3888.0
16,203,3828.1
16,204,3194.6
16,205,2967.5
16,206,3144.9
16,207,3071.7
16,208,3127.4
16,209,3197.6
16,210,3118.3
16,211,4161.2
16,212,2953.6
16,213,3038.4
16,214,2305.0
16,215,2233.5
16,216,2157.2
16,217,2205.6
16,218,2192.9
16,219,2190.5
16,220,2171.1
16,221,3136.5
16,222,3023.2
16,223,3166.1
16,224,3013.5
16,225,2945.1
16,226,2897.3
16,227,2890.0
16,228,3220.0
16,229,3543.4
16,230,3181.9
16,231,2249.2
16,232,2326.2
16,233,2374.6
16,234,2195.3
16,235,2173.5
16,236,2191.1
16,237,2189.3
16,238,2266.2
16,239,3498.6
16,240,4128.5
16,241,2268.6
16,242,2238.3
16,243,2171.7
16,244,2205.6
16,245,2169.3
16,246,2210.5
16,247,2205.0
16,248,2171.7
16,249,3085.0
16,250,3533.1
16,251,3165.5
16,252,3084.4
16,253,3157.7
16,254,3166.1
16,255,3145.6
16,256,3157.1
16,257,3186.1
16,258,4049.1
16,259,3005.1
16,260,2971.7
16,261,2357.0
16,262,2301.9
16,263,2192.9
16,264,2297.7
16,265,2206.2
16,266,2209.3
16,267,2157.8
16,268,3074.7
16,269,2969.9
16,270,3007.5
16,271,5992.5
16,272,2488.5
16,273,3856.5
16,274,3766.3
16,275,3915.3
16,276,4385.2
16,277,4084.9
16,278,6123.4
16,279,7065.1
16,280,4344.1
16,281,6383.8
16,282,7609.5
16,283,3238.2
16,284,3289.1
16,285,3175.8
16,286,3141.9
16,287,3234.0
16,288,2341.9
16,289,2378.2
16,290,2364.9
16,291,3201.9
16,292,3441.1
16,293,3198.2
16,294,3318.2
16,295,3234.6
16,296,3092.3
16,297,3160.1
16,298,3241.8
16,299,4105.4
16,300,3244.9
16,301,3223.1
16,302,2254.1
16,303,2232.9
16,304,2210.5
16,305,2234.1
16,306,2232.3
16,307,2151.1
16,308,2163.2
16,309,3968.6
16,310,7374.5
16,311,3691.8
16,312,5454.1
16,313,10116.8
16,314,3153.4
16,315,3187.9
16,316,3161.9
16,317,3204.9
16,318,3238.8
16,319,3112.2
16,320,3858.4
16,321,2958.4
16,322,3029.3
16,323,2363.1
16,324,2321.9
16,325,2228.7
16,326,2292.9
16,327,2144.5
16,328,2222.6
16,329,2271.7
16,330,3937.7
16,331,7436.9
16,332,3213.4
16,333,4755.3
16,334,9886.6
16,335,3220.0
16,336,3226.1
16,337,3268.5
16,338,3131.6
16,339,3246.7
16,340,3163.1
16,341,2245.0
16,342,2322.5
16,343,3272.7
16,344,3166.7
16,345,3209.1
16,346,3095.9
16,347,3204.3
16,348,3169.8
16,349,3234.6
16,350,3181.3
16,351,3106.8
16,352,4157.5
16,353,3314.5
16,354,2967.5
16,355,2281.3
16,356,2260.8
16,357,2172.9
16,358,2321.9
16,359,2159.0
16,360,2180.8
16,361,2294.1
16,362,3842.0
16,363,7525.3
16,364,4747.4
16,365,4992.7
16,366,10111.3
16,367,3148.6
16,368,3127.4
16,369,3220.0
16,370,3178.9
16,371,3209.1
16,372,3137.7
16,373,2315.9
16,374,3209.7
16,375,2289.8
16,376,2262.6
16,377,2414.0
16,378,2225.0
16,379,2264.4
16,380,2170.5
16,381,2187.5
16,382,3266.1
16,383,3227.3
16,384,4175.1
16,385,9983.5
16,386,3289.1
16,387,3123.1
16,388,3157.1
16,389,3235.2
16,390,3194.6
16,391,3116.5
16,392,3232.8
16,393,3240.0
16,394,2194.1
16,395,2337.1
16,396,2273.5
16,397,2291.0
16,398,2148.7
16,399,2216.5
16,400,2157.2
16,401,2263.8
16,402,3899.5
16,403,184215.3
16,404,3943.8
16,405,3814.2
16,406,3946.8
16,407,3803.9
16,408,3827.5
16,409,3877.1
16,410,3885.0
16,411,3819.6
16,412,3200.7
16,413,3177.7
16,414,3272.7
16,415,3885.6
16,416,4078.2
16,417,2988.7
16,418,3261.8
16,419,2317.7
16,420,2458.2
16,421,2306.2
16,422,2278.9
16,423,2344.9
16,424,2307.4
16,425,2306.2
16,426,2278.3
16,427,3170.4
16,428,3214.6
16,429,3267.3
16,430,3031.1
16,431,3535.0
16,432,3447.8
16,433,4026.7
16,434,3440.5
16,435,4010.4
16,436,4349.5
16,437,3283.0
16,438,3151.6
16,439,3329.1
16,440,2397.0
16,441,2402.5
16,442,2379.5
16,443,2417.0
16,444,2358.3
16,445,2219.6
16,446,2368.6
16,447,2357.7
16,448,3419.9
16,449,3568.9
16,450,3417.5
16,451,3397.5
16,452,3479.9
16,453,3407.2
16,454,3344.8
16,455,4018.2
16,456,3957.7
16,457,4328.3
16,458,3006.3
16,459,3323.6
16,460,3303.0
16,461,2330.4
16,462,2339.5
16,463,2358.3
16,464,2358.9
16,465,2395.2
16,466,2302.5
16,467,3264.3
16,468,3266.1
16,469,3227.3
16,470,3343.6
16,471,3290.3
16,472,2917.2
16,473,3307.3
16,474,3174.6
16,475,3992.8
16,476,6112.5
16,477,2380.7
16,478,2509.1
16,479,2365.5
16,480,2368.6
16,481,2378.2
16,482,2305.0
16,483,2389.1
16,484,2329.8
16,485,3525.9
16,486,4038.2
16,487,3442.9
16,488,3333.3
16,489,3179.5
16,490,3216.4
16,491,3298.8
16,492,3221.9
16,493,4120.6
16,494,3040.2
16,495,3379.3
16,496,3525.9
16,497,2278.3
16,498,2224.4
16,499,2208.1
16,500,4400.4
16,501,2521.8
16,502,2521.2
16,503,2362.5
16,504,2403.1
16,505,3207.9
16,506,3342.4
16,507,3379.3
16,508,3000.8
16,509,3215.2
16,510,3237.6
16,511,3212.2
16,512,3090.4
16,513,3338.1
16,514,3790.5
16,515,4158.7
16,516,3336.3
16,517,3304.2
16,518,2298.3
16,519,2251.1
16,520,2326.2
16,521,2318.3
16,522,2337.1
16,523,2156.0
16,524,2168.1
16,525,3002.0
16,526,2977.2
16,527,2926.3
16,528,3220.6
16,529,2957.8
16,530,3075.9
16,531,2876.1
16,532,3204.9
16,533,3849.9
16,534,3235.8
16,535,2309.2
16,536,2308.6
16,537,2288.0
16,538,2289.2
16,539,2204.4
16,540,2318.9
16,541,2165.7
16,542,2286.2
16,543,3921.3
16,544,4101.8
16,545,2407.9
16,546,2295.3
16,547,2160.2
16,548,2131.8
16,549,2134.8
16,550,2206.9
16,551,2169.9
16,552,2133.6
16,553,3215.8
16,554,3832.3
16,555,3220.6
16,556,3158.3
16,557,3203.7
16,558,3126.2
16,559,3115.3
16,560,3160.7
16,561,3209.7
16,562,3837.8
16,563,4081.2
16,564,3214.0
16,565,3238.2
16,566,2237.1
16,567,2301.9
16,568,2229.3
16,569,2242.0
16,570,2117.2
16,571,2149.9
16,572,2183.8
16,573,2971.1
16,574,2890.0
16,575,3216.4
16,576,3240.0
16,577,2973.6
16,578,2820.3
16,579,3215.2
16,580,3129.2
16,581,3794.2
16,582,2939.0
16,583,3226.1
16,584,3134.7
16,585,3224.3
16,586,2932.4
16,587,3165.5
16,588,3238.8
16,589,3205.5
16,590,4115.1
16,591,3817.8
16,592,2344.3
16,593,2343.1
16,594,2221.4
16,595,2222.0
16,596,2179.0
16,597,2149.9
16,598,2169.9
16,599,3214.0
16,600,3247.3
16,601,3176.4
16,602,3214.0
16,603,3090.4
16,604,3186.7
16,605,3098.3
16,606,3177.7
16,607,3209.7
16,608,3862.6
16,609,3885.6
16,610,3797.2
16,611,4106.7
16,612,3317.5
16,613,3302.4
16,614,2283.2
16,615,2351.0
16,616,2222.0
16,617,2348.6
16,618,2267.4
16,619,2225.6
16,620,2148.7
16,621,2936.0
16,622,3293.9
16,623,3016.0
16,624,3181.3
16,625,2894.2
16,626,3103.2
16,627,3310.3
16,628,3166.1
16,629,4102.4
16,630,4131.5
16,631,3143.7
16,632,2277.1
16,633,2403.1
16,634,2280.7
16,635,2237.7
16,636,2181.4
16,637,2153.0
16,638,2288.6
16,639,3134.7
16,640,3309.7
16,641,3260.6
16,642,3125.6
16,643,3163.1
16,644,3247.9
16,645,3164.9
16,646,3204.9
16,647,3212.8
16,648,4093.9
16,649,3360.5
16,650,3220.0
16,651,2321.3
16,652,2237.7
16,653,2339.5
16,654,2248.6
16,655,2146.3
16,656,2186.9
16,657,2251.7
16,658,3205.5
16,659,3364.8
16,660,3043.8
16,661,2924.5
16,662,3192.2
16,663,2867.6
16,664,3148.0
16,665,3257.0
16,666,3829.3
16,667,3165.5
16,668,2243.8
16,669,2297.7
16,670,2281.9
16,671,2194.1
16,672,2177.8
16,673,2243.2
16,674,2134.2
16,675,2142.1
16,676,3589.5
16,677,3855.9
16,678,3220.0
16,679,3169.2
16,680,3120.1
16,681,3192.8
16,682,3123.8
16,683,3137.1
16,684,3262.4
16,685,4146.0
16,686,3276.4
16,687,3226.7
16,688,2233.5
16,689,2338.3
16,690,2277.1
16,691,2276.5
16,692,2147.5
16,693,2176.0
16,694,2172.9
16,695,3201.3
16,696,3282.4
16,697,3004.4
16,698,2981.4
16,699,3187.3
16,700,2860.3
16,701,3166.7
16,702,3149.2
16,703,4117.0
16,704,4090.3
16,705,3298.2
16,706,2264.4
16,707,2291.6
16,708,2283.2
16,709,2191.1
16,710,2217.1
16,711,2283.2
16,712,2149.9
16,713,3090.4
16,714,3174.6
16,715,3249.7
16,716,3234.0
16,717,3223.7
16,718,3135.9
16,719,3248.5
16,720,4021.3
16,721,3880.2
16,722,3799.6
16,723,4141.8
16,724,3293.3
16,725,3273.9
16,726,3045.6
16,727,2249.2
16,728,2146.9
16,729,2358.9
16,730,2245.0
16,731,2261.4
16,732,2231.7
16,733,2981.4
16,734,3244.3
16,735,3284.8
16,736,3218.8
16,737,3009.3
16,738,3086.8
16,739,2910.6
16,740,2939.6
16,741,3862.0
16,742,2901.5
16,743,2936.6
16,744,3204.3
16,745,3241.2
16,746,3193.4
16,747,3250.9
16,748,3226.1
16,749,2852.4
16,750,4109.7
16,751,3863.2
16,752,2343.1
16,753,2372.8
16,754,2215.9
16,755,2291.0
16,756,2148.7
16,757,2169.3
16,758,2208.1
16,759,2998.4
16,760,3141.9
16,761,3334.5
16,762,3199.5
16,763,3306.0
16,764,3277.6
16,765,3283.6
16,766,3286.1
16,767,3259.4
16,768,4312.0
16,769,3502.9
16,770,3198.8
16,771,2439.4
16,772,2424.9
16,773,2345.5
16,774,2470.9
16,775,2407.9
16,776,2308.6
16,777,2404.3
16,778,3215.8
16,779,3390.2
16,780,3352.7
16,781,3358.7
16,782,3434.4
16,783,3383.0
16,784,3350.9
16,785,3437.5
16,786,3982.5
16,787,3436.2
16,788,2301.9
16,789,2366.7
16,790,2414.6
16,791,2445.5
16,792,2344.3
16,793,2418.2
16,794,2386.1
16,795,2285.6
16,796,4341.0
16,797,3375.1
16,798,2377.0
16,799,2311.0
16,800,2398.2
16,801,2348.6
16,802,2320.1
16,803,2363.1
16,804,2366.1
16,805,2357.7
16,806,3694.8
16,807,3726.3
16,808,4000.1
16,809,3344.8
16,810,3273.3
16,811,3211.0
16,812,3370.8
16,813,3272.7
16,814,3278.2
16,815,3241.2
16,816,6458.9
16,817,3125.0
16,818,3483.5
16,819,2373.4
16,820,2327.4
16,821,2411.6
16,822,2370.4
16,823,2312.2
16,824,2450.3
16,825,3400.5
16,826,3413.2
16,827,3399.3
16,828,3444.7
16,829,3153.4
16,830,4156.9
16,831,5784.8
16,832,8969.7
16,833,4094.5
16,834,4474.3
16,835,4503.9
16,836,3313.3
16,837,5840.5
16,838,6466.7
16,839,6005.9
16,840,6778.0
16,841,6087.0
16,842,5812.1
16,843,5584.4
16,844,5710.3
16,845,5776.3
16,846,5844.2
16,847,6426.2
16,848,5957.4
16,849,5949.5
16,850,6809.5
16,851,6162.7
16,852,6352.3
16,853,6374.7
16,854,6421.3
16,855,7013.6
16,856,3978.3
16,857,4874.6
16,858,4259.3
16,859,3250.3
16,860,2383.1
16,861,2178.4
16,862,2242.0
16,863,2269.2
16,864,2269.8
16,865,2234.1
16,866,2143.3
16,867,3065.6
16,868,3234.0
16,869,3192.2
16,870,3005.1
16,871,3164.3
16,872,3127.4
16,873,3178.3
16,874,3072.9
16,875,3244.9
16,876,3837.8
16,877,4121.2
16,878,3240.0
16,879,3230.9
16,880,2286.8
16,881,2267.4
16,882,2249.2
16,883,2265.0
16,884,2235.3
16,885,2222.0
16,886,2211.1
16,887,3272.1
16,888,2887.6
16,889,3017.2
16,890,2883.9
16,891,3204.9
16,892,2957.2
16,893,2890.0
16,894,3192.8
16,895,4144.2
16,896,3536.2
16,897,2370.4
16,898,2225.6
16,899,2234.1
16,900,2217.8
16,901,2231.1
16,902,2303.1
16,903,2229.9
16,904,3159.5
16,905,3138.9
16,906,3132.2
16,907,3062.0
16,908,3150.4
16,909,3220.6
16,910,3131.0
16,911,3192.8
16,912,3132.8
16,913,3880.8
16,914,4123.0
16,915,3024.4
16,916,3309.7
16,917,2233.5
16,918,2209.3
16,919,2359.5
16,920,2204.4
16,921,2242.0
16,922,2115.4
16,923,2179.6
16,924,2946.3
16,925,2986.9
16,926,3261.8
16,927,3175.2
16,928,3185.5
16,929,2996.6
16,930,2922.7
16,931,2923.9
16,932,3877.7
16,933,3152.2
16,934,2369.8
16,935,2306.8
16,936,2320.7
16,937,2320.1
16,938,2295.9
16,939,2181.4
16,940,2186.3
16,941,2256.5
16,942,3929.8
16,943,3841.4
16,944,3166.7
16,945,3196.4
16,946,3120.7
16,947,3208.5
16,948,3162.5
16,949,3187.9
16,950,3162.5
16,951,4128.5
16,952,2934.8
16,953,3312.7
16,954,2288.6
16,955,2199.0
16,956,2217.1
16,957,2253.5
16,958,2355.2
16,959,2117.8
16,960,2154.8
16,961,3255.8
16,962,2989.9
16,963,3154.0
16,964,2897.3
16,965,3164.3
16,966,2896.6
16,967,2874.2
16,968,2825.8
16,969,3893.5
16,970,2840.3
16,971,3195.2
16,972,3157.1
16,973,3169.8
16,974,3206.1
16,975,3219.4
16,976,3109.8
16,977,3212.2
16,978,3829.9
16,979,3157.1
16,980,2417.0
16,981,2206.2
16,982,2289.2
16,983,2356.4
16,984,2215.3
16,985,2192.3
16,986,2194.7
16,987,2208.7
16,988,4093.9
16,989,3246.1
16,990,2179.0
16,991,2118.4
16,992,2154.8
16,993,2251.1
16,994,2221.4
16,995,2232.3
16,996,2141.4
16,997,2179.0
16,998,3572.5
16,999,4200.5
16,1000,2278.9
16,1001,2292.2
16,1002,2182.0
16,1003,2272.3
16,1004,2126.3
16,1005,2186.3
16,1006,2156.0
16,1007,2160.8
16,1008,3131.6
16,1009,3873.5
16,1010,3227.3
16,1011,3378.7
16,1012,3379.9
16,1013,3240.6
16,1014,3450.2
16,1015,4105.4
16,1016,3161.9
16,1017,3372.7
16,1018,2917.2
16,1019,2307.4
16,1020,2213.5
16,1021,2154.8
16,1022,2251.7
16,1023,2123.3
16,1024,2162.0
16,1025,3272.1
16,1026,2957.2
16,1027,2975.4
16,1028,3201.9
16,1029,3206.7
16,1030,3207.9
16,1031,2883.9
16,1032,2819.7
16,1033,3602.2
16,1034,3121.3
16,1035,2343.7
16,1036,2251.7
16,1037,2208.7
16,1038,2268.6
16,1039,2163.9
16,1040,2268.6
16,1041,2281.3
16,1042,2234.7
16,1043,3847.5
16,1044,3806.9
16,1045,3181.3
16,1046,3037.8
16,1047,3187.3
16,1048,3192.2
16,1049,3255.8
16,1050,3227.3
16,1051,3130.4
16,1052,4098.8
16,1053,3215.2
16,1054,3226.7
16,1055,2192.9
16,1056,2238.3
16,1057,2279.5
16,1058,2122.7
16,1059,2141.4
16,1060,2191.1
16,1061,2195.3
16,1062,2991.7
16,1063,2991.1
16,1064,2974.8
16,1065,2987.5
16,1066,3095.9
16,1067,2817.3
16,1068,2838.5
16,1069,3201.9
16,1070,3922.6
16,1071,2890.6
16,1072,2224.4
16,1073,2283.2
16,1074,2113.6
16,1075,2320.7
16,1076,2240.2
16,1077,2231.1
16,1078,2451.5
16,1079,2222.6
16,1080,4083.6
16,1081,3284.8
16,1082,2281.9
16,1083,2162.0
16,1084,2225.0
16,1085,2172.3
16,1086,2171.1
16,1087,2180.8
16,1088,2243.8
16,1089,2213.5
16,1090,3788.7
16,1091,4091.5
16,1092,2293.5
16,1093,2186.9
16,1094,2207.5
16,1095,2192.3
16,1096,2172.9
16,1097,2214.1
16,1098,2180.8
16,1099,2181.4
16,1100,3005.7
16,1101,3854.7
16,1102,3222.5
16,1103,3194.6
16,1104,3137.7
16,1105,3302.4
16,1106,3118.3
16,1107,3226.1
16,1108,3120.1
16,1109,4161.8
16,1110,3300.6
16,1111,2926.9
16,1112,2305.6
16,1113,2348.0
16,1114,2233.5
16,1115,2282.6
16,1116,2116.0
16,1117,2189.9
16,1118,3984.3
16,1119,2893.6
16,1120,3029.9
16,1121,3012.9
16,1122,2910.0
16,1123,3207.9
16,1124,3161.3
16,1125,2817.3
16,1126,3821.4
16,1127,3138.9
16,1128,2201.4
16,1129,2347.4
16,1130,2253.5
16,1131,2241.4
16,1132,2199.0
16,1133,2229.9
16,1134,2207.5
16,1135,2168.7
16,1136,3620.4
16,1137,4233.8
16,1138,2199.6
16,1139,2329.2
16,1140,2175.4
16,1141,2184.4
16,1142,2260.1
16,1143,2213.5
16,1144,2226.2
16,1145,2228.7
16,1146,3215.2
16,1147,3880.8
16,1148,3092.9
16,1149,3134.0
16,1150,3170.4
16,1151,3160.7
16,1152,3141.3
16,1153,3229.7
16,1154,3153.4
16,1155,3843.8
16,1156,4135.7
16,1157,3278.8
16,1158,2999.0
16,1159,2389.7
16,1160,2345.5
16,1161,2337.1
16,1162,2166.3
16,1163,2214.7
16,1164,2268.0
16,1165,2248.6
16,1166,3231.6
16,1167,3246.1
16,1168,3193.4
16,1169,2985.7
16,1170,3118.9
16,1171,3232.2
16,1172,2914.2
16,1173,2894.2
16,1174,3927.4
16,1175,3207.9
16,1176,2255.3
16,1177,2218.4
16,1178,2215.3
16,1179,2270.4
16,1180,2185.1
16,1181,2212.9
16,1182,2212.3
16,1183,2240.2
16,1184,4112.7
16,1185,2950.5
16,1186,2145.7
16,1187,2267.4
16,1188,2165.7
16,1189,2206.9
16,1190,2151.7
16,1191,2137.2
16,1192,2155.4
16,1193,2252.3
16,1194,3809.9
16,1195,3864.4
16,1196,3153.4
16,1197,3014.1
16,1198,3235.2
16,1199,3237.6
16,1200,3115.3
16,1201,3194.0
16,1202,3198.8
16,1203,3829.9
16,1204,3858.4
16,1205,4090.3
16,1206,3281.2
16,1207,3114.7
16,1208,2353.4
16,1209,2248.6
16,1210,2256.5
16,1211,2257.7
16,1212,2194.7
16,1213,2301.9
16,1214,2165.7
16,1215,3207.9
16,1216,3240.6
16,1217,3255.8
16,1218,3149.2
16,1219,3115.3
16,1220,3172.2
16,1221,2826.4
16,1222,3161.3
16,1223,3559.8
16,1224,3118.9
16,1225,2253.5
16,1226,2219.6
16,1227,2258.3
16,1228,2225.0
16,1229,2163.9
16,1230,2229.3
16,1231,2175.4
16,1232,2183.8
16,1233,4174.5
16,1234,3186.7
16,1235,2232.9
16,1236,2135.4
16,1237,2349.2
16,1238,2260.8
16,1239,2317.1
16,1240,2301.3
16,1241,2261.4
16,1242,2173.5
16,1243,4137.5
16,1244,3214.6
16,1245,2180.2
16,1246,2202.6
16,1247,2159.0
16,1248,2133.0
16,1249,2231.7
16,1250,2171.1
16,1251,2215.3
16,1252,2227.4
16,1253,3845.6
16,1254,4183.0
16,1255,2252.3
16,1256,2285.6
16,1257,2217.8
16,1258,2149.3
16,1259,2285.0
16,1260,2183.2
16,1261,2196.6
16,1262,2205.0
16,1263,2983.9
16,1264,3517.4
16,1265,4245.3
16,1266,2245.6
16,1267,2154.2
16,1268,2189.3
16,1269,2192.9
16,1270,2321.3
16,1271,2243.2
16,1272,2196.6
16,1273,2219.6
16,1274,3020.8
16,1275,3564.6
16,1276,3497.4
16,1277,3837.8
16,1278,4159.3
16,1279,2279.5
16,1280,2239.0
16,1281,2269.8
16,1282,2175.4
16,1283,2263.8
16,1284,2237.7
16,1285,2170.5
16,1286,2327.4
16,1287,3218.2
16,1288,3205.5
16,1289,3321.8
16,1290,3022.6
16,1291,3140.1
16,1292,3229.7
16,1293,3120.7
16,1294,3151.6
16,1295,3184.9
16,1296,4129.7
16,1297,3319.4
16,1298,3289.1
16,1299,2294.7
16,1300,2261.4
16,1301,2195.3
16,1302,2282.6
16,1303,2183.2
16,1304,2176.6
16,1305,2338.9
16,1306,2882.1
16,1307,3255.8
16,1308,2991.7
16,1309,2960.2
16,1310,3148.0
16,1311,2840.9
16,1312,3212.2
16,1313,3088.0
16,1314,3853.5
16,1315,3232.8
16,1316,2343.7
16,1317,2297.7
16,1318,2276.5
16,1319,2202.6
16,1320,2237.1
16,1321,2314.7
16,1322,2128.1
16,1323,2236.5
16,1324,3886.8
16,1325,3918.9
16,1326,3288.5
16,1327,3210.4
16,1328,3203.1
16,1329,3166.7
16,1330,3209.1
16,1331,3188.6
16,1332,3257.6
16,1333,3852.3
16,1334,3898.3
16,1335,4100.0
16,1336,2976.0
16,1337,3301.8
16,1338,2220.8
16,1339,2338.9
16,1340,2308.0
16,1341,2236.5
16,1342,2228.7
16,1343,2223.8
16,1344,2268.6
16,1345,3266.7
16,1346,3201.9
16,1347,2963.9
16,1348,3040.8
16,1349,2905.1
16,1350,3303.0
16,1351,3173.4
16,1352,3131.6
16,1353,3926.8
16,1354,3101.9
16,1355,2226.8
16,1356,2155.4
16,1357,2292.2
16,1358,2245.0
16,1359,2144.5
16,1360,2155.4
16,1361,2234.7
16,1362,2180.2
16,1363,3559.2
16,1364,3536.2
16,1365,4138.2
16,1366,2237.7
16,1367,2163.9
16,1368,2135.4
16,1369,2327.4
16,1370,2209.3
16,1371,2194.7
16,1372,2251.7
16,1373,2219.6
16,1374,3234.0
16,1375,3498.6
16,1376,3090.4
16,1377,9121.1
16,1378,5710.9
16,1379,5628.0
16,1380,5644.3
16,1381,5970.1
16,1382,5738.2
16,1383,5474.7
16,1384,5579.5
16,1385,5428.1
16,1386,4906.1
16,1387,2957.8
16,1388,2318.9
16,1389,2233.5
16,1390,2290.4
16,1391,2246.8
16,1392,2328.6
16,1393,2434.0
16,1394,2367.9
16,1395,2288.0
16,1396,3287.3
16,1397,3481.7
16,1398,3349.6
16,1399,3332.7
16,1400,3366.0
16,1401,4293.8
16,1402,3014.7
16,1403,3300.0
16,1404,3288.5
16,1405,3264.3
16,1406,2435.2
16,1407,2475.7
16,1408,2355.8
16,1409,2538.1
16,1410,2359.5
16,1411,2367.9
16,1412,2326.2
16,1413,2330.4
16,1414,3325.4
16,1415,3557.4
16,1416,3404.8
16,1417,3401.1
16,1418,3462.3
16,1419,3462.3
16,1420,3973.4
16,1421,3989.8
16,1422,4281.7
16,1423,3091.7
16,1424,3040.2
16,1425,3097.7
16,1426,2977.2
16,1427,2451.5
16,1428,2441.2
16,1429,2365.5
16,1430,2399.4
16,1431,2391.6
16,1432,2351.6
16,1433,2449.7
16,1434,2326.2
16,1435,3477.4
16,1436,3411.4
16,1437,5362.1
16,1438,3877.7
16,1439,9033.9
16,1440,3009.3
16,1441,8534.9
16,1442,4899.4
16,1443,3291.5
16,1444,3245.5
16,1445,3581.6
16,1446,3519.2
16,1447,3427.8
16,1448,3138.3
16,1449,2473.9
16,1450,2404.3
16,1451,3305.4
16,1452,3146.2
16,1453,3335.7
16,1454,3266.7
16,1455,3426.0
16,1456,3429.0
16,1457,3260.0
16,1458,3124.4
16,1459,4365.3
16,1460,3713.6
16,1461,2301.9
16,1462,2412.8
16,1463,2431.5
16,1464,2332.8
16,1465,2446.7
16,1466,2327.4
16,1467,2406.1
16,1468,3063.2
16,1469,3272.1
16,1470,3279.4
16,1471,3102.6
16,1472,3229.7
16,1473,3265.5
16,1474,3252.7
16,1475,3353.3
16,1476,3285.4
16,1477,3963.1
16,1478,4305.3
16,1479,3443.5
16,1480,3382.3
16,1481,2473.3
16,1482,2444.3
16,1483,2346.7
16,1484,2333.4
16,1485,2367.3
16,1486,2447.9
16,1487,2332.2
16,1488,3502.3
16,1489,3168.6
16,1490,3366.0
16,1491,3232.8
16,1492,3249.1
16,1493,3408.4
16,1494,3467.7
16,1495,3197.0
16,1496,3975.2
16,1497,3347.8
16,1498,2334.6
16,1499,2336.5
16,1500,2435.8
16,1501,2352.2
16,1502,2312.2
16,1503,2417.6
16,1504,2348.6
16,1505,2455.2
16,1506,4308.9
16,1507,3409.6
16,1508,2372.2
16,1509,2377.0
16,1510,2361.9
16,1511,2394.0
16,1512,2361.9
16,1513,2464.2
16,1514,2331.6
16,1515,2326.2
16,1516,4009.2
16,1517,4047.9
16,1518,3254.6
16,1519,3156.5
16,1520,3142.5
16,1521,3203.7
16,1522,3162.5
16,1523,3184.3
16,1524,3206.7
16,1525,3812.3
16,1526,3843.8
16,1527,4099.4
16,1528,2982.0
16,1529,3010.5
16,1530,2353.4
16,1531,2493.3
16,1532,2309.2
16,1533,2447.9
16,1534,2384.9
16,1535,2378.2
16,1536,2327.4
16,1537,3444.7
16,1538,3437.5
16,1539,3154.6
16,1540,3339.3
16,1541,3308.5
16,1542,3260.6
16,1543,3372.1
16,1544,3443.5
16,1545,4037.0
16,1546,3652.5
16,1547,3420.5
16,1548,2338.9
16,1549,2312.2
16,1550,2357.7
16,1551,2371.6
16,1552,2288.6
16,1553,2450.9
16,1554,2381.3
16,1555,2385.5
16,1556,4000.1
16,1557,3359.9
16,1558,3367.2
16,1559,3170.4
16,1560,3104.4
16,1561,3187.3
16,1562,3209.1
16,1563,3883.8
16,1564,3839.6
16,1565,3795.4
16,1566,3825.1
16,1567,4123.6
16,1568,3253.4
16,1569,3237.6
16,1570,2220.2
16,1571,2306.8
16,1572,2336.5
16,1573,2375.2
16,1574,2313.4
16,1575,2164.5
16,1576,2206.9
16,1577,2237.1
16,1578,2994.8
16,1579,3244.3
16,1580,3078.3
16,1581,3183.7
16,1582,3222.5
16,1583,3141.3
16,1584,3137.7
16,1585,3278.2
16,1586,3095.9
16,1587,3905.6
16,1588,3867.4
16,1589,4180.5
16,1590,3312.7
16,1591,2996.0
16,1592,2283.2
16,1593,2263.2
16,1594,2260.1
16,1595,2147.5
16,1596,2138.4
16,1597,2136.6
16,1598,2169.3
16,1599,3200.7
16,1600,3049.9
16,1601,3037.1
16,1602,3244.9
16,1603,2911.8
16,1604,3169.2
16,1605,2873.0
16,1606,2856.1
16,1607,4133.9
16,1608,3863.8
16,1609,2471.5
16,1610,2251.7
16,1611,2294.1
16,1612,2251.7
16,1613,2136.0
16,1614,2208.1
16,1615,2261.4
16,1616,2980.8
16,1617,3205.5
16,1618,3103.2
16,1619,3189.2
16,1620,3241.8
16,1621,3199.5
16,1622,3224.3
16,1623,3120.7
16,1624,3115.9
16,1625,3885.6
16,1626,4101.2
16,1627,3272.7
16,1628,2949.3
16,1629,2249.2
16,1630,2224.4
16,1631,2395.8
16,1632,2114.2
16,1633,2243.2
16,1634,2116.6
16,1635,2191.1
16,1636,3186.7
16,1637,3264.3
16,1638,2960.8
16,1639,2979.0
16,1640,2839.7
16,1641,3218.8
16,1642,2930.6
16,1643,3101.9
16,1644,3812.3
16,1645,3141.3
16,1646,2282.6
16,1647,2237.7
16,1648,2248.6
16,1649,2256.5
16,1650,2145.1
16,1651,2254.7
16,1652,2133.6
16,1653,2160.8
16,1654,4136.9
16,1655,2913.0
16,1656,2191.7
16,1657,2301.9
16,1658,2221.4
16,1659,2159.6
16,1660,2196.6
16,1661,2162.0
16,1662,2180.2
16,1663,2176.0
16,1664,4139.4
16,1665,3207.3
16,1666,2179.6
16,1667,2154.2
16,1668,2139.0
16,1669,2149.3
16,1670,2143.9
16,1671,2162.0
16,1672,2208.1
16,1673,2209.3
16,1674,3581.6
16,1675,3776.6
16,1676,3245.5
16,1677,3191.0
16,1678,3258.8
16,1679,3101.3
16,1680,3173.4
16,1681,3206.7
16,1682,3230.3
16,1683,4150.9
16,1684,3313.3
16,1685,3343.6
16,1686,2313.4
16,1687,2277.7
16,1688,2236.5
16,1689,2328.0
16,1690,2142.7
16,1691,2196.0
16,1692,2205.0
16,1693,3207.3
16,1694,3299.4
16,1695,2931.2
16,1696,2992.9
16,1697,3029.9
16,1698,2811.3
16,1699,2840.9
16,1700,3240.6
16,1701,4142.4
16,1702,3817.2
16,1703,2251.1
16,1704,2199.0
16,1705,2361.9
16,1706,2258.3
16,1707,2262.6
16,1708,2161.4
16,1709,2181.4
16,1710,2997.2
16,1711,3204.9
16,1712,3161.3
16,1713,3023.2
16,1714,3133.4
16,1715,3199.5
16,1716,3212.8
16,1717,3232.2
16,1718,3237.0
16,1719,4137.5
16,1720,3204.3
16,1721,2999.0
16,1722,2243.2
16,1723,2286.8
16,1724,2260.1
16,1725,2214.1
16,1726,2289.8
16,1727,2232.9
16,1728,2200.8
16,1729,2996.0
16,1730,3237.0
16,1731,3264.9
16,1732,3226.1
16,1733,3227.3
16,1734,2927.5
16,1735,3184.9
16,1736,3158.9
16,1737,3610.1
16,1738,2885.1
16,1739,3157.7
16,1740,3103.2
16,1741,3114.7
16,1742,3205.5
16,1743,2972.3
16,1744,3148.0
16,1745,3174.0
16,1746,4076.4
16,1747,4216.3
16,1748,4679.6
16,1749,3561.6
16,1750,2447.3
16,1751,2435.2
16,1752,2299.5
16,1753,2341.3
16,1754,2174.2
16,1755,2200.8
16,1756,2291.0
16,1757,3264.9
16,1758,3137.7
16,1759,3160.7
16,1760,2952.4
16,1761,3045.6
16,1762,3270.9
16,1763,3241.8
16,1764,3149.8
16,1765,3318.8
16,1766,3906.2
16,1767,3811.7
16,1768,3807.5
16,1769,3849.9
16,1770,4128.5
16,1771,3261.2
16,1772,3272.1
16,1773,2325.6
16,1774,2298.3
16,1775,2262.6
16,1776,2268.6
16,1777,2223.2
16,1778,2185.1
16,1779,2183.2
16,1780,3244.3
16,1781,2985.1
16,1782,3314.5
16,1783,2895.4
16,1784,3194.6
16,1785,2904.5
16,1786,3108.0
16,1787,2896.0
16,1788,4141.8
16,1789,4132.1
16,1790,3233.4
16,1791,2318.9
16,1792,2195.3
16,1793,2249.2
16,1794,2260.1
16,1795,2177.2
16,1796,2143.3
16,1797,2203.8
16,1798,2968.7
16,1799,3240.6
16,1800,3116.5
16,1801,3006.9
16,1802,2987.5
16,1803,3252.1
16,1804,3192.8
16,1805,3177.0
16,1806,3241.8
16,1807,3789.9
16,1808,4098.8
16,1809,3245.5
16,1810,2902.1
16,1811,2367.3
16,1812,2275.9
16,1813,2169.9
16,1814,2207.5
16,1815,2163.9
16,1816,2209.3
16,1817,2279.5
16,1818,3200.7
16,1819,3243.1
16,1820,3172.8
16,1821,3206.7
16,1822,3009.3
16,1823,3140.1
16,1824,3171.0
16,1825,3252.1
16,1826,3812.3
16,1827,3121.3
16,1828,3124.4
16,1829,2888.8
16,1830,2349.2
16,1831,2341.9
16,1832,2368.6
16,1833,2213.5
16,1834,2206.9
16,1835,2323.7
16,1836,2266.8
16,1837,2119.6
16,1838,3843.8
16,1839,4175.1
16,1840,3197.6
16,1841,2295.9
16,1842,2248.6
16,1843,2169.9
16,1844,2133.0
16,1845,2199.0
16,1846,2161.4
16,1847,2142.7
16,1848,2220.8
16,1849,4219.3
16,1850,3239.4
16,1851,2255.3
16,1852,2212.3
16,1853,2179.6
16,1854,2249.2
16,1855,2216.5
16,1856,2110.6
16,1857,2530.3
16,1858,2295.3
16,1859,3094.1
16,1860,3262.4
16,1861,3191.6
16,1862,3225.5
16,1863,3247.9
16,1864,3144.9
16,1865,3182.5
16,1866,3193.4
16,1867,3182.5
16,1868,4094.5
16,1869,2992.9
16,1870,3322.4
16,1871,2300.7
16,1872,2354.6
16,1873,2292.9
16,1874,2140.8
16,1875,2204.4
16,1876,2162.6
16,1877,2226.8
16,1878,3258.8
16,1879,3133.4
16,1880,3227.9
16,1881,3207.3
16,1882,3224.9
16,1883,2943.3
16,1884,3037.8
16,1885,2969.3
16,1886,3855.3
16,1887,3186.7
16,1888,2330.4
16,1889,2298.9
16,1890,2208.7
16,1891,2163.9
16,1892,2200.2
16,1893,2177.8
16,1894,2288.0
16,1895,2145.7
16,1896,4132.7
16,1897,2933.0
16,1898,2164.5
16,1899,2176.0
16,1900,2153.0
16,1901,2156.6
16,1902,2160.2
16,1903,2156.6
16,1904,2152.3
16,1905,2219.0
16,1906,3567.7
16,1907,3839.0
16,1908,3806.9
16,1909,3240.0
16,1910,3183.7
16,1911,3203.7
16,1912,3129.2
16,1913,3219.4
16,1914,3104.4
16,1915,3117.1
16,1916,3801.4
16,1917,4164.8
16,1918,3275.8
16,1919,3194.6
16,1920,2289.8
16,1921,2321.9
16,1922,2198.4
16,1923,2332.2
16,1924,2231.1
16,1925,2194.1
16,1926,2203.2
16,1927,3234.0
16,1928,3030.5
16,1929,3240.0
16,1930,2932.4
16,1931,2946.9
16,1932,3081.4
16,1933,3157.7
16,1934,3266.1
16,1935,3571.3
16,1936,3138.9
16,1937,2337.1
16,1938,2265.6
16,1939,2252.9
16,1940,2245.0
16,1941,2182.6
16,1942,2376.4
16,1943,2217.8
16,1944,2238.3
16,1945,3659.7
16,1946,3817.8
16,1947,3094.1
16,1948,3206.7
16,1949,2982.6
16,1950,3264.3
16,1951,3088.0
16,1952,3170.4
16,1953,3174.6
16,1954,4120.6
16,1955,3254.6
16,1956,2963.3
16,1957,2367.9
16,1958,2213.5
16,1959,2294.7
16,1960,2217.8
16,1961,2288.6
16,1962,2113.6
16,1963,2136.6
16,1964,3199.5
16,1965,3260.6
16,1966,3005.1
16,1967,3184.3
16,1968,3106.8
16,1969,3108.0
16,1970,3185.5
16,1971,3228.5
16,1972,4086.7
16,1973,3571.9
16,1974,2455.2
16,1975,2292.2
16,1976,2312.2
16,1977,2236.5
16,1978,2234.1
16,1979,2156.6
16,1980,2146.9
16,1981,2997.2
16,1982,3266.1
16,1983,3186.7
16,1984,3311.5
16,1985,3194.6
16,1986,3161.9
16,1987,3100.1
16,1988,3128.6
16,1989,3186.7
16,1990,3877.1
16,1991,4112.1
16,1992,3287.3
16,1993,3332.1
16,1994,2189.9
16,1995,2176.0
16,1996,2135.4
16,1997,2161.4
16,1998,2188.7
16,1999,2223.8
64,0,2949.9
64,1,2269.2
64,2,2272.9
64,3,2323.1
64,4,2315.3
64,5,2248.6
64,6,2152.3
64,7,2171.1
64,8,3025.6
64,9,3240.6
64,10,3303.6
64,11,3003.8
64,12,3035.9
64,13,3171.0
64,14,3154.0
64,15,3162.5
64,16,3134.7
64,17,4116.4
64,18,2996.6
64,19,3251.5
64,20,2261.4
64,21,2282.6
64,22,2188.7
64,23,2151.1
64,24,2196.0
64,25,2148.1
64,26,2243.8
64,27,3263.0
64,28,3304.8
64,29,3274.5
64,30,3192.8
64,31,3239.4
64,32,2967.5
64,33,3424.7
64,34,3348.4
64,35,4059.4
64,36,4020.7
64,37,2373.4
64,38,2338.3
64,39,2286.8
64,40,2284.4
64,41,2286.8
64,42,2387.9
64,43,2286.2
64,44,2994.2
64,45,3390.2
64,46,3097.7
64,47,3266.1
64,48,3207.3
64,49,3372.1
64,50,5205.8
64,51,3394.5
64,52,3947.4
64,53,4347.7
64,54,4564.5
64,55,3458.7
64,56,3121.9
64,57,3418.7
64,58,2312.2
64,59,2306.2
64,60,2307.4
64,61,2410.3
64,62,2473.3
64,63,2410.9
64,64,3395.1
64,65,3330.9
64,66,3409.0
64,67,3427.8
64,68,3382.3
64,69,3395.7
64,70,3218.8
64,71,3458.7
64,72,3794.2
64,73,3157.1
64,74,3385.4
64,75,3134.7
64,76,3186.7
64,77,3382.3
64,78,3326.0
64,79,3385.4
64,80,3410.8
64,81,3991.0
64,82,3993.4
64,83,2471.5
64,84,2401.9
64,85,2446.7
64,86,2304.4
64,87,2225.6
64,88,2330.4
64,89,2371.6
64,90,3032.3
64,91,3275.2
64,92,3346.6
64,93,3406.0
64,94,3023.2
64,95,3258.2
64,96,3194.0
64,97,3227.3
64,98,3304.2
64,99,4333.2
64,100,3089.2
64,101,3279.4
64,102,2332.8
64,103,2296.5
64,104,2380.1
64,105,2363.1
64,106,2320.1
64,107,2316.5
64,108,2266.2
64,109,3134.0
64,110,3261.2
64,111,3278.8
64,112,3198.8
64,113,3168.0
64,114,3026.2
64,115,3143.7
64,116,3149.2
64,117,4190.8
64,118,3177.7
64,119,2385.5
64,120,2292.9
64,121,2291.0
64,122,2190.5
64,123,2119.6
64,124,2179.6
64,125,2261.4
64,126,2973.6
64,127,3144.9
64,128,3210.4
64,129,3165.5
64,130,3051.7
64,131,3253.4
64,132,3295.7
64,133,3267.9
64,134,3214.0
64,135,4264.7
64,136,3165.5
64,137,3207.3
64,138,2478.8
64,139,2406.1
64,140,2360.1
64,141,2390.4
64,142,2321.9
64,143,2398.2
64,144,2231.7
64,145,3324.2
64,146,3326.0
64,147,3442.9
64,148,3183.7
64,149,3446.5
64,150,3135.3
64,151,3003.2
64,152,3192.2
64,153,3798.4
64,154,3115.9
64,155,2214.1
64,156,2301.9
64,157,2355.2
64,158,2196.0
64,159,2162.6
64,160,2168.7
64,161,2212.9
64,162,2262.0
64,163,4132.1
64,164,3287.9
64,165,2334.6
64,166,2262.6
64,167,2214.1
64,168,2132.4
64,169,2153.0
64,170,2192.3
64,171,2146.9
64,172,2202.6
64,173,3594.9
64,174,3532.5
64,175,3817.2
64,176,3235.8
64,177,3163.1
64,178,3255.2
64,179,3136.5
64,180,3178.3
64,181,3248.5
64,182,3128.6
64,183,3839.0
64,184,3817.8
64,185,3843.8
64,186,3886.2
64,187,4064.3
64,188,2986.9
64,189,3012.3
64,190,2183.8
64,191,2191.1
64,192,2268.0
64,193,2200.8
64,194,2163.2
64,195,2248.0
64,196,2238.3
64,197,3310.3
64,198,3238.8
64,199,2976.6
64,200,3209.7
64,201,2964.5
64,202,2861.5
64,203,2906.3
64,204,2883.3
64,205,3869.9
64,206,3193.4
64,207,2183.2
64,208,2164.5
64,209,2183.2
64,210,2248.6
64,211,2249.9
64,212,2265.6
64,213,2231.7
64,214,2139.6
64,215,4150.9
64,216,2903.3
64,217,2150.5
64,218,2172.9
64,219,2171.1
64,220,2253.5
64,221,2317.7
64,222,2179.6
64,223,2253.5
64,224,2217.1
64,225,3939.5
64,226,3851.7
64,227,3178.3
64,228,3169.2
64,229,3206.1
64,230,3186.7
64,231,3206.1
64,232,3154.0
64,233,3266.1
64,234,3866.2
64,235,3848.1
64,236,4089.7
64,237,3230.9
64,238,2940.3
64,239,2198.4
64,240,2191.1
64,241,2286.8
64,242,2281.9
64,243,2187.5
64,244,2171.1
64,245,2260.1
64,246,2908.8
64,247,2963.3
64,248,3011.1
64,249,3194.0
64,250,3241.8
64,251,2868.8
64,252,3151.0
64,253,3303.6
64,254,3795.4
64,255,3187.3
64,256,2262.6
64,257,2249.2
64,258,2342.5
64,259,2250.5
64,260,2205.0
64,261,2353.4
64,262,2327.4
64,263,2163.2
64,264,3854.1
64,265,3553.1
64,266,3541.6
64,267,3780.8
64,268,3235.8
64,269,3283.0
64,270,3241.8
64,271,3251.5
64,272,3192.8
64,273,3227.9
64,274,3307.9
64,275,4106.1
64,276,3192.2
64,277,3223.1
64,278,2291.6
64,279,2189.3
64,280,2154.2
64,281,2214.1
64,282,2194.7
64,283,2199.6
64,284,2147.5
64,285,3255.2
64,286,2910.6
64,287,3175.2
64,288,3202.5
64,289,3168.0
64,290,3227.9
64,291,3150.4
64,292,2836.7
64,293,4169.6
64,294,3831.7
64,295,2262.0
64,296,2291.6
64,297,2239.6
64,298,2268.0
64,299,2193.5
64,300,2172.9
64,301,2251.7
64,302,3126.2
64,303,3188.6
64,304,3260.0
64,305,3257.6
64,306,3057.1
64,307,3129.2
64,308,3123.8
64,309,3171.0
64,310,3221.3
64,311,3861.4
64,312,3805.7
64,313,3851.7
64,314,4122.4
64,315,2982.0
64,316,3215.8
64,317,2312.2
64,318,2276.5
64,319,2265.6
64,320,2196.0
64,321,2249.2
64,322,2219.6
64,323,2257.1
64,324,3246.1
64,325,3020.2
64,326,2930.0
64,327,3170.4
64,328,3176.4
64,329,3177.0
64,330,3151.0
64,331,3221.3
64,332,4164.8
64,333,3883.2
64,334,2273.5
64,335,2223.8
64,336,2212.3
64,337,2237.7
64,338,2166.3
64,339,2269.8
64,340,2187.5
64,341,3021.4
64,342,3257.0
64,343,3271.5
64,344,3142.5
64,345,2999.0
64,346,3201.9
64,347,3101.3
64,348,3148.6
64,349,3168.0
64,350,3805.1
64,351,4164.2
64,352,2922.1
64,353,2949.3
64,354,2360.7
64,355,2301.9
64,356,2139.6
64,357,2320.1
64,358,2174.8
64,359,2178.4
64,360,2203.2
64,361,3216.4
64,362,3202.5
64,363,2930.6
64,364,2947.5
64,365,3063.2
64,366,2934.8
64,367,5945.3
64,368,3384.8
64,369,3421.1
64,370,2371.6
64,371,2407.9
64,372,2316.5
64,373,2454.5
64,374,2272.3
64,375,2405.5
64,376,2320.7
64,377,3326.6
64,378,3549.5
64,379,3436.2
64,380,3462.9
64,381,3470.2
64,382,4235.1
64,383,4004.3
64,384,4336.8
64,385,3392.0
64,386,3329.1
64,387,3346.6
64,388,3267.3
64,389,2376.4
64,390,2335.2
64,391,2313.4
64,392,2337.1
64,393,2383.1
64,394,3197.6
64,395,3289.1
64,396,3232.2
64,397,3045.6
64,398,2951.2
64,399,3238.8
64,400,2944.5
64,401,3020.8
64,402,4011.0
64,403,3284.8
64,404,2317.7
64,405,2422.5
64,406,2314.0
64,407,2314.7
64,408,2337.7
64,409,2373.4
64,410,2346.7
64,411,2329.8
64,412,3323.6
64,413,3426.6
64,414,3412.0
64,415,3444.1
64,416,3472.0
64,417,4378.0
64,418,3306.0
64,419,2410.9
64,420,2337.1
64,421,2419.4
64,422,2364.9
64,423,2351.6
64,424,2377.0
64,425,2317.7
64,426,2419.4
64,427,3994.0
64,428,4022.5
64,429,3445.9
64,430,3413.2
64,431,3401.7
64,432,3430.2
64,433,3493.8
64,434,4410.7
64,435,3031.1
64,436,3001.4
64,437,3455.6
64,438,2936.0
64,439,2969.9
64,440,2371.0
64,441,2510.3
64,442,2187.5
64,443,2275.9
64,444,2172.9
64,445,2260.1
64,446,2206.2
64,447,2156.0
64,448,3182.5
64,449,3198.2
64,450,2222.6
64,451,3187.3
64,452,2242.0
64,453,2259.5
64,454,2208.1
64,455,3220.0
64,456,2309.2
64,457,2369.2
64,458,2314.0
64,459,3375.1
64,460,3451.4
64,461,3484.1
64,462,3366.0
64,463,3496.8
64,464,3380.5
64,465,3411.4
64,466,3059.6
64,467,3273.3
64,468,3241.2
64,469,2381.9
64,470,2363.1
64,471,2343.1
64,472,2313.4
64,473,2271.7
64,474,3281.8
64,475,3246.1
64,476,2955.4
64,477,2972.3
64,478,3316.9
64,479,3361.2
64,480,3281.2
64,481,2982.0
64,482,3713.0
64,483,2929.3
64,484,3232.2
64,485,3283.0
64,486,3202.5
64,487,3267.3
64,488,2983.9
64,489,3269.7
64,490,3260.0
64,491,3999.5
64,492,3240.0
64,493,2346.1
64,494,2254.1
64,495,2282.6
64,496,2189.9
64,497,2176.6
64,498,2147.5
64,499,2173.5
64,500,2196.0
64,501,2998.4
64,502,3226.1
64,503,3200.7
64,504,3252.7
64,505,2983.9
64,506,2982.0
64,507,3155.2
64,508,297635.1
64,509,8501.6
64,510,8243.0
64,511,6373.5
64,512,6148.2
64,513,6470.4
64,514,6768.3
64,515,6466.1
64,516,5128.9
64,517,3227.3
64,518,2422.5
64,519,2281.9
64,520,2257.7
64,521,2306.8
64,522,2303.1
64,523,2252.3
64,524,3218.8
64,525,3886.8
64,526,4412.5
64,527,3875.9
64,528,4103.6
64,529,4334.4
64,530,4557.2
64,531,4625.7
64,532,3326.0
64,533,3640.3
64,534,3390.2
64,535,3370.2
64,536,2463.6
64,537,2288.0
64,538,2407.3
64,539,2347.4
64,540,2356.4
64,541,3420.5
64,542,3188.6
64,543,3066.2
64,544,3390.8
64,545,3408.4
64,546,3161.9
64,547,3356.9
64,548,3332.1
64,549,4379.2
64,550,4013.4
64,551,2437.0
64,552,2335.2
64,553,2311.6
64,554,2346.1
64,555,2442.4
64,556,2351.6
64,557,2395.8
64,558,2444.3
64,559,3532.5
64,560,4347.1
64,561,3674.9
64,562,3605.2
64,563,3676.7
64,564,3227.9
64,565,4001.9
64,566,3992.8
64,567,4338.6
64,568,3096.5
64,569,3223.7
64,570,3409.6
64,571,3478.6
64,572,2348.6
64,573,4263.5
64,574,2515.7
64,575,2362.5
64,576,2281.3
64,577,3275.2
64,578,3358.7
64,579,3174.6
64,580,3082.0
64,581,3390.2
64,582,3042.6
64,583,3180.7
64,584,3367.2
64,585,4023.7
64,586,3994.6
64,587,3395.7
64,588,2380.1
64,589,2490.3
64,590,2279.5
64,591,2298.3
64,592,2338.3
64,593,2332.8
64,594,2424.9
64,595,2364.3
64,596,5076.2
64,597,9327.6
64,598,2727.7
64,599,2373.4
64,600,2341.3
64,601,2278.3
64,602,2268.0
64,603,2183.8
64,604,2214.1
64,605,2261.4
64,606,3862.6
64,607,8260.0
64,608,3001.4
64,609,3977.7
64,610,10957.4
64,611,3315.1
64,612,3174.0
64,613,3395.1
64,614,3397.5
64,615,4025.5
64,616,3071.1
64,617,3355.1
64,618,3089.2
64,619,2384.9
64,620,2404.3
64,621,2502.4
64,622,2379.5
64,623,2438.2
64,624,2272.9
64,625,2296.5
64,626,3902.6
64,627,9176.2
64,628,4376.2
64,629,4871.6
64,630,9377.3
64,631,3617.9
64,632,3197.0
64,633,3117.7
64,634,3235.2
64,635,3367.2
64,636,2257.1
64,637,2189.9
64,638,2135.4
64,639,2196.0
64,640,3283.6
64,641,2999.0
64,642,3209.1
64,643,3224.3
64,644,3130.4
64,645,3228.5
64,646,3232.8
64,647,3157.7
64,648,4140.6
64,649,3852.9
64,650,2282.6
64,651,2247.4
64,652,2171.7
64,653,2251.1
64,654,2573.2
64,655,2143.3
64,656,2656.2
64,657,4015.8
64,658,8818.3
64,659,2983.2
64,660,4717.7
64,661,9548.1
64,662,4976.9
64,663,7804.5
64,664,4650.5
64,665,4909.7
64,666,9451.2
64,667,3071.7
64,668,3226.7
64,669,3291.5
64,670,3174.6
64,671,3219.4
64,672,3126.2
64,673,3137.7
64,674,2195.3
64,675,2396.4
64,676,2913.0
64,677,2908.2
64,678,3222.5
64,679,3229.7
64,680,3126.2
64,681,3138.9
64,682,3244.9
64,683,3169.8
64,684,3834.7
64,685,3170.4
64,686,2261.4
64,687,2303.8
64,688,2229.3
64,689,2411.6
64,690,2354.6
64,691,2221.4
64,692,2142.1
64,693,2358.3
64,694,3524.1
64,695,4169.6
64,696,2293.5
64,697,2203.8
64,698,2253.5
64,699,2159.0
64,700,2166.3
64,701,2233.5
64,702,2275.9
64,703,2170.5
64,704,3234.6
64,705,3224.3
64,706,3230.3
64,707,3218.2
64,708,3091.7
64,709,3171.0
64,710,3793.6
64,711,3188.6
64,712,3130.4
64,713,4131.5
64,714,3269.7
64,715,3032.3
64,716,2289.2
64,717,2251.7
64,718,2130.5
64,719,2297.7
64,720,2130.5
64,721,2187.5
64,722,2201.4
64,723,3212.8
64,724,3237.6
64,725,3273.3
64,726,2953.0
64,727,3261.2
64,728,3078.9
64,729,3161.3
64,730,3199.5
64,731,3583.4
64,732,3203.7
64,733,2283.2
64,734,2137.8
64,735,2325.6
64,736,2177.2
64,737,2243.2
64,738,2258.9
64,739,2168.1
64,740,2162.6
64,741,3884.4
64,742,4092.7
64,743,2279.5
64,744,2153.6
64,745,2146.9
64,746,2160.8
64,747,2207.5
64,748,2192.9
64,749,2212.3
64,750,2157.2
64,751,3146.2
64,752,3789.9
64,753,3168.0
64,754,3177.7
64,755,3186.1
64,756,3275.2
64,757,3282.4
64,758,3115.9
64,759,3164.3
64,760,3859.6
64,761,4117.6
64,762,2993.5
64,763,2936.6
64,764,2164.5
64,765,2335.2
64,766,2122.1
64,767,2280.1
64,768,2164.5
64,769,2204.4
64,770,2184.4
64,771,3237.6
64,772,3161.9
64,773,3212.2
64,774,3200.7
64,775,3145.6
64,776,3137.1
64,777,3242.5
64,778,3173.4
64,779,3574.9
64,780,3120.1
64,781,2284.4
64,782,2243.8
64,783,2287.4
64,784,2255.9
64,785,2321.3
64,786,2242.6
64,787,2315.9
64,788,2275.9
64,789,4161.8
64,790,3215.8
64,791,2278.3
64,792,2215.3
64,793,2150.5
64,794,2285.6
64,795,2196.6
64,796,2225.0
64,797,2336.5
64,798,2176.6
64,799,4169.6
64,800,2940.9
64,801,2159.0
64,802,2177.8
64,803,2148.7
64,804,2152.3
64,805,2222.0
64,806,2177.2
64,807,2155.4
64,808,2197.2
64,809,3852.3
64,810,3832.9
64,811,3204.9
64,812,3197.0
64,813,3253.4
64,814,3108.0
64,815,3176.4
64,816,3253.4
64,817,3118.3
64,818,3893.5
64,819,3869.3
64,820,4135.7
64,821,2996.0
64,822,3242.5
64,823,2306.8
64,824,2245.6
64,825,2204.4
64,826,2249.9
64,827,2154.8
64,828,2199.0
64,829,2223.2
64,830,3211.6
64,831,3082.6
64,832,3193.4
64,833,2985.7
64,834,2916.0
64,835,3111.6
64,836,2863.3
64,837,3193.4
64,838,3825.1
64,839,3154.0
64,840,2272.3
64,841,2278.9
64,842,2260.1
64,843,2188.7
64,844,2192.3
64,845,2206.9
64,846,2129.9
64,847,2341.9
64,848,3814.2
64,849,3855.9
64,850,3262.4
64,851,3229.1
64,852,3183.7
64,853,3157.7
64,854,3144.9
64,855,3146.2
64,856,3136.5
64,857,3832.3
64,858,4172.1
64,859,3257.6
64,860,3013.5
64,861,2274.7
64,862,2177.8
64,863,2252.3
64,864,2189.9
64,865,2153.6
64,866,2168.1
64,867,2239.0
64,868,2904.5
64,869,3332.7
64,870,3241.2
64,871,2965.7
64,872,2865.8
64,873,3196.4
64,874,4973.3
64,875,3166.7
64,876,3869.3
64,877,3151.6
64,878,2291.6
64,879,2260.1
64,880,2235.9
64,881,2169.3
64,882,2263.2
64,883,2208.1
64,884,2179.6
64,885,2217.8
64,886,3864.4
64,887,3901.4
64,888,3853.5
64,889,3219.4
64,890,3267.3
64,891,3203.1
64,892,3260.0
64,893,3175.8
64,894,3152.2
64,895,3121.3
64,896,4106.7
64,897,3045.6
64,898,3312.1
64,899,2354.6
64,900,2317.7
64,901,2340.7
64,902,2186.3
64,903,2169.9
64,904,2216.5
64,905,2126.3
64,906,3267.3
64,907,2930.6
64,908,3230.9
64,909,3251.5
64,910,2924.5
64,911,3162.5
64,912,3227.9
64,913,2957.8
64,914,3853.5
64,915,3164.9
64,916,2235.9
64,917,2251.1
64,918,2144.5
64,919,2179.6
64,920,2162.0
64,921,2150.5
64,922,2257.1
64,923,2305.6
64,924,3814.2
64,925,4149.7
64,926,2185.7
64,927,2154.2
64,928,2217.8
64,929,2176.0
64,930,2291.0
64,931,2255.3
64,932,2269.8
64,933,2222.0
64,934,2989.3
64,935,4084.9
64,936,2196.0
64,937,2144.5
64,938,2176.0
64,939,2183.2
64,940,2122.1
64,941,2288.6
64,942,2108.1
64,943,2194.7
64,944,2989.3
64,945,3834.1
64,946,3267.9
64,947,3299.4
64,948,3175.2
64,949,3326.0
64,950,3178.3
64,951,3208.5
64,952,3131.6
64,953,4150.3
64,954,3321.2
64,955,2866.4
64,956,2171.7
64,957,15642.4
64,958,5628.6
64,959,5624.9
64,960,6174.8
64,961,5437.2
64,962,5101.7
64,963,8972.2
64,964,22795.3
64,965,3284.2
64,966,3404.8
64,967,3218.2
64,968,3435.0
64,969,2954.2
64,970,2892.4
64,971,3155.2
64,972,3141.9
64,973,3284.8
64,974,3797.2
64,975,3179.5
64,976,2266.8
64,977,2310.4
64,978,2250.5
64,979,2287.4
64,980,2263.2
64,981,2280.1
64,982,2220.8
64,983,2211.7
64,984,4116.4
64,985,3260.0
64,986,2348.0
64,987,2228.7
64,988,2219.6
64,989,2384.3
64,990,2205.0
64,991,2208.1
64,992,2219.0
64,993,2269.2
64,994,3587.7
64,995,3294.5
64,996,3206.7
64,997,2302.5
64,998,2136.0
64,999,3166.7
64,1000,3212.2
64,1001,3230.9
64,1002,3204.9
64,1003,3192.8
64,1004,3212.8
64,1005,3206.1
64,1006,3081.4
64,1007,3204.9
64,1008,4034.0
64,1009,3199.5
64,1010,3320.0
64,1011,2260.8
64,1012,2183.8
64,1013,2301.3
64,1014,2247.4
64,1015,2181.4
64,1016,2223.8
64,1017,2126.3
64,1018,3306.0
64,1019,2913.0
64,1020,3288.5
64,1021,2949.9
64,1022,2886.4
64,1023,2885.1
64,1024,3243.1
64,1025,3144.9
64,1026,3584.6
64,1027,2962.1
64,1028,3108.0
64,1029,3195.8
64,1030,2870.0
64,1031,3232.2
64,1032,2918.4
64,1033,3164.9
64,1034,3230.9
64,1035,3828.7
64,1036,2854.9
64,1037,3244.3
64,1038,3096.5
64,1039,2871.2
64,1040,3105.6
64,1041,3149.2
64,1042,3194.0
64,1043,3161.9
64,1044,3811.1
64,1045,3197.6
64,1046,2289.8
64,1047,2348.0
64,1048,2185.7
64,1049,2217.1
64,1050,2211.1
64,1051,2109.3
64,1052,2166.9
64,1053,2312.8
64,1054,3169.8
64,1055,3305.4
64,1056,3191.6
64,1057,3269.7
64,1058,3173.4
64,1059,3115.3
64,1060,3172.8
64,1061,3177.7
64,1062,3505.9
64,1063,3224.9
64,1064,2301.9
64,1065,2271.7
64,1066,2217.1
64,1067,2217.1
64,1068,2174.8
64,1069,2172.9
64,1070,2148.7
64,1071,2208.7
64,1072,2956.6
64,1073,3205.5
64,1074,3257.6
64,1075,3229.1
64,1076,3227.9
64,1077,3024.4
64,1078,3275.2
64,1079,3021.4
64,1080,3816.0
64,1081,3160.1
64,1082,2231.1
64,1083,2304.4
64,1084,2274.1
64,1085,2326.8
64,1086,2324.9
64,1087,2280.1
64,1088,2203.2
64,1089,2265.0
64,1090,3257.0
64,1091,3000.8
64,1092,3226.1
64,1093,3049.3
64,1094,3134.7
64,1095,2842.7
64,1096,2867.0
64,1097,3123.1
64,1098,4157.5
64,1099,3538.0
64,1100,2484.2
64,1101,2240.8
64,1102,2269.2
64,1103,2136.0
64,1104,2152.3
64,1105,2235.3
64,1106,2168.7
64,1107,2367.3
64,1108,2140.8
64,1109,2973.0
64,1110,3183.1
64,1111,3209.7
64,1112,2872.4
64,1113,2896.0
64,1114,2876.7
64,1115,3232.2
64,1116,2928.7
64,1117,4198.1
64,1118,3859.0
64,1119,2265.6
64,1120,2186.9
64,1121,2157.2
64,1122,2318.3
64,1123,2217.1
64,1124,2130.5
64,1125,2217.1
64,1126,2157.8
64,1127,2195.3
64,1128,3243.1
64,1129,3225.5
64,1130,3278.2
64,1131,2985.7
64,1132,3220.6
64,1133,3003.2
64,1134,3152.2
64,1135,3137.1
64,1136,3915.9
64,1137,2868.2
64,1138,3250.3
64,1139,3099.5
64,1140,3110.4
64,1141,3177.0
64,1142,2997.8
64,1143,2939.0
64,1144,2916.6
64,1145,3812.3
64,1146,3258.2
64,1147,2260.1
64,1148,2281.3
64,1149,2332.8
64,1150,2146.3
64,1151,2241.4
64,1152,2124.5
64,1153,2133.6
64,1154,2198.4
64,1155,3594.9
64,1156,4112.1
64,1157,2358.9
64,1158,2231.7
64,1159,2159.6
64,1160,2254.7
64,1161,2215.3
64,1162,2198.4
64,1163,2170.5
64,1164,2146.3
64,1165,3016.6
64,1166,3758.4
64,1167,3857.8
64,1168,3193.4
64,1169,3258.8
64,1170,3284.2
64,1171,3252.1
64,1172,3143.7
64,1173,3178.9
64,1174,3238.2
64,1175,4093.9
64,1176,2853.0
64,1177,3289.1
64,1178,2361.3
64,1179,2268.6
64,1180,2269.8
64,1181,2306.8
64,1182,2173.5
64,1183,2225.0
64,1184,2304.4
64,1185,2449.1
64,1186,5372.4
64,1187,3614.3
64,1188,3802.0
64,1189,3846.9
64,1190,2504.8
64,1191,3507.7
64,1192,4404.0
64,1193,10749.6
64,1194,3209.1
64,1195,2937.2
64,1196,3200.1
64,1197,3214.0
64,1198,3112.9
64,1199,3178.3
64,1200,3209.1
64,1201,2884.5
64,1202,2968.1
64,1203,2369.2
64,1204,2276.5
64,1205,2202.0
64,1206,2168.1
64,1207,2128.1
64,1208,2142.1
64,1209,2160.2
64,1210,4019.5
64,1211,7450.2
64,1212,3106.8
64,1213,4528.2
64,1214,10219.7
64,1215,3024.4
64,1216,3196.4
64,1217,3153.4
64,1218,3273.9
64,1219,3149.8
64,1220,3148.0
64,1221,3229.7
64,1222,3105.0
64,1223,2999.0
64,1224,2290.4
64,1225,2179.6
64,1226,2199.6
64,1227,2146.9
64,1228,2160.8
64,1229,2199.6
64,1230,2161.4
64,1231,3977.7
64,1232,7149.9
64,1233,4997.5
64,1234,5265.2
64,1235,8743.8
64,1236,4414.3
64,1237,6962.1
64,1238,7460.5
64,1239,3289.1
64,1240,3087.4
64,1241,3203.7
64,1242,3214.6
64,1243,2185.7
64,1244,2146.3
64,1245,2313.4
64,1246,2324.9
64,1247,3118.3
64,1248,3163.1
64,1249,3142.5
64,1250,3153.4
64,1251,3246.1
64,1252,3123.1
64,1253,3223.1
64,1254,3101.3
64,1255,3150.4
64,1256,4157.5
64,1257,3007.5
64,1258,3062.0
64,1259,2186.9
64,1260,2344.9
64,1261,2271.0
64,1262,2282.6
64,1263,2182.0
64,1264,2191.7
64,1265,2251.1
64,1266,3906.8
64,1267,7372.1
64,1268,3157.7
64,1269,4815.8
64,1270,8034.1
64,1271,4398.0
64,1272,6286.3
64,1273,6580.6
64,1274,3371.4
64,1275,3254.0
64,1276,3129.2
64,1277,3377.5
64,1278,2199.0
64,1279,2307.4
64,1280,2214.7
64,1281,2206.9
64,1282,3187.3
64,1283,3143.7
64,1284,3104.4
64,1285,3290.3
64,1286,3158.9
64,1287,3240.0
64,1288,3124.4
64,1289,3146.2
64,1290,3148.0
64,1291,3826.3
64,1292,3831.1
64,1293,4153.9
64,1294,2969.3
64,1295,3344.8
64,1296,2180.8
64,1297,2215.3
64,1298,2269.2
64,1299,2320.7
64,1300,2228.7
64,1301,2240.2
64,1302,2171.7
64,1303,3281.2
64,1304,2956.6
64,1305,3152.8
64,1306,3293.3
64,1307,2918.4
64,1308,3239.4
64,1309,3218.8
64,1310,3146.2
64,1311,3840.8
64,1312,3194.0
64,1313,2293.5
64,1314,2182.6
64,1315,2301.9
64,1316,2209.3
64,1317,2259.5
64,1318,2305.6
64,1319,2200.8
64,1320,2207.5
64,1321,3808.1
64,1322,4130.3
64,1323,2228.0
64,1324,2146.9
64,1325,2220.2
64,1326,2218.4
64,1327,2183.8
64,1328,2133.0
64,1329,2162.6
64,1330,2154.8
64,1331,3194.6
64,1332,3877.7
64,1333,3195.2
64,1334,3068.0
64,1335,3227.9
64,1336,3191.6
64,1337,3250.3
64,1338,3168.6
64,1339,3482.3
64,1340,3875.3
64,1341,4143.6
64,1342,3269.1
64,1343,3002.0
64,1344,2290.4
64,1345,2257.1
64,1346,2292.9
64,1347,2272.9
64,1348,2174.8
64,1349,2236.5
64,1350,2141.4
64,1351,3326.6
64,1352,2895.4
64,1353,3206.7
64,1354,3014.1
64,1355,3194.0
64,1356,2861.5
64,1357,2983.2
64,1358,3122.5
64,1359,3554.3
64,1360,3129.8
64,1361,2337.1
64,1362,2225.0
64,1363,2245.6
64,1364,2135.4
64,1365,2208.1
64,1366,2118.4
64,1367,2209.9
64,1368,2134.2
64,1369,4160.0
64,1370,3258.2
64,1371,2123.9
64,1372,2187.5
64,1373,2224.4
64,1374,2166.9
64,1375,2197.2
64,1376,2193.5
64,1377,2256.5
64,1378,2235.9
64,1379,3915.3
64,1380,3550.1
64,1381,4193.9
64,1382,2237.7
64,1383,2155.4
64,1384,2169.9
64,1385,2337.7
64,1386,2249.2
64,1387,2215.9
64,1388,2185.7
64,1389,2219.0
64,1390,3028.1
64,1391,3865.0
64,1392,3201.3
64,1393,2991.1
64,1394,3198.8
64,1395,3292.1
64,1396,3198.2
64,1397,3280.6
64,1398,3297.6
64,1399,3980.1
64,1400,4307.1
64,1401,3398.7
64,1402,3250.3
64,1403,2348.6
64,1404,2291.0
64,1405,2451.5
64,1406,2300.1
64,1407,2343.7
64,1408,2397.6
64,1409,2323.1
64,1410,3258.8
64,1411,3436.2
64,1412,3373.9
64,1413,3295.1
64,1414,3215.8
64,1415,3371.4
64,1416,3427.2
64,1417,3156.5
64,1418,4307.1
64,1419,4240.5
64,1420,3322.4
64,1421,2324.3
64,1422,2453.3
64,1423,2333.4
64,1424,2380.7
64,1425,2412.2
64,1426,2335.8
64,1427,2418.8
64,1428,3007.5
64,1429,3266.7
64,1430,3237.6
64,1431,3282.4
64,1432,3240.6
64,1433,3220.0
64,1434,3275.8
64,1435,3226.7
64,1436,3218.2
64,1437,4389.5
64,1438,3141.9
64,1439,3450.8
64,1440,2366.7
64,1441,2337.1
64,1442,2349.8
64,1443,2331.6
64,1444,2283.8
64,1445,2424.3
64,1446,2316.5
64,1447,3220.0
64,1448,3412.6
64,1449,3189.2
64,1450,3261.8
64,1451,3379.9
64,1452,3361.8
64,1453,3430.8
64,1454,3370.2
64,1455,3734.8
64,1456,3379.9
64,1457,3373.3
64,1458,3419.3
64,1459,3168.0
64,1460,3120.1
64,1461,3387.8
64,1462,3272.1
64,1463,3341.2
64,1464,3885.0
64,1465,3388.4
64,1466,2403.7
64,1467,2369.8
64,1468,2493.3
64,1469,2350.4
64,1470,2377.6
64,1471,2404.3
64,1472,2300.7
64,1473,2340.1
64,1474,4029.7
64,1475,3965.6
64,1476,4103.6
64,1477,4068.5
64,1478,3481.1
64,1479,3485.9
64,1480,5839.3
64,1481,3716.0
64,1482,3373.9
64,1483,4506.4
64,1484,3216.4
64,1485,3427.8
64,1486,3153.4
64,1487,3453.2
64,1488,3224.9
64,1489,2455.2
64,1490,2422.5
64,1491,2401.9
64,1492,2260.8
64,1493,3321.2
64,1494,3032.9
64,1495,2967.5
64,1496,3307.9
64,1497,2962.1
64,1498,3323.6
64,1499,3276.4
64,1500,3232.8
64,1501,4344.1
64,1502,3948.6
64,1503,2556.9
64,1504,2361.9
64,1505,2478.2
64,1506,2417.6
64,1507,2265.6
64,1508,2464.8
64,1509,2337.1
64,1510,3464.7
64,1511,3401.1
64,1512,3495.0
64,1513,3390.2
64,1514,3503.5
64,1515,4338.6
64,1516,3462.3
64,1517,3298.8
64,1518,3174.0
64,1519,3502.9
64,1520,3475.0
64,1521,2536.3
64,1522,2630.8
64,1523,2473.3
64,1524,2449.1
64,1525,3257.6
64,1526,3503.5
64,1527,3111.0
64,1528,3216.4
64,1529,3452.6
64,1530,3473.2
64,1531,3230.3
64,1532,3192.8
64,1533,4346.5
64,1534,3663.4
64,1535,2275.3
64,1536,2437.0
64,1537,2369.2
64,1538,2416.4
64,1539,2348.0
64,1540,2425.5
64,1541,2369.8
64,1542,2999.6
64,1543,3374.5
64,1544,3053.5
64,1545,3017.8
64,1546,3283.0
64,1547,3271.5
64,1548,3253.4
64,1549,4090.3
64,1550,3230.9
64,1551,4311.4
64,1552,3431.4
64,1553,3220.6
64,1554,2478.2
64,1555,2390.4
64,1556,2361.9
64,1557,2394.6
64,1558,2403.1
64,1559,2337.7
64,1560,2357.7
64,1561,3217.6
64,1562,3399.3
64,1563,3354.5
64,1564,3283.6
64,1565,3475.6
64,1566,3422.9
64,1567,3366.0
64,1568,3395.7
64,1569,4146.6
64,1570,4032.2
64,1571,2320.1
64,1572,2354.0
64,1573,2378.8
64,1574,2369.8
64,1575,2265.0
64,1576,2228.0
64,1577,2149.9
64,1578,3103.8
64,1579,3239.4
64,1580,3019.0
64,1581,3074.1
64,1582,3094.7
64,1583,3267.3
64,1584,3154.6
64,1585,3201.3
64,1586,3192.2
64,1587,4156.3
64,1588,3273.9
64,1589,3312.7
64,1590,2295.9
64,1591,2227.4
64,1592,2228.0
64,1593,2128.7
64,1594,2292.9
64,1595,2242.6
64,1596,2212.3
64,1597,3039.0
64,1598,2887.0
64,1599,3265.5
64,1600,3224.3
64,1601,2986.9
64,1602,3298.2
64,1603,3099.5
64,1604,2839.7
64,1605,3869.9
64,1606,2891.8
64,1607,2912.4
64,1608,3227.9
64,1609,3088.0
64,1610,3152.2
64,1611,3226.7
64,1612,3194.0
64,1613,2900.3
64,1614,4169.0
64,1615,3849.9
64,1616,2383.7
64,1617,2298.3
64,1618,2260.8
64,1619,2239.6
64,1620,2165.1
64,1621,2247.4
64,1622,2261.4
64,1623,3209.7
64,1624,3301.8
64,1625,3154.6
64,1626,3258.8
64,1627,3206.1
64,1628,3181.9
64,1629,3211.6
64,1630,3180.7
64,1631,3245.5
64,1632,4119.4
64,1633,2934.8
64,1634,3246.7
64,1635,2204.4
64,1636,2205.0
64,1637,2247.4
64,1638,2185.1
64,1639,2286.2
64,1640,2169.3
64,1641,2136.0
64,1642,2893.0
64,1643,2961.4
64,1644,3008.7
64,1645,2946.3
64,1646,2857.3
64,1647,2905.1
64,1648,2913.0
64,1649,3277.0
64,1650,3875.9
64,1651,3121.3
64,1652,2316.5
64,1653,2283.8
64,1654,2252.9
64,1655,2163.2
64,1656,2178.4
64,1657,2238.3
64,1658,2192.3
64,1659,2165.1
64,1660,3543.4
64,1661,4160.6
64,1662,2202.0
64,1663,2153.0
64,1664,2133.0
64,1665,2163.2
64,1666,2218.4
64,1667,2194.1
64,1668,2173.5
64,1669,2215.9
64,1670,2983.9
64,1671,3516.2
64,1672,3873.5
64,1673,3821.4
64,1674,3261.8
64,1675,3174.0
64,1676,3259.4
64,1677,3165.5
64,1678,3118.9
64,1679,3136.5
64,1680,3111.6
64,1681,4120.0
64,1682,3229.7
64,1683,3212.8
64,1684,2197.8
64,1685,2283.2
64,1686,2158.4
64,1687,2247.4
64,1688,2169.9
64,1689,2112.4
64,1690,2191.7
64,1691,2979.0
64,1692,3003.8
64,1693,3274.5
64,1694,2922.1
64,1695,2882.1
64,1696,3168.6
64,1697,3220.6
64,1698,3191.0
64,1699,3830.5
64,1700,3152.8
64,1701,2314.0
64,1702,2231.1
64,1703,2339.5
64,1704,2197.8
64,1705,2175.4
64,1706,2132.4
64,1707,2161.4
64,1708,2184.4
64,1709,3933.5
64,1710,3842.0
64,1711,3870.5
64,1712,3245.5
64,1713,3155.2
64,1714,3171.6
64,1715,3197.0
64,1716,3136.5
64,1717,3189.2
64,1718,3246.1
64,1719,4144.8
64,1720,3324.2
64,1721,3232.8
64,1722,2318.9
64,1723,2217.8
64,1724,2209.3
64,1725,2180.2
64,1726,2155.4
64,1727,2225.6
64,1728,2202.0
64,1729,3140.7
64,1730,3268.5
64,1731,3279.4
64,1732,3198.8
64,1733,3172.2
64,1734,2847.6
64,1735,3152.2
64,1736,3161.9
64,1737,4217.5
64,1738,3542.8
64,1739,2222.0
64,1740,2266.8
64,1741,2291.6
64,1742,2226.8
64,1743,2231.7
64,1744,2225.0
64,1745,2166.9
64,1746,3006.3
64,1747,3086.2
64,1748,3052.3
64,1749,3202.5
64,1750,3204.3
64,1751,3150.4
64,1752,3114.1
64,1753,3251.5
64,1754,3199.5
64,1755,4129.7
64,1756,3263.0
64,1757,3253.4
64,1758,2227.4
64,1759,2288.0
64,1760,2241.4
64,1761,2232.3
64,1762,2222.6
64,1763,2158.4
64,1764,2199.0
64,1765,2271.7
64,1766,3143.7
64,1767,3169.8
64,1768,2981.4
64,1769,2996.0
64,1770,3183.7
64,1771,3140.7
64,1772,3113.5
64,1773,3279.4
64,1774,3123.8
64,1775,4114.5
64,1776,2863.3
64,1777,3311.5
64,1778,2307.4
64,1779,2438.2
64,1780,2206.2
64,1781,2317.1
64,1782,2123.3
64,1783,2176.0
64,1784,2118.4
64,1785,3214.0
64,1786,2924.5
64,1787,2892.4
64,1788,3201.3
64,1789,2935.4
64,1790,2862.1
64,1791,3230.9
64,1792,3124.4
64,1793,3545.3
64,1794,3257.0
64,1795,2249.2
64,1796,3687.0
64,1797,2206.2
64,1798,2203.2
64,1799,2278.3
64,1800,2186.9
64,1801,2240.2
64,1802,2133.6
64,1803,3883.8
64,1804,3840.8
64,1805,4184.8
64,1806,2218.4
64,1807,2167.5
64,1808,2188.1
64,1809,2117.8
64,1810,2246.2
64,1811,2283.8
64,1812,2194.7
64,1813,2216.5
64,1814,3052.3
64,1815,3174.0
64,1816,3184.9
64,1817,3019.0
64,1818,3164.3
64,1819,3144.9
64,1820,3893.5
64,1821,4190.8
64,1822,3234.0
64,1823,3271.5
64,1824,2245.0
64,1825,2365.5
64,1826,2247.4
64,1827,2338.3
64,1828,2163.9
64,1829,2449.1
64,1830,2155.4
64,1831,3273.3
64,1832,3216.4
64,1833,3232.8
64,1834,3231.6
64,1835,3118.3
64,1836,3141.3
64,1837,3270.3
64,1838,3153.4
64,1839,3826.3
64,1840,2862.1
64,1841,3119.5
64,1842,3223.1
64,1843,3127.4
64,1844,3135.9
64,1845,3214.0
64,1846,3187.3
64,1847,3083.8
64,1848,3851.7
64,1849,3151.6
64,1850,2421.8
64,1851,2261.4
64,1852,2193.5
64,1853,2287.4
64,1854,2222.6
64,1855,2173.5
64,1856,2178.4
64,1857,2184.4
64,1858,3955.3
64,1859,3825.7
64,1860,3207.9
64,1861,3026.2
64,1862,3140.1
64,1863,3224.9
64,1864,3131.0
64,1865,3133.4
64,1866,3229.7
64,1867,4133.3
64,1868,2968.1
64,1869,2985.7
64,1870,2165.7
64,1871,2288.6
64,1872,2188.1
64,1873,2182.6
64,1874,2194.7
64,1875,2221.4
64,1876,2122.7
64,1877,3304.8
64,1878,3165.5
64,1879,2897.3
64,1880,3002.0
64,1881,3144.3
64,1882,2876.1
64,1883,3241.2
64,1884,3159.5
64,1885,3551.9
64,1886,3132.2
64,1887,2251.1
64,1888,2212.9
64,1889,2218.4
64,1890,2323.7
64,1891,2219.6
64,1892,2167.5
64,1893,2231.1
64,1894,2201.4
64,1895,4148.4
64,1896,2945.7
64,1897,2203.8
64,1898,2232.9
64,1899,2159.0
64,1900,2117.8
64,1901,2197.2
64,1902,2133.6
64,1903,2179.0
64,1904,2146.3
64,1905,4184.8
64,1906,2922.7
64,1907,2182.0
64,1908,2137.8
64,1909,2202.6
64,1910,2110.6
64,1911,2174.2
64,1912,2216.5
64,1913,2172.3
64,1914,2189.9
64,1915,3908.6
64,1916,3872.3
64,1917,3206.1
64,1918,3114.7
64,1919,3141.9
64,1920,3132.2
64,1921,3143.7
64,1922,3174.6
64,1923,3178.9
64,1924,3885.6
64,1925,4176.3
64,1926,3270.3
64,1927,2961.4
64,1928,2313.4
64,1929,2296.5
64,1930,2276.5
64,1931,2191.1
64,1932,2212.9
64,1933,2230.5
64,1934,2153.6
64,1935,3174.6
64,1936,3286.7
64,1937,3000.2
64,1938,2951.2
64,1939,3124.4
64,1940,2859.1
64,1941,3303.6
64,1942,3181.9
64,1943,3551.3
64,1944,3138.9
64,1945,2206.2
64,1946,2249.2
64,1947,2251.1
64,1948,2280.7
64,1949,2276.5
64,1950,2114.2
64,1951,2159.6
64,1952,2211.7
64,1953,4126.6
64,1954,3269.1
64,1955,2134.8
64,1956,2200.8
64,1957,2177.2
64,1958,2174.8
64,1959,2272.3
64,1960,2297.1
64,1961,2157.2
64,1962,2244.4
64,1963,4111.5
64,1964,3249.1
64,1965,2182.6
64,1966,2169.9
64,1967,2240.8
64,1968,2252.3
64,1969,2185.1
64,1970,2331.0
64,1971,2208.1
64,1972,2153.0
64,1973,4194.5
64,1974,3235.8
64,1975,2134.2
64,1976,2153.6
64,1977,2120.3
64,1978,2259.5
64,1979,2176.6
64,1980,2159.0
64,1981,2228.7
64,1982,2241.4
64,1983,3883.8
64,1984,3903.2
64,1985,3210.4
64,1986,3052.9
64,1987,3149.8
64,1988,3263.6
64,1989,3171.6
64,1990,3131.0
64,1991,3230.3
64,1992,3839.0
64,1993,4158.7
64,1994,3264.3
64,1995,2979.6
64,1996,2288.6
64,1997,2377.0
64,1998,2357.7
64,1999,2355.8
256,0,2269.8
256,1,2237.1
256,2,2997.2
256,3,2989.3
256,4,3216.4
256,5,3300.0
256,6,3232.2
256,7,3206.1
256,8,3234.0
256,9,3253.4
256,10,4216.9
256,11,3946.8
256,12,2365.5
256,13,2296.5
256,14,2320.7
256,15,2317.1
256,16,2351.6
256,17,2388.5
256,18,2216.5
256,19,3237.6
256,20,3264.9
256,21,3147.4
256,22,3203.1
256,23,3180.1
256,24,3187.9
256,25,3247.9
256,26,3219.4
256,27,3209.1
256,28,4171.5
256,29,3077.7
256,30,3363.0
256,31,2320.1
256,32,2242.0
256,33,2337.7
256,34,2245.0
256,35,2213.5
256,36,2205.6
256,37,2230.5
256,38,3362.4
256,39,3010.5
256,40,3269.1
256,41,3316.3
256,42,3218.8
256,43,2923.9
256,44,2920.3
256,45,2871.8
256,46,3648.2
256,47,2871.8
256,48,2874.2
256,49,3272.1
256,50,3225.5
256,51,3218.2
256,52,3254.0
256,53,3225.5
256,54,3204.9
256,55,4141.2
256,56,3580.4
256,57,2408.5
256,58,2282.6
256,59,2242.0
256,60,2265.6
256,61,2225.0
256,62,2217.8
256,63,2220.2
256,64,3043.2
256,65,3310.9
256,66,3168.6
256,67,3264.9
256,68,3146.2
256,69,3157.1
256,70,3204.3
256,71,3227.3
256,72,3304.2
256,73,4252.0
256,74,2991.7
256,75,3316.3
256,76,2358.9
256,77,2285.6
256,78,2242.6
256,79,2209.9
256,80,2188.1
256,81,2278.3
256,82,2242.6
256,83,3025.6
256,84,3281.2
256,85,2968.7
256,86,3300.0
256,87,2914.8
256,88,3235.8
256,89,3077.7
256,90,3209.1
256,91,4186.0
256,92,3879.6
256,93,2414.0
256,94,2280.1
256,95,2252.3
256,96,2250.5
256,97,2326.8
256,98,2166.9
256,99,2176.6
256,100,3211.6
256,101,3219.4
256,102,3284.8
256,103,3283.6
256,104,5667.9
256,105,3265.5
256,106,3217.0
256,107,3350.3
256,108,3275.8
256,109,3989.2
256,110,4204.2
256,111,3278.2
256,112,3355.7
256,113,2375.8
256,114,2329.8
256,115,2278.3
256,116,2214.1
256,117,2367.3
256,118,2280.1
256,119,2336.5
256,120,2974.8
256,121,3080.8
256,122,3240.0
256,123,3222.5
256,124,3203.1
256,125,3260.6
256,126,3433.8
256,127,3227.3
256,128,3827.5
256,129,3576.1
256,130,2456.4
256,131,2332.2
256,132,2414.6
256,133,2435.8
256,134,2374.6
256,135,2383.7
256,136,2352.8
256,137,2501.2
256,138,3743.9
256,139,4429.5
256,140,2484.8
256,141,2424.3
256,142,2380.7
256,143,2363.1
256,144,2348.0
256,145,2423.7
256,146,2355.8
256,147,2444.9
256,148,3038.4
256,149,3770.5
256,150,4090.3
256,151,4081.2
256,152,2513.3
256,153,2504.2
256,154,2346.7
256,155,2421.8
256,156,2479.4
256,157,2374.0
256,158,2447.3
256,159,2443.6
256,160,3112.2
256,161,3885.6
256,162,4040.6
256,163,3244.9
256,164,3295.7
256,165,3383.0
256,166,3297.0
256,167,3261.2
256,168,3269.7
256,169,3326.0
256,170,4055.2
256,171,4341.0
256,172,3146.8
256,173,3463.5
256,174,2543.6
256,175,2483.0
256,176,2374.0
256,177,2421.2
256,178,2394.0
256,179,2397.0
256,180,2376.4
256,181,3498.0
256,182,3214.6
256,183,3344.8
256,184,3499.2
256,185,3246.1
256,186,3413.2
256,187,3156.5
256,188,3154.6
256,189,4061.8
256,190,4120.6
256,191,4052.8
256,192,2438.2
256,193,2571.4
256,194,2458.2
256,195,2421.8
256,196,2377.6
256,197,2432.7
256,198,2431.5
256,199,3060.2
256,200,3336.9
256,201,3447.8
256,202,3290.9
256,203,3298.2
256,204,3291.5
256,205,3250.9
256,206,3262.4
256,207,3271.5
256,208,3866.8
256,209,3899.5
256,210,4170.9
256,211,3044.4
256,212,3332.1
256,213,2272.3
256,214,2285.6
256,215,2322.5
256,216,2300.7
256,217,2231.7
256,218,2210.5
256,219,2295.3
256,220,3008.1
256,221,2942.1
256,222,3294.5
256,223,3261.2
256,224,3296.4
256,225,3383.0
256,226,3154.0
256,227,3277.0
256,228,4039.4
256,229,4321.7
256,230,3098.3
256,231,2383.7
256,232,2309.8
256,233,2649.6
256,234,2375.8
256,235,2452.1
256,236,2478.8
256,237,2359.5
256,238,3358.1
256,239,3335.1
256,240,3280.0
256,241,3510.1
256,242,3269.7
256,243,3304.8
256,244,3332.1
256,245,3263.0
256,246,3347.2
256,247,4177.5
256,248,3413.8
256,249,3122.5
256,250,2334.6
256,251,2297.1
256,252,2291.0
256,253,2199.6
256,254,2227.4
256,255,2242.6
256,256,2223.8
256,257,3018.4
256,258,3297.6
256,259,3264.9
256,260,3249.7
256,261,3160.7
256,262,2910.6
256,263,3175.2
256,264,3243.1
256,265,4232.6
256,266,4171.5
256,267,3167.4
256,268,2210.5
256,269,2427.3
256,270,2363.1
256,271,2254.1
256,272,2196.0
256,273,2244.4
256,274,2236.5
256,275,3297.6
256,276,3303.0
256,277,3316.9
256,278,3252.1
256,279,3103.8
256,280,3244.9
256,281,3268.5
256,282,3147.4
256,283,3195.2
256,284,4189.6
256,285,3052.9
256,286,2957.8
256,287,2512.1
256,288,2357.0
256,289,2320.7
256,290,2178.4
256,291,2261.4
256,292,2230.5
256,293,2238.3
256,294,3251.5
256,295,3260.0
256,296,2930.0
256,297,3048.7
256,298,2954.8
256,299,2951.8
256,300,3203.7
256,301,2879.1
256,302,3938.9
256,303,3262.4
256,304,2274.7
256,305,2351.6
256,306,2214.7
256,307,2254.7
256,308,2185.1
256,309,2389.7
256,310,2268.0
256,311,2285.0
256,312,3881.4
256,313,3644.0
256,314,3195.8
256,315,3186.7
256,316,3324.8
256,317,3170.4
256,318,3324.8
256,319,3182.5
256,320,3173.4
256,321,3951.6
256,322,4170.9
256,323,3270.3
256,324,3028.7
256,325,2371.6
256,326,2379.5
256,327,2337.7
256,328,2283.2
256,329,2379.5
256,330,2223.2
256,331,2286.2
256,332,3241.2
256,333,3012.9
256,334,3337.5
256,335,3407.2
256,336,2864.5
256,337,3399.9
256,338,2909.4
256,339,3176.4
256,340,4153.9
256,341,3881.4
256,342,2487.9
256,343,2294.1
256,344,2304.4
256,345,2332.8
256,346,2168.7
256,347,2239.6
256,348,2173.5
256,349,3260.0
256,350,3254.6
256,351,3330.9
256,352,3172.8
256,353,3215.8
256,354,3168.6
256,355,3222.5
256,356,3295.7
256,357,3263.0
256,358,4227.8
256,359,2913.0
256,360,3195.2
256,361,2381.9
256,362,2212.3
256,363,2344.3
256,364,2205.0
256,365,2183.8
256,366,2305.0
256,367,2182.0
256,368,2203.2
256,369,3049.3
256,370,3247.3
256,371,3247.9
256,372,3282.4
256,373,3174.0
256,374,3230.9
256,375,3222.5
256,376,3161.3
256,377,3213.4
256,378,4123.6
256,379,3285.4
256,380,3052.9
256,381,2238.3
256,382,2343.7
256,383,2200.2
256,384,2260.8
256,385,2244.4
256,386,2145.7
256,387,2186.9
256,388,3220.0
256,389,3258.8
256,390,2985.1
256,391,3242.5
256,392,3246.7
256,393,3229.7
256,394,3270.9
256,395,2887.6
256,396,3874.1
256,397,3257.6
256,398,2382.5
256,399,2301.9
256,400,2422.5
256,401,2314.0
256,402,2263.2
256,403,2269.8
256,404,2205.0
256,405,2226.8
256,406,3885.0
256,407,3600.4
256,408,3549.5
256,409,3616.1
256,410,4138.8
256,411,2358.9
256,412,2245.0
256,413,2229.9
256,414,2219.6
256,415,2294.7
256,416,2220.8
256,417,2207.5
256,418,2219.6
256,419,4429.5
256,420,3762.7
256,421,4527.6
256,422,3695.4
256,423,8661.5
256,424,3096.5
256,425,4675.3
256,426,9566.9
256,427,4592.4
256,428,11413.4
256,429,4606.3
256,430,8104.9
256,431,3951.0
256,432,3346.0
256,433,3055.3
256,434,3171.6
256,435,2876.7
256,436,3589.5
256,437,3284.2
256,438,2334.0
256,439,2250.5
256,440,2184.4
256,441,2245.6
256,442,2192.3
256,443,2242.0
256,444,2234.7
256,445,2268.6
256,446,4474.9
256,447,3504.1
256,448,3346.0
256,449,3815.4
256,450,3716.6
256,451,4182.4
256,452,8199.4
256,453,4634.8
256,454,6798.6
256,455,6213.0
256,456,3418.1
256,457,3347.2
256,458,3261.8
256,459,2336.5
256,460,2455.2
256,461,2291.0
256,462,2260.8
256,463,2258.3
256,464,3725.1
256,465,6429.2
256,466,3681.5
256,467,4712.3
256,468,8392.6
256,469,4442.2
256,470,5269.4
256,471,9033.9
256,472,3452.0
256,473,3015.3
256,474,2900.9
256,475,3209.7
256,476,3264.3
256,477,2280.7
256,478,2424.3
256,479,2279.5
256,480,2326.2
256,481,4196.3
256,482,7750.6
256,483,3672.4
256,484,4606.3
256,485,10402.6
256,486,3350.3
256,487,3264.9
256,488,3287.9
256,489,3312.7
256,490,3138.9
256,491,3293.9
256,492,4193.3
256,493,4172.7
256,494,2364.3
256,495,2298.3
256,496,2225.0
256,497,2295.3
256,498,2201.4
256,499,2185.1
256,500,2250.5
256,501,2175.4
256,502,3445.3
256,503,14649.2
256,504,2456.4
256,505,2308.6
256,506,2334.6
256,507,2341.9
256,508,2209.3
256,509,2364.3
256,510,2272.9
256,511,2221.4
256,512,3485.9
256,513,14826.0
256,514,2438.8
256,515,2218.4
256,516,194852.9
256,517,3057.7
256,518,2998.4
256,519,3005.1
256,520,4174.5
256,521,4269.6
256,522,3223.1
256,523,3272.1
256,524,3877.1
256,525,2397.0
256,526,2249.2
256,527,2215.9
256,528,2208.1
256,529,2258.3
256,530,2245.6
256,531,2213.5
256,532,3174.6
256,533,3250.9
256,534,3227.9
256,535,3320.0
256,536,3269.1
256,537,3281.8
256,538,3135.9
256,539,3197.6
256,540,3201.3
256,541,3919.5
256,542,4229.6
256,543,3032.3
256,544,2995.4
256,545,2401.9
256,546,2423.7
256,547,2196.0
256,548,2285.6
256,549,2398.8
256,550,2249.2
256,551,2280.7
256,552,3321.2
256,553,3327.2
256,554,2986.9
256,555,3065.0
256,556,2969.3
256,557,2956.0
256,558,2903.9
256,559,3252.7
256,560,3866.8
256,561,3275.8
256,562,3159.5
256,563,3273.3
256,564,3263.0
256,565,2907.5
256,566,3211.6
256,567,3211.0
256,568,3247.9
256,569,4242.9
256,570,3865.6
256,571,2389.7
256,572,2275.9
256,573,2308.6
256,574,2239.0
256,575,2215.3
256,576,2194.7
256,577,2294.7
256,578,3175.8
256,579,3249.1
256,580,3154.0
256,581,3253.4
256,582,3209.7
256,583,3261.2
256,584,3290.9
256,585,3256.4
256,586,3241.2
256,587,3901.4
256,588,3930.4
256,589,4344.7
256,590,3355.7
256,591,3083.2
256,592,2237.7
256,593,2294.1
256,594,2213.5
256,595,2246.2
256,596,2216.5
256,597,2244.4
256,598,2255.3
256,599,3316.9
256,600,3005.7
256,601,3292.1
256,602,2965.1
256,603,3184.9
256,604,2951.2
256,605,3239.4
256,606,3203.1
256,607,4278.7
256,608,3594.9
256,609,2336.5
256,610,2239.0
256,611,2241.4
256,612,2263.8
256,613,2185.1
256,614,2226.8
256,615,2204.4
256,616,3438.7
256,617,3285.4
256,618,3088.6
256,619,3073.5
256,620,3258.2
256,621,3268.5
256,622,3296.4
256,623,3281.8
256,624,4212.0
256,625,3077.7
256,626,2994.2
256,627,2380.7
256,628,2220.2
256,629,2314.7
256,630,2314.7
256,631,2233.5
256,632,2232.9
256,633,2268.0
256,634,2936.6
256,635,3278.8
256,636,2935.4
256,637,3082.6
256,638,3280.6
256,639,3626.4
256,640,3731.8
256,641,2707.1
256,642,2562.3
256,643,2604.7
256,644,2526.0
256,645,2466.7
256,646,2428.5
256,647,2392.8
256,648,2434.0
256,649,4410.1
256,650,3363.0
256,651,4069.7
256,652,4007.9
256,653,5068.4
256,654,8640.9
256,655,5457.8
256,656,9117.5
256,657,3208.5
256,658,3356.3
256,659,3269.1
256,660,3297.6
256,661,3360.5
256,662,3473.2
256,663,3104.4
256,664,3401.1
256,665,2475.7
256,666,2386.7
256,667,2419.4
256,668,2412.2
256,669,2396.4
256,670,2407.9
256,671,2412.8
256,672,3876.5
256,673,7277.0
256,674,3071.7
256,675,6229.9
256,676,7448.4
256,677,4704.4
256,678,8472.5
256,679,3415.7
256,680,3378.1
256,681,3314.5
256,682,2389.1
256,683,2469.1
256,684,2357.0
256,685,2496.9
256,686,3374.5
256,687,3283.6
256,688,3263.6
256,689,3362.4
256,690,3309.7
256,691,3363.0
256,692,3333.3
256,693,3284.2
256,694,3268.5
256,695,4108.5
256,696,4056.4
256,697,4037.0
256,698,3129.8
256,699,3134.0
256,700,3192.2
256,701,3195.2
256,702,3227.9
256,703,3290.9
256,704,3187.9
256,705,3222.5
256,706,4145.4
256,707,3030.5
256,708,3268.5
256,709,2344.3
256,710,2383.7
256,711,2369.8
256,712,2251.1
256,713,2312.2
256,714,2235.3
256,715,2231.1
256,716,4113.3
256,717,7403.6
256,718,3338.1
256,719,4966.0
256,720,9289.5
256,721,4096.4
256,722,4163.0
256,723,3273.3
256,724,3194.0
256,725,3203.7
256,726,3298.8
256,727,3202.5
256,728,2250.5
256,729,2398.2
256,730,2311.0
256,731,3281.2
256,732,3170.4
256,733,3261.2
256,734,3340.0
256,735,3201.9
256,736,3253.4
256,737,3225.5
256,738,3185.5
256,739,3163.1
256,740,4191.4
256,741,3077.1
256,742,3376.9
256,743,2286.8
256,744,2214.7
256,745,2282.6
256,746,2181.4
256,747,2290.4
256,748,2222.6
256,749,2229.9
256,750,4133.3
256,751,7882.7
256,752,2830.6
256,753,5327.0
256,754,9921.2
256,755,3187.3
256,756,3271.5
256,757,3200.7
256,758,3316.9
256,759,3880.2
256,760,4149.1
256,761,4224.1
256,762,4082.4
256,763,3247.3
256,764,3306.0
256,765,2294.7
256,766,2363.7
256,767,2201.4
256,768,2168.7
256,769,2220.8
256,770,2205.6
256,771,2255.9
256,772,3917.7
256,773,7841.5
256,774,2951.2
256,775,4740.1
256,776,10162.2
256,777,3018.4
256,778,3263.6
256,779,3249.1
256,780,3229.7
256,781,4167.2
256,782,4175.1
256,783,3888.0
256,784,3824.4
256,785,3290.3
256,786,2989.9
256,787,2328.0
256,788,2343.7
256,789,2230.5
256,790,2343.1
256,791,2340.1
256,792,2235.3
256,793,2310.4
256,794,2932.4
256,795,3040.2
256,796,3048.7
256,797,3003.8
256,798,3204.3
256,799,3221.9
256,800,3339.3
256,801,3204.9
256,802,3583.4
256,803,3247.9
256,804,2319.5
256,805,2367.9
256,806,2285.6
256,807,2273.5
256,808,2206.2
256,809,2335.8
256,810,2320.7
256,811,2297.7
256,812,3924.4
256,813,4152.7
256,814,2286.2
256,815,2219.0
256,816,2200.8
256,817,2254.1
256,818,2218.4
256,819,2240.2
256,820,2346.7
256,821,2226.8
256,822,3185.5
256,823,4164.8
256,824,2280.7
256,825,2340.7
256,826,2263.8
256,827,2331.0
256,828,2273.5
256,829,2297.1
256,830,2219.6
256,831,2223.8
256,832,3018.4
256,833,3952.2
256,834,3263.0
256,835,3289.1
256,836,3275.2
256,837,3233.4
256,838,3180.7
256,839,3199.5
256,840,3177.0
256,841,3941.9
256,842,3812.9
256,843,4129.7
256,844,2969.9
256,845,3311.5
256,846,2298.3
256,847,2346.1
256,848,2263.2
256,849,2294.1
256,850,2219.6
256,851,2219.0
256,852,2280.7
256,853,3299.4
256,854,3286.7
256,855,3264.3
256,856,2971.1
256,857,3246.1
256,858,2907.5
256,859,3206.1
256,860,3175.8
256,861,4140.6
256,862,3941.3
256,863,2383.7
256,864,2361.3
256,865,2360.1
256,866,2277.7
256,867,2233.5
256,868,2165.7
256,869,2226.8
256,870,3062.0
256,871,3320.6
256,872,3326.0
256,873,3210.4
256,874,3275.8
256,875,3143.7
256,876,3155.8
256,877,3304.2
256,878,3186.1
256,879,3869.3
256,880,3871.1
256,881,4207.8
256,882,3287.3
256,883,2968.1
256,884,2355.2
256,885,2433.4
256,886,2296.5
256,887,2280.1
256,888,2248.0
256,889,2377.0
256,890,2268.6
256,891,2971.1
256,892,3227.9
256,893,3284.2
256,894,3287.3
256,895,3214.0
256,896,2856.7
256,897,3215.2
256,898,2852.4
256,899,3929.8
256,900,3232.8
256,901,2372.2
256,902,2340.1
256,903,2303.8
256,904,2363.7
256,905,2292.2
256,906,2268.6
256,907,2229.3
256,908,2282.6
256,909,3902.6
256,910,3656.1
256,911,3888.0
256,912,3207.9
256,913,3355.1
256,914,3349.0
256,915,3175.8
256,916,3244.3
256,917,5844.2
256,918,13556.0
256,919,8259.3
256,920,11065.8
256,921,18509.3
256,922,4845.5
256,923,3992.8
256,924,4077.0
256,925,3949.8
256,926,4081.2
256,927,4201.1
256,928,4130.3
256,929,4146.6
256,930,3316.9
256,931,3274.5
256,932,2449.7
256,933,2404.9
256,934,2251.7
256,935,2277.7
256,936,2248.6
256,937,2323.1
256,938,2327.4
256,939,3353.3
256,940,3336.9
256,941,3292.1
256,942,3343.0
256,943,2969.9
256,944,3225.5
256,945,3247.9
256,946,3243.7
256,947,3871.1
256,948,3258.2
256,949,2288.6
256,950,2376.4
256,951,2312.2
256,952,2266.2
256,953,2309.8
256,954,2225.0
256,955,2312.2
256,956,2169.3
256,957,4199.3
256,958,3264.3
256,959,2182.6
256,960,2262.0
256,961,2311.0
256,962,2364.9
256,963,2222.6
256,964,2181.4
256,965,2228.0
256,966,2312.2
256,967,3857.1
256,968,3606.4
256,969,3218.2
256,970,3154.0
256,971,3206.1
256,972,3203.1
256,973,3208.5
256,974,3349.6
256,975,3242.5
256,976,4154.5
256,977,3377.5
256,978,3274.5
256,979,2280.7
256,980,2275.3
256,981,2268.6
256,982,2296.5
256,983,2244.4
256,984,2231.7
256,985,2410.9
256,986,2977.2
256,987,3004.4
256,988,2989.3
256,989,3219.4
256,990,61146.3
256,991,3614.3
256,992,3805.1
256,993,3928.6
256,994,4144.8
256,995,4122.4
256,996,4146.6
256,997,4106.1
256,998,4118.8
256,999,2392.2
256,1000,3289.7
256,1001,2462.4
256,1002,2278.3
256,1003,2454.5
256,1004,2301.9
256,1005,2252.3
256,1006,2332.2
256,1007,2239.0
256,1008,3338.7
256,1009,3411.4
256,1010,2979.0
256,1011,3009.3
256,1012,2969.3
256,1013,3152.2
256,1014,3207.3
256,1015,3255.2
256,1016,3952.2
256,1017,3216.4
256,1018,2362.5
256,1019,2250.5
256,1020,2225.0
256,1021,2296.5
256,1022,2237.1
256,1023,2275.3
256,1024,2229.3
256,1025,2374.6
256,1026,3860.8
256,1027,3672.4
256,1028,4140.6
256,1029,2349.2
256,1030,2209.3
256,1031,2272.9
256,1032,2255.3
256,1033,2373.4
256,1034,2252.9
256,1035,2258.3
256,1036,2303.1
256,1037,3212.8
256,1038,3879.0
256,1039,3319.4
256,1040,3266.1
256,1041,3308.5
256,1042,3148.0
256,1043,3310.9
256,1044,3194.6
256,1045,3180.7
256,1046,3916.5
256,1047,3864.4
256,1048,4126.6
256,1049,3277.0
256,1050,2980.2
256,1051,2285.6
256,1052,2264.4
256,1053,2263.8
256,1054,2344.9
256,1055,2370.4
256,1056,2176.6
256,1057,2625.3
256,1058,3234.0
256,1059,3185.5
256,1060,3235.8
256,1061,3060.8
256,1062,3204.9
256,1063,3151.0
256,1064,2905.1
256,1065,3230.9
256,1066,3810.5
256,1067,3141.3
256,1068,2312.2
256,1069,2271.7
256,1070,2395.2
256,1071,2304.4
256,1072,2146.3
256,1073,2242.0
256,1074,2225.6
256,1075,2311.0
256,1076,3620.4
256,1077,3611.3
256,1078,3935.9
256,1079,3597.3
256,1080,3861.4
256,1081,4183.0
256,1082,3390.2
256,1083,3416.3
256,1084,3262.4
256,1085,3324.2
256,1086,3314.5
256,1087,3160.7
256,1088,4171.5
256,1089,3277.0
256,1090,3676.1
256,1091,3323.6
256,1092,2354.6
256,1093,2163.9
256,1094,2169.3
256,1095,2161.4
256,1096,2165.7
256,1097,2229.9
256,1098,3254.6
256,1099,2956.6
256,1100,3239.4
256,1101,3004.4
256,1102,2990.5
256,1103,3141.9
256,1104,2983.9
256,1105,3199.5
256,1106,4151.5
256,1107,3911.7
256,1108,2305.6
256,1109,2220.2
256,1110,2412.8
256,1111,2357.7
256,1112,2215.3
256,1113,2451.5
256,1114,2405.5
256,1115,3407.8
256,1116,3545.9
256,1117,3435.6
256,1118,3507.1
256,1119,3441.1
256,1120,4058.2
256,1121,4428.8
256,1122,3131.6
256,1123,3355.7
256,1124,3072.3
256,1125,2477.6
256,1126,2380.1
256,1127,2446.1
256,1128,2421.8
256,1129,2450.3
256,1130,2370.4
256,1131,2389.1
256,1132,2398.8
256,1133,3484.1
256,1134,3458.0
256,1135,3524.1
256,1136,3461.1
256,1137,3508.3
256,1138,3610.7
256,1139,4230.2
256,1140,4179.3
256,1141,4268.4
256,1142,4554.2
256,1143,3558.6
256,1144,3560.4
256,1145,3363.0
256,1146,2696.2
256,1147,2485.4
256,1148,2443.6
256,1149,2431.5
256,1150,2455.2
256,1151,2463.0
256,1152,2408.5
256,1153,2455.8
256,1154,3523.5
256,1155,3590.7
256,1156,3530.1
256,1157,3450.2
256,1158,3613.1
256,1159,3461.7
256,1160,4548.8
256,1161,3339.3
256,1162,3560.4
256,1163,3611.9
256,1164,3601.0
256,1165,2549.6
256,1166,2543.0
256,1167,2434.0
256,1168,2503.6
256,1169,2571.4
256,1170,3244.9
256,1171,3553.7
256,1172,3513.8
256,1173,3281.8
256,1174,3224.9
256,1175,2467.9
256,1176,2593.8
256,1177,2613.8
256,1178,2496.9
256,1179,2399.4
256,1180,2414.0
256,1181,2433.4
256,1182,2451.5
256,1183,3538.0
256,1184,3558.6
256,1185,3578.0
256,1186,3546.5
256,1187,3608.2
256,1188,3398.7
256,1189,3932.9
256,1190,4221.7
256,1191,3277.6
256,1192,3341.2
256,1193,3349.6
256,1194,2991.7
256,1195,2278.3
256,1196,2380.7
256,1197,2314.7
256,1198,2186.9
256,1199,2098.4
256,1200,5142.9
256,1201,4384.6
256,1202,4335.6
256,1203,2319.5
256,1204,4705.0
256,1205,3672.4
256,1206,4524.5
256,1207,6744.1
256,1208,7726.4
256,1209,3383.6
256,1210,3307.9
256,1211,3389.0
256,1212,2324.3
256,1213,3568.9
256,1214,3222.5
256,1215,3152.8
256,1216,2364.3
256,1217,2528.4
256,1218,2347.4
256,1219,2242.6
256,1220,2255.9
256,1221,4044.9
256,1222,7625.9
256,1223,3864.4
256,1224,4813.4
256,1225,9189.6
256,1226,3421.7
256,1227,3395.7
256,1228,3372.7
256,1229,3344.2
256,1230,3325.4
256,1231,3341.8
256,1232,3064.4
256,1233,2406.7
256,1234,2194.7
256,1235,2144.5
256,1236,2097.2
256,1237,2043.9
256,1238,2187.5
256,1239,2209.9
256,1240,3820.2
256,1241,7259.5
256,1242,4906.1
256,1243,4454.9
256,1244,9852.7
256,1245,3150.4
256,1246,3151.0
256,1247,3160.7
256,1248,3100.1
256,1249,3103.2
256,1250,3111.0
256,1251,2206.2
256,1252,2258.9
256,1253,3182.5
256,1254,3151.0
256,1255,3077.1
256,1256,3105.6
256,1257,3080.1
256,1258,3047.4
256,1259,3113.5
256,1260,3071.7
256,1261,3050.5
256,1262,4093.9
256,1263,3243.1
256,1264,3103.8
256,1265,2248.0
256,1266,2214.7
256,1267,2206.9
256,1268,2189.9
256,1269,2172.9
256,1270,2234.7
256,1271,2079.7
256,1272,3962.5
256,1273,7037.8
256,1274,5047.2
256,1275,4943.0
256,1276,9703.1
256,1277,2997.8
256,1278,3220.6
256,1279,3129.8
256,1280,3135.9
256,1281,3184.9
256,1282,3074.1
256,1283,2967.5
256,1284,2896.0
256,1285,2251.1
256,1286,2280.7
256,1287,2140.8
256,1288,2162.6
256,1289,2199.0
256,1290,2181.4
256,1291,2197.2
256,1292,3853.5
256,1293,7138.4
256,1294,5198.6
256,1295,5052.6
256,1296,9593.5
256,1297,3164.3
256,1298,3100.1
256,1299,3096.5
256,1300,3118.3
256,1301,3050.5
256,1302,3155.8
256,1303,2301.9
256,1304,3196.4
256,1305,2261.4
256,1306,2141.4
256,1307,2174.2
256,1308,2216.5
256,1309,2154.2
256,1310,2133.0
256,1311,2219.0
256,1312,3839.0
256,1313,7176.5
256,1314,4603.9
256,1315,3905.0
256,1316,3481.1
256,1317,3469.6
256,1318,3799.6
256,1319,3761.5
256,1320,3119.5
256,1321,2253.5
256,1322,2135.4
256,1323,3009.9
256,1324,3123.1
256,1325,3107.4
256,1326,3142.5
256,1327,3034.1
256,1328,3099.5
256,1329,3184.3
256,1330,3097.7
256,1331,3062.6
256,1332,4021.9
256,1333,3123.8
256,1334,2913.6
256,1335,2242.0
256,1336,2215.9
256,1337,2166.3
256,1338,2166.3
256,1339,2057.9
256,1340,2159.0
256,1341,2079.7
256,1342,3214.0
256,1343,3124.4
256,1344,2941.5
256,1345,3181.3
256,1346,3081.4
256,1347,2788.8
256,1348,2773.1
256,1349,2823.4
256,1350,3472.6
256,1351,2799.7
256,1352,2758.0
256,1353,2880.9
256,1354,2863.9
256,1355,3191.6
256,1356,2903.3
256,1357,3098.9
256,1358,2923.3
256,1359,4009.8
256,1360,4010.4
256,1361,3123.8
256,1362,2251.7
256,1363,2215.3
256,1364,2167.5
256,1365,2249.9
256,1366,2097.8
256,1367,2081.5
256,1368,2117.2
256,1369,2946.9
256,1370,3118.9
256,1371,3190.4
256,1372,3199.5
256,1373,3043.8
256,1374,3183.7
256,1375,3177.0
256,1376,3124.4
256,1377,3212.2
256,1378,3704.5
256,1379,4037.6
256,1380,4035.2
256,1381,3217.0
256,1382,3149.8
256,1383,2222.6
256,1384,2298.3
256,1385,2227.4
256,1386,2211.7
256,1387,2182.6
256,1388,2076.0
256,1389,2215.3
256,1390,2957.8
256,1391,2883.3
256,1392,3107.4
256,1393,3045.6
256,1394,3055.3
256,1395,3116.5
256,1396,2945.1
256,1397,2902.1
256,1398,3485.3
256,1399,3122.5
256,1400,2128.7
256,1401,2317.1
256,1402,2125.7
256,1403,2222.6
256,1404,2111.2
256,1405,2113.6
256,1406,2243.8
256,1407,2176.0
256,1408,3755.4
256,1409,4056.4
256,1410,2871.2
256,1411,2208.7
256,1412,2131.2
256,1413,2102.7
256,1414,2172.9
256,1415,2182.0
256,1416,2136.0
256,1417,2125.1
256,1418,2035.5
256,1419,3799.0
256,1420,3516.8
256,1421,3113.5
256,1422,3126.8
256,1423,3109.8
256,1424,3178.9
256,1425,3127.4
256,1426,3015.3
256,1427,3037.8
256,1428,3734.2
256,1429,3989.2
256,1430,3176.4
256,1431,2944.5
256,1432,3123.1
256,1433,3197.0
256,1434,2212.3
256,1435,2245.0
256,1436,2160.8
256,1437,2199.0
256,1438,2172.3
256,1439,2868.2
256,1440,2962.1
256,1441,3178.3
256,1442,2991.1
256,1443,3112.2
256,1444,3137.1
256,1445,3144.9
256,1446,3068.6
256,1447,3806.3
256,1448,3052.9
256,1449,2261.4
256,1450,2206.2
256,1451,2300.1
256,1452,2193.5
256,1453,2119.0
256,1454,2265.0
256,1455,2123.9
256,1456,2114.2
256,1457,3764.5
256,1458,3502.9
256,1459,3490.8
256,1460,3800.8
256,1461,4011.6
256,1462,2238.3
256,1463,2139.0
256,1464,2115.4
256,1465,2227.4
256,1466,2139.6
256,1467,2179.6
256,1468,2067.6
256,1469,2252.3
256,1470,3167.4
256,1471,3485.9
256,1472,3183.7
256,1473,3171.6
256,1474,3143.7
256,1475,3125.6
256,1476,3123.8
256,1477,3059.0
256,1478,3149.2
256,1479,3746.9
256,1480,4045.5
256,1481,2954.8
256,1482,2880.9
256,1483,2234.1
256,1484,2219.0
256,1485,2192.3
256,1486,2250.5
256,1487,2225.6
256,1488,2233.5
256,1489,2216.5
256,1490,2933.0
256,1491,3148.0
256,1492,2887.6
256,1493,3104.4
256,1494,3072.3
256,1495,3049.9
256,1496,3086.8
256,1497,2888.2
256,1498,5634.6
256,1499,3230.9
256,1500,2252.9
256,1501,2333.4
256,1502,2294.1
256,1503,2327.4
256,1504,2169.9
256,1505,2259.5
256,1506,2146.9
256,1507,2265.6
256,1508,3909.2
256,1509,3783.3
256,1510,3123.8
256,1511,3089.2
256,1512,3155.8
256,1513,3181.9
256,1514,3049.9
256,1515,3109.2
256,1516,3157.7
256,1517,3733.0
256,1518,3738.4
256,1519,3750.0
256,1520,3225.5
256,1521,3190.4
256,1522,3057.1
256,1523,3146.2
256,1524,3092.3
256,1525,3032.3
256,1526,3118.9
256,1527,3012.3
256,1528,3722.7
256,1529,3791.1
256,1530,3031.1
256,1531,3098.9
256,1532,3026.9
256,1533,3165.5
256,1534,3229.7
256,1535,3009.9
256,1536,3100.7
256,1537,3078.3
256,1538,3731.8
256,1539,4037.6
256,1540,2983.9
256,1541,3118.9
256,1542,2354.6
256,1543,2191.7
256,1544,2183.8
256,1545,2177.2
256,1546,2168.1
256,1547,2175.4
256,1548,2135.4
256,1549,2880.9
256,1550,2867.0
256,1551,2882.1
256,1552,3139.5
256,1553,2945.7
256,1554,3100.1
256,1555,2822.2
256,1556,2847.6
256,1557,3521.0
256,1558,3099.5
256,1559,2163.2
256,1560,2159.6
256,1561,2283.8
256,1562,2161.4
256,1563,2098.4
256,1564,2097.8
256,1565,2139.6
256,1566,2193.5
256,1567,3766.9
256,1568,3720.9
256,1569,3595.5
256,1570,3750.0
256,1571,3170.4
256,1572,3116.5
256,1573,3115.3
256,1574,3160.7
256,1575,3123.8
256,1576,3051.1
256,1577,3158.3
256,1578,3761.5
256,1579,3766.3
256,1580,4040.6
256,1581,2911.2
256,1582,3206.7
256,1583,2308.6
256,1584,2327.4
256,1585,2242.0
256,1586,2208.7
256,1587,2165.7
256,1588,2235.3
256,1589,2148.1
256,1590,2937.2
256,1591,3137.7
256,1592,3217.6
256,1593,3210.4
256,1594,2769.5
256,1595,3183.7
256,1596,3125.6
256,1597,3128.0
256,1598,3828.7
256,1599,3158.9
256,1600,2234.7
256,1601,2302.5
256,1602,2228.7
256,1603,2188.7
256,1604,2215.9
256,1605,2145.1
256,1606,2145.1
256,1607,2124.5
256,1608,3468.3
256,1609,3847.5
256,1610,3113.5
256,1611,3061.4
256,1612,3119.5
256,1613,3048.7
256,1614,3093.5
256,1615,3049.3
256,1616,3108.6
256,1617,3829.9
256,1618,3741.5
256,1619,3757.8
256,1620,3739.7
256,1621,3755.4
256,1622,4029.1
256,1623,4014.0
256,1624,3180.1
256,1625,3153.4
256,1626,2192.9
256,1627,2242.6
256,1628,2209.9
256,1629,2291.6
256,1630,2315.3
256,1631,2104.5
256,1632,2205.0
256,1633,3224.3
256,1634,2891.8
256,1635,3190.4
256,1636,2896.0
256,1637,2885.1
256,1638,2969.9
256,1639,2879.1
256,1640,2896.6
256,1641,3805.7
256,1642,3101.9
256,1643,2246.8
256,1644,2157.2
256,1645,2175.4
256,1646,2185.1
256,1647,2235.9
256,1648,2166.9
256,1649,2171.1
256,1650,2110.0
256,1651,3788.1
256,1652,3758.4
256,1653,3736.0
256,1654,3782.7
256,1655,3189.8
256,1656,3152.8
256,1657,3171.6
256,1658,3016.6
256,1659,3161.3
256,1660,3052.9
256,1661,3088.0
256,1662,3781.4
256,1663,4043.1
256,1664,2902.7
256,1665,3221.3
256,1666,2178.4
256,1667,2260.1
256,1668,2209.9
256,1669,2176.0
256,1670,2153.6
256,1671,2126.9
256,1672,2120.3
256,1673,2931.2
256,1674,3131.0
256,1675,3209.7
256,1676,3136.5
256,1677,3123.1
256,1678,3281.8
256,1679,3069.9
256,1680,2890.6
256,1681,3495.0
256,1682,2883.9
256,1683,3097.1
256,1684,3064.4
256,1685,3031.1
256,1686,3218.2
256,1687,3222.5
256,1688,2847.0
256,1689,3272.1
256,1690,3816.0
256,1691,3117.1
256,1692,3111.0
256,1693,3063.2
256,1694,3226.1
256,1695,2225.0
256,1696,2276.5
256,1697,2343.1
256,1698,2216.5
256,1699,2246.2
256,1700,2915.4
256,1701,3230.9
256,1702,3187.9
256,1703,3125.0
256,1704,2949.9
256,1705,3182.5
256,1706,3079.5
256,1707,3058.3
256,1708,4015.8
256,1709,3731.2
256,1710,2234.1
256,1711,2210.5
256,1712,2254.1
256,1713,2196.0
256,1714,2085.7
256,1715,2119.6
256,1716,2180.2
256,1717,3090.4
256,1718,3172.2
256,1719,3152.2
256,1720,3114.1
256,1721,3106.8
256,1722,3194.0
256,1723,3059.6
256,1724,3026.2
256,1725,3052.9
256,1726,4147.2
256,1727,2903.3
256,1728,3177.7
256,1729,2234.7
256,1730,2184.4
256,1731,2181.4
256,1732,2229.9
256,1733,2158.4
256,1734,2351.0
256,1735,2222.6
256,1736,3137.7
256,1737,3011.1
256,1738,3197.6
256,1739,2919.1
256,1740,3146.8
256,1741,2847.0
256,1742,3112.2
256,1743,2803.4
256,1744,3797.8
256,1745,3182.5
256,1746,2247.4
256,1747,2162.0
256,1748,2140.8
256,1749,2096.0
256,1750,2124.5
256,1751,2126.9
256,1752,2103.3
256,1753,2131.8
256,1754,3770.5
256,1755,3484.1
256,1756,3733.6
256,1757,4011.6
256,1758,2220.2
256,1759,2157.2
256,1760,2098.4
256,1761,2122.7
256,1762,2114.8
256,1763,2110.0
256,1764,2088.2
256,1765,2134.8
256,1766,3083.8
256,1767,3450.8
256,1768,3102.6
256,1769,3157.1
256,1770,3076.5
256,1771,3161.9
256,1772,3149.2
256,1773,3143.1
256,1774,3157.1
256,1775,4066.7
256,1776,2958.4
256,1777,2986.3
256,1778,2225.0
256,1779,2243.2
256,1780,2186.9
256,1781,2103.3
256,1782,2271.7
256,1783,2238.3
256,1784,2181.4
256,1785,2914.8
256,1786,3089.2
256,1787,3115.3
256,1788,3136.5
256,1789,2941.5
256,1790,2897.3
256,1791,3118.9
256,1792,3108.6
256,1793,3809.9
256,1794,2868.8
256,1795,2271.0
256,1796,2186.3
256,1797,2151.7
256,1798,2218.4
256,1799,2186.3
256,1800,2197.8
256,1801,2280.1
256,1802,2192.3
256,1803,3782.7
256,1804,3469.6
256,1805,3505.9
256,1806,3747.5
256,1807,3152.2
256,1808,3125.0
256,1809,3234.6
256,1810,3085.6
256,1811,3073.5
256,1812,3149.8
256,1813,3104.4
256,1814,5634.6
256,1815,4403.4
256,1816,2129.3
256,1817,2202.6
256,1818,2182.6
256,1819,2199.0
256,1820,2201.4
256,1821,2249.2
256,1822,2119.0
256,1823,2137.2
256,1824,3802.0
256,1825,8229.1
256,1826,3055.3
256,1827,4196.3
256,1828,10970.7
256,1829,2877.3
256,1830,3152.8
256,1831,3138.3
256,1832,3140.1
256,1833,3151.6
256,1834,3111.0
256,1835,3187.3
256,1836,2939.6
256,1837,2208.1
256,1838,2188.1
256,1839,2189.3
256,1840,2148.7
256,1841,2113.6
256,1842,2099.1
256,1843,2159.6
256,1844,3753.6
256,1845,9156.3
256,1846,2780.4
256,1847,3929.8
256,1848,10842.3
256,1849,3003.8
256,1850,2841.5
256,1851,3155.8
256,1852,2877.9
256,1853,3150.4
256,1854,2946.9
256,1855,3076.5
256,1856,4032.2
256,1857,2209.3
256,1858,2275.3
256,1859,2275.3
256,1860,2123.3
256,1861,2049.4
256,1862,2200.2
256,1863,2030.6
256,1864,2077.3
256,1865,3364.2
256,1866,10729.6
256,1867,2588.4
256,1868,2863.9
256,1869,2878.5
256,1870,2920.3
256,1871,3129.8
256,1872,3174.0
256,1873,3090.4
256,1874,4101.2
256,1875,3136.5
256,1876,3083.2
256,1877,2178.4
256,1878,2306.2
256,1879,2160.2
256,1880,2198.4
256,1881,2217.8
256,1882,2160.2
256,1883,2172.3
256,1884,3536.8
256,1885,8644.5
256,1886,3278.8
256,1887,4322.3
256,1888,11334.7
256,1889,3233.4
256,1890,3082.6
256,1891,3132.8
256,1892,2855.5
256,1893,2848.8
256,1894,3183.1
256,1895,3082.0
256,1896,3477.4
256,1897,2331.0
256,1898,2242.0
256,1899,2152.3
256,1900,2056.7
256,1901,2156.6
256,1902,2120.3
256,1903,2119.6
256,1904,3333.3
256,1905,5892.6
256,1906,3757.2
256,1907,4482.1
256,1908,8352.6
256,1909,4557.2
256,1910,3527.7
256,1911,4043.1
256,1912,2854.9
256,1913,2893.6
256,1914,2794.9
256,1915,3110.4
256,1916,3082.6
256,1917,2160.8
256,1918,2228.0
256,1919,2163.2
256,1920,2188.1
256,1921,2986.3
256,1922,3101.3
256,1923,3095.9
256,1924,3044.4
256,1925,3022.0
256,1926,3114.1
256,1927,3108.6
256,1928,3177.0
256,1929,3822.6
256,1930,3092.9
256,1931,2213.5
256,1932,2187.5
256,1933,2144.5
256,1934,2172.9
256,1935,2083.3
256,1936,2108.1
256,1937,2112.4
256,1938,2172.9
256,1939,3743.9
256,1940,4046.7
256,1941,2228.0
256,1942,2169.3
256,1943,2226.8
256,1944,2065.7
256,1945,2187.5
256,1946,2129.9
256,1947,2097.2
256,1948,2094.2
256,1949,2996.0
256,1950,3180.7
256,1951,3148.0
256,1952,3168.0
256,1953,3123.8
256,1954,3032.9
256,1955,3126.8
256,1956,3025.0
256,1957,3096.5
256,1958,3753.6
256,1959,3968.6
256,1960,4045.5
256,1961,2989.3
256,1962,3153.4
256,1963,2203.8
256,1964,2205.6
256,1965,2329.8
256,1966,2348.6
256,1967,2211.7
256,1968,2264.4
256,1969,2257.7
256,1970,2796.7
256,1971,3009.3
256,1972,2903.9
256,1973,2968.7
256,1974,3095.3
256,1975,3012.3
256,1976,2775.5
256,1977,3039.0
256,1978,3715.4
256,1979,3266.1
256,1980,2186.9
256,1981,2277.7
256,1982,2475.7
256,1983,2328.0
256,1984,2311.0
256,1985,2337.1
256,1986,2243.8
256,1987,2242.6
256,1988,3915.9
256,1989,4203.6
256,1990,3368.4
256,1991,3504.1
256,1992,3386.6
256,1993,3306.0
256,1994,3402.3
256,1995,4229.6
256,1996,2962.7
256,1997,3278.2
256,1998,3222.5
256,1999,3277.6
1024,0,2651.4
1024,1,2644.7
1024,2,2634.4
1024,3,2613.2
1024,4,2600.5
1024,5,2628.4
1024,6,2539.3
1024,7,2619.3
1024,8,3591.9
1024,9,4247.2
1024,10,4498.5
1024,11,3217.6
1024,12,3560.4
1024,13,2619.9
1024,14,2522.4
1024,15,2530.3
1024,16,2553.3
1024,17,2501.8
1024,18,2507.8
1024,19,2638.7
1024,20,2526.6
1024,21,3375.7
1024,22,3129.2
1024,23,3257.0
1024,24,3352.7
1024,25,3273.9
1024,26,3336.9
1024,27,3336.3
1024,28,3302.4
1024,29,3406.6
1024,30,4249.6
1024,31,3177.7
1024,32,3080.8
1024,33,2402.5
1024,34,2513.3
1024,35,2425.5
1024,36,2439.4
1024,37,2559.9
1024,38,2479.4
1024,39,2473.9
1024,40,3381.7
1024,41,3354.5
1024,42,3507.1
1024,43,3118.9
1024,44,3273.9
1024,45,3424.7
1024,46,3344.2
1024,47,3391.4
1024,48,4246.6
1024,49,4228.4
1024,50,3206.7
1024,51,2519.3
1024,52,2481.8
1024,53,2468.5
1024,54,2429.7
1024,55,2509.1
1024,56,2441.8
1024,57,2480.6
1024,58,3252.7
1024,59,3353.3
1024,60,3214.6
1024,61,3224.9
1024,62,3392.0
1024,63,3315.7
1024,64,3349.0
1024,65,3247.9
1024,66,4322.9
1024,67,3430.2
1024,68,3467.7
1024,69,2485.4
1024,70,2477.6
1024,71,2438.8
1024,72,2455.2
1024,73,2414.6
1024,74,2400.6
1024,75,2386.7
1024,76,2318.3
1024,77,3391.4
1024,78,3213.4
1024,79,3250.3
1024,80,3201.3
1024,81,3294.5
1024,82,3335.1
1024,83,3284.2
1024,84,3322.4
1024,85,3332.7
1024,86,4019.5
1024,87,4289.6
1024,88,3469.6
1024,89,3360.5
1024,90,4692.9
1024,91,2434.6
1024,92,2420.6
1024,93,2507.2
1024,94,2427.9
1024,95,2563.0
1024,96,2441.8
1024,97,2464.8
1024,98,3134.0
1024,99,3238.8
1024,100,3390.8
1024,101,3455.0
1024,102,3387.2
1024,103,3345.4
1024,104,3327.8
1024,105,3323.6
1024,106,3292.7
1024,107,4012.8
1024,108,4275.6
1024,109,3165.5
1024,110,3332.1
1024,111,2446.7
1024,112,2391.6
1024,113,2372.2
1024,114,2496.3
1024,115,2508.4
1024,116,2420.6
1024,117,2397.0
1024,118,3335.1
1024,119,3092.3
1024,120,3375.1
1024,121,3395.1
1024,122,3367.8
1024,123,3323.0
1024,124,3283.0
1024,125,3097.1
1024,126,3998.9
1024,127,3392.0
1024,128,2453.3
1024,129,2406.7
1024,130,2546.0
1024,131,2452.1
1024,132,2371.6
1024,133,2509.1
1024,134,2387.3
1024,135,2383.1
1024,136,3247.3
1024,137,3258.2
1024,138,3272.1
1024,139,3217.0
1024,140,3302.4
1024,141,3393.2
1024,142,3331.5
1024,143,3354.5
1024,144,3303.6
1024,145,4009.2
1024,146,4007.3
1024,147,4256.2
1024,148,3429.0
1024,149,3194.6
1024,150,2645.3
1024,151,2446.1
1024,152,2364.9
1024,153,2488.5
1024,154,2532.7
1024,155,2432.7
1024,156,2489.1
1024,157,3448.4
1024,158,3102.6
1024,159,3390.2
1024,160,3115.9
1024,161,3442.9
1024,162,3396.9
1024,163,3333.9
1024,164,3388.4
1024,165,4172.7
1024,166,3502.3
1024,167,2618.7
1024,168,2539.9
1024,169,2660.5
1024,170,2822.2
1024,171,2692.6
1024,172,2688.3
1024,173,2672.0
1024,174,2643.5
1024,175,3388.4
1024,176,3493.8
1024,177,3685.8
1024,178,3502.9
1024,179,3662.7
1024,180,3705.7
1024,181,4391.3
1024,182,4648.7
1024,183,3726.3
1024,184,3442.3
1024,185,3412.6
1024,186,3496.8
1024,187,2687.7
1024,188,2706.5
1024,189,2801.0
1024,190,2592.6
1024,191,2589.0
1024,192,2510.9
1024,193,2592.6
1024,194,2648.3
1024,195,3392.6
1024,196,3564.0
1024,197,3784.5
1024,198,3499.8
1024,199,3680.3
1024,200,3589.5
1024,201,4323.5
1024,202,4387.7
1024,203,4612.3
1024,204,3684.5
1024,205,3720.3
1024,206,3704.5
1024,207,3723.9
1024,208,3758.4
1024,209,2770.1
1024,210,2853.0
1024,211,2617.5
1024,212,2736.8
1024,213,2814.3
1024,214,2731.3
1024,215,2656.8
1024,216,2652.0
1024,217,3431.4
1024,218,3631.3
1024,219,3592.5
1024,220,3527.7
1024,221,4528.8
1024,222,3182.5
1024,223,4126.6
1024,224,5907.1
1024,225,8286.6
1024,226,6482.5
1024,227,6412.2
1024,228,7311.0
1024,229,7629.5
1024,230,6432.2
1024,231,5746.1
1024,232,6119.7
1024,233,5459.0
1024,234,5664.9
1024,235,5676.4
1024,236,5676.4
1024,237,5755.1
1024,238,5793.9
1024,239,4994.5
1024,240,2989.3
1024,241,3819.0
1024,242,4297.4
1024,243,4664.4
1024,244,3578.0
1024,245,3425.3
1024,246,2621.1
1024,247,2490.3
1024,248,2642.9
1024,249,2574.5
1024,250,2566.0
1024,251,2544.8
1024,252,2575.7
1024,253,2533.9
1024,254,3594.9
1024,255,3650.6
1024,256,3503.5
1024,257,4191.4
1024,258,4181.2
1024,259,4300.5
1024,260,3135.3
1024,261,3455.0
1024,262,3106.2
1024,263,3109.2
1024,264,2485.4
1024,265,2372.2
1024,266,2464.2
1024,267,2272.9
1024,268,2325.6
1024,269,3186.1
1024,270,3370.2
1024,271,3109.2
1024,272,3121.3
1024,273,3324.8
1024,274,3334.5
1024,275,3100.7
1024,276,3286.7
1024,277,3788.7
1024,278,3353.3
1024,279,2451.5
1024,280,2578.7
1024,281,2452.7
1024,282,2478.8
1024,283,2352.8
1024,284,2424.3
1024,285,2358.3
1024,286,2400.0
1024,287,4288.3
1024,288,3333.3
1024,289,2423.1
1024,290,2322.5
1024,291,2316.5
1024,292,2481.8
1024,293,2389.7
1024,294,2389.7
1024,295,2461.2
1024,296,2436.4
1024,297,3295.1
1024,298,3318.2
1024,299,3427.8
1024,300,3415.7
1024,301,3387.8
1024,302,3376.9
1024,303,3309.7
1024,304,3365.4
1024,305,3227.3
1024,306,4029.7
1024,307,4249.6
1024,308,3458.7
1024,309,3131.0
1024,310,2456.4
1024,311,2544.2
1024,312,2506.6
1024,313,2612.6
1024,314,2478.8
1024,315,2410.9
1024,316,2472.7
1024,317,2361.9
1024,318,3266.1
1024,319,3231.6
1024,320,3366.6
1024,321,3259.4
1024,322,3329.1
1024,323,3310.9
1024,324,3416.9
1024,325,3431.4
1024,326,3373.3
1024,327,4019.5
1024,328,4293.8
1024,329,3152.2
1024,330,3521.6
1024,331,2462.4
1024,332,2563.6
1024,333,2544.2
1024,334,2441.8
1024,335,2345.5
1024,336,2271.0
1024,337,2341.3
1024,338,3181.3
1024,339,3439.3
1024,340,3169.8
1024,341,3218.8
1024,342,3335.7
1024,343,3341.8
1024,344,3059.6
1024,345,3180.7
1024,346,4007.3
1024,347,3114.1
1024,348,3372.7
1024,349,3409.0
1024,350,3368.4
1024,351,3330.3
1024,352,3406.0
1024,353,3383.0
1024,354,3430.2
1024,355,3970.4
1024,356,3359.9
1024,357,2544.8
1024,358,2438.2
1024,359,2432.7
1024,360,2401.9
1024,361,2551.4
1024,362,2587.8
1024,363,2406.7
1024,364,2369.2
1024,365,4025.5
1024,366,3997.0
1024,367,3442.9
1024,368,3321.2
1024,369,3436.2
1024,370,3356.3
1024,371,3324.2
1024,372,5373.6
1024,373,4098.2
1024,374,14773.3
1024,375,3369.0
1024,376,3488.3
1024,377,3558.6
1024,378,3203.1
1024,379,3461.7
1024,380,3384.8
1024,381,3379.3
1024,382,4196.3
1024,383,3335.1
1024,384,3315.7
1024,385,2418.2
1024,386,2515.1
1024,387,2491.5
1024,388,2354.6
1024,389,2406.1
1024,390,2387.9
1024,391,2375.2
1024,392,3630.6
1024,393,7368.5
1024,394,5214.9
1024,395,4312.0
1024,396,10878.0
1024,397,3235.2
1024,398,3103.8
1024,399,3186.7
1024,400,3381.7
1024,401,3098.9
1024,402,3437.5
1024,403,3317.5
1024,404,3437.5
1024,405,2576.3
1024,406,2497.5
1024,407,2404.3
1024,408,2339.5
1024,409,2463.6
1024,410,2412.8
1024,411,2350.4
1024,412,3696.1
1024,413,10829.6
1024,414,2771.3
1024,415,3438.1
1024,416,3470.8
1024,417,3127.4
1024,418,3383.6
1024,419,3378.7
1024,420,3269.1
1024,421,3361.8
1024,422,3306.0
1024,423,3754.8
1024,424,3366.0
1024,425,2549.0
1024,426,2404.3
1024,427,2463.6
1024,428,2441.2
1024,429,2355.2
1024,430,2337.1
1024,431,2404.9
1024,432,2411.6
1024,433,4898.8
1024,434,8255.1
1024,435,4890.9
1024,436,7005.1
1024,437,5740.0
1024,438,5359.7
1024,439,8213.3
1024,440,3615.5
1024,441,3384.2
1024,442,3680.3
1024,443,3247.9
1024,444,2690.7
1024,445,2673.8
1024,446,2600.5
1024,447,2542.4
1024,448,2490.3
1024,449,3628.2
1024,450,3365.4
1024,451,3480.5
1024,452,3553.1
1024,453,3318.2
1024,454,3557.4
1024,455,3590.7
1024,456,3402.9
1024,457,4336.2
1024,458,4321.7
1024,459,3310.9
1024,460,2667.7
1024,461,2565.4
1024,462,2796.1
1024,463,2618.7
1024,464,2657.4
1024,465,2627.8
1024,466,2740.4
1024,467,311012.5
1024,468,10251.8
1024,469,10636.4
1024,470,10873.2
1024,471,8078.9
1024,472,5820.5
1024,473,4631.7
1024,474,4517.9
1024,475,4228.4
1024,476,4407.7
1024,477,4520.9
1024,478,4411.9
1024,479,4433.7
1024,480,3491.4
1024,481,3576.7
1024,482,2572.6
1024,483,2416.4
1024,484,2633.2
1024,485,2650.8
1024,486,2552.7
1024,487,2587.2
1024,488,2481.8
1024,489,3469.6
1024,490,3255.2
1024,491,3421.7
1024,492,3215.8
1024,493,3776.0
1024,494,3686.4
1024,495,3719.1
1024,496,4610.5
1024,497,3657.3
1024,498,3650.6
1024,499,3342.4
1024,500,3318.8
1024,501,2719.2
1024,502,2684.1
1024,503,2690.7
1024,504,2697.4
1024,505,2647.1
1024,506,2661.1
1024,507,2618.7
1024,508,2681.0
1024,509,4692.3
1024,510,2784.6
1024,511,3298.2
1024,512,2660.5
1024,513,2718.0
1024,514,2718.6
1024,515,2611.4
1024,516,2644.1
1024,517,2686.5
1024,518,3488.3
1024,519,2761.6
1024,520,2633.8
1024,521,2616.2
1024,522,2704.1
1024,523,2670.8
1024,524,2623.5
1024,525,2725.9
1024,526,2656.2
1024,527,4310.1
1024,528,3734.2
1024,529,3688.2
1024,530,4353.1
1024,531,4672.9
1024,532,3329.7
1024,533,3352.1
1024,534,2652.6
1024,535,2689.5
1024,536,3249.1
1024,537,2638.7
1024,538,2747.1
1024,539,2621.7
1024,540,2602.3
1024,541,2742.2
1024,542,2615.6
1024,543,2632.6
1024,544,2682.9
1024,545,4645.1
1024,546,2696.8
1024,547,3624.6
1024,548,2629.6
1024,549,2710.1
1024,550,2744.6
1024,551,2831.2
1024,552,2744.0
1024,553,2726.5
1024,554,2794.9
1024,555,2721.6
1024,556,3651.8
1024,557,4058.2
1024,558,4270.8
1024,559,4034.0
1024,560,4272.6
1024,561,4342.2
1024,562,4581.5
1024,563,3641.6
1024,564,3664.6
1024,565,2822.8
1024,566,2693.2
1024,567,2464.8
1024,568,2469.7
1024,569,2535.1
1024,570,2612.6
1024,571,2573.9
1024,572,2642.9
1024,573,3542.8
1024,574,3293.9
1024,575,3348.4
1024,576,3504.1
1024,577,4658.4
1024,578,3435.6
1024,579,3380.5
1024,580,2668.9
1024,581,2690.7
1024,582,2612.0
1024,583,2662.9
1024,584,2670.8
1024,585,2564.2
1024,586,2682.3
1024,587,2641.7
1024,588,4023.7
1024,589,3615.5
1024,590,3671.2
1024,591,4611.1
1024,592,3278.8
1024,593,3617.3
1024,594,2671.4
1024,595,2612.0
1024,596,2730.1
1024,597,2605.3
1024,598,2382.5
1024,599,2429.1
1024,600,2410.3
1024,601,2452.1
1024,602,3206.1
1024,603,3502.3
1024,604,3399.9
1024,605,3524.7
1024,606,3402.3
1024,607,3404.2
1024,608,4410.1
1024,609,3546.5
1024,610,3540.4
1024,611,3243.7
1024,612,3314.5
1024,613,2579.3
1024,614,2460.6
1024,615,2486.6
1024,616,2440.0
1024,617,2460.6
1024,618,2519.3
1024,619,2470.3
1024,620,2500.6
1024,621,3465.9
1024,622,3488.9
1024,623,3545.9
1024,624,3311.5
1024,625,3398.7
1024,626,3535.0
1024,627,3426.0
1024,628,4133.3
1024,629,4491.2
1024,630,3514.4
1024,631,3590.7
1024,632,3689.4
1024,633,2629.6
1024,634,2572.6
1024,635,2455.2
1024,636,2447.3
1024,637,2496.9
1024,638,2467.3
1024,639,2430.3
1024,640,2444.3
1024,641,3171.6
1024,642,3318.2
1024,643,3285.4
1024,644,3633.7
1024,645,3454.4
1024,646,4097.0
1024,647,4462.8
1024,648,3451.4
1024,649,3598.6
1024,650,3238.2
1024,651,2570.2
1024,652,2541.8
1024,653,2520.6
1024,654,2467.9
1024,655,2528.4
1024,656,2510.3
1024,657,2509.7
1024,658,2444.3
1024,659,3435.0
1024,660,3513.8
1024,661,3708.8
1024,662,3493.2
1024,663,3378.7
1024,664,3448.4
1024,665,4462.2
1024,666,3280.6
1024,667,3250.9
1024,668,3491.4
1024,669,2575.1
1024,670,2604.7
1024,671,2506.6
1024,672,2513.3
1024,673,2489.7
1024,674,2558.7
1024,675,3498.6
1024,676,3212.8
1024,677,3285.4
1024,678,3254.6
1024,679,3412.6
1024,680,3493.2
1024,681,3502.3
1024,682,3547.1
1024,683,3817.2
1024,684,3218.8
1024,685,3489.5
1024,686,3531.9
1024,687,3459.9
1024,688,3456.8
1024,689,3451.4
1024,690,3406.6
1024,691,3539.8
1024,692,4139.4
1024,693,4130.3
1024,694,2597.5
1024,695,2511.5
1024,696,2542.4
1024,697,2676.8
1024,698,2490.9
1024,699,2439.4
1024,700,2644.7
1024,701,3187.3
1024,702,3302.4
1024,703,3532.5
1024,704,3318.8
1024,705,3449.0
1024,706,3449.6
1024,707,3415.1
1024,708,3509.5
1024,709,3440.5
1024,710,4136.9
1024,711,4106.1
1024,712,4474.9
1024,713,3546.5
1024,714,3606.4
1024,715,2558.1
1024,716,2516.9
1024,717,2570.8
1024,718,2497.5
1024,719,2444.3
1024,720,2531.5
1024,721,2443.6
1024,722,2525.4
1024,723,3412.6
1024,724,3258.2
1024,725,3356.9
1024,726,3475.6
1024,727,3542.8
1024,728,3390.2
1024,729,3433.2
1024,730,3492.0
1024,731,3445.3
1024,732,4408.9
1024,733,3312.1
1024,734,3238.2
1024,735,2634.4
1024,736,2635.0
1024,737,2495.7
1024,738,2429.1
1024,739,2510.3
1024,740,2477.6
1024,741,2496.3
1024,742,2433.4
1024,743,3178.9
1024,744,3325.4
1024,745,3499.2
1024,746,3527.7
1024,747,3493.8
1024,748,3429.6
1024,749,3449.0
1024,750,3389.0
1024,751,4390.1
1024,752,3204.9
1024,753,3197.6
1024,754,2613.8
1024,755,2614.4
1024,756,2506.6
1024,757,2527.2
1024,758,2400.0
1024,759,2479.4
1024,760,2446.1
1024,761,2452.7
1024,762,3194.0
1024,763,3515.0
1024,764,3340.0
1024,765,3573.7
1024,766,3515.0
1024,767,3409.0
1024,768,4083.6
1024,769,4414.3
1024,770,3572.5
1024,771,3570.1
1024,772,3574.9
1024,773,2693.2
1024,774,2484.2
1024,775,2482.4
1024,776,2449.7
1024,777,2498.8
1024,778,2470.9
1024,779,2483.0
1024,780,2438.2
1024,781,3347.2
1024,782,3427.2
1024,783,3577.4
1024,784,3492.0
1024,785,4138.2
1024,786,4393.7
1024,787,3536.8
1024,788,3218.8
1024,789,3293.3
1024,790,2486.6
1024,791,2550.8
1024,792,2546.6
1024,793,2511.5
1024,794,2666.5
1024,795,2603.5
1024,796,2511.5
1024,797,2667.7
1024,798,3132.8
1024,799,3389.0
1024,800,3287.3
1024,801,3470.8
1024,802,3422.3
1024,803,3506.5
1024,804,3433.2
1024,805,3475.0
1024,806,4381.6
1024,807,3618.5
1024,808,3578.6
1024,809,2584.8
1024,810,2520.6
1024,811,2433.4
1024,812,2512.1
1024,813,2655.0
1024,814,2501.2
1024,815,2422.5
1024,816,2436.4
1024,817,3176.4
1024,818,3608.8
1024,819,3532.5
1024,820,3315.1
1024,821,3481.1
1024,822,4399.2
1024,823,3269.1
1024,824,3510.1
1024,825,3226.7
1024,826,2549.0
1024,827,2569.6
1024,828,2500.6
1024,829,2584.2
1024,830,2660.5
1024,831,2481.2
1024,832,2458.8
1024,833,2544.8
1024,834,3471.4
1024,835,3484.7
1024,836,3289.1
1024,837,3374.5
1024,838,3500.4
1024,839,3430.2
1024,840,4132.1
1024,841,4395.5
1024,842,3261.2
1024,843,3555.6
1024,844,4761.9
1024,845,2596.9
1024,846,2506.6
1024,847,2440.6
1024,848,2512.1
1024,849,2486.0
1024,850,2599.3
1024,851,2512.7
1024,852,2516.9
1024,853,3346.6
1024,854,3734.8
1024,855,3485.9
1024,856,3502.9
1024,857,3402.9
1024,858,3459.3
1024,859,3490.1
1024,860,3441.7
1024,861,4460.3
1024,862,3564.6
1024,863,3237.0
1024,864,3274.5
1024,865,2532.7
1024,866,2507.8
1024,867,2539.9
1024,868,2532.7
1024,869,2526.6
1024,870,2419.4
1024,871,2440.0
1024,872,2409.1
1024,873,3143.7
1024,874,3504.1
1024,875,3393.9
1024,876,3312.1
1024,877,3500.4
1024,878,3472.0
1024,879,3484.7
1024,880,4445.8
1024,881,3297.6
1024,882,3574.9
1024,883,3599.2
1024,884,3528.9
1024,885,2603.5
1024,886,2551.4
1024,887,2503.0
1024,888,2528.4
1024,889,2565.4
1024,890,3283.6
1024,891,3264.3
1024,892,3137.7
1024,893,3485.9
1024,894,3261.8
1024,895,3486.5
1024,896,3255.2
1024,897,3530.1
1024,898,3869.3
1024,899,3424.7
1024,900,15598.2
1024,901,5912.6
1024,902,5300.3
1024,903,8455.0
1024,904,19957.4
1024,905,5012.1
1024,906,4439.7
1024,907,4305.3
1024,908,4479.1
1024,909,4510.6
1024,910,4458.5
1024,911,4376.2
1024,912,2572.6
1024,913,3397.5
1024,914,2624.1
1024,915,2708.9
1024,916,2616.9
1024,917,2604.7
1024,918,2449.1
1024,919,2556.9
1024,920,2521.8
1024,921,2596.3
1024,922,3554.9
1024,923,3293.9
1024,924,3660.3
1024,925,3766.3
1024,926,3702.1
1024,927,3684.5
1024,928,4270.8
1024,929,4321.0
1024,930,4592.4
1024,931,3591.3
1024,932,3611.3
1024,933,3438.1
1024,934,3558.0
1024,935,2629.0
1024,936,2672.0
1024,937,2760.4
1024,938,2747.7
1024,939,2656.8
1024,940,2588.4
1024,941,2650.8
1024,942,2649.0
1024,943,4394.3
1024,944,52231.1
1024,945,4304.1
1024,946,4308.9
1024,947,4569.3
1024,948,4253.8
1024,949,4328.3
1024,950,4557.8
1024,951,4509.4
1024,952,4408.3
1024,953,3572.5
1024,954,3600.4
1024,955,2601.7
1024,956,2686.5
1024,957,2626.5
1024,958,2511.5
1024,959,2467.9
1024,960,2465.5
1024,961,2473.3
1024,962,2578.7
1024,963,3314.5
1024,964,3593.1
1024,965,3531.9
1024,966,3452.0
1024,967,3501.7
1024,968,3358.7
1024,969,3404.2
1024,970,3562.2
1024,971,4387.1
1024,972,3889.2
1024,973,3591.3
1024,974,3293.3
1024,975,3571.3
1024,976,3378.7
1024,977,2632.0
1024,978,2605.3
1024,979,2514.5
1024,980,2692.6
1024,981,2523.0
1024,982,2479.4
1024,983,2463.0
1024,984,2440.6
1024,985,3521.6
1024,986,3513.8
1024,987,3505.3
1024,988,3172.2
1024,989,3532.5
1024,990,3439.9
1024,991,3497.4
1024,992,3548.3
1024,993,3447.1
1024,994,4455.5
1024,995,3591.9
1024,996,3263.6
1024,997,2656.2
1024,998,2556.3
1024,999,2576.9
1024,1000,2559.3
1024,1001,2661.1
1024,1002,2574.5
1024,1003,2468.5
1024,1004,2483.6
1024,1005,3226.7
1024,1006,3320.6
1024,1007,3309.1
1024,1008,3281.8
1024,1009,3540.4
1024,1010,3441.7
1024,1011,3559.2
1024,1012,3547.7
1024,1013,4640.8
1024,1014,3427.2
1024,1015,3433.2
1024,1016,3464.1
1024,1017,2723.4
1024,1018,2702.2
1024,1019,2625.9
1024,1020,2609.0
1024,1021,2716.2
1024,1022,2624.1
1024,1023,3720.3
1024,1024,3426.0
1024,1025,3673.0
1024,1026,3676.7
1024,1027,3651.2
1024,1028,3651.2
1024,1029,3492.6
1024,1030,3668.8
1024,1031,3993.4
1024,1032,3664.6
1024,1033,2659.2
1024,1034,2569.6
1024,1035,2662.3
1024,1036,2612.6
1024,1037,2716.8
1024,1038,2655.6
1024,1039,2652.0
1024,1040,2629.0
1024,1041,2704.1
1024,1042,2696.8
1024,1043,2635.0
1024,1044,2582.3
1024,1045,2726.5
1024,1046,3493.8
1024,1047,4608.7
1024,1048,2619.9
1024,1049,2596.9
1024,1050,2710.7
1024,1051,2647.7
1024,1052,2643.5
1024,1053,2712.5
1024,1054,2664.1
1024,1055,2597.5
1024,1056,3334.5
1024,1057,4318.6
1024,1058,2638.0
1024,1059,2538.7
1024,1060,2685.9
1024,1061,2638.7
1024,1062,2629.0
1024,1063,2556.3
1024,1064,2464.2
1024,1065,2509.1
1024,1066,3227.9
1024,1067,3511.3
1024,1068,3282.4
1024,1069,3587.7
1024,1070,3374.5
1024,1071,3493.2
1024,1072,3372.1
1024,1073,4386.5
1024,1074,3539.2
1024,1075,3243.7
1024,1076,3591.3
1024,1077,2605.3
1024,1078,2566.6
1024,1079,2385.5
1024,1080,2371.0
1024,1081,2523.0
1024,1082,2552.1
1024,1083,2495.7
1024,1084,2401.3
1024,1085,3461.7
1024,1086,3525.9
1024,1087,3354.5
1024,1088,3481.7
1024,1089,3525.9
1024,1090,3548.9
1024,1091,3461.1
1024,1092,3445.9
1024,1093,4439.7
1024,1094,3549.5
1024,1095,3541.0
1024,1096,2539.3
1024,1097,2582.3
1024,1098,2544.8
1024,1099,2569.6
1024,1100,2590.2
1024,1101,2526.0
1024,1102,2604.7
1024,1103,3553.7
1024,1104,3501.0
1024,1105,3559.2
1024,1106,3512.6
1024,1107,3169.2
1024,1108,3460.5
1024,1109,3503.5
1024,1110,4586.3
1024,1111,3300.6
1024,1112,4060.6
1024,1113,5174.4
1024,1114,4339.2
1024,1115,3318.8
1024,1116,3336.3
1024,1117,2722.8
1024,1118,2592.0
1024,1119,2526.0
1024,1120,2494.5
1024,1121,2423.7
1024,1122,2498.2
1024,1123,3439.3
1024,1124,3313.9
1024,1125,3212.8
1024,1126,3092.9
1024,1127,3401.1
1024,1128,3525.3
1024,1129,3387.8
1024,1130,3456.2
1024,1131,3493.8
1024,1132,4407.7
1024,1133,3586.4
1024,1134,3497.4
1024,1135,3220.0
1024,1136,2552.1
1024,1137,2515.1
1024,1138,2538.1
1024,1139,2536.3
1024,1140,2495.1
1024,1141,2657.4
1024,1142,2398.8
1024,1143,2526.6
1024,1144,3197.6
1024,1145,3307.3
1024,1146,3180.7
1024,1147,3421.1
1024,1148,3444.7
1024,1149,3503.5
1024,1150,3545.9
1024,1151,4417.9
1024,1152,3563.4
1024,1153,3528.3
1024,1154,3576.7
1024,1155,3587.0
1024,1156,2525.4
1024,1157,2613.8
1024,1158,2490.3
1024,1159,2563.6
1024,1160,2430.3
1024,1161,2614.4
1024,1162,2469.1
1024,1163,2464.2
1024,1164,3516.8
1024,1165,3212.2
1024,1166,3464.7
1024,1167,3292.1
1024,1168,4104.8
1024,1169,4405.8
1024,1170,3564.0
1024,1171,3228.5
1024,1172,3511.3
1024,1173,3541.0
1024,1174,2543.6
1024,1175,2511.5
1024,1176,2407.9
1024,1177,2546.6
1024,1178,2566.0
1024,1179,2538.7
1024,1180,2419.4
1024,1181,2573.2
1024,1182,3543.4
1024,1183,3505.3
1024,1184,3309.7
1024,1185,3284.8
1024,1186,3635.5
1024,1187,3492.6
1024,1188,3439.9
1024,1189,3481.7
1024,1190,3496.8
1024,1191,4536.0
1024,1192,3556.8
1024,1193,3530.7
1024,1194,2654.4
1024,1195,2624.1
1024,1196,2550.2
1024,1197,2628.4
1024,1198,2513.3
1024,1199,2606.6
1024,1200,2578.7
1024,1201,2486.0
1024,1202,3148.0
1024,1203,3492.0
1024,1204,3332.7
1024,1205,3493.8
1024,1206,3450.2
1024,1207,3559.8
1024,1208,4588.1
1024,1209,3713.6
1024,1210,3642.8
1024,1211,3453.2
1024,1212,3745.1
1024,1213,2704.7
1024,1214,2624.7
1024,1215,2874.8
1024,1216,2759.2
1024,1217,2738.6
1024,1218,2779.2
1024,1219,2598.7
1024,1220,2647.7
1024,1221,2693.8
1024,1222,2732.5
1024,1223,2713.1
1024,1224,2658.0
1024,1225,2627.8
1024,1226,2602.3
1024,1227,3563.4
1024,1228,4949.7
1024,1229,3617.3
1024,1230,5288.2
1024,1231,8244.8
1024,1232,6940.9
1024,1233,8510.7
1024,1234,3705.7
1024,1235,3376.3
1024,1236,3582.8
1024,1237,3614.3
1024,1238,3567.1
1024,1239,3550.7
1024,1240,2619.9
1024,1241,3728.2
1024,1242,2771.9
1024,1243,2622.3
1024,1244,2672.0
1024,1245,2681.0
1024,1246,2588.4
1024,1247,2750.7
1024,1248,2649.6
1024,1249,2673.2
1024,1250,3292.1
1024,1251,3375.1
1024,1252,3250.3
1024,1253,3625.8
1024,1254,3500.4
1024,1255,3582.2
1024,1256,3533.8
1024,1257,3611.3
1024,1258,3608.2
1024,1259,4352.5
1024,1260,3366.0
1024,1261,3748.1
1024,1262,2699.8
1024,1263,2739.2
1024,1264,2613.2
1024,1265,2644.7
1024,1266,2758.6
1024,1267,2638.7
1024,1268,2712.5
1024,1269,2682.3
1024,1270,3287.3
1024,1271,3260.0
1024,1272,3248.5
1024,1273,3223.1
1024,1274,3596.1
1024,1275,3602.8
1024,1276,3589.5
1024,1277,3598.6
1024,1278,4259.3
1024,1279,3810.5
1024,1280,3740.9
1024,1281,3788.1
1024,1282,2737.4
1024,1283,2696.2
1024,1284,2627.1
1024,1285,2644.7
1024,1286,2593.2
1024,1287,2475.7
1024,1288,3524.1
1024,1289,3255.8
1024,1290,3249.7
1024,1291,3495.0
1024,1292,3437.5
1024,1293,3637.9
1024,1294,3531.3
1024,1295,3413.8
1024,1296,4393.7
1024,1297,4095.8
1024,1298,2512.1
1024,1299,2556.9
1024,1300,2581.1
1024,1301,2761.6
1024,1302,2410.9
1024,1303,2618.7
1024,1304,2507.8
1024,1305,3454.4
1024,1306,3324.8
1024,1307,3306.0
1024,1308,3550.1
1024,1309,3457.4
1024,1310,3433.8
1024,1311,3499.2
1024,1312,3552.5
1024,1313,3502.3
1024,1314,4582.1
1024,1315,3415.7
1024,1316,3723.3
1024,1317,2681.0
1024,1318,2542.4
1024,1319,2799.1
1024,1320,2668.3
1024,1321,2690.1
1024,1322,2662.9
1024,1323,2637.4
1024,1324,2626.5
1024,1325,3303.0
1024,1326,3375.7
1024,1327,3247.9
1024,1328,3536.8
1024,1329,3437.5
1024,1330,3484.7
1024,1331,3460.5
1024,1332,3395.1
1024,1333,3541.6
1024,1334,4419.2
1024,1335,3650.0
1024,1336,3235.2
1024,1337,2601.7
1024,1338,2606.6
1024,1339,2507.8
1024,1340,2525.4
1024,1341,2525.4
1024,1342,2363.7
1024,1343,2501.8
1024,1344,2447.3
1024,1345,3155.8
1024,1346,3543.4
1024,1347,3298.2
1024,1348,3584.0
1024,1349,3561.6
1024,1350,3427.2
1024,1351,3443.5
1024,1352,3409.0
1024,1353,4393.1
1024,1354,3291.5
1024,1355,3244.9
1024,1356,3549.5
1024,1357,3567.1
1024,1358,2566.6
1024,1359,2494.5
1024,1360,2524.2
1024,1361,2516.9
1024,1362,2554.5
1024,1363,2519.3
1024,1364,2430.9
1024,1365,2468.5
1024,1366,3114.7
1024,1367,3336.3
1024,1368,3367.8
1024,1369,3361.2
1024,1370,3470.2
1024,1371,3470.8
1024,1372,3465.9
1024,1373,3547.1
1024,1374,3424.1
1024,1375,4117.6
1024,1376,4358.0
1024,1377,3492.6
1024,1378,3282.4
1024,1379,2486.6
1024,1380,2583.5
1024,1381,2583.5
1024,1382,2472.1
1024,1383,2632.0
1024,1384,2506.0
1024,1385,2512.7
1024,1386,2587.8
1024,1387,3192.8
1024,1388,3436.2
1024,1389,3572.5
1024,1390,4094.5
1024,1391,4388.9
1024,1392,3218.8
1024,1393,3708.8
1024,1394,2587.2
1024,1395,2887.6
1024,1396,2447.9
1024,1397,2533.9
1024,1398,2378.2
1024,1399,6400.1
1024,1400,2662.9
1024,1401,2565.4
1024,1402,2513.9
1024,1403,3472.6
1024,1404,3381.7
1024,1405,3644.0
1024,1406,3353.3
1024,1407,3534.4
1024,1408,4055.2
1024,1409,3415.7
1024,1410,4177.5
1024,1411,3564.6
1024,1412,3293.3
1024,1413,3289.1
1024,1414,2560.5
1024,1415,2512.1
1024,1416,2529.0
1024,1417,2514.5
1024,1418,2487.3
1024,1419,2483.6
1024,1420,2426.7
1024,1421,2484.2
1024,1422,3423.5
1024,1423,3307.9
1024,1424,3538.0
1024,1425,3312.7
1024,1426,3426.0
1024,1427,3424.7
1024,1428,3432.6
1024,1429,4405.2
1024,1430,3511.9
1024,1431,3293.3
1024,1432,3592.5
1024,1433,3359.3
1024,1434,2613.2
1024,1435,2500.0
1024,1436,2467.3
1024,1437,2486.0
1024,1438,2550.8
1024,1439,2472.1
1024,1440,2427.3
1024,1441,2380.1
1024,1442,3395.1
1024,1443,3390.2
1024,1444,3303.6
1024,1445,3268.5
1024,1446,3390.8
1024,1447,3403.5
1024,1448,3503.5
1024,1449,3491.4
1024,1450,4475.5
1024,1451,3521.0
1024,1452,3515.0
1024,1453,3265.5
1024,1454,3498.6
1024,1455,2592.6
1024,1456,2533.9
1024,1457,2439.4
1024,1458,2472.1
1024,1459,2458.8
1024,1460,2467.3
1024,1461,2554.5
1024,1462,2412.2
1024,1463,3401.7
1024,1464,3329.7
1024,1465,3137.7
1024,1466,3517.4
1024,1467,3373.3
1024,1468,3438.1
1024,1469,3564.0
1024,1470,3421.7
1024,1471,3421.7
1024,1472,4398.6
1024,1473,3256.4
1024,1474,3634.3
1024,1475,3475.0
1024,1476,2633.2
1024,1477,2582.3
1024,1478,2544.2
1024,1479,2536.9
1024,1480,2536.3
1024,1481,2523.6
1024,1482,2532.7
1024,1483,2481.2
1024,1484,3129.8
1024,1485,3542.2
1024,1486,3172.8
1024,1487,3567.1
1024,1488,3426.0
1024,1489,3378.1
1024,1490,4107.9
1024,1491,4363.4
1024,1492,3512.6
1024,1493,3590.7
1024,1494,3283.0
1024,1495,2589.6
1024,1496,2477.6
1024,1497,2611.4
1024,1498,2647.7
1024,1499,2454.5
1024,1500,2474.5
1024,1501,4518.5
1024,1502,10271.2
1024,1503,3255.2
1024,1504,3330.9
1024,1505,3432.6
1024,1506,3184.9
1024,1507,3423.5
1024,1508,3450.2
1024,1509,4210.8
1024,1510,4444.0
1024,1511,3644.6
1024,1512,3602.8
1024,1513,3263.0
1024,1514,2612.6
1024,1515,2569.6
1024,1516,2672.6
1024,1517,2516.3
1024,1518,2500.6
1024,1519,2524.2
1024,1520,2406.7
1024,1521,2413.4
1024,1522,3486.5
1024,1523,3352.1
1024,1524,3421.7
1024,1525,3521.0
1024,1526,3493.2
1024,1527,3478.6
1024,1528,3434.4
1024,1529,4428.8
1024,1530,3564.6
1024,1531,3285.4
1024,1532,3588.9
1024,1533,2645.9
1024,1534,2529.0
1024,1535,2621.7
1024,1536,2449.1
1024,1537,2435.8
1024,1538,2587.2
1024,1539,2456.4
1024,1540,2574.5
1024,1541,3214.6
1024,1542,3316.9
1024,1543,3542.8
1024,1544,3287.9
1024,1545,3404.2
1024,1546,3491.4
1024,1547,3473.2
1024,1548,3481.1
1024,1549,4527.0
1024,1550,3558.6
1024,1551,3278.2
1024,1552,3252.1
1024,1553,2444.9
1024,1554,2547.8
1024,1555,2579.3
1024,1556,2488.5
1024,1557,2503.0
1024,1558,2448.5
1024,1559,2481.2
1024,1560,2494.5
1024,1561,3343.6
1024,1562,3333.9
1024,1563,3407.8
1024,1564,3343.0
1024,1565,3542.2
1024,1566,3452.6
1024,1567,3445.3
1024,1568,4136.9
1024,1569,4138.2
1024,1570,4446.4
1024,1571,3542.8
1024,1572,3574.3
1024,1573,2610.8
1024,1574,2554.5
1024,1575,2518.1
1024,1576,2508.4
1024,1577,2529.0
1024,1578,2474.5
1024,1579,2452.1
1024,1580,2473.3
1024,1581,3499.8
1024,1582,3292.1
1024,1583,3517.4
1024,1584,3353.3
1024,1585,3458.7
1024,1586,3614.3
1024,1587,3452.6
1024,1588,3442.9
1024,1589,4483.4
1024,1590,3476.8
1024,1591,3605.8
1024,1592,3301.8
1024,1593,2571.4
1024,1594,2781.6
1024,1595,2590.2
1024,1596,2514.5
1024,1597,2621.1
1024,1598,2506.6
1024,1599,2489.7
1024,1600,2432.7
1024,1601,3137.1
1024,1602,3506.5
1024,1603,3370.8
1024,1604,3338.1
1024,1605,3558.6
1024,1606,3426.0
1024,1607,3424.1
1024,1608,3513.8
1024,1609,3409.6
1024,1610,4448.8
1024,1611,3568.9
1024,1612,3322.4
1024,1613,2649.6
1024,1614,2578.1
1024,1615,2514.5
1024,1616,2513.3
1024,1617,2490.3
1024,1618,2477.0
1024,1619,2584.8
1024,1620,2490.9
1024,1621,3495.6
1024,1622,3447.8
1024,1623,3386.6
1024,1624,3340.0
1024,1625,3430.2
1024,1626,3481.7
1024,1627,3579.2
1024,1628,3443.5
1024,1629,3509.5
1024,1630,4123.0
1024,1631,4460.3
1024,1632,3554.9
1024,1633,3525.9
1024,1634,2590.2
1024,1635,2507.8
1024,1636,2499.4
1024,1637,2577.5
1024,1638,2407.3
1024,1639,2529.0
1024,1640,2460.0
1024,1641,2570.8
1024,1642,3265.5
1024,1643,3343.0
1024,1644,3482.9
1024,1645,3564.6
1024,1646,3428.4
1024,1647,4167.8
1024,1648,4419.2
1024,1649,3568.3
1024,1650,3585.8
1024,1651,2552.7
1024,1652,2591.4
1024,1653,2582.9
1024,1654,2446.7
1024,1655,2556.9
1024,1656,2553.3
1024,1657,2550.8
1024,1658,2512.1
1024,1659,3332.1
1024,1660,3526.5
1024,1661,3599.8
1024,1662,3523.5
1024,1663,4123.6
1024,1664,4145.4
1024,1665,4098.2
1024,1666,4136.3
1024,1667,4433.1
1024,1668,3524.1
1024,1669,3332.7
1024,1670,2515.7
1024,1671,2645.3
1024,1672,2556.3
1024,1673,2543.0
1024,1674,2490.3
1024,1675,2450.3
1024,1676,2419.4
1024,1677,2532.7
1024,1678,3145.6
1024,1679,3327.2
1024,1680,3552.5
1024,1681,3318.2
1024,1682,3551.9
1024,1683,3412.0
1024,1684,3439.9
1024,1685,4192.1
1024,1686,4374.9
1024,1687,3615.5
1024,1688,3246.7
1024,1689,2649.6
1024,1690,2698.6
1024,1691,4470.6
1024,1692,2481.2
1024,1693,2627.8
1024,1694,2479.4
1024,1695,2542.4
1024,1696,4814.6
1024,1697,8032.8
1024,1698,2638.7
1024,1699,2471.5
1024,1700,2467.9
1024,1701,2515.1
1024,1702,2539.9
1024,1703,2510.3
1024,1704,2483.6
1024,1705,2483.0
1024,1706,3582.2
1024,1707,3543.4
1024,1708,3570.7
1024,1709,3565.8
1024,1710,4129.7
1024,1711,4421.6
1024,1712,3464.7
1024,1713,3569.5
1024,1714,3307.9
1024,1715,2531.5
1024,1716,2440.6
1024,1717,2551.4
1024,1718,2436.4
1024,1719,2440.0
1024,1720,2469.7
1024,1721,2550.2
1024,1722,2582.9
1024,1723,3430.2
1024,1724,3292.7
1024,1725,3379.3
1024,1726,3569.5
1024,1727,3453.8
1024,1728,3508.3
1024,1729,4156.9
1024,1730,4456.7
1024,1731,3184.9
1024,1732,3461.7
1024,1733,3641.6
1024,1734,2590.2
1024,1735,2555.7
1024,1736,2526.6
1024,1737,2601.7
1024,1738,2610.2
1024,1739,2521.8
1024,1740,2529.0
1024,1741,2518.1
1024,1742,3501.7
1024,1743,3359.9
1024,1744,4144.2
1024,1745,4079.4
1024,1746,4135.1
1024,1747,4494.9
1024,1748,3586.4
1024,1749,3594.3
1024,1750,3492.6
1024,1751,2567.2
1024,1752,2520.6
1024,1753,2482.4
1024,1754,2485.4
1024,1755,2503.6
1024,1756,2452.7
1024,1757,2578.1
1024,1758,2445.5
1024,1759,3500.4
1024,1760,3352.7
1024,1761,3293.3
1024,1762,3606.4
1024,1763,3410.8
1024,1764,4121.8
1024,1765,4188.4
1024,1766,4359.8
1024,1767,3261.2
1024,1768,3613.7
1024,1769,3572.5
1024,1770,2653.8
1024,1771,2508.4
1024,1772,2457.6
1024,1773,2505.4
1024,1774,2432.7
1024,1775,2611.4
1024,1776,2468.5
1024,1777,2430.3
1024,1778,3339.3
1024,1779,3334.5
1024,1780,3504.7
1024,1781,3353.9
1024,1782,3501.7
1024,1783,3525.3
1024,1784,4201.7
1024,1785,3343.0
1024,1786,3329.7
1024,1787,3278.2
1024,1788,3558.6
1024,1789,2602.3
1024,1790,2569.0
1024,1791,2625.3
1024,1792,2504.2
1024,1793,2513.9
1024,1794,3588.3
1024,1795,3295.1
1024,1796,3529.5
1024,1797,3616.7
1024,1798,3240.6
1024,1799,3470.8
1024,1800,3105.6
1024,1801,3259.4
1024,1802,4502.7
1024,1803,4144.2
1024,1804,2643.5
1024,1805,2662.9
1024,1806,2619.3
1024,1807,2601.1
1024,1808,2487.3
1024,1809,2495.1
1024,1810,2588.4
1024,1811,3518.6
1024,1812,3359.3
1024,1813,3638.5
1024,1814,3329.1
1024,1815,3539.8
1024,1816,3422.9
1024,1817,3500.4
1024,1818,3521.6
1024,1819,4216.3
1024,1820,4091.5
1024,1821,4236.3
1024,1822,3318.2
1024,1823,3656.7
1024,1824,3515.0
1024,1825,2547.2
1024,1826,2504.8
1024,1827,2506.0
1024,1828,2530.9
1024,1829,2532.1
1024,1830,2501.2
1024,1831,2538.7
1024,1832,2463.0
1024,1833,3190.4
1024,1834,4514.8
1024,1835,3541.6
1024,1836,3550.1
1024,1837,2475.7
1024,1838,2471.5
1024,1839,2526.6
1024,1840,2551.4
1024,1841,2553.9
1024,1842,2466.7
1024,1843,2526.6
1024,1844,2465.5
1024,1845,3537.4
1024,1846,3563.4
1024,1847,3542.8
1024,1848,3321.8
1024,1849,3498.6
1024,1850,4460.3
1024,1851,3290.3
1024,1852,3280.0
1024,1853,3706.4
1024,1854,2510.3
1024,1855,2523.6
1024,1856,2539.9
1024,1857,2533.9
1024,1858,2574.5
1024,1859,2463.0
1024,1860,2461.8
1024,1861,2562.3
1024,1862,3491.4
1024,1863,3349.6
1024,1864,3316.3
1024,1865,3561.6
1024,1866,3507.7
1024,1867,4445.2
1024,1868,3598.6
1024,1869,3367.2
1024,1870,3284.2
1024,1871,3257.6
1024,1872,2473.9
1024,1873,2529.0
1024,1874,2490.9
1024,1875,2480.0
1024,1876,2469.7
1024,1877,2528.4
1024,1878,2431.5
1024,1879,2449.7
1024,1880,3452.0
1024,1881,3311.5
1024,1882,3364.2
1024,1883,3330.9
1024,1884,3636.7
1024,1885,3596.7
1024,1886,4103.6
1024,1887,4445.2
1024,1888,3198.2
1024,1889,3495.0
1024,1890,3268.5
1024,1891,2641.1
1024,1892,2567.8
1024,1893,2593.2
1024,1894,2521.8
1024,1895,2510.3
1024,1896,2507.2
1024,1897,2573.2
1024,1898,2553.3
1024,1899,3473.2
1024,1900,3542.2
1024,1901,3581.6
1024,1902,3310.3
1024,1903,3511.3
1024,1904,3406.6
1024,1905,3514.4
1024,1906,3472.0
1024,1907,3422.3
1024,1908,4136.9
1024,1909,4538.5
1024,1910,3583.4
1024,1911,3599.2
1024,1912,2532.1
1024,1913,2497.5
1024,1914,2536.9
1024,1915,2486.6
1024,1916,2522.4
1024,1917,2593.8
1024,1918,2470.9
1024,1919,2535.7
1024,1920,3217.0
1024,1921,3560.4
1024,1922,3358.7
1024,1923,3287.9
1024,1924,3487.7
1024,1925,4494.3
1024,1926,3233.4
1024,1927,3339.3
1024,1928,2532.7
1024,1929,2482.4
1024,1930,2498.2
1024,1931,2464.2
1024,1932,2452.7
1024,1933,2506.0
1024,1934,2424.9
1024,1935,2470.3
1024,1936,3485.9
1024,1937,3500.4
1024,1938,3389.0
1024,1939,4123.6
1024,1940,4401.0
1024,1941,3338.1
1024,1942,3544.7
1024,1943,3281.2
1024,1944,3508.3
1024,1945,3550.7
1024,1946,2593.8
1024,1947,2504.8
1024,1948,2469.1
1024,1949,2457.0
1024,1950,2434.0
1024,1951,2469.1
1024,1952,2482.4
1024,1953,2550.2
1024,1954,3345.4
1024,1955,3655.5
1024,1956,3447.8
1024,1957,3375.1
1024,1958,3519.2
1024,1959,3524.7
1024,1960,4451.3
1024,1961,3539.2
1024,1962,3581.0
1024,1963,3640.3
1024,1964,2568.4
1024,1965,2572.0
1024,1966,2458.8
1024,1967,2508.4
1024,1968,2423.7
1024,1969,2419.4
1024,1970,2498.2
1024,1971,2466.1
1024,1972,3481.7
1024,1973,3363.0
1024,1974,3181.3
1024,1975,3321.8
1024,1976,3415.7
1024,1977,3498.6
1024,1978,3481.1
1024,1979,3428.4
1024,1980,4429.5
1024,1981,3636.1
1024,1982,3565.8
1024,1983,2585.4
1024,1984,2489.7
1024,1985,2469.1
1024,1986,2544.8
1024,1987,6165.1
1024,1988,2850.0
1024,1989,2647.7
1024,1990,2685.3
1024,1991,3472.6
1024,1992,3533.8
1024,1993,3379.3
1024,1994,3318.8
1024,1995,3453.2
1024,1996,3455.0
1024,1997,3587.0
1024,1998,3518.6
1024,1999,3427.2
4096,0,5050.8
4096,1,6061.6
4096,2,5502.6
4096,3,5358.5
4096,4,6584.2
4096,5,5852.0
4096,6,5883.5
4096,7,5448.1
4096,8,5448.7
4096,9,5214.3
4096,10,5427.5
4096,11,5145.3
4096,12,5107.7
4096,13,5154.4
4096,14,5502.6
4096,15,5655.2
4096,16,5201.0
4096,17,5216.1
4096,18,5159.2
4096,19,5149.5
4096,20,5824.8
4096,21,6378.9
4096,22,5194.9
4096,23,5277.9
4096,24,5257.3
4096,25,5204.0
4096,26,5170.7
4096,27,5170.7
4096,28,5155.6
4096,29,5201.6
4096,30,5529.9
4096,31,5239.2
4096,32,5174.4
4096,33,5988.9
4096,34,5488.1
4096,35,5506.2
4096,36,5661.9
4096,37,5515.3
4096,38,5467.5
4096,39,5148.3
4096,40,5579.5
4096,41,5136.8
4096,42,5426.9
4096,43,5113.8
4096,44,5506.2
4096,45,5394.2
4096,46,5356.6
4096,47,5730.3
4096,48,5623.1
4096,49,5772.1
4096,50,5104.1
4096,51,5948.9
4096,52,5132.6
4096,53,5356.0
4096,54,5472.9
4096,55,5608.0
4096,56,5684.9
4096,57,5529.9
4096,58,5397.8
4096,59,5463.8
4096,60,5151.3
4096,61,5976.8
4096,62,5167.7
4096,63,5085.9
4096,64,5339.7
4096,65,5185.9
4096,66,5448.7
4096,67,5463.8
4096,68,5125.3
4096,69,5078.1
4096,70,5119.2
4096,71,5147.1
4096,72,5976.8
4096,73,5210.1
4096,74,5648.6
4096,75,5309.4
4096,76,5850.2
4096,77,5560.7
4096,78,5405.7
4096,79,5955.0
4096,80,5105.9
4096,81,6002.2
4096,82,5097.4
4096,83,5204.0
4096,84,5429.3
4096,85,5090.2
4096,86,5239.2
4096,87,5115.0
4096,88,5764.2
4096,89,5547.4
4096,90,5770.3
4096,91,5104.1
4096,92,5208.3
4096,93,5582.5
4096,94,5526.8
4096,95,5124.7
4096,96,5347.0
4096,97,5889.0
4096,98,5860.5
4096,99,5265.8
4096,100,5579.5
4096,101,5687.3
4096,102,5454.1
4096,103,5635.8
4096,104,5337.3
4096,105,6483.7
4096,106,5488.1
4096,107,5933.2
4096,108,5298.5
4096,109,5903.5
4096,110,6073.1
4096,111,5780.6
4096,112,6363.2
4096,113,5480.8
4096,114,5351.2
4096,115,5979.2
4096,116,5448.7
4096,117,5650.4
4096,118,5648.6
4096,119,5634.6
4096,120,5669.7
4096,121,5873.2
4096,122,6501.3
4096,123,5817.5
4096,124,6333.5
4096,125,5610.4
4096,126,5655.2
4096,127,6276.6
4096,128,5601.3
4096,129,6007.7
4096,130,6085.2
4096,131,5881.1
4096,132,5589.2
4096,133,5877.5
4096,134,6469.8
4096,135,5881.7
4096,136,6140.9
4096,137,6287.5
4096,138,5437.2
4096,139,5425.7
4096,140,5681.9
4096,141,5339.1
4096,142,5483.2
4096,143,5391.2
4096,144,7544.7
4096,145,6074.3
4096,146,5524.4
4096,147,5931.4
4096,148,5208.3
4096,149,5069.6
4096,150,5959.2
4096,151,5503.8
4096,152,5194.3
4096,153,5558.9
4096,154,5145.3
4096,155,5127.1
4096,156,5227.0
4096,157,5168.9
4096,158,5648.6
4096,159,5359.1
4096,160,5751.5
4096,161,5850.2
4096,162,5155.0
4096,163,5332.4
4096,164,5348.8
4096,165,5776.3
4096,166,5497.1
4096,167,6185.7
4096,168,5511.7
4096,169,6003.4
4096,170,5697.6
4096,171,5380.9
4096,172,5895.0
4096,173,5652.8
4096,174,5403.3
4096,175,5678.8
4096,176,5666.7
4096,177,5921.7
4096,178,6839.2
4096,179,6208.7
4096,180,5585.6
4096,181,5382.1
4096,182,6014.9
4096,183,5395.4
4096,184,5743.0
4096,185,6082.2
4096,186,5722.4
4096,187,5601.9
4096,188,5354.8
4096,189,5639.5
4096,190,5431.7
4096,191,5667.9
4096,192,5422.7
4096,193,5490.5
4096,194,5349.4
4096,195,5823.0
4096,196,5434.2
4096,197,5479.0
4096,198,5184.0
4096,199,5142.3
4096,200,5603.1
4096,201,305187.1
4096,202,11122.7
4096,203,11747.7
4096,204,10789.6
4096,205,9482.7
4096,206,6460.7
4096,207,5319.7
4096,208,5471.7
4096,209,5284.6
4096,210,5154.4
4096,211,5159.2
4096,212,5624.9
4096,213,5327.0
4096,214,5410.5
4096,215,5170.7
4096,216,5660.7
4096,217,5681.3
4096,218,5234.3
4096,219,5448.1
4096,220,5896.2
4096,221,5875.1
4096,222,5567.4
4096,223,4877.6
4096,224,5117.4
4096,225,5259.7
4096,226,5308.8
4096,227,5310.0
4096,228,6130.6
4096,229,5106.5
4096,230,5630.4
4096,231,5460.8
4096,232,4296.2
4096,233,5471.7
4096,234,5050.8
4096,235,5749.7
4096,236,5145.3
4096,237,5326.4
4096,238,5345.1
4096,239,5348.8
4096,240,5459.6
4096,241,5196.8
4096,242,5132.0
4096,243,5583.1
4096,244,5225.8
4096,245,5125.9
4096,246,5662.5
4096,247,5192.5
4096,248,5375.4
4096,249,5614.0
4096,250,5477.8
4096,251,6035.5
4096,252,5136.8
4096,253,5062.9
4096,254,5352.4
4096,255,5122.3
4096,256,5478.4
4096,257,5183.4
4096,258,5419.0
4096,259,5611.6
4096,260,5099.3
4096,261,6621.8
4096,262,4647.5
4096,263,5685.5
4096,264,5657.6
4096,265,5164.1
4096,266,5750.3
4096,267,5266.4
4096,268,6005.3
4096,269,5179.2
4096,270,5160.4
4096,271,5274.9
4096,272,5417.8
4096,273,6466.1
4096,274,5254.3
4096,275,5274.3
4096,276,5360.3
4096,277,5253.1
4096,278,5215.5
4096,279,5423.3
4096,280,5601.9
4096,281,5460.8
4096,282,5456.6
4096,283,5823.0
4096,284,5811.5
4096,285,5142.9
4096,286,5209.5
4096,287,5142.3
4096,288,5155.6
4096,289,5204.6
4096,290,5441.4
4096,291,5480.8
4096,292,5390.6
4096,293,5901.7
4096,294,6062.2
4096,295,5731.5
4096,296,5551.7
4096,297,5936.2
4096,298,5317.3
4096,299,5363.3
4096,300,5398.4
4096,301,6054.3
4096,302,5333.6
4096,303,6057.9
4096,304,6093.7
4096,305,5875.1
4096,306,6299.0
4096,307,5461.4
4096,308,5299.7
4096,309,5412.4
4096,310,6158.5
4096,311,5983.5
4096,312,5881.7
4096,313,6267.5
4096,314,5311.2
4096,315,6103.4
4096,316,5651.6
4096,317,5338.5
4096,318,5929.0
4096,319,5886.6
4096,320,5697.6
4096,321,5513.5
4096,322,5623.1
4096,323,5410.5
4096,324,5379.1
4096,325,5677.0
4096,326,5861.1
4096,327,5422.7
4096,328,5898.1
4096,329,5381.5
4096,330,5409.3
4096,331,5392.4
4096,332,6056.7
4096,333,5190.7
4096,334,5222.8
4096,335,5348.8
4096,336,5667.3
4096,337,5191.9
4096,338,5343.3
4096,339,5194.3
4096,340,5933.8
4096,341,5489.3
4096,342,5725.5
4096,343,5191.3
4096,344,5371.8
4096,345,5234.9
4096,346,5342.1
4096,347,5867.2
4096,348,5707.3
4096,349,5376.6
4096,350,5422.1
4096,351,5099.3
4096,352,5200.4
4096,353,5326.4
4096,354,5139.2
4096,355,5525.0
4096,356,5722.4
4096,357,5728.5
4096,358,5456.0
4096,359,5724.3
4096,360,5655.2
4096,361,5768.5
4096,362,5717.6
4096,363,5515.9
4096,364,5336.7
4096,365,5342.1
4096,366,5271.3
4096,367,6316.5
4096,368,5209.5
4096,369,5506.2
4096,370,5089.0
4096,371,5345.7
4096,372,5391.8
4096,373,5369.4
4096,374,5124.7
4096,375,5176.2
4096,376,6249.9
4096,377,5515.9
4096,378,5300.3
4096,379,5594.7
4096,380,5196.8
4096,381,5198.6
4096,382,5561.3
4096,383,5678.2
4096,384,5182.2
4096,385,5766.0
4096,386,5537.1
4096,387,5089.0
4096,388,5443.9
4096,389,5218.0
4096,390,5346.4
4096,391,5196.8
4096,392,5325.8
4096,393,5647.9
4096,394,5213.7
4096,395,5196.8
4096,396,5174.4
4096,397,5176.8
4096,398,5355.4
4096,399,5363.3
4096,400,5218.6
4096,401,5909.6
4096,402,5416.0
4096,403,5593.4
4096,404,5706.7
4096,405,5450.5
4096,406,5519.6
4096,407,5703.1
4096,408,5429.9
4096,409,5260.4
4096,410,5404.5
4096,411,5868.4
4096,412,5274.3
4096,413,5202.2
4096,414,5188.9
4096,415,5670.4
4096,416,5125.9
4096,417,5144.1
4096,418,5796.9
4096,419,5406.9
4096,420,5586.2
4096,421,5319.1
4096,422,5707.9
4096,423,5933.2
4096,424,5128.9
4096,425,5580.1
4096,426,5153.8
4096,427,5222.8
4096,428,5118.6
4096,429,5787.2
4096,430,5657.6
4096,431,5104.1
4096,432,5790.3
4096,433,5918.0
4096,434,7251.6
4096,435,5699.4
4096,436,5520.2
4096,437,5287.6
4096,438,5172.5
4096,439,5821.2
4096,440,5853.2
4096,441,5387.5
4096,442,5608.0
4096,443,5489.3
4096,444,5158.6
4096,445,5170.1
4096,446,5818.7
4096,447,5755.1
4096,448,5520.8
4096,449,5211.3
4096,450,5073.2
4096,451,5198.0
4096,452,5208.9
4096,453,5269.4
4096,454,5200.4
4096,455,5162.8
4096,456,5317.9
4096,457,5271.9
4096,458,6254.2
4096,459,8319.9
4096,460,11558.7
4096,461,7054.2
4096,462,6290.5
4096,463,28870.2
4096,464,6951.8
4096,465,6013.7
4096,466,5830.2
4096,467,5300.3
4096,468,6005.9
4096,469,5155.6
4096,470,5506.8
4096,471,5782.4
4096,472,5543.8
4096,473,5268.2
4096,474,5161.6
4096,475,5446.9
4096,476,5353.0
4096,477,5220.4
4096,478,5569.8
4096,479,5965.3
4096,480,5119.9
4096,481,5451.1
4096,482,5562.6
4096,483,5658.8
4096,484,5164.7
4096,485,5459.0
4096,486,5218.6
4096,487,5513.5
4096,488,5165.9
4096,489,5237.9
4096,490,5373.0
4096,491,5215.5
4096,492,5898.7
4096,493,5778.8
4096,494,5432.3
4096,495,5132.6
4096,496,5535.9
4096,497,5610.4
4096,498,5231.9
4096,499,5559.5
4096,500,5178.6
4096,501,5691.5
4096,502,5851.4
4096,503,5150.1
4096,504,5692.8
4096,505,5265.8
4096,506,5558.9
4096,507,5126.5
4096,508,5823.0
4096,509,5201.0
4096,510,5402.7
4096,511,5667.3
4096,512,5985.9
4096,513,5702.5
4096,514,5219.2
4096,515,5998.6
4096,516,5207.7
4096,517,5224.0
4096,518,5171.3
4096,519,5988.9
4096,520,5153.2
4096,521,5436.0
4096,522,5172.5
4096,523,5242.2
4096,524,5326.4
4096,525,5115.6
4096,526,5294.9
4096,527,5182.8
4096,528,5126.5
4096,529,5674.0
4096,530,5501.4
4096,531,5738.8
4096,532,5548.0
4096,533,5207.1
4096,534,5497.8
4096,535,5323.3
4096,536,5474.7
4096,537,5195.6
4096,538,5333.6
4096,539,5161.0
4096,540,5423.3
4096,541,5146.5
4096,542,5234.9
4096,543,5253.1
4096,544,5482.0
4096,545,5399.0
4096,546,5038.1
4096,547,5196.8
4096,548,5348.8
4096,549,5237.9
4096,550,5804.2
4096,551,5150.1
4096,552,5526.2
4096,553,5199.2
4096,554,5660.7
4096,555,5222.2
4096,556,5107.1
4096,557,5730.3
4096,558,5543.2
4096,559,5358.5
4096,560,5395.4
4096,561,5218.0
4096,562,5208.9
4096,563,5907.8
4096,564,5583.8
4096,565,5457.8
4096,566,5853.9
4096,567,5269.4
4096,568,5641.9
4096,569,5573.5
4096,570,5491.7
4096,571,5772.1
4096,572,6538.8
4096,573,5376.6
4096,574,5420.2
4096,575,5408.1
4096,576,5454.1
4096,577,6033.1
4096,578,5405.1
4096,579,5690.9
4096,580,5436.0
4096,581,5630.4
4096,582,5449.9
4096,583,5714.0
4096,584,5417.8
4096,585,5893.2
4096,586,6313.5
4096,587,5181.0
4096,588,5482.0
4096,589,5733.3
4096,590,5813.9
4096,591,5873.2
4096,592,5386.3
4096,593,5589.2
4096,594,5423.9
4096,595,5812.7
4096,596,6153.0
4096,597,5224.6
4096,598,5355.4
4096,599,5404.5
4096,600,5488.7
4096,601,7611.9
4096,602,5334.2
4096,603,5869.0
4096,604,5399.6
4096,605,5756.4
4096,606,5709.1
4096,607,6083.4
4096,608,5390.0
4096,609,5652.2
4096,610,5890.8
4096,611,5622.5
4096,612,5471.7
4096,613,5434.8
4096,614,5966.5
4096,615,5570.4
4096,616,5791.5
4096,617,5481.4
4096,618,5770.9
4096,619,5425.7
4096,620,5455.4
4096,621,5776.9
4096,622,5502.6
4096,623,5896.2
4096,624,5635.2
4096,625,5479.6
4096,626,5656.4
4096,627,5417.8
4096,628,5356.6
4096,629,5816.9
4096,630,5466.9
4096,631,5742.4
4096,632,5478.4
4096,633,5472.9
4096,634,5346.4
4096,635,5461.4
4096,636,6008.9
4096,637,5445.7
4096,638,6298.4
4096,639,5939.9
4096,640,5373.6
4096,641,5791.5
4096,642,5392.4
4096,643,5911.4
4096,644,5657.0
4096,645,5582.5
4096,646,5273.1
4096,647,5521.4
4096,648,5512.9
4096,649,5242.2
4096,650,5480.2
4096,651,5367.5
4096,652,5308.2
4096,653,5143.5
4096,654,5149.5
4096,655,5366.9
4096,656,5424.5
4096,657,5176.2
4096,658,5141.0
4096,659,5115.6
4096,660,5300.9
4096,661,5448.1
4096,662,5821.2
4096,663,5796.3
4096,664,5445.1
4096,665,5678.2
4096,666,5197.4
4096,667,5208.3
4096,668,5449.3
4096,669,5333.0
4096,670,5876.3
4096,671,5165.3
4096,672,5829.6
4096,673,5532.3
4096,674,5469.9
4096,675,5629.8
4096,676,5445.1
4096,677,5127.1
4096,678,5238.6
4096,679,5695.2
4096,680,5596.5
4096,681,5208.3
4096,682,5757.0
4096,683,5469.9
4096,684,5168.3
4096,685,5195.6
4096,686,5589.2
4096,687,5179.8
4096,688,5124.1
4096,689,5541.4
4096,690,5348.2
4096,691,5182.8
4096,692,5167.1
4096,693,5752.7
4096,694,5205.2
4096,695,5408.1
4096,696,5335.4
4096,697,5276.1
4096,698,5374.2
4096,699,5287.0
4096,700,5234.9
4096,701,5170.7
4096,702,5753.3
4096,703,5194.9
4096,704,5598.9
4096,705,5557.1
4096,706,5147.1
4096,707,5313.0
4096,708,5469.3
4096,709,5435.4
4096,710,5380.9
4096,711,5739.4
4096,712,5168.9
4096,713,5254.3
4096,714,5088.4
4096,715,5342.1
4096,716,5156.8
4096,717,5858.7
4096,718,5607.4
4096,719,5337.9
4096,720,5878.1
4096,721,5245.8
4096,722,5429.9
4096,723,5135.6
4096,724,5198.6
4096,725,5885.3
4096,726,5301.5
4096,727,5234.3
4096,728,5553.5
4096,729,5810.3
4096,730,6225.1
4096,731,5278.5
4096,732,5377.2
4096,733,5491.1
4096,734,5192.5
4096,735,5692.8
4096,736,5155.0
4096,737,5428.1
4096,738,5508.7
4096,739,5433.0
4096,740,5577.1
4096,741,6360.8
4096,742,5874.4
4096,743,5364.5
4096,744,5204.6
4096,745,5431.1
4096,746,5572.8
4096,747,5234.9
4096,748,5637.0
4096,749,5157.4
4096,750,5601.3
4096,751,5321.5
4096,752,5108.3
4096,753,5176.2
4096,754,5465.7
4096,755,5694.0
4096,756,5696.4
4096,757,6180.3
4096,758,5206.5
4096,759,5138.0
4096,760,5289.4
4096,761,5790.3
4096,762,5355.4
4096,763,5127.1
4096,764,5209.5
4096,765,5165.9
4096,766,5302.1
4096,767,5213.7
4096,768,5495.3
4096,769,5191.3
4096,770,5096.2
4096,771,5196.2
4096,772,5668.5
4096,773,6337.7
4096,774,5508.0
4096,775,7423.0
4096,776,5148.3
4096,777,5529.9
4096,778,5101.7
4096,779,5417.8
4096,780,5156.2
4096,781,5228.3
4096,782,5250.7
4096,783,5179.8
4096,784,5342.1
4096,785,6421.9
4096,786,5510.5
4096,787,5147.7
4096,788,6010.7
4096,789,5207.7
4096,790,5125.3
4096,791,5842.3
4096,792,5867.2
4096,793,5144.1
4096,794,5442.6
4096,795,5198.0
4096,796,5210.1
4096,797,5138.6
4096,798,5562.6
4096,799,5186.5
4096,800,5469.3
4096,801,5344.5
4096,802,5370.0
4096,803,5795.1
4096,804,5451.1
4096,805,5327.6
4096,806,5184.7
4096,807,5554.1
4096,808,6110.0
4096,809,5221.6
4096,810,5262.8
4096,811,5426.3
4096,812,5152.6
4096,813,5841.7
4096,814,5509.3
4096,815,5700.6
4096,816,5319.1
4096,817,5941.7
4096,818,5156.8
4096,819,6200.9
4096,820,5491.7
4096,821,5522.0
4096,822,5502.6
4096,823,5388.7
4096,824,5455.4
4096,825,5374.8
4096,826,5689.7
4096,827,5442.6
4096,828,5523.8
4096,829,5853.2
4096,830,5714.6
4096,831,5403.3
4096,832,5455.4
4096,833,5527.4
4096,834,6180.9
4096,835,5369.4
4096,836,5442.6
4096,837,5526.2
4096,838,5438.4
4096,839,6056.1
4096,840,6106.4
4096,841,5445.7
4096,842,5816.9
4096,843,6051.9
4096,844,5455.4
4096,845,5431.7
4096,846,5487.5
4096,847,5658.2
4096,848,5409.3
4096,849,5718.8
4096,850,5591.0
4096,851,5569.2
4096,852,5423.3
4096,853,5370.0
4096,854,5709.7
4096,855,5486.2
4096,856,5929.6
4096,857,5446.3
4096,858,5494.7
4096,859,5857.5
4096,860,5375.4
4096,861,5725.5
4096,862,5524.4
4096,863,5506.8
4096,864,5735.8
4096,865,5814.5
4096,866,5581.9
4096,867,5338.5
4096,868,5688.5
4096,869,5792.7
4096,870,5634.0
4096,871,5640.1
4096,872,5558.9
4096,873,5779.4
4096,874,5776.9
4096,875,5371.8
4096,876,6422.5
4096,877,5574.1
4096,878,5655.8
4096,879,5390.6
4096,880,5512.9
4096,881,5950.8
4096,882,6019.8
4096,883,6501.3
4096,884,5426.9
4096,885,6059.8
4096,886,5411.8
4096,887,5376.6
4096,888,5688.5
4096,889,5823.6
4096,890,5370.6
4096,891,5449.3
4096,892,5357.9
4096,893,5328.2
4096,894,5463.8
4096,895,5521.4
4096,896,5412.4
4096,897,5468.1
4096,898,5552.3
4096,899,5333.0
4096,900,5803.6
4096,901,5745.4
4096,902,5716.4
4096,903,6093.1
4096,904,6266.3
4096,905,5629.2
4096,906,5611.6
4096,907,5477.2
4096,908,5649.8
4096,909,5546.8
4096,910,6188.8
4096,911,5736.4
4096,912,6339.0
4096,913,5933.8
4096,914,6008.3
4096,915,6364.4
4096,916,5696.4
4096,917,6098.5
4096,918,6140.9
4096,919,6069.5
4096,920,6319.0
4096,921,5424.5
4096,922,5505.6
4096,923,5568.6
4096,924,5368.2
4096,925,5328.2
4096,926,5885.3
4096,927,5971.9
4096,928,5493.5
4096,929,5439.6
4096,930,5390.0
4096,931,5274.9
4096,932,5191.3
4096,933,5880.5
4096,934,5605.6
4096,935,5321.5
4096,936,5380.9
4096,937,5251.3
4096,938,5130.8
4096,939,5967.1
4096,940,5215.5
4096,941,6161.5
4096,942,5228.9
4096,943,5723.6
4096,944,5575.3
4096,945,7050.5
4096,946,5161.6
4096,947,5829.6
4096,948,5574.7
4096,949,5724.3
4096,950,5408.7
4096,951,5605.6
4096,952,5711.5
4096,953,5245.8
4096,954,5197.4
4096,955,5163.5
4096,956,5891.4
4096,957,5236.7
4096,958,6352.3
4096,959,5445.1
4096,960,5327.0
4096,961,5187.7
4096,962,5433.0
4096,963,5938.0
4096,964,5542.6
4096,965,5170.1
4096,966,5233.1
4096,967,5498.4
4096,968,5240.4
4096,969,5391.2
4096,970,5916.8
4096,971,5176.2
4096,972,5601.3
4096,973,5371.2
4096,974,5212.5
4096,975,5928.3
4096,976,5452.9
4096,977,5225.8
4096,978,5183.4
4096,979,5334.2
4096,980,5591.6
4096,981,5219.8
4096,982,5513.5
4096,983,5380.9
4096,984,5185.9
4096,985,5426.3
4096,986,5179.8
4096,987,5465.7
4096,988,5608.6
4096,989,5175.6
4096,990,5362.1
4096,991,5548.6
4096,992,5861.1
4096,993,5873.8
4096,994,5588.0
4096,995,5592.8
4096,996,5627.4
4096,997,5840.5
4096,998,5419.0
4096,999,5247.6
4096,1000,5289.4
4096,1001,5181.0
4096,1002,5499.0
4096,1003,5376.6
4096,1004,5209.5
4096,1005,5273.1
4096,1006,5184.0
4096,1007,5402.7
4096,1008,5574.7
4096,1009,5213.7
4096,1010,5431.1
4096,1011,5369.4
4096,1012,5963.5
4096,1013,5659.5
4096,1014,5788.4
4096,1015,5944.7
4096,1016,5505.6
4096,1017,5843.6
4096,1018,5810.9
4096,1019,5666.7
4096,1020,5356.6
4096,1021,5400.9
4096,1022,5995.6
4096,1023,5750.3
4096,1024,5949.5
4096,1025,6226.9
4096,1026,5674.0
4096,1027,5761.2
4096,1028,5850.8
4096,1029,5709.1
4096,1030,5889.6
4096,1031,5712.7
4096,1032,5651.0
4096,1033,5776.3
4096,1034,6085.8
4096,1035,5625.5
4096,1036,5608.0
4096,1037,6205.7
4096,1038,5673.4
4096,1039,5904.7
4096,1040,6549.7
4096,1041,5697.6
4096,1042,5599.5
4096,1043,5798.1
4096,1044,6274.8
4096,1045,5656.4
4096,1046,5768.5
4096,1047,6113.7
4096,1048,5459.6
4096,1049,6044.6
4096,1050,5360.9
4096,1051,5345.7
4096,1052,5376.6
4096,1053,5417.8
4096,1054,5535.3
4096,1055,5434.8
4096,1056,5468.7
4096,1057,5769.7
4096,1058,5683.1
4096,1059,5682.5
4096,1060,5342.1
4096,1061,5437.8
4096,1062,5227.7
4096,1063,5305.2
4096,1064,5188.9
4096,1065,5316.1
4096,1066,5182.8
4096,1067,5415.4
4096,1068,5146.5
4096,1069,5417.8
4096,1070,5127.7
4096,1071,5314.3
4096,1072,5472.9
4096,1073,5569.2
4096,1074,5169.5
4096,1075,5476.0
4096,1076,5193.7
4096,1077,6408.6
4096,1078,5259.1
4096,1079,5399.0
4096,1080,5486.2
4096,1081,5466.3
4096,1082,5612.2
4096,1083,5770.3
4096,1084,5417.2
4096,1085,5503.8
4096,1086,5241.0
4096,1087,5584.4
4096,1088,5399.6
4096,1089,5859.3
4096,1090,5379.7
4096,1091,5464.4
4096,1092,5712.7
4096,1093,5915.6
4096,1094,5635.8
4096,1095,5821.2
4096,1096,5736.4
4096,1097,5465.1
4096,1098,5419.6
4096,1099,5892.0
4096,1100,5404.5
4096,1101,6687.2
4096,1102,5789.7
4096,1103,5391.2
4096,1104,5471.7
4096,1105,5789.7
4096,1106,5704.3
4096,1107,5445.1
4096,1108,5333.6
4096,1109,5741.8
4096,1110,5498.4
4096,1111,5901.1
4096,1112,5852.0
4096,1113,5752.7
4096,1114,6282.0
4096,1115,13818.9
4096,1116,6352.9
4096,1117,5391.2
4096,1118,5458.4
4096,1119,5292.5
4096,1120,6787.7
4096,1121,5640.1
4096,1122,6504.9
4096,1123,6316.5
4096,1124,5678.8
4096,1125,5945.9
4096,1126,6080.4
4096,1127,6269.3
4096,1128,5573.5
4096,1129,5493.5
4096,1130,5423.3
4096,1131,5440.8
4096,1132,5290.6
4096,1133,5283.4
4096,1134,5821.8
4096,1135,5114.4
4096,1136,5462.0
4096,1137,5177.4
4096,1138,5253.7
4096,1139,5423.3
4096,1140,5456.0
4096,1141,5829.6
4096,1142,5446.3
4096,1143,5677.0
4096,1144,5170.1
4096,1145,5198.6
4096,1146,5165.9
4096,1147,5359.1
4096,1148,5795.7
4096,1149,5382.7
4096,1150,5400.9
4096,1151,5417.2
4096,1152,5148.9
4096,1153,5261.0
4096,1154,5666.7
4096,1155,5497.1
4096,1156,5223.4
4096,1157,5155.6
4096,1158,5248.2
4096,1159,5378.4
4096,1160,5348.8
4096,1161,5196.2
4096,1162,5314.3
4096,1163,5905.9
4096,1164,5250.1
4096,1165,5328.2
4096,1166,5159.2
4096,1167,5288.2
4096,1168,5401.5
4096,1169,5473.5
4096,1170,5339.7
4096,1171,5307.0
4096,1172,5190.1
4096,1173,5236.1
4096,1174,5702.5
4096,1175,5438.4
4096,1176,5149.5
4096,1177,5225.2
4096,1178,5235.5
4096,1179,5391.2
4096,1180,5748.5
4096,1181,5723.0
4096,1182,5428.7
4096,1183,5660.7
4096,1184,5139.2
4096,1185,5494.7
4096,1186,5382.7
4096,1187,5449.9
4096,1188,5454.8
4096,1189,5445.1
4096,1190,5605.6
4096,1191,5463.8
4096,1192,5639.5
4096,1193,5462.6
4096,1194,6002.8
4096,1195,5369.4
4096,1196,5896.9
4096,1197,5380.9
4096,1198,5913.2
4096,1199,5457.8
4096,1200,5474.7
4096,1201,5740.6
4096,1202,5426.3
4096,1203,5618.9
4096,1204,5446.3
4096,1205,5433.0
4096,1206,6215.4
4096,1207,5436.0
4096,1208,5479.0
4096,1209,5796.3
4096,1210,5681.9
4096,1211,6431.0
4096,1212,5666.7
4096,1213,5367.5
4096,1214,5467.5
4096,1215,5536.5
4096,1216,5402.1
4096,1217,5505.6
4096,1218,5738.8
4096,1219,6136.1
4096,1220,5686.7
4096,1221,5479.6
4096,1222,5702.5
4096,1223,5456.0
4096,1224,5452.9
4096,1225,5420.2
4096,1226,5419.6
4096,1227,5907.1
4096,1228,5386.9
4096,1229,5201.0
4096,1230,5279.7
4096,1231,5350.6
4096,1232,6127.6
4096,1233,5861.1
4096,1234,6256.6
4096,1235,6246.3
4096,1236,5423.9
4096,1237,5824.2
4096,1238,5391.2
4096,1239,5823.6
4096,1240,6075.5
4096,1241,5399.0
4096,1242,5353.0
4096,1243,5467.5
4096,1244,5440.8
4096,1245,5589.2
4096,1246,5445.7
4096,1247,5435.4
4096,1248,5809.6
4096,1249,5480.8
4096,1250,5373.0
4096,1251,6663.6
4096,1252,5665.5
4096,1253,5778.2
4096,1254,5867.2
4096,1255,5788.4
4096,1256,5409.3
4096,1257,5393.6
4096,1258,5758.2
4096,1259,5770.3
4096,1260,5416.6
4096,1261,5712.1
4096,1262,5823.0
4096,1263,5631.6
4096,1264,5992.5
4096,1265,5391.2
4096,1266,5416.6
4096,1267,5509.9
4096,1268,5591.6
4096,1269,5684.3
4096,1270,5980.4
4096,1271,5516.5
4096,1272,5896.2
4096,1273,5872.0
4096,1274,5322.7
4096,1275,5398.4
4096,1276,5410.5
4096,1277,5168.9
4096,1278,5621.3
4096,1279,5219.8
4096,1280,5145.9
4096,1281,5485.0
4096,1282,5142.9
4096,1283,5678.8
4096,1284,5168.9
4096,1285,7043.3
4096,1286,5627.4
4096,1287,5199.8
4096,1288,5271.9
4096,1289,5337.3
4096,1290,5426.9
4096,1291,5396.0
4096,1292,5342.1
4096,1293,5428.7
4096,1294,5136.8
4096,1295,5848.4
4096,1296,5422.1
4096,1297,5227.7
4096,1298,6131.2
4096,1299,5642.5
4096,1300,5181.0
4096,1301,5688.5
4096,1302,5171.3
4096,1303,5179.8
4096,1304,5402.1
4096,1305,5297.9
4096,1306,5485.6
4096,1307,6072.5
4096,1308,5562.6
4096,1309,5827.2
4096,1310,5412.4
4096,1311,5242.8
4096,1312,5111.4
4096,1313,5501.4
4096,1314,5625.5
4096,1315,5420.2
4096,1316,5150.1
4096,1317,5236.1
4096,1318,5380.9
4096,1319,5121.1
4096,1320,5241.6
4096,1321,5592.2
4096,1322,5238.6
4096,1323,5230.1
4096,1324,5830.8
4096,1325,5179.2
4096,1326,5258.5
4096,1327,5772.1
4096,1328,5851.4
4096,1329,5361.5
4096,1330,5149.5
4096,1331,5979.8
4096,1332,5110.2
4096,1333,5421.4
4096,1334,5179.8
4096,1335,5520.2
4096,1336,5554.1
4096,1337,5258.5
4096,1338,5525.6
4096,1339,191533.6
4096,1340,5264.0
4096,1341,5374.8
4096,1342,5595.3
4096,1343,5415.4
4096,1344,5501.4
4096,1345,5328.2
4096,1346,5201.6
4096,1347,5370.6
4096,1348,5209.5
4096,1349,5158.0
4096,1350,5169.5
4096,1351,5129.5
4096,1352,5786.6
4096,1353,5194.9
4096,1354,5400.9
4096,1355,5500.8
4096,1356,5177.4
4096,1357,5436.6
4096,1358,5472.3
4096,1359,5449.3
4096,1360,5160.4
4096,1361,5658.2
4096,1362,5163.5
4096,1363,5260.4
4096,1364,5600.7
4096,1365,5442.6
4096,1366,6171.8
4096,1367,5416.6
4096,1368,5212.5
4096,1369,5505.0
4096,1370,6115.5
4096,1371,5882.9
4096,1372,5246.4
4096,1373,5322.1
4096,1374,5224.6
4096,1375,5549.2
4096,1376,5564.4
4096,1377,5275.5
4096,1378,5911.4
4096,1379,5603.1
4096,1380,5202.8
4096,1381,5694.6
4096,1382,5939.9
4096,1383,5472.9
4096,1384,5479.6
4096,1385,5436.0
4096,1386,5498.4
4096,1387,5179.8
4096,1388,5721.8
4096,1389,5094.4
4096,1390,5286.4
4096,1391,5460.2
4096,1392,5559.5
4096,1393,5174.4
4096,1394,5526.2
4096,1395,5170.1
4096,1396,5138.0
4096,1397,5647.9
4096,1398,5171.9
4096,1399,5392.4
4096,1400,5873.8
4096,1401,6457.7
4096,1402,5454.8
4096,1403,5534.7
4096,1404,5156.8
4096,1405,5411.8
4096,1406,5794.5
4096,1407,5613.4
4096,1408,5449.3
4096,1409,5800.6
4096,1410,5712.1
4096,1411,5385.1
4096,1412,5400.9
4096,1413,5483.8
4096,1414,5469.9
4096,1415,5699.4
4096,1416,5701.2
4096,1417,5757.0
4096,1418,5643.7
4096,1419,5486.2
4096,1420,5351.2
4096,1421,5769.1
4096,1422,5250.7
4096,1423,5449.9
4096,1424,5560.7
4096,1425,5198.0
4096,1426,5198.6
4096,1427,8093.4
4096,1428,5308.8
4096,1429,5800.6
4096,1430,5812.1
4096,1431,6001.6
4096,1432,5189.5
4096,1433,5445.1
4096,1434,5479.0
4096,1435,5208.3
4096,1436,5306.4
4096,1437,5287.0
4096,1438,5162.8
4096,1439,5153.8
4096,1440,5471.1
4096,1441,5280.3
4096,1442,5135.6
4096,1443,5451.7
4096,1444,5641.3
4096,1445,5414.8
4096,1446,5241.0
4096,1447,5743.6
4096,1448,5127.7
4096,1449,5163.5
4096,1450,5587.4
4096,1451,5459.0
4096,1452,5707.3
4096,1453,5491.7
4096,1454,5503.8
4096,1455,5236.1
4096,1456,5363.9
4096,1457,5532.3
4096,1458,5140.4
4096,1459,5124.7
4096,1460,5144.7
4096,1461,5151.3
4096,1462,5699.4
4096,1463,5156.2
4096,1464,5374.8
4096,1465,5975.0
4096,1466,5405.1
4096,1467,5231.9
4096,1468,5497.1
4096,1469,5810.9
4096,1470,5540.8
4096,1471,5406.9
4096,1472,5178.6
4096,1473,5244.0
4096,1474,6009.5
4096,1475,5409.9
4096,1476,5334.8
4096,1477,5213.1
4096,1478,5253.7
4096,1479,5439.6
4096,1480,5173.1
4096,1481,5840.5
4096,1482,5707.3
4096,1483,5540.8
4096,1484,5386.3
4096,1485,5301.5
4096,1486,5210.7
4096,1487,5196.8
4096,1488,6053.7
4096,1489,5515.9
4096,1490,5130.8
4096,1491,5198.6
4096,1492,5367.5
4096,1493,5495.3
4096,1494,5213.1
4096,1495,5922.3
4096,1496,5426.9
4096,1497,6156.1
4096,1498,5165.9
4096,1499,5208.9
4096,1500,5354.2
4096,1501,5786.0
4096,1502,5508.7
4096,1503,5589.8
4096,1504,5793.9
4096,1505,5803.6
4096,1506,7100.2
4096,1507,5460.8
4096,1508,5661.3
4096,1509,6061.6
4096,1510,5383.3
4096,1511,5413.6
4096,1512,5400.3
4096,1513,6000.4
4096,1514,5365.7
4096,1515,5474.7
4096,1516,5583.8
4096,1517,5500.2
4096,1518,6170.0
4096,1519,6174.2
4096,1520,5816.9
4096,1521,5559.5
4096,1522,5465.7
4096,1523,5460.2
4096,1524,5607.4
4096,1525,5385.7
4096,1526,5815.7
4096,1527,5729.7
4096,1528,5584.4
4096,1529,5987.7
4096,1530,5982.2
4096,1531,5446.3
4096,1532,6175.4
4096,1533,6068.2
4096,1534,5402.1
4096,1535,6023.4
4096,1536,5429.3
4096,1537,5491.1
4096,1538,5475.3
4096,1539,5436.0
4096,1540,5552.9
4096,1541,5452.9
4096,1542,5453.5
4096,1543,5430.5
4096,1544,5393.6
4096,1545,5802.4
4096,1546,5493.5
4096,1547,5925.3
4096,1548,5158.0
4096,1549,5127.7
4096,1550,5543.8
4096,1551,5204.6
4096,1552,5266.4
4096,1553,5285.2
4096,1554,5320.9
4096,1555,5485.6
4096,1556,5066.0
4096,1557,5518.3
4096,1558,5481.4
4096,1559,5614.0
4096,1560,5275.5
4096,1561,5161.6
4096,1562,5197.4
4096,1563,5482.6
4096,1564,5560.1
4096,1565,5213.1
4096,1566,5158.0
4096,1567,5502.0
4096,1568,5160.4
4096,1569,5218.6
4096,1570,5341.5
4096,1571,5787.8
4096,1572,5250.7
4096,1573,5563.2
4096,1574,5355.4
4096,1575,5471.1
4096,1576,5379.7
4096,1577,14628.0
4096,1578,7051.8
4096,1579,6610.9
4096,1580,6433.4
4096,1581,10411.1
4096,1582,20292.9
4096,1583,6007.7
4096,1584,5520.2
4096,1585,5589.8
4096,1586,5561.9
4096,1587,5236.7
4096,1588,4782.5
4096,1589,5515.3
4096,1590,5179.2
4096,1591,5341.5
4096,1592,5424.5
4096,1593,5459.6
4096,1594,7254.0
4096,1595,5638.3
4096,1596,5522.0
4096,1597,5706.7
4096,1598,5490.5
4096,1599,5446.9
4096,1600,52887.6
4096,1601,5466.3
4096,1602,5934.4
4096,1603,5433.0
4096,1604,5398.4
4096,1605,5495.9
4096,1606,5408.1
4096,1607,5766.0
4096,1608,5416.6
4096,1609,5684.9
4096,1610,5343.3
4096,1611,5447.5
4096,1612,5486.9
4096,1613,5926.5
4096,1614,5771.5
4096,1615,5855.1
4096,1616,5602.5
4096,1617,5368.2
4096,1618,5300.9
4096,1619,5431.1
4096,1620,5440.8
4096,1621,6469.2
4096,1622,5641.3
4096,1623,5452.9
4096,1624,5437.8
4096,1625,5729.1
4096,1626,5486.9
4096,1627,5802.4
4096,1628,5488.7
4096,1629,5435.4
4096,1630,6198.4
4096,1631,5422.1
4096,1632,5657.6
4096,1633,5274.3
4096,1634,5199.2
4096,1635,5468.1
4096,1636,6363.8
4096,1637,5400.9
4096,1638,5264.0
4096,1639,5540.1
4096,1640,5161.6
4096,1641,5517.7
4096,1642,5483.2
4096,1643,5374.8
4096,1644,5839.3
4096,1645,5568.6
4096,1646,5257.9
4096,1647,5207.7
4096,1648,5937.4
4096,1649,5218.0
4096,1650,5165.3
4096,1651,5446.3
4096,1652,5575.3
4096,1653,5756.4
4096,1654,5206.5
4096,1655,5142.3
4096,1656,5216.7
4096,1657,5938.6
4096,1658,5779.4
4096,1659,5435.4
4096,1660,5376.6
4096,1661,5188.3
4096,1662,5218.6
4096,1663,5118.6
4096,1664,5263.4
4096,1665,5213.1
4096,1666,5566.2
4096,1667,5522.6
4096,1668,5417.2
4096,1669,5870.2
4096,1670,5250.7
4096,1671,5351.2
4096,1672,5882.9
4096,1673,5261.0
4096,1674,5135.6
4096,1675,5985.9
4096,1676,5169.5
4096,1677,5408.1
4096,1678,5181.0
4096,1679,5177.4
4096,1680,5221.6
4096,1681,5206.5
4096,1682,5227.7
4096,1683,5583.8
4096,1684,5984.7
4096,1685,5726.7
4096,1686,5233.7
4096,1687,5365.1
4096,1688,5171.3
4096,1689,5156.2
4096,1690,5881.7
4096,1691,5356.6
4096,1692,5836.3
4096,1693,5655.8
4096,1694,5466.9
4096,1695,6136.1
4096,1696,5200.4
4096,1697,5516.5
4096,1698,5744.2
4096,1699,6560.0
4096,1700,5640.1
4096,1701,5155.6
4096,1702,5280.3
4096,1703,5229.5
4096,1704,5176.2
4096,1705,5371.8
4096,1706,5818.1
4096,1707,5214.3
4096,1708,5173.1
4096,1709,5199.2
4096,1710,5219.8
4096,1711,5662.5
4096,1712,5415.4
4096,1713,5535.3
4096,1714,5150.7
4096,1715,5968.9
4096,1716,5141.7
4096,1717,5393.6
4096,1718,5335.4
4096,1719,5211.3
4096,1720,5737.0
4096,1721,5288.2
4096,1722,5250.7
4096,1723,5597.1
4096,1724,5258.5
4096,1725,5495.9
4096,1726,5708.5
4096,1727,5342.1
4096,1728,5538.3
4096,1729,5812.7
4096,1730,5637.0
4096,1731,5508.0
4096,1732,5363.9
4096,1733,5431.1
4096,1734,5495.3
4096,1735,5416.0
4096,1736,5672.8
4096,1737,5744.8
4096,1738,5383.9
4096,1739,5454.1
4096,1740,5835.1
4096,1741,5676.4
4096,1742,5756.4
4096,1743,5429.9
4096,1744,5376.6
4096,1745,5734.5
4096,1746,5369.4
4096,1747,5190.7
4096,1748,5125.9
4096,1749,5549.8
4096,1750,5228.3
4096,1751,5247.0
4096,1752,5413.6
4096,1753,5213.7
4096,1754,5204.0
4096,1755,5633.4
4096,1756,5249.5
4096,1757,5435.4
4096,1758,5268.8
4096,1759,7556.2
4096,1760,4548.2
4096,1761,5294.9
4096,1762,6090.6
4096,1763,5739.4
4096,1764,5167.1
4096,1765,5422.7
4096,1766,5829.0
4096,1767,5229.5
4096,1768,5718.2
4096,1769,5198.0
4096,1770,5237.9
4096,1771,5546.8
4096,1772,5403.9
4096,1773,5420.8
4096,1774,5742.4
4096,1775,5709.7
4096,1776,5252.5
4096,1777,5554.1
4096,1778,5188.3
4096,1779,5535.9
4096,1780,6256.0
4096,1781,5222.8
4096,1782,5432.3
4096,1783,5468.1
4096,1784,5221.0
4096,1785,5249.5
4096,1786,5199.8
4096,1787,5340.3
4096,1788,5160.4
4096,1789,5488.1
4096,1790,5551.7
4096,1791,5155.6
4096,1792,5591.0
4096,1793,5722.4
4096,1794,5156.8
4096,1795,5253.7
4096,1796,5526.2
4096,1797,5097.4
4096,1798,5554.7
4096,1799,5530.5
4096,1800,5233.7
4096,1801,5254.9
4096,1802,5224.6
4096,1803,5178.0
4096,1804,5169.5
4096,1805,5693.4
4096,1806,5403.3
4096,1807,5486.9
4096,1808,5237.3
4096,1809,5195.6
4096,1810,5792.1
4096,1811,5176.2
4096,1812,5775.7
4096,1813,5294.3
4096,1814,5179.8
4096,1815,5594.7
4096,1816,5127.7
4096,1817,5233.1
4096,1818,5807.2
4096,1819,5944.7
4096,1820,5546.8
4096,1821,5468.7
4096,1822,5376.6
4096,1823,5528.6
4096,1824,5926.5
4096,1825,5614.0
4096,1826,5276.1
4096,1827,5804.8
4096,1828,5425.7
4096,1829,5223.4
4096,1830,5265.8
4096,1831,5777.5
4096,1832,5371.8
4096,1833,5251.9
4096,1834,5773.3
4096,1835,5228.3
4096,1836,5487.5
4096,1837,5159.2
4096,1838,5223.4
4096,1839,5184.0
4096,1840,5557.7
4096,1841,5383.9
4096,1842,5655.8
4096,1843,5699.4
4096,1844,5170.7
4096,1845,5503.8
4096,1846,5225.2
4096,1847,5496.5
4096,1848,5182.2
4096,1849,5254.9
4096,1850,5166.5
4096,1851,6434.6
4096,1852,5379.7
4096,1853,5568.0
4096,1854,5490.5
4096,1855,5204.6
4096,1856,5251.9
4096,1857,5236.7
4096,1858,5454.1
4096,1859,5184.0
4096,1860,5315.5
4096,1861,5577.7
4096,1862,5762.4
4096,1863,5501.4
4096,1864,5198.6
4096,1865,5468.1
4096,1866,5428.7
4096,1867,5287.0
4096,1868,5403.9
4096,1869,6419.5
4096,1870,5439.6
4096,1871,5202.2
4096,1872,5413.6
4096,1873,5232.5
4096,1874,5156.8
4096,1875,6022.2
4096,1876,5245.8
4096,1877,5195.6
4096,1878,5317.9
4096,1879,5173.1
4096,1880,5178.6
4096,1881,5163.5
4096,1882,5180.4
4096,1883,5740.0
4096,1884,6044.6
4096,1885,5143.5
4096,1886,5310.0
4096,1887,5176.2
4096,1888,5537.7
4096,1889,5451.1
4096,1890,5248.2
4096,1891,5176.2
4096,1892,5178.0
4096,1893,5508.7
4096,1894,5261.0
4096,1895,5822.4
4096,1896,5471.1
4096,1897,6231.8
4096,1898,5486.2
4096,1899,5827.8
4096,1900,5519.0
4096,1901,5118.0
4096,1902,5490.5
4096,1903,5251.9
4096,1904,5260.4
4096,1905,5241.0
4096,1906,5180.4
4096,1907,5139.2
4096,1908,5297.9
4096,1909,5252.5
4096,1910,5399.0
4096,1911,5214.9
4096,1912,5481.4
4096,1913,5712.1
4096,1914,5416.6
4096,1915,5862.3
4096,1916,6068.2
4096,1917,5234.3
4096,1918,5366.3
4096,1919,5136.8
4096,1920,5188.3
4096,1921,5552.3
4096,1922,5201.6
4096,1923,5181.6
4096,1924,5318.5
4096,1925,5665.5
4096,1926,5218.0
4096,1927,5219.2
4096,1928,5246.4
4096,1929,5739.4
4096,1930,5233.7
4096,1931,5393.6
4096,1932,5142.9
4096,1933,5193.1
4096,1934,8915.2
4096,1935,5962.3
4096,1936,5489.9
4096,1937,5264.0
4096,1938,5224.6
4096,1939,5518.3
4096,1940,5357.9
4096,1941,5461.4
4096,1942,5881.7
4096,1943,5689.1
4096,1944,5702.5
4096,1945,5925.9
4096,1946,5414.8
4096,1947,6071.9
4096,1948,5451.1
4096,1949,5342.1
4096,1950,5472.9
4096,1951,5210.1
4096,1952,5488.1
4096,1953,5459.0
4096,1954,5666.1
4096,1955,5738.8
4096,1956,5322.1
4096,1957,5504.4
4096,1958,6248.1
4096,1959,5434.2
4096,1960,5355.4
4096,1961,6074.9
4096,1962,5606.8
4096,1963,5502.0
4096,1964,5545.0
4096,1965,5431.7
4096,1966,5815.7
4096,1967,6581.8
4096,1968,5429.3
4096,1969,6189.4
4096,1970,5701.8
4096,1971,5689.1
4096,1972,5588.6
4096,1973,5383.9
4096,1974,5685.5
4096,1975,5431.7
4096,1976,5681.3
4096,1977,5720.0
4096,1978,5915.0
4096,1979,5991.9
4096,1980,5685.5
4096,1981,5827.2
4096,1982,5705.5
4096,1983,5752.7
4096,1984,6133.6
4096,1985,5641.9
4096,1986,5942.3
4096,1987,6118.5
4096,1988,5692.2
4096,1989,5916.8
4096,1990,5720.6
4096,1991,5637.7
4096,1992,6244.5
4096,1993,5709.7
4096,1994,5970.1
4096,1995,6327.4
4096,1996,5595.9
4096,1997,5753.9
4096,1998,5643.7
4096,1999,5373.0
16384,0,9860.6
16384,1,10202.2
16384,2,9424.5
16384,3,9718.9
16384,4,9298.0
16384,5,9475.4
16384,6,9372.5
16384,7,9267.7
16384,8,9846.1
16384,9,9523.9
16384,10,9254.4
16384,11,9401.5
16384,12,9591.1
16384,13,9437.3
16384,14,9233.2
16384,15,9599.6
16384,16,9494.8
16384,17,10305.1
16384,18,11340.7
16384,19,10070.7
16384,20,9833.9
16384,21,9965.4
16384,22,9617.1
16384,23,9723.1
16384,24,9659.5
16384,25,9556.0
16384,26,9660.7
16384,27,9708.0
16384,28,9548.1
16384,29,9852.1
16384,30,9422.1
16384,31,9482.7
16384,32,9485.7
16384,33,9700.1
16384,34,9199.3
16384,35,9537.2
16384,36,9537.8
16384,37,10416.5
16384,38,12373.9
16384,39,9550.5
16384,40,9637.7
16384,41,9456.0
16384,42,10710.3
16384,43,9439.7
16384,44,9542.6
16384,45,9353.1
16384,46,9494.8
16384,47,9600.8
16384,48,9492.4
16384,49,9404.0
16384,50,9444.5
16384,51,9466.9
16384,52,9600.2
16384,53,9430.0
16384,54,9301.6
16384,55,9466.3
16384,56,9376.7
16384,57,9396.7
16384,58,9390.0
16384,59,9333.7
16384,60,9582.6
16384,61,9623.8
16384,62,9286.5
16384,63,9726.1
16384,64,9505.1
16384,65,9412.4
16384,66,9307.7
16384,67,9635.9
16384,68,9609.3
16384,69,9333.7
16384,70,9678.3
16384,71,9556.6
16384,72,9446.3
16384,73,9275.6
16384,74,9263.5
16384,75,9394.9
16384,76,9654.7
16384,77,9388.2
16384,78,9450.6
16384,79,9361.6
16384,80,9305.8
16384,81,9468.8
16384,82,9264.1
16384,83,9530.5
16384,84,9345.2
16384,85,9428.8
16384,86,9253.2
16384,87,9413.0
16384,88,9681.3
16384,89,9611.1
16384,90,9176.2
16384,91,9584.4
16384,92,9589.3
16384,93,9505.1
16384,94,9382.2
16384,95,9300.4
16384,96,9370.0
16384,97,9376.1
16384,98,9214.4
16384,99,9423.3
16384,100,9551.7
16384,101,9454.8
16384,102,9634.1
16384,103,9648.6
16384,104,9809.7
16384,105,9377.9
16384,106,9755.8
16384,107,9393.7
16384,108,9817.6
16384,109,9324.0
16384,110,9832.7
16384,111,9519.0
16384,112,9666.2
16384,113,9457.3
16384,114,9703.7
16384,115,9571.7
16384,116,9635.3
16384,117,9587.5
16384,118,9625.0
16384,119,9680.1
16384,120,9398.5
16384,121,9431.2
16384,122,9490.0
16384,123,9581.4
16384,124,9325.8
16384,125,9565.7
16384,126,9528.7
16384,127,9344.0
16384,128,9376.1
16384,129,9547.5
16384,130,9251.3
16384,131,9281.0
16384,132,9677.7
16384,133,9454.2
16384,134,9251.9
16384,135,9289.5
16384,136,9580.8
16384,137,9374.9
16384,138,9594.1
16384,139,9625.6
16384,140,14819.3
16384,141,10129.5
16384,142,9571.7
16384,143,9443.3
16384,144,9735.8
16384,145,9553.5
16384,146,9287.7
16384,147,9473.0
16384,148,9869.7
16384,149,9599.0
16384,150,9424.5
16384,151,9477.2
16384,152,9652.3
16384,153,9348.2
16384,154,9307.1
16384,155,9285.3
16384,156,9700.7
16384,157,9692.8
16384,158,9695.3
16384,159,9516.6
16384,160,9573.5
16384,161,9708.0
16384,162,9318.6
16384,163,9989.0
16384,164,9467.5
16384,165,9795.8
16384,166,9427.6
16384,167,9526.3
16384,168,9414.3
16384,169,9421.5
16384,170,9444.5
16384,171,9281.0
16384,172,9422.1
16384,173,9227.7
16384,174,9322.2
16384,175,9678.3
16384,176,9949.0
16384,177,9886.6
16384,178,9195.0
16384,179,9450.0
16384,180,9825.5
16384,181,9414.9
16384,182,9455.4
16384,183,9319.8
16384,184,9472.4
16384,185,9393.1
16384,186,9497.8
16384,187,9684.4
16384,188,9585.6
16384,189,9371.3
16384,190,9415.5
16384,191,9404.0
16384,192,9387.6
16384,193,9584.4
16384,194,9273.8
16384,195,9492.4
16384,196,9354.3
16384,197,9586.2
16384,198,9458.5
16384,199,9700.7
16384,200,9757.6
16384,201,9462.1
16384,202,9351.3
16384,203,9501.5
16384,204,9391.8
16384,205,9398.5
16384,206,9250.7
16384,207,9282.8
16384,208,9358.5
16384,209,9425.8
16384,210,9248.9
16384,211,9439.1
16384,212,9335.5
16384,213,9397.3
16384,214,9414.3
16384,215,9376.7
16384,216,9321.6
16384,217,9649.8
16384,218,9307.7
16384,219,9438.5
16384,220,9361.0
16384,221,9417.3
16384,222,9341.0
16384,223,9490.6
16384,224,9503.9
16384,225,9410.0
16384,226,9235.0
16384,227,9369.4
16384,228,9337.3
16384,229,9615.9
16384,230,9385.2
16384,231,9596.5
16384,232,9652.9
16384,233,9371.9
16384,234,9420.9
16384,235,9374.3
16384,236,9698.9
16384,237,9596.5
16384,238,9523.9
16384,239,9513.0
16384,240,9389.4
16384,241,9440.9
16384,242,13025.5
16384,243,9463.9
16384,244,9563.8
16384,245,9496.6
16384,246,9353.7
16384,247,9482.7
16384,248,9849.7
16384,249,9479.1
16384,250,9485.7
16384,251,9326.4
16384,252,9618.3
16384,253,9543.2
16384,254,9226.5
16384,255,9546.9
16384,256,9480.9
16384,257,9764.9
16384,258,9204.7
16384,259,9351.3
16384,260,9479.1
16384,261,9379.1
16384,262,9319.8
16384,263,9433.0
16384,264,9511.2
16384,265,9441.5
16384,266,9477.8
16384,267,9454.2
16384,268,10038.0
16384,269,308616.7
16384,270,11652.6
16384,271,11397.0
16384,272,11278.3
16384,273,11096.0
16384,274,9845.4
16384,275,9685.0
16384,276,9480.9
16384,277,9407.0
16384,278,10090.7
16384,279,10311.8
16384,280,10531.6
16384,281,10576.4
16384,282,10270.6
16384,283,9840.0
16384,284,9806.7
16384,285,10306.3
16384,286,9657.1
16384,287,9951.4
16384,288,9831.5
16384,289,9880.6
16384,290,9756.4
16384,291,10009.6
16384,292,9788.5
16384,293,9844.2
16384,294,10107.1
16384,295,9909.0
16384,296,9911.5
16384,297,9942.3
16384,298,10025.9
16384,299,9840.0
16384,300,10270.6
16384,301,9929.6
16384,302,9860.6
16384,303,9374.3
16384,304,9907.8
16384,305,9795.2
16384,306,9396.7
16384,307,10300.3
16384,308,9889.7
16384,309,9806.7
16384,310,9979.9
16384,311,12439.3
16384,312,9922.4
16384,313,10596.4
16384,314,9944.2
16384,315,9812.1
16384,316,9962.3
16384,317,10226.4
16384,318,9898.7
16384,319,10027.1
16384,320,10294.2
16384,321,9953.9
16384,322,9920.5
16384,323,9922.4
16384,324,10314.8
16384,325,10360.2
16384,326,9276.8
16384,327,9499.0
16384,328,9717.1
16384,329,9523.3
16384,330,9209.6
16384,331,9523.9
16384,332,9631.1
16384,333,9536.0
16384,334,9302.8
16384,335,9513.0
16384,336,9325.2
16384,337,9330.1
16384,338,9483.3
16384,339,9674.1
16384,340,9372.5
16384,341,10073.2
16384,342,9184.1
16384,343,9361.6
16384,344,9380.9
16384,345,9389.4
16384,346,9576.0
16384,347,9379.7
16384,348,9479.7
16384,349,9305.2
16384,350,9334.3
16384,351,9542.6
16384,352,9367.0
16384,353,9523.3
16384,354,9287.7
16384,355,9723.7
16384,356,9420.3
16384,357,9616.5
16384,358,9206.5
16384,359,9379.7
16384,360,9414.9
16384,361,9482.7
16384,362,9212.0
16384,363,9222.3
16384,364,9325.2
16384,365,9387.0
16384,366,9308.3
16384,367,9360.4
16384,368,9391.8
16384,369,9755.2
16384,370,9309.5
16384,371,9812.7
16384,372,9524.5
16384,373,9746.7
16384,374,9244.1
16384,375,9368.8
16384,376,9485.7
16384,377,9909.6
16384,378,9824.9
16384,379,9926.0
16384,380,9860.6
16384,381,9859.4
16384,382,10262.1
16384,383,10053.2
16384,384,10033.8
16384,385,10001.7
16384,386,9674.1
16384,387,9786.7
16384,388,9762.5
16384,389,9891.5
16384,390,10057.4
16384,391,9736.4
16384,392,10243.9
16384,393,9780.0
16384,394,9766.7
16384,395,9898.7
16384,396,9821.8
16384,397,9961.1
16384,398,9852.7
16384,399,9893.9
16384,400,9766.1
16384,401,9716.5
16384,402,9583.2
16384,403,9496.6
16384,404,9656.5
16384,405,9943.0
16384,406,9231.4
16384,407,9721.3
16384,408,10424.4
16384,409,9958.1
16384,410,9887.8
16384,411,12478.7
16384,412,10228.2
16384,413,10041.7
16384,414,9445.7
16384,415,9648.0
16384,416,9599.0
16384,417,17484.0
16384,418,13399.2
16384,419,26399.9
16384,420,9794.0
16384,421,9474.8
16384,422,9579.6
16384,423,9506.9
16384,424,9694.7
16384,425,9422.7
16384,426,9290.1
16384,427,9549.9
16384,428,9430.0
16384,429,9433.6
16384,430,9311.3
16384,431,9282.8
16384,432,9651.7
16384,433,9476.6
16384,434,9482.7
16384,435,9533.6
16384,436,9373.1
16384,437,9600.2
16384,438,9248.9
16384,439,9433.6
16384,440,9458.5
16384,441,9422.1
16384,442,9292.5
16384,443,9674.7
16384,444,9494.8
16384,445,9331.3
16384,446,9222.9
16384,447,9293.7
16384,448,9397.3
16384,449,9448.8
16384,450,9563.8
16384,451,9556.0
16384,452,9307.7
16384,453,9448.8
16384,454,9303.4
16384,455,9398.5
16384,456,9377.9
16384,457,9646.8
16384,458,9213.2
16384,459,9434.8
16384,460,9290.7
16384,461,9566.9
16384,462,9804.3
16384,463,9357.9
16384,464,9347.6
16384,465,9374.9
16384,466,9402.1
16384,467,9476.0
16384,468,9546.3
16384,469,9546.9
16384,470,9359.7
16384,471,9382.2
16384,472,9713.4
16384,473,9373.1
16384,474,9489.3
16384,475,9600.8
16384,476,9536.6
16384,477,9381.5
16384,478,9431.2
16384,479,9652.3
16384,480,9296.8
16384,481,9326.4
16384,482,9187.8
16384,483,9296.8
16384,484,9296.8
16384,485,9450.6
16384,486,9284.7
16384,487,9458.5
16384,488,9781.3
16384,489,9632.9
16384,490,9292.5
16384,491,9345.2
16384,492,9406.4
16384,493,9377.3
16384,494,9648.6
16384,495,9585.6
16384,496,9335.5
16384,497,9690.4
16384,498,9389.4
16384,499,9499.6
16384,500,9800.6
16384,501,9832.7
16384,502,10093.1
16384,503,9995.6
16384,504,9751.6
16384,505,9881.2
16384,506,9882.4
16384,507,9808.5
16384,508,9909.0
16384,509,10068.3
16384,510,11729.5
16384,511,10033.8
16384,512,10009.0
16384,513,9802.5
16384,514,9803.1
16384,515,9771.6
16384,516,10065.3
16384,517,9850.9
16384,518,9928.4
16384,519,10258.5
16384,520,9496.0
16384,521,9498.4
16384,522,9433.0
16384,523,9504.5
16384,524,9605.0
16384,525,9744.9
16384,526,9414.9
16384,527,9657.7
16384,528,9509.9
16384,529,9517.2
16384,530,9667.4
16384,531,9559.0
16384,532,9278.0
16384,533,9505.1
16384,534,9665.0
16384,535,9576.6
16384,536,9513.6
16384,537,9605.0
16384,538,9224.1
16384,539,9276.8
16384,540,9652.3
16384,541,9599.6
16384,542,9318.6
16384,543,9342.8
16384,544,9293.1
16384,545,9367.0
16384,546,9787.9
16384,547,9344.0
16384,548,9455.4
16384,549,9557.8
16384,550,9311.3
16384,551,9445.1
16384,552,9429.4
16384,553,9336.1
16384,554,9204.7
16384,555,9734.0
16384,556,9851.5
16384,557,9292.5
16384,558,9224.1
16384,559,9577.8
16384,560,9296.2
16384,561,9533.6
16384,562,9317.4
16384,563,9511.2
16384,564,9310.7
16384,565,9322.8
16384,566,9321.0
16384,567,9365.2
16384,568,9374.3
16384,569,9369.4
16384,570,9349.5
16384,571,9311.9
16384,572,9388.8
16384,573,9330.1
16384,574,9178.7
16384,575,9517.2
16384,576,9337.9
16384,577,9367.6
16384,578,9215.0
16384,579,9527.5
16384,580,9468.2
16384,581,9455.4
16384,582,9232.0
16384,583,9548.7
16384,584,9745.5
16384,585,9542.6
16384,586,9205.3
16384,587,9604.4
16384,588,9561.4
16384,589,9256.8
16384,590,9224.7
16384,591,9337.3
16384,592,9597.1
16384,593,9363.4
16384,594,9805.5
16384,595,9839.4
16384,596,10001.1
16384,597,10093.8
16384,598,9815.2
16384,599,10064.1
16384,600,9804.3
16384,601,9892.7
16384,602,9777.0
16384,603,9910.9
16384,604,10320.9
16384,605,9926.0
16384,606,9805.5
16384,607,10159.2
16384,608,10022.3
16384,609,9912.7
16384,610,9923.6
16384,611,13667.5
16384,612,10001.1
16384,613,9906.0
16384,614,9989.0
16384,615,9494.8
16384,616,9964.1
16384,617,9411.8
16384,618,9333.1
16384,619,9396.7
16384,620,9348.8
16384,621,9403.4
16384,622,9289.5
16384,623,9323.4
16384,624,9758.8
16384,625,9754.6
16384,626,9464.5
16384,627,9741.9
16384,628,9562.6
16384,629,9494.8
16384,630,9442.1
16384,631,9341.6
16384,632,9285.3
16384,633,9578.4
16384,634,9316.1
16384,635,9295.6
16384,636,9396.7
16384,637,9292.5
16384,638,9218.0
16384,639,9408.8
16384,640,9450.6
16384,641,9708.0
16384,642,9413.6
16384,643,9247.1
16384,644,9509.9
16384,645,9363.4
16384,646,9318.6
16384,647,9572.3
16384,648,9376.1
16384,649,9333.1
16384,650,9623.2
16384,651,9324.6
16384,652,9249.5
16384,653,9377.3
16384,654,9247.7
16384,655,9605.0
16384,656,9572.9
16384,657,9518.4
16384,658,9437.9
16384,659,9294.3
16384,660,9622.6
16384,661,9356.7
16384,662,9363.4
16384,663,9477.2
16384,664,9279.8
16384,665,9302.8
16384,666,9422.7
16384,667,9456.6
16384,668,9437.3
16384,669,9383.4
16384,670,9217.4
16384,671,9433.0
16384,672,9445.7
16384,673,9491.2
16384,674,9328.9
16384,675,9379.7
16384,676,9306.5
16384,677,9483.9
16384,678,9228.9
16384,679,9649.2
16384,680,9415.5
16384,681,9416.7
16384,682,9379.1
16384,683,9356.7
16384,684,9219.9
16384,685,9454.2
16384,686,9311.9
16384,687,9503.9
16384,688,9300.4
16384,689,9415.5
16384,690,9560.2
16384,691,9620.2
16384,692,9390.0
16384,693,9658.3
16384,694,9332.5
16384,695,9368.2
16384,696,9551.1
16384,697,9327.0
16384,698,9283.4
16384,699,9468.8
16384,700,9273.8
16384,701,9354.3
16384,702,9371.3
16384,703,9347.6
16384,704,9576.6
16384,705,9457.9
16384,706,9271.3
16384,707,9545.7
16384,708,9518.4
16384,709,9391.8
16384,710,9284.7
16384,711,9690.4
16384,712,9692.8
16384,713,9503.9
16384,714,12043.8
16384,715,9437.3
16384,716,9279.8
16384,717,9318.0
16384,718,9219.2
16384,719,9592.9
16384,720,9648.6
16384,721,9655.3
16384,722,9321.0
16384,723,9820.6
16384,724,9367.0
16384,725,9561.4
16384,726,9545.1
16384,727,9777.0
16384,728,9760.1
16384,729,9750.4
16384,730,9809.7
16384,731,9830.3
16384,732,9732.8
16384,733,10051.4
16384,734,9964.8
16384,735,9811.5
16384,736,10079.2
16384,737,9798.8
16384,738,9757.6
16384,739,9766.1
16384,740,9756.4
16384,741,10122.8
16384,742,9731.6
16384,743,10136.1
16384,744,9908.4
16384,745,9955.1
16384,746,9561.4
16384,747,9301.0
16384,748,9294.9
16384,749,9552.9
16384,750,9440.9
16384,751,9267.1
16384,752,9781.9
16384,753,9415.5
16384,754,9229.5
16384,755,9266.5
16384,756,9434.8
16384,757,9814.0
16384,758,9371.9
16384,759,9598.4
16384,760,9341.0
16384,761,9291.9
16384,762,9585.0
16384,763,9331.3
16384,764,9414.9
16384,765,9439.7
16384,766,9241.0
16384,767,9753.4
16384,768,9297.4
16384,769,9371.9
16384,770,9452.4
16384,771,9353.1
16384,772,9424.5
16384,773,9371.3
16384,774,9328.9
16384,775,9270.7
16384,776,9742.5
16384,777,9338.6
16384,778,9290.7
16384,779,9313.1
16384,780,9307.7
16384,781,9442.1
16384,782,9301.0
16384,783,9339.2
16384,784,9538.4
16384,785,9376.7
16384,786,9486.9
16384,787,9437.3
16384,788,9336.1
16384,789,9651.7
16384,790,9321.6
16384,791,9869.1
16384,792,9271.9
16384,793,9307.1
16384,794,9259.2
16384,795,9384.6
16384,796,9427.6
16384,797,9382.2
16384,798,9301.6
16384,799,9625.0
16384,800,9362.8
16384,801,9478.4
16384,802,9403.4
16384,803,9358.5
16384,804,9454.8
16384,805,9539.0
16384,806,9353.1
16384,807,9345.8
16384,808,9344.0
16384,809,9236.8
16384,810,9550.5
16384,811,9370.0
16384,812,9428.8
16384,813,9393.1
16384,814,9293.7
16384,815,9549.3
16384,816,11622.3
16384,817,9382.2
16384,818,9622.6
16384,819,9840.0
16384,820,10143.4
16384,821,10009.0
16384,822,9720.1
16384,823,10100.4
16384,824,9980.5
16384,825,9920.5
16384,826,9912.1
16384,827,9821.8
16384,828,9847.3
16384,829,9843.6
16384,830,9745.5
16384,831,9742.5
16384,832,9950.8
16384,833,10061.7
16384,834,9860.0
16384,835,9902.4
16384,836,10014.4
16384,837,10184.0
16384,838,9647.4
16384,839,9896.9
16384,840,9919.9
16384,841,10064.7
16384,842,10016.8
16384,843,9986.6
16384,844,9498.4
16384,845,9399.7
16384,846,9290.7
16384,847,9566.9
16384,848,9802.5
16384,849,9355.5
16384,850,9471.2
16384,851,9537.2
16384,852,9485.1
16384,853,9827.9
16384,854,9760.1
16384,855,9993.2
16384,856,9930.2
16384,857,9918.1
16384,858,9978.1
16384,859,9389.4
16384,860,9263.5
16384,861,9436.1
16384,862,9261.6
16384,863,9493.0
16384,864,9551.1
16384,865,9362.2
16384,866,9474.2
16384,867,9456.6
16384,868,9809.1
16384,869,9466.3
16384,870,9250.7
16384,871,9263.5
16384,872,9378.5
16384,873,9410.0
16384,874,9224.1
16384,875,9644.4
16384,876,9565.1
16384,877,9499.0
16384,878,9263.5
16384,879,9276.2
16384,880,9385.8
16384,881,9827.9
16384,882,9282.2
16384,883,9580.8
16384,884,9508.7
16384,885,9485.7
16384,886,9315.5
16384,887,9548.1
16384,888,9786.1
16384,889,9387.0
16384,890,9254.4
16384,891,9404.6
16384,892,9744.3
16384,893,9349.5
16384,894,9429.4
16384,895,9454.8
16384,896,9310.7
16384,897,9277.4
16384,898,9393.1
16384,899,9275.6
16384,900,9368.2
16384,901,9279.2
16384,902,9498.4
16384,903,9607.4
16384,904,9487.5
16384,905,9512.4
16384,906,9241.7
16384,907,9305.2
16384,908,9509.3
16384,909,9322.2
16384,910,9238.0
16384,911,9783.1
16384,912,9565.7
16384,913,9331.3
16384,914,9250.1
16384,915,9302.2
16384,916,12513.8
16384,917,9617.7
16384,918,10136.1
16384,919,9565.7
16384,920,9276.2
16384,921,9514.8
16384,922,9288.3
16384,923,9206.5
16384,924,9319.8
16384,925,9559.0
16384,926,9589.3
16384,927,9405.8
16384,928,9456.6
16384,929,9303.4
16384,930,9316.7
16384,931,9515.4
16384,932,9332.5
16384,933,9319.2
16384,934,9334.3
16384,935,9289.5
16384,936,9357.3
16384,937,9403.4
16384,938,9447.0
16384,939,9387.0
16384,940,207951.7
16384,941,11742.8
16384,942,11943.3
16384,943,11652.6
16384,944,9450.6
16384,945,9566.9
16384,946,9684.4
16384,947,9433.6
16384,948,9387.0
16384,949,9345.8
16384,950,9307.7
16384,951,9724.9
16384,952,9348.2
16384,953,9531.7
16384,954,9883.6
16384,955,9820.0
16384,956,9744.9
16384,957,9933.9
16384,958,9876.9
16384,959,9858.2
16384,960,10069.5
16384,961,10062.3
16384,962,10059.8
16384,963,9771.6
16384,964,9825.5
16384,965,9818.8
16384,966,9684.4
16384,967,9752.8
16384,968,9502.7
16384,969,9386.4
16384,970,9391.2
16384,971,9313.7
16384,972,9488.1
16384,973,9402.7
16384,974,9391.2
16384,975,9504.5
16384,976,9366.4
16384,977,9384.6
16384,978,9567.5
16384,979,9405.2
16384,980,9325.8
16384,981,9374.3
16384,982,9268.3
16384,983,9350.1
16384,984,9614.1
16384,985,9336.1
16384,986,9433.0
16384,987,9407.6
16384,988,9557.8
16384,989,9379.7
16384,990,9436.1
16384,991,9566.3
16384,992,9358.5
16384,993,9522.7
16384,994,9159.3
16384,995,9577.2
16384,996,9368.2
16384,997,15253.0
16384,998,9599.0
16384,999,9593.5
16384,1000,9488.7
16384,1001,9479.1
16384,1002,9511.2
16384,1003,9433.6
16384,1004,9423.3
16384,1005,9434.8
16384,1006,9253.2
16384,1007,9365.2
16384,1008,9365.2
16384,1009,9557.8
16384,1010,9796.4
16384,1011,9577.8
16384,1012,9503.3
16384,1013,9533.0
16384,1014,9275.0
16384,1015,9420.9
16384,1016,9191.4
16384,1017,9495.4
16384,1018,9493.0
16384,1019,9273.1
16384,1020,9433.0
16384,1021,9723.7
16384,1022,9366.4
16384,1023,9336.1
16384,1024,9734.6
16384,1025,9399.7
16384,1026,9216.8
16384,1027,9560.2
16384,1028,9331.9
16384,1029,9439.7
16384,1030,9358.5
16384,1031,9495.4
16384,1032,9508.1
16384,1033,9487.5
16384,1034,9224.7
16384,1035,9423.3
16384,1036,9427.6
16384,1037,9588.7
16384,1038,9239.2
16384,1039,9465.1
16384,1040,9312.5
16384,1041,9400.9
16384,1042,9408.2
16384,1043,9343.4
16384,1044,9519.6
16384,1045,9624.4
16384,1046,9318.6
16384,1047,9431.2
16384,1048,9304.6
16384,1049,9531.7
16384,1050,9357.9
16384,1051,9187.8
16384,1052,9339.2
16384,1053,9269.5
16384,1054,9520.2
16384,1055,9419.1
16384,1056,9283.4
16384,1057,9331.9
16384,1058,9223.5
16384,1059,9308.9
16384,1060,9447.6
16384,1061,9340.4
16384,1062,9255.0
16384,1063,9379.7
16384,1064,9577.2
16384,1065,9658.3
16384,1066,9409.4
16384,1067,9473.0
16384,1068,9354.3
16384,1069,9290.1
16384,1070,9241.7
16384,1071,9281.0
16384,1072,9597.8
16384,1073,9477.2
16384,1074,9302.8
16384,1075,9374.9
16384,1076,9302.2
16384,1077,9390.0
16384,1078,9544.5
16384,1079,9333.1
16384,1080,9313.7
16384,1081,9346.4
16384,1082,9290.7
16384,1083,9384.6
16384,1084,9437.3
16384,1085,9517.2
16384,1086,9190.8
16384,1087,9387.0
16384,1088,9352.5
16384,1089,9533.0
16384,1090,9221.7
16384,1091,9351.3
16384,1092,9460.3
16384,1093,15389.8
16384,1094,30533.2
16384,1095,9428.8
16384,1096,9617.1
16384,1097,13622.7
16384,1098,9765.5
16384,1099,9631.1
16384,1100,9706.8
16384,1101,9399.1
16384,1102,9465.1
16384,1103,9344.6
16384,1104,9641.4
16384,1105,9354.9
16384,1106,9577.2
16384,1107,9499.6
16384,1108,9261.0
16384,1109,9427.6
16384,1110,9376.7
16384,1111,9274.4
16384,1112,9490.0
16384,1113,9413.0
16384,1114,9315.5
16384,1115,9328.3
16384,1116,9293.1
16384,1117,9280.4
16384,1118,9299.8
16384,1119,9330.1
16384,1120,9750.4
16384,1121,9952.6
16384,1122,9479.7
16384,1123,9568.1
16384,1124,9631.1
16384,1125,9505.7
16384,1126,9268.3
16384,1127,9254.4
16384,1128,9385.8
16384,1129,9469.4
16384,1130,9246.5
16384,1131,9462.1
16384,1132,9347.6
16384,1133,9425.8
16384,1134,9568.7
16384,1135,9511.8
16384,1136,9318.0
16384,1137,9463.9
16384,1138,9237.4
16384,1139,9462.7
16384,1140,9629.9
16384,1141,9423.9
16384,1142,9378.5
16384,1143,9476.6
16384,1144,9294.9
16384,1145,9753.4
16384,1146,9704.9
16384,1147,9480.3
16384,1148,9407.6
16384,1149,9419.7
16384,1150,9318.6
16384,1151,9385.8
16384,1152,9706.8
16384,1153,9322.8
16384,1154,9319.2
16384,1155,9402.1
16384,1156,9379.1
16384,1157,9349.5
16384,1158,9266.5
16384,1159,9230.1
16384,1160,9475.4
16384,1161,9640.8
16384,1162,9233.8
16384,1163,9491.2
16384,1164,9381.5
16384,1165,9333.1
16384,1166,9394.3
16384,1167,9342.8
16384,1168,9513.6
16384,1169,9448.8
16384,1170,9339.8
16384,1171,9411.8
16384,1172,9502.1
16384,1173,9710.4
16384,1174,9200.5
16384,1175,9424.5
16384,1176,9498.4
16384,1177,9327.6
16384,1178,9261.0
16384,1179,9416.1
16384,1180,9385.2
16384,1181,9374.3
16384,1182,9220.5
16384,1183,9414.3
16384,1184,9439.7
16384,1185,9393.1
16384,1186,9236.8
16384,1187,9420.9
16384,1188,9935.7
16384,1189,9279.8
16384,1190,9247.7
16384,1191,9463.9
16384,1192,9454.8
16384,1193,9344.6
16384,1194,9288.3
16384,1195,9345.8
16384,1196,9653.5
16384,1197,9293.7
16384,1198,9361.0
16384,1199,9525.7
16384,1200,11673.8
16384,1201,9448.2
16384,1202,9363.4
16384,1203,9506.3
16384,1204,9350.1
16384,1205,9516.6
16384,1206,9219.9
16384,1207,9534.8
16384,1208,9674.7
16384,1209,9523.3
16384,1210,9293.7
16384,1211,9418.5
16384,1212,9308.9
16384,1213,9774.0
16384,1214,9434.2
16384,1215,9287.1
16384,1216,9356.1
16384,1217,9601.4
16384,1218,9356.7
16384,1219,9543.9
16384,1220,9476.6
16384,1221,9401.5
16384,1222,9388.2
16384,1223,9548.7
16384,1224,9463.3
16384,1225,9327.6
16384,1226,9225.9
16384,1227,9394.3
16384,1228,9683.8
16384,1229,9677.7
16384,1230,9553.5
16384,1231,9436.1
16384,1232,9582.6
16384,1233,9443.3
16384,1234,9391.8
16384,1235,9437.3
16384,1236,9466.9
16384,1237,9410.6
16384,1238,9457.3
16384,1239,9571.7
16384,1240,9319.2
16384,1241,9407.0
16384,1242,9483.9
16384,1243,9268.9
16384,1244,9276.8
16384,1245,9347.6
16384,1246,9333.1
16384,1247,9508.1
16384,1248,9408.8
16384,1249,9459.1
16384,1250,9275.0
16384,1251,9450.6
16384,1252,9748.6
16384,1253,9423.9
16384,1254,9521.4
16384,1255,9350.7
16384,1256,9350.7
16384,1257,9605.6
16384,1258,9558.4
16384,1259,9389.4
16384,1260,9578.4
16384,1261,9345.2
16384,1262,9357.3
16384,1263,9366.4
16384,1264,9337.9
16384,1265,9816.4
16384,1266,9282.2
16384,1267,9290.1
16384,1268,9328.3
16384,1269,9441.5
16384,1270,9305.8
16384,1271,9355.5
16384,1272,9700.7
16384,1273,9319.8
16384,1274,9597.1
16384,1275,9322.2
16384,1276,9487.5
16384,1277,9414.3
16384,1278,9402.1
16384,1279,9388.2
16384,1280,9605.0
16384,1281,9350.7
16384,1282,9501.5
16384,1283,9505.1
16384,1284,9477.8
16384,1285,9391.8
16384,1286,9440.3
16384,1287,9337.9
16384,1288,9445.1
16384,1289,9567.5
16384,1290,9264.1
16384,1291,9238.6
16384,1292,9413.0
16384,1293,9350.7
16384,1294,9235.6
16384,1295,9400.3
16384,1296,9307.7
16384,1297,9470.0
16384,1298,9414.3
16384,1299,9437.3
16384,1300,9734.6
16384,1301,9612.3
16384,1302,11066.4
16384,1303,9565.1
16384,1304,9497.2
16384,1305,9490.6
16384,1306,9517.8
16384,1307,9718.3
16384,1308,9278.6
16384,1309,9427.0
16384,1310,9308.3
16384,1311,9554.8
16384,1312,9584.4
16384,1313,9989.6
16384,1314,9407.0
16384,1315,9563.8
16384,1316,9760.7
16384,1317,9690.4
16384,1318,9212.6
16384,1319,9743.7
16384,1320,9609.3
16384,1321,9370.0
16384,1322,9471.8
16384,1323,9597.8
16384,1324,9533.6
16384,1325,9382.8
16384,1326,9362.2
16384,1327,9468.8
16384,1328,9331.3
16384,1329,9505.7
16384,1330,9370.0
16384,1331,9343.4
16384,1332,9601.4
16384,1333,9810.9
16384,1334,9322.8
16384,1335,9430.6
16384,1336,9325.2
16384,1337,9465.1
16384,1338,9168.4
16384,1339,9470.0
16384,1340,9287.7
16384,1341,9396.1
16384,1342,9251.3
16384,1343,9503.3
16384,1344,9769.7
16384,1345,9565.1
16384,1346,9363.4
16384,1347,9387.6
16384,1348,9388.2
16384,1349,9229.5
16384,1350,9244.7
16384,1351,9325.8
16384,1352,9631.7
16384,1353,9376.1
16384,1354,9548.7
16384,1355,9509.9
16384,1356,9551.1
16384,1357,9294.3
16384,1358,9543.2
16384,1359,9570.5
16384,1360,9417.3
16384,1361,9559.6
16384,1362,9231.4
16384,1363,9704.9
16384,1364,9440.3
16384,1365,10013.2
16384,1366,9708.6
16384,1367,9827.9
16384,1368,10223.4
16384,1369,9782.5
16384,1370,9696.5
16384,1371,9930.8
16384,1372,9794.0
16384,1373,9726.7
16384,1374,9797.0
16384,1375,9804.9
16384,1376,10071.9
16384,1377,9924.2
16384,1378,9757.6
16384,1379,10018.0
16384,1380,10073.2
16384,1381,12881.4
16384,1382,12923.2
16384,1383,12001.4
16384,1384,11675.0
16384,1385,12349.7
16384,1386,12290.9
16384,1387,11716.2
16384,1388,11684.7
16384,1389,10871.4
16384,1390,12164.9
16384,1391,12114.7
16384,1392,12906.8
16384,1393,11027.0
16384,1394,10425.0
16384,1395,10525.6
16384,1396,10343.3
16384,1397,11314.7
16384,1398,11287.4
16384,1399,13656.0
16384,1400,10698.8
16384,1401,10658.8
16384,1402,12957.7
16384,1403,11313.5
16384,1404,9241.0
16384,1405,9103.0
16384,1406,9519.0
16384,1407,9629.2
16384,1408,9636.5
16384,1409,9463.9
16384,1410,9415.5
16384,1411,9478.4
16384,1412,9540.2
16384,1413,9394.3
16384,1414,9523.9
16384,1415,9339.8
16384,1416,9630.5
16384,1417,9883.0
16384,1418,9491.2
16384,1419,9707.4
16384,1420,9671.6
16384,1421,9329.5
16384,1422,9434.8
16384,1423,9440.9
16384,1424,9701.3
16384,1425,9778.8
16384,1426,9428.2
16384,1427,9333.7
16384,1428,9361.0
16384,1429,9459.7
16384,1430,9361.0
16384,1431,9500.9
16384,1432,9537.2
16384,1433,9525.7
16384,1434,9298.6
16384,1435,9429.4
16384,1436,9360.4
16384,1437,9641.4
16384,1438,9645.0
16384,1439,9281.6
16384,1440,9270.1
16384,1441,9377.3
16384,1442,9275.0
16384,1443,9421.5
16384,1444,9384.6
16384,1445,9618.9
16384,1446,9178.7
16384,1447,9607.4
16384,1448,9511.2
16384,1449,9312.5
16384,1450,9379.7
16384,1451,9320.4
16384,1452,9463.9
16384,1453,9566.9
16384,1454,9350.1
16384,1455,9334.3
16384,1456,9473.6
16384,1457,9574.7
16384,1458,9322.8
16384,1459,9519.6
16384,1460,9351.3
16384,1461,9437.9
16384,1462,9428.2
16384,1463,9326.4
16384,1464,9735.8
16384,1465,9414.3
16384,1466,9319.2
16384,1467,9307.1
16384,1468,9579.0
16384,1469,9496.6
16384,1470,9400.3
16384,1471,9651.7
16384,1472,9400.3
16384,1473,9766.7
16384,1474,9231.4
16384,1475,9462.7
16384,1476,9297.4
16384,1477,9442.7
16384,1478,9189.0
16384,1479,9190.2
16384,1480,9354.3
16384,1481,9294.3
16384,1482,9407.0
16384,1483,9302.2
16384,1484,9341.0
16384,1485,9409.4
16384,1486,9285.3
16384,1487,9447.0
16384,1488,9557.8
16384,1489,9353.7
16384,1490,9607.4
16384,1491,9350.1
16384,1492,9729.8
16384,1493,9782.5
16384,1494,9262.8
16384,1495,9245.9
16384,1496,9370.0
16384,1497,9755.2
16384,1498,9417.3
16384,1499,9363.4
16384,1500,9354.9
16384,1501,11819.1
16384,1502,9566.3
16384,1503,9509.9
16384,1504,9268.9
16384,1505,9390.0
16384,1506,9281.0
16384,1507,9643.2
16384,1508,9458.5
16384,1509,9345.8
16384,1510,9331.3
16384,1511,9397.3
16384,1512,9624.4
16384,1513,9442.7
16384,1514,9376.1
16384,1515,9396.7
16384,1516,9459.1
16384,1517,9368.2
16384,1518,9631.1
16384,1519,9256.2
16384,1520,9569.3
16384,1521,9462.7
16384,1522,9459.1
16384,1523,9408.2
16384,1524,9380.3
16384,1525,9523.9
16384,1526,9420.3
16384,1527,9373.1
16384,1528,9353.7
16384,1529,9503.3
16384,1530,9229.5
16384,1531,9388.2
16384,1532,9428.2
16384,1533,9650.4
16384,1534,9198.0
16384,1535,9549.3
16384,1536,9289.5
16384,1537,9609.3
16384,1538,9377.3
16384,1539,9334.9
16384,1540,9285.3
16384,1541,9585.6
16384,1542,9295.6
16384,1543,9619.6
16384,1544,9482.7
16384,1545,9767.3
16384,1546,9546.3
16384,1547,9508.1
16384,1548,9413.0
16384,1549,9378.5
16384,1550,9236.2
16384,1551,9520.8
16384,1552,9358.5
16384,1553,9416.1
16384,1554,9355.5
16384,1555,9404.6
16384,1556,9456.0
16384,1557,9751.6
16384,1558,9279.2
16384,1559,9462.1
16384,1560,9529.3
16384,1561,9384.6
16384,1562,9396.7
16384,1563,9510.5
16384,1564,9517.8
16384,1565,9331.3
16384,1566,9198.0
16384,1567,9302.8
16384,1568,9400.9
16384,1569,9359.7
16384,1570,9347.6
16384,1571,9555.4
16384,1572,9439.1
16384,1573,9373.1
16384,1574,9280.4
16384,1575,9327.6
16384,1576,9477.8
16384,1577,9510.5
16384,1578,9287.7
16384,1579,9267.1
16384,1580,9331.3
16384,1581,9310.7
16384,1582,9394.3
16384,1583,9683.8
16384,1584,9445.1
16384,1585,9528.7
16384,1586,9156.9
16384,1587,9683.8
16384,1588,9314.3
16384,1589,9765.5
16384,1590,9371.9
16384,1591,9298.0
16384,1592,9355.5
16384,1593,9433.6
16384,1594,9713.4
16384,1595,9506.3
16384,1596,9288.3
16384,1597,9615.9
16384,1598,9292.5
16384,1599,9342.2
16384,1600,9324.0
16384,1601,9549.3
16384,1602,9697.7
16384,1603,9299.8
16384,1604,10793.8
16384,1605,9728.6
16384,1606,9407.0
16384,1607,9512.4
16384,1608,9666.8
16384,1609,9390.6
16384,1610,9213.2
16384,1611,9198.0
16384,1612,9493.0
16384,1613,9321.0
16384,1614,9263.5
16384,1615,9727.4
16384,1616,9465.1
16384,1617,9377.9
16384,1618,9184.7
16384,1619,9561.4
16384,1620,9318.0
16384,1621,9717.1
16384,1622,9293.7
16384,1623,9448.8
16384,1624,235892.3
16384,1625,9496.6
16384,1626,9475.4
16384,1627,9642.6
16384,1628,9660.7
16384,1629,9481.5
16384,1630,9551.1
16384,1631,9433.6
16384,1632,9402.7
16384,1633,9376.7
16384,1634,9467.5
16384,1635,9434.8
16384,1636,9555.4
16384,1637,9438.5
16384,1638,9296.8
16384,1639,9284.0
16384,1640,9476.0
16384,1641,9392.5
16384,1642,9237.4
16384,1643,9388.2
16384,1644,9251.3
16384,1645,9314.3
16384,1646,9314.3
16384,1647,9480.3
16384,1648,9336.7
16384,1649,9250.1
16384,1650,9195.6
16384,1651,9270.1
16384,1652,9282.2
16384,1653,9569.3
16384,1654,9276.2
16384,1655,9335.5
16384,1656,9489.3
16384,1657,9493.6
16384,1658,9270.1
16384,1659,9622.0
16384,1660,9380.9
16384,1661,9361.0
16384,1662,9196.2
16384,1663,9321.6
16384,1664,9337.9
16384,1665,9602.6
16384,1666,9244.7
16384,1667,9312.5
16384,1668,9290.1
16384,1669,9410.6
16384,1670,9194.4
16384,1671,9334.3
16384,1672,9667.4
16384,1673,9389.4
16384,1674,9234.4
16384,1675,9610.5
16384,1676,9437.9
16384,1677,9433.0
16384,1678,9556.0
16384,1679,9361.0
16384,1680,9471.8
16384,1681,9338.6
16384,1682,9591.7
16384,1683,9301.6
16384,1684,11258.3
16384,1685,9352.5
16384,1686,9190.8
16384,1687,9614.1
16384,1688,9459.1
16384,1689,9379.1
16384,1690,9322.2
16384,1691,9297.4
16384,1692,9422.7
16384,1693,9597.1
16384,1694,9382.2
16384,1695,9889.7
16384,1696,9531.1
16384,1697,9754.6
16384,1698,9398.5
16384,1699,9852.7
16384,1700,10070.7
16384,1701,9877.5
16384,1702,9735.2
16384,1703,9779.4
16384,1704,10097.4
16384,1705,9736.4
16384,1706,9729.8
16384,1707,9726.1
16384,1708,9858.8
16384,1709,9749.2
16384,1710,9718.9
16384,1711,9867.9
16384,1712,9766.7
16384,1713,9799.4
16384,1714,9691.0
16384,1715,9930.2
16384,1716,9556.0
16384,1717,9442.1
16384,1718,9399.7
16384,1719,9354.9
16384,1720,9394.9
16384,1721,9393.1
16384,1722,9299.8
16384,1723,9382.2
16384,1724,9522.7
16384,1725,9405.2
16384,1726,9273.1
16384,1727,9959.9
16384,1728,9838.2
16384,1729,9746.1
16384,1730,9661.3
16384,1731,10001.1
16384,1732,9768.5
16384,1733,9922.4
16384,1734,9595.3
16384,1735,9827.9
16384,1736,9915.1
16384,1737,10130.1
16384,1738,9775.8
16384,1739,9736.4
16384,1740,9805.5
16384,1741,10011.4
16384,1742,9755.8
16384,1743,9833.9
16384,1744,10177.9
16384,1745,9837.6
16384,1746,9653.5
16384,1747,9773.4
16384,1748,9895.1
16384,1749,10102.2
16384,1750,9744.3
16384,1751,9872.1
16384,1752,9989.6
16384,1753,9641.4
16384,1754,9428.8
16384,1755,9315.5
16384,1756,9512.4
16384,1757,9308.9
16384,1758,9597.1
16384,1759,9824.9
16384,1760,16820.9
16384,1761,12092.3
16384,1762,27338.6
16384,1763,10121.6
16384,1764,9573.5
16384,1765,9496.0
16384,1766,9677.1
16384,1767,9373.7
16384,1768,9580.2
16384,1769,9423.3
16384,1770,9373.7
16384,1771,9322.2
16384,1772,9414.3
16384,1773,9315.5
16384,1774,9474.8
16384,1775,9452.4
16384,1776,9512.4
16384,1777,9428.2
16384,1778,9399.7
16384,1779,9424.5
16384,1780,9736.4
16384,1781,9264.7
16384,1782,11607.2
16384,1783,9600.2
16384,1784,9368.8
16384,1785,9494.8
16384,1786,9374.3
16384,1787,9591.7
16384,1788,9579.0
16384,1789,9368.8
16384,1790,9585.0
16384,1791,9357.3
16384,1792,9786.1
16384,1793,9709.2
16384,1794,9255.0
16384,1795,9304.0
16384,1796,9400.9
16384,1797,9314.3
16384,1798,9451.2
16384,1799,9628.6
16384,1800,9552.9
16384,1801,9437.9
16384,1802,9573.5
16384,1803,9379.1
16384,1804,9359.1
16384,1805,9423.9
16384,1806,9573.5
16384,1807,9584.4
16384,1808,9317.4
16384,1809,9545.1
16384,1810,9440.3
16384,1811,9518.4
16384,1812,9555.4
16384,1813,9326.4
16384,1814,9291.9
16384,1815,9330.1
16384,1816,9628.6
16384,1817,9866.0
16384,1818,9376.7
16384,1819,9392.5
16384,1820,9367.0
16384,1821,9357.3
16384,1822,9260.4
16384,1823,9351.9
16384,1824,9488.1
16384,1825,9317.4
16384,1826,9185.9
16384,1827,9262.8
16384,1828,9586.9
16384,1829,9528.7
16384,1830,9329.5
16384,1831,9617.1
16384,1832,9389.4
16384,1833,9295.6
16384,1834,9443.9
16384,1835,9540.2
16384,1836,9540.8
16384,1837,9324.0
16384,1838,9300.4
16384,1839,9697.1
16384,1840,9468.2
16384,1841,9363.4
16384,1842,9297.4
16384,1843,9336.1
16384,1844,9448.2
16384,1845,9334.3
16384,1846,9320.4
16384,1847,9384.0
16384,1848,9522.7
16384,1849,9445.1
16384,1850,9650.4
16384,1851,9397.9
16384,1852,9286.5
16384,1853,9304.6
16384,1854,9457.3
16384,1855,9628.0
16384,1856,9330.1
16384,1857,9563.2
16384,1858,9264.1
16384,1859,9538.4
16384,1860,9347.6
16384,1861,9473.0
16384,1862,9390.0
16384,1863,9645.6
16384,1864,9876.3
16384,1865,9325.2
16384,1866,9262.2
16384,1867,9526.3
16384,1868,9296.8
16384,1869,9321.6
16384,1870,9312.5
16384,1871,9404.0
16384,1872,9371.9
16384,1873,9462.1
16384,1874,9496.6
16384,1875,9239.8
16384,1876,9388.8
16384,1877,9397.3
16384,1878,9273.1
16384,1879,9526.9
16384,1880,9451.2
16384,1881,9271.9
16384,1882,9533.6
16384,1883,9538.4
16384,1884,12601.6
16384,1885,9408.8
16384,1886,9583.8
16384,1887,9819.4
16384,1888,10184.6
16384,1889,9390.6
16384,1890,9296.8
16384,1891,9561.4
16384,1892,9933.3
16384,1893,10133.1
16384,1894,9743.7
16384,1895,9857.6
16384,1896,10046.5
16384,1897,9929.6
16384,1898,10126.5
16384,1899,10038.6
16384,1900,9941.1
16384,1901,10073.8
16384,1902,9854.5
16384,1903,9666.2
16384,1904,10041.1
16384,1905,9841.8
16384,1906,9797.6
16384,1907,9788.5
16384,1908,9816.4
16384,1909,10093.8
16384,1910,9933.9
16384,1911,10016.2
16384,1912,10000.5
16384,1913,9797.6
16384,1914,9996.9
16384,1915,9341.6
16384,1916,9298.6
16384,1917,9471.8
16384,1918,9212.0
16384,1919,9294.9
16384,1920,9290.1
16384,1921,9457.3
16384,1922,9427.0
16384,1923,9382.2
16384,1924,9434.8
16384,1925,9429.4
16384,1926,9397.9
16384,1927,9436.1
16384,1928,9582.0
16384,1929,9497.8
16384,1930,9714.6
16384,1931,9241.0
16384,1932,9285.9
16384,1933,9367.0
16384,1934,9410.6
16384,1935,9648.0
16384,1936,9296.8
16384,1937,9462.1
16384,1938,9429.4
16384,1939,9462.1
16384,1940,9332.5
16384,1941,9457.9
16384,1942,9368.8
16384,1943,9429.4
16384,1944,9685.6
16384,1945,9552.9
16384,1946,9341.6
16384,1947,9606.8
16384,1948,9310.1
16384,1949,9422.7
16384,1950,9226.5
16384,1951,9364.0
16384,1952,9322.8
16384,1953,9525.1
16384,1954,9332.5
16384,1955,9329.5
16384,1956,9259.2
16384,1957,9431.8
16384,1958,9525.1
16384,1959,9408.8
16384,1960,9666.8
16384,1961,9644.4
16384,1962,9321.0
16384,1963,9586.9
16384,1964,9432.4
16384,1965,9574.1
16384,1966,9321.6
16384,1967,9290.1
16384,1968,9606.8
16384,1969,9322.8
16384,1970,9242.3
16384,1971,9424.5
16384,1972,9281.6
16384,1973,9602.6
16384,1974,9269.5
16384,1975,9463.9
16384,1976,9229.5
16384,1977,9492.4
16384,1978,9310.1
16384,1979,9379.7
16384,1980,9331.3
16384,1981,9344.6
16384,1982,9194.4
16384,1983,9404.0
16384,1984,9506.3
16384,1985,9441.5
16384,1986,10362.6
16384,1987,9721.9
16384,1988,9462.1
16384,1989,9585.0
16384,1990,9366.4
16384,1991,9358.5
16384,1992,9437.3
16384,1993,9481.5
16384,1994,9258.0
16384,1995,9265.9
16384,1996,9351.3
16384,1997,9462.7
16384,1998,9289.5
16384,1999,9334.3
65536,0,27461.5
65536,1,27638.4
65536,2,27517.2
65536,3,27258.6
65536,4,26082.5
65536,5,26149.2
65536,6,27225.9
65536,7,27440.3
65536,8,27706.8
65536,9,29948.8
65536,10,27939.3
65536,11,27625.0
65536,12,27600.2
65536,13,27064.8
65536,14,26066.8
65536,15,26222.4
65536,16,25919.0
65536,17,26194.0
65536,18,26115.8
65536,19,26607.6
65536,20,27645.6
65536,21,27460.9
65536,22,27724.4
65536,23,27741.3
65536,24,27800.7
65536,25,27592.9
65536,26,27648.7
65536,27,27734.6
65536,28,26512.5
65536,29,26165.5
65536,30,26052.9
65536,31,26257.0
65536,32,26129.8
65536,33,26329.0
65536,34,26082.5
65536,35,25989.3
65536,36,26128.6
65536,37,26212.1
65536,38,25984.4
65536,39,25813.0
65536,40,26370.2
65536,41,26051.0
65536,42,26155.2
65536,43,26067.4
65536,44,25902.1
65536,45,26005.0
65536,46,28348.7
65536,47,26516.2
65536,48,26002.6
65536,49,26077.1
65536,50,30717.3
65536,51,26990.3
65536,52,26252.7
65536,53,25941.4
65536,54,26109.8
65536,55,26252.1
65536,56,26350.8
65536,57,26245.4
65536,58,25913.6
65536,59,26155.2
65536,60,25967.5
65536,61,26094.0
65536,62,26037.7
65536,63,26085.0
65536,64,26123.7
65536,65,26305.4
65536,66,26197.0
65536,67,26571.9
65536,68,26183.1
65536,69,26067.4
65536,70,25894.8
65536,71,26094.0
65536,72,25855.4
65536,73,26097.7
65536,74,26067.4
65536,75,26179.4
65536,76,26273.3
65536,77,26366.6
65536,78,26162.5
65536,79,26243.6
65536,80,25911.8
65536,81,26059.5
65536,82,25988.1
65536,83,26081.3
65536,84,28460.8
65536,85,26282.4
65536,86,26032.3
65536,87,26252.7
65536,88,26381.1
65536,89,25877.8
65536,90,333684.8
65536,91,27783.7
65536,92,26091.0
65536,93,26272.1
65536,94,26074.7
65536,95,25991.1
65536,96,25826.4
65536,97,25929.9
65536,98,25924.5
65536,99,25893.0
65536,100,25922.7
65536,101,26248.5
65536,102,26197.6
65536,103,26110.4
65536,104,26012.9
65536,105,26146.1
65536,106,25871.2
65536,107,26163.1
65536,108,26130.4
65536,109,26094.6
65536,110,27472.4
65536,111,26149.2
65536,112,25840.3
65536,113,26101.9
65536,114,26287.2
65536,115,27350.1
65536,116,27497.9
65536,117,27488.2
65536,118,27604.4
65536,119,27629.9
65536,120,27706.8
65536,121,27488.2
65536,122,27433.7
65536,123,27643.2
65536,124,27255.0
65536,125,26014.1
65536,126,26081.9
65536,127,26179.4
65536,128,26135.2
65536,129,26075.9
65536,130,25880.9
65536,131,25854.8
65536,132,26101.3
65536,133,26011.1
65536,134,25974.1
65536,135,25894.8
65536,136,25975.3
65536,137,26056.5
65536,138,26279.4
65536,139,27606.9
65536,140,28055.0
65536,141,27797.6
65536,142,27710.4
65536,143,27664.4
65536,144,27708.6
65536,145,29507.9
65536,146,40415.0
65536,147,26260.6
65536,148,26418.7
65536,149,26132.2
65536,150,26175.8
65536,151,26477.4
65536,152,26038.9
65536,153,26572.5
65536,154,25794.9
65536,155,26185.5
65536,156,26018.9
65536,157,26171.6
65536,158,26165.5
65536,159,25994.1
65536,160,26171.6
65536,161,26113.4
65536,162,26097.1
65536,163,26333.9
65536,164,25925.1
65536,165,25959.0
65536,166,26286.6
65536,167,25972.3
65536,168,26025.6
65536,169,26121.9
65536,170,26047.4
65536,171,26052.9
65536,172,26140.1
65536,173,26017.1
65536,174,25999.0
65536,175,26191.5
65536,176,25975.9
65536,177,25926.9
65536,178,26156.4
65536,179,25989.9
65536,180,26129.8
65536,181,26164.3
65536,182,25868.1
65536,183,26273.3
65536,184,28951.9
65536,185,26389.6
65536,186,26225.5
65536,187,26111.6
65536,188,26286.6
65536,189,26123.7
65536,190,25981.4
65536,191,25925.7
65536,192,26228.5
65536,193,26143.7
65536,194,26172.8
65536,195,26099.5
65536,196,25954.8
65536,197,26225.5
65536,198,26281.2
65536,199,25979.0
65536,200,25943.2
65536,201,26003.8
65536,202,26071.6
65536,203,26130.4
65536,204,25900.9
65536,205,26091.6
65536,206,26116.5
65536,207,26283.6
65536,208,26154.0
65536,209,26104.9
65536,210,26061.3
65536,211,25999.6
65536,212,26324.2
65536,213,26249.1
65536,214,25981.4
65536,215,26189.1
65536,216,26192.8
65536,217,26118.9
65536,218,26198.8
65536,219,26254.5
65536,220,26109.8
65536,221,26339.3
65536,222,29050.0
65536,223,25870.6
65536,224,25980.8
65536,225,25877.8
65536,226,25855.4
65536,227,25978.4
65536,228,25908.7
65536,229,25937.2
65536,230,26203.1
65536,231,26038.3
65536,232,26013.5
65536,233,26074.7
65536,234,26311.5
65536,235,25942.0
65536,236,26068.0
65536,237,26075.9
65536,238,26049.2
65536,239,26206.1
65536,240,26015.9
65536,241,25888.7
65536,242,25928.7
65536,243,26389.6
65536,244,26127.4
65536,245,26178.2
65536,246,26151.0
65536,247,26005.0
65536,248,26138.9
65536,249,26063.2
65536,250,25800.3
65536,251,25920.2
65536,252,26229.1
65536,253,26151.6
65536,254,26027.4
65536,255,25914.2
65536,256,25896.0
65536,257,26286.0
65536,258,26123.1
65536,259,25917.8
65536,260,28108.9
65536,261,26269.7
65536,262,25913.0
65536,263,26008.0
65536,264,25875.4
65536,265,25915.4
65536,266,26234.5
65536,267,26237.6
65536,268,26258.2
65536,269,26089.8
65536,270,26120.1
65536,271,26003.8
65536,272,25923.3
65536,273,25943.2
65536,274,25857.2
65536,275,26180.6
65536,276,26397.5
65536,277,26099.5
65536,278,26059.5
65536,279,26114.0
65536,280,26104.9
65536,281,25977.2
65536,282,25874.2
65536,283,26049.2
65536,284,26048.6
65536,285,26140.1
65536,286,26074.7
65536,287,25988.7
65536,288,26062.6
65536,289,26055.3
65536,290,26272.7
65536,291,26034.1
65536,292,25940.8
65536,293,26016.5
65536,294,26040.1
65536,295,26057.7
65536,296,25870.6
65536,297,28360.9
65536,298,26437.4
65536,299,26384.1
65536,300,26015.9
65536,301,26030.5
65536,302,26499.2
65536,303,26047.4
65536,304,26172.8
65536,305,26003.8
65536,306,25988.7
65536,307,26287.8
65536,308,25890.6
65536,309,25931.7
65536,310,26014.1
65536,311,26177.0
65536,312,26220.6
65536,313,26103.7
65536,314,26163.7
65536,315,26097.1
65536,316,26161.3
65536,317,25987.5
65536,318,26161.3
65536,319,26046.8
65536,320,26183.1
65536,321,26236.4
65536,322,26123.7
65536,323,25939.6
65536,324,25991.1
65536,325,26253.3
65536,326,26395.0
65536,327,26005.6
65536,328,25985.0
65536,329,25944.5
65536,330,26044.4
65536,331,26058.3
65536,332,26195.2
65536,333,25937.2
65536,334,25963.2
65536,335,27921.2
65536,336,26672.4
65536,337,26251.5
65536,338,26251.5
65536,339,26998.8
65536,340,333630.9
65536,341,28903.5
65536,342,29106.4
65536,343,27553.6
65536,344,27078.8
65536,345,25819.7
65536,346,26114.6
65536,347,26226.1
65536,348,25940.8
65536,349,25986.2
65536,350,25891.8
65536,351,25830.0
65536,352,26257.6
65536,353,26333.9
65536,354,26026.8
65536,355,26034.1
65536,356,26022.0
65536,357,25989.3
65536,358,26065.6
65536,359,26061.3
65536,360,27173.9
65536,361,28997.4
65536,362,27537.8
65536,363,27474.8
65536,364,27515.4
65536,365,27580.8
65536,366,27460.3
65536,367,27566.3
65536,368,27325.3
65536,369,26969.8
65536,370,26022.0
65536,371,26098.9
65536,372,27523.3
65536,373,27498.5
65536,374,27455.5
65536,375,26558.5
65536,376,26114.0
65536,377,25823.3
65536,378,26035.9
65536,379,25885.1
65536,380,26022.6
65536,381,26240.0
65536,382,26090.4
65536,383,26087.4
65536,384,25949.3
65536,385,26060.1
65536,386,25834.8
65536,387,25982.0
65536,388,26045.0
65536,389,26032.3
65536,390,26060.1
65536,391,25835.4
65536,392,25973.5
65536,393,25880.3
65536,394,26161.3
65536,395,31127.9
65536,396,41280.4
65536,397,27974.5
65536,398,26297.5
65536,399,26299.3
65536,400,25844.5
65536,401,26070.4
65536,402,25996.5
65536,403,25890.6
65536,404,107397.6
65536,405,26128.6
65536,406,27474.2
65536,407,27714.1
65536,408,27840.0
65536,409,27568.1
65536,410,27655.3
65536,411,27331.3
65536,412,26405.9
65536,413,25992.3
65536,414,25876.0
65536,415,26018.3
65536,416,26143.7
65536,417,26387.2
65536,418,26217.0
65536,419,26058.3
65536,420,25914.8
65536,421,26053.5
65536,422,26208.5
65536,423,25946.9
65536,424,26315.7
65536,425,26063.8
65536,426,25948.7
65536,427,26268.5
65536,428,26190.9
65536,429,26261.8
65536,430,26041.4
65536,431,26050.4
65536,432,28173.1
65536,433,26552.5
65536,434,25994.1
65536,435,26175.8
65536,436,26172.2
65536,437,26018.9
65536,438,25891.2
65536,439,26164.9
65536,440,26086.8
65536,441,26275.7
65536,442,25999.0
65536,443,25964.4
65536,444,26032.3
65536,445,26077.7
65536,446,26007.4
65536,447,25858.5
65536,448,26243.6
65536,449,26069.8
65536,450,25867.5
65536,451,26026.2
65536,452,26347.2
65536,453,27464.5
65536,454,27930.3
65536,455,27694.7
65536,456,27497.9
65536,457,27545.7
65536,458,27574.2
65536,459,27506.9
65536,460,27413.1
65536,461,27596.6
65536,462,26539.8
65536,463,26345.4
65536,464,26306.6
65536,465,27394.9
65536,466,27460.9
65536,467,27538.4
65536,468,26737.8
65536,469,28500.1
65536,470,26184.9
65536,471,26027.4
65536,472,26191.5
65536,473,26005.0
65536,474,25978.4
65536,475,26327.2
65536,476,26223.6
65536,477,25923.9
65536,478,25969.3
65536,479,26100.1
65536,480,26033.5
65536,481,26023.2
65536,482,26174.0
65536,483,25822.1
65536,484,26162.5
65536,485,25914.2
65536,486,26210.9
65536,487,26198.2
65536,488,26164.9
65536,489,27152.7
65536,490,27383.4
65536,491,27691.0
65536,492,27645.6
65536,493,27534.2
65536,494,27763.1
65536,495,27703.2
65536,496,27755.2
65536,497,27695.3
65536,498,26795.9
65536,499,26174.0
65536,500,26682.1
65536,501,27649.9
65536,502,27390.1
65536,503,27639.6
65536,504,26432.6
65536,505,25942.0
65536,506,28141.0
65536,507,26141.9
65536,508,26195.2
65536,509,26171.6
65536,510,27773.4
65536,511,27548.1
65536,512,27738.3
65536,513,27663.2
65536,514,27442.1
65536,515,27256.2
65536,516,27636.5
65536,517,26252.1
65536,518,26059.5
65536,519,26187.3
65536,520,26121.9
65536,521,26034.1
65536,522,26326.0
65536,523,25974.7
65536,524,25919.6
65536,525,25874.8
65536,526,26105.5
65536,527,26080.1
65536,528,26147.9
65536,529,25959.6
65536,530,26143.1
65536,531,26149.8
65536,532,26123.1
65536,533,26120.7
65536,534,26025.6
65536,535,26259.4
65536,536,26298.1
65536,537,25880.9
65536,538,25983.2
65536,539,25984.4
65536,540,26100.7
65536,541,26087.4
65536,542,25967.5
65536,543,28542.5
65536,544,26070.4
65536,545,26037.1
65536,546,25876.0
65536,547,26086.8
65536,548,25929.3
65536,549,26121.3
65536,550,26070.4
65536,551,25997.8
65536,552,25845.1
65536,553,26090.4
65536,554,26275.7
65536,555,25982.0
65536,556,26078.9
65536,557,26089.8
65536,558,26144.9
65536,559,26171.0
65536,560,25968.1
65536,561,26069.2
65536,562,25865.1
65536,563,26024.4
65536,564,25999.0
65536,565,26042.6
65536,566,26168.5
65536,567,26113.4
65536,568,26118.9
65536,569,26029.2
65536,570,25929.9
65536,571,26177.6
65536,572,26161.9
65536,573,26160.7
65536,574,26075.9
65536,575,25739.8
65536,576,26055.3
65536,577,26060.1
65536,578,26117.7
65536,579,26042.0
65536,580,25919.6
65536,581,28279.7
65536,582,26335.1
65536,583,26090.4
65536,584,255230.1
65536,585,26313.3
65536,586,26416.2
65536,587,27732.8
65536,588,27858.8
65536,589,27572.9
65536,590,27459.7
65536,591,27467.6
65536,592,27382.8
65536,593,27505.1
65536,594,27349.5
65536,595,27483.9
65536,596,26995.2
65536,597,26179.4
65536,598,26402.3
65536,599,27462.7
65536,600,27569.3
65536,601,27344.0
65536,602,27522.1
65536,603,27495.4
65536,604,27381.0
65536,605,27572.3
65536,606,27501.5
65536,607,26366.0
65536,608,26101.3
65536,609,29147.5
65536,610,26250.3
65536,611,26158.8
65536,612,26175.8
65536,613,26189.7
65536,614,26029.2
65536,615,25884.5
65536,616,26057.7
65536,617,26055.9
65536,618,26193.4
65536,619,26152.8
65536,620,26105.5
65536,621,26141.3
65536,622,26261.2
65536,623,26015.9
65536,624,26075.9
65536,625,26032.3
65536,626,26031.1
65536,627,26070.4
65536,628,26045.6
65536,629,25923.3
65536,630,26240.6
65536,631,25929.3
65536,632,26382.9
65536,633,26364.8
65536,634,27677.7
65536,635,43850.6
65536,636,28093.8
65536,637,27579.0
65536,638,30533.8
65536,639,28010.8
65536,640,27601.4
65536,641,27735.3
65536,642,27467.6
65536,643,26216.4
65536,644,26610.0
65536,645,27771.0
65536,646,28892.0
65536,647,27575.4
65536,648,27723.7
65536,649,26298.1
65536,650,26077.1
65536,651,25983.2
65536,652,26026.8
65536,653,25901.5
65536,654,26086.8
65536,655,26484.1
65536,656,26165.5
65536,657,26057.7
65536,658,26211.5
65536,659,26183.7
65536,660,26011.1
65536,661,26078.3
65536,662,25931.7
65536,663,25892.4
65536,664,26191.5
65536,665,25879.1
65536,666,25911.1
65536,667,26254.5
65536,668,26456.8
65536,669,26232.1
65536,670,25725.2
65536,671,26092.2
65536,672,26135.8
65536,673,26269.7
65536,674,25959.6
65536,675,25980.8
65536,676,26126.1
65536,677,26002.0
65536,678,26121.9
65536,679,26209.7
65536,680,26025.6
65536,681,25945.1
65536,682,26218.2
65536,683,27244.7
65536,684,26044.4
65536,685,26064.4
65536,686,26124.3
65536,687,26028.0
65536,688,25994.1
65536,689,26116.5
65536,690,26177.0
65536,691,26407.8
65536,692,26113.4
65536,693,26911.0
65536,694,27729.2
65536,695,27523.3
65536,696,27571.1
65536,697,27473.0
65536,698,27486.3
65536,699,27393.7
65536,700,27475.4
65536,701,27715.9
65536,702,26719.0
65536,703,26235.2
65536,704,27585.1
65536,705,27464.5
65536,706,27503.9
65536,707,27419.1
65536,708,26846.2
65536,709,26241.8
65536,710,26230.3
65536,711,26031.7
65536,712,25999.0
65536,713,26316.3
65536,714,26482.2
65536,715,26154.0
65536,716,27196.3
65536,717,27549.3
65536,718,27353.1
65536,719,27582.0
65536,720,28603.7
65536,721,27579.0
65536,722,27409.4
65536,723,27969.0
65536,724,26368.4
65536,725,26324.8
65536,726,25972.3
65536,727,26075.3
65536,728,26541.6
65536,729,26012.3
65536,730,26026.8
65536,731,25974.7
65536,732,26022.0
65536,733,26067.4
65536,734,25951.7
65536,735,26079.5
65536,736,26310.2
65536,737,26233.3
65536,738,26192.8
65536,739,26101.9
65536,740,26009.9
65536,741,26114.6
65536,742,26092.2
65536,743,26017.7
65536,744,26000.2
65536,745,26041.4
65536,746,26191.5
65536,747,26224.2
65536,748,25944.5
65536,749,26339.9
65536,750,26198.8
65536,751,26244.8
65536,752,25879.7
65536,753,26060.1
65536,754,25925.1
65536,755,25958.4
65536,756,26144.3
65536,757,25874.8
65536,758,28315.4
65536,759,26481.0
65536,760,26150.4
65536,761,26459.8
65536,762,25960.8
65536,763,26142.5
65536,764,26266.0
65536,765,26273.3
65536,766,26079.5
65536,767,26005.0
65536,768,26475.6
65536,769,26017.1
65536,770,26187.3
65536,771,25955.4
65536,772,25913.0
65536,773,26034.7
65536,774,26198.2
65536,775,26207.9
65536,776,26125.5
65536,777,26029.8
65536,778,25962.6
65536,779,25937.2
65536,780,25825.8
65536,781,25989.3
65536,782,26252.7
65536,783,26100.1
65536,784,26035.3
65536,785,25870.0
65536,786,26182.5
65536,787,26163.1
65536,788,25985.0
65536,789,25933.6
65536,790,25892.4
65536,791,26181.9
65536,792,26107.4
65536,793,26072.8
65536,794,25964.4
65536,795,26196.4
65536,796,28751.5
65536,797,26382.9
65536,798,26163.1
65536,799,26140.1
65536,800,27526.9
65536,801,27588.1
65536,802,27743.7
65536,803,27676.5
65536,804,27529.3
65536,805,27774.6
65536,806,27577.2
65536,807,27484.5
65536,808,27540.9
65536,809,26410.8
65536,810,27640.2
65536,811,27422.2
65536,812,27557.2
65536,813,27408.8
65536,814,26983.7
65536,815,26106.8
65536,816,26033.5
65536,817,26037.7
65536,818,25850.0
65536,819,26002.0
65536,820,26178.2
65536,821,26144.9
65536,822,25982.0
65536,823,27407.0
65536,824,27475.4
65536,825,27530.6
65536,826,27410.0
65536,827,27514.8
65536,828,27619.6
65536,829,27776.4
65536,830,27244.1
65536,831,26169.7
65536,832,28718.2
65536,833,26218.8
65536,834,206565.5
65536,835,26224.2
65536,836,26000.2
65536,837,26224.2
65536,838,26306.6
65536,839,26184.9
65536,840,26080.7
65536,841,25956.6
65536,842,26225.5
65536,843,25866.3
65536,844,26008.0
65536,845,25969.3
65536,846,26151.0
65536,847,26220.6
65536,848,26263.6
65536,849,26045.6
65536,850,26097.7
65536,851,26296.3
65536,852,26031.1
65536,853,25994.1
65536,854,25893.6
65536,855,25951.7
65536,856,26052.3
65536,857,26062.6
65536,858,26193.4
65536,859,26042.0
65536,860,26263.0
65536,861,26014.7
65536,862,26104.3
65536,863,27060.6
65536,864,26286.0
65536,865,26055.9
65536,866,26037.7
65536,867,25952.3
65536,868,25864.5
65536,869,26140.7
65536,870,26091.0
65536,871,25994.1
65536,872,25799.7
65536,873,26022.6
65536,874,26253.3
65536,875,25980.2
65536,876,26171.0
65536,877,25927.5
65536,878,26121.3
65536,879,25963.2
65536,880,25859.1
65536,881,26218.8
65536,882,26039.5
65536,883,26319.9
65536,884,25994.1
65536,885,26293.9
65536,886,28027.8
65536,887,44286.7
65536,888,26353.9
65536,889,26134.6
65536,890,26001.4
65536,891,26094.6
65536,892,26229.1
65536,893,26193.4
65536,894,26095.9
65536,895,25919.6
65536,896,26062.6
65536,897,26278.8
65536,898,26126.7
65536,899,25902.1
65536,900,28116.2
65536,901,27085.4
65536,902,26294.5
65536,903,26100.1
65536,904,25998.4
65536,905,26215.2
65536,906,27227.8
65536,907,27369.5
65536,908,27629.9
65536,909,27575.4
65536,910,27514.8
65536,911,27546.9
65536,912,27427.0
65536,913,27495.4
65536,914,27612.9
65536,915,27715.3
65536,916,27563.3
65536,917,27336.2
65536,918,26138.3
65536,919,27366.4
65536,920,27708.0
65536,921,27597.8
65536,922,27553.0
65536,923,27583.9
65536,924,27788.5
65536,925,27531.8
65536,926,27471.8
65536,927,27508.1
65536,928,27686.8
65536,929,27692.3
65536,930,26995.8
65536,931,26162.5
65536,932,26551.3
65536,933,27549.3
65536,934,27979.3
65536,935,27120.6
65536,936,28133.1
65536,937,26224.9
65536,938,26330.2
65536,939,25931.7
65536,940,26217.0
65536,941,26038.3
65536,942,26167.3
65536,943,26264.8
65536,944,25942.6
65536,945,26026.2
65536,946,26193.4
65536,947,26022.6
65536,948,26035.3
65536,949,26155.2
65536,950,25878.4
65536,951,26088.0
65536,952,26333.3
65536,953,26150.4
65536,954,26108.0
65536,955,26019.6
65536,956,26295.1
65536,957,26115.8
65536,958,25814.2
65536,959,26017.1
65536,960,25922.0
65536,961,26108.0
65536,962,26028.0
65536,963,25886.9
65536,964,26155.8
65536,965,26207.3
65536,966,26115.8
65536,967,25860.3
65536,968,26137.0
65536,969,25819.1
65536,970,26215.2
65536,971,26043.2
65536,972,26222.4
65536,973,26015.9
65536,974,28359.6
65536,975,25938.4
65536,976,26006.2
65536,977,26095.3
65536,978,26260.6
65536,979,26298.7
65536,980,25975.9
65536,981,25908.7
65536,982,26032.3
65536,983,25926.3
65536,984,26218.8
65536,985,25976.6
65536,986,26000.8
65536,987,25960.8
65536,988,26253.9
65536,989,26137.0
65536,990,26097.7
65536,991,26035.3
65536,992,26161.3
65536,993,26119.5
65536,994,25905.7
65536,995,26574.3
65536,996,26027.4
65536,997,26026.8
65536,998,26188.5
65536,999,26017.1
65536,1000,26278.8
65536,1001,26149.8
65536,1002,26415.6
65536,1003,26286.6
65536,1004,26137.6
65536,1005,26006.8
65536,1006,26015.3
65536,1007,26370.2
65536,1008,26177.0
65536,1009,26028.6
65536,1010,25972.3
65536,1011,26403.5
65536,1012,27791.0
65536,1013,26347.8
65536,1014,26103.1
65536,1015,26426.5
65536,1016,26012.9
65536,1017,26039.5
65536,1018,26015.9
65536,1019,25867.5
65536,1020,26283.6
65536,1021,26045.0
65536,1022,25957.2
65536,1023,26449.5
65536,1024,26215.2
65536,1025,26229.1
65536,1026,26088.0
65536,1027,25938.4
65536,1028,25920.2
65536,1029,26214.6
65536,1030,26100.1
65536,1031,26037.1
65536,1032,25825.2
65536,1033,26048.6
65536,1034,26178.2
65536,1035,26335.1
65536,1036,26287.8
65536,1037,26009.3
65536,1038,26079.5
65536,1039,26101.9
65536,1040,26273.3
65536,1041,26099.5
65536,1042,25957.8
65536,1043,26143.7
65536,1044,26000.2
65536,1045,25930.5
65536,1046,26035.3
65536,1047,26190.9
65536,1048,26287.8
65536,1049,25941.4
65536,1050,27229.6
65536,1051,26038.9
65536,1052,26048.0
65536,1053,26255.1
65536,1054,25885.1
65536,1055,26022.0
65536,1056,26051.6
65536,1057,25916.6
65536,1058,26083.1
65536,1059,26189.1
65536,1060,26173.4
65536,1061,26026.8
65536,1062,25977.2
65536,1063,26303.0
65536,1064,25945.7
65536,1065,25900.2
65536,1066,26043.2
65536,1067,25868.1
65536,1068,25929.9
65536,1069,26153.4
65536,1070,26020.2
65536,1071,26440.5
65536,1072,26114.0
65536,1073,26126.7
65536,1074,26141.3
65536,1075,26012.3
65536,1076,26052.9
65536,1077,25946.9
65536,1078,25758.5
65536,1079,26067.4
65536,1080,26092.2
65536,1081,26008.0
65536,1082,26042.0
65536,1083,27074.5
65536,1084,27517.8
65536,1085,27644.4
65536,1086,27404.6
65536,1087,289931.1
65536,1088,26573.1
65536,1089,26351.4
65536,1090,26012.9
65536,1091,25985.6
65536,1092,26082.5
65536,1093,26198.8
65536,1094,26127.4
65536,1095,25919.6
65536,1096,25908.1
65536,1097,26088.6
65536,1098,26154.6
65536,1099,26021.4
65536,1100,26124.9
65536,1101,26175.2
65536,1102,25989.9
65536,1103,26131.6
65536,1104,25989.9
65536,1105,25956.0
65536,1106,26034.1
65536,1107,26202.4
65536,1108,26018.3
65536,1109,26055.3
65536,1110,25805.8
65536,1111,26263.6
65536,1112,26249.7
65536,1113,26075.9
65536,1114,25974.7
65536,1115,28717.0
65536,1116,26473.8
65536,1117,26221.2
65536,1118,25980.2
65536,1119,25980.8
65536,1120,26115.8
65536,1121,26186.1
65536,1122,25999.6
65536,1123,26101.9
65536,1124,26270.9
65536,1125,26107.4
65536,1126,25856.0
65536,1127,25917.8
65536,1128,26081.9
65536,1129,26149.2
65536,1130,25642.3
65536,1131,26046.8
65536,1132,25842.1
65536,1133,25891.2
65536,1134,26196.4
65536,1135,26155.8
65536,1136,26252.1
65536,1137,30547.7
65536,1138,37095.0
65536,1139,26321.8
65536,1140,26166.7
65536,1141,26124.9
65536,1142,26075.3
65536,1143,26217.0
65536,1144,26030.5
65536,1145,26018.9
65536,1146,26166.1
65536,1147,26077.1
65536,1148,26157.6
65536,1149,26100.7
65536,1150,25989.9
65536,1151,26139.5
65536,1152,26102.5
65536,1153,28670.9
65536,1154,26091.6
65536,1155,26089.8
65536,1156,26091.0
65536,1157,26179.4
65536,1158,26377.5
65536,1159,26055.3
65536,1160,26167.3
65536,1161,28910.7
65536,1162,26572.5
65536,1163,25975.3
65536,1164,25868.8
65536,1165,25945.7
65536,1166,26131.6
65536,1167,26353.2
65536,1168,26177.0
65536,1169,26198.8
65536,1170,26065.6
65536,1171,26309.6
65536,1172,26121.9
65536,1173,26043.2
65536,1174,25950.5
65536,1175,26384.7
65536,1176,26194.0
65536,1177,25922.7
65536,1178,26189.7
65536,1179,26216.4
65536,1180,26446.5
65536,1181,26189.1
65536,1182,26312.7
65536,1183,26059.5
65536,1184,25897.8
65536,1185,26074.1
65536,1186,25993.5
65536,1187,25952.3
65536,1188,25823.3
65536,1189,26143.1
65536,1190,28545.6
65536,1191,26114.6
65536,1192,26301.8
65536,1193,26563.4
65536,1194,26191.5
65536,1195,26113.4
65536,1196,26049.8
65536,1197,25988.1
65536,1198,26025.6
65536,1199,26267.2
65536,1200,25977.2
65536,1201,26175.8
65536,1202,26056.5
65536,1203,26100.1
65536,1204,26085.6
65536,1205,26104.9
65536,1206,25968.7
65536,1207,26510.1
65536,1208,26064.4
65536,1209,25913.0
65536,1210,26010.5
65536,1211,26028.0
65536,1212,26034.1
65536,1213,26037.7
65536,1214,25940.2
65536,1215,26418.7
65536,1216,26183.1
65536,1217,26200.0
65536,1218,25998.4
65536,1219,26089.8
65536,1220,25966.9
65536,1221,26147.9
65536,1222,26144.3
65536,1223,25989.9
65536,1224,25963.8
65536,1225,25888.1
65536,1226,26409.0
65536,1227,26118.3
65536,1228,27578.4
65536,1229,28219.7
65536,1230,28982.8
65536,1231,29045.8
65536,1232,29049.4
65536,1233,29085.2
65536,1234,29077.9
65536,1235,27602.0
65536,1236,26087.4
65536,1237,26039.5
65536,1238,26324.8
65536,1239,25966.9
65536,1240,26491.3
65536,1241,26097.1
65536,1242,25895.4
65536,1243,26114.6
65536,1244,25972.3
65536,1245,25929.3
65536,1246,26085.6
65536,1247,26023.8
65536,1248,26111.6
65536,1249,26187.9
65536,1250,26107.4
65536,1251,25820.9
65536,1252,27409.4
65536,1253,27717.7
65536,1254,29357.7
65536,1255,28914.4
65536,1256,29285.0
65536,1257,29073.7
65536,1258,28925.3
65536,1259,27461.5
65536,1260,27571.7
65536,1261,26359.9
65536,1262,26079.5
65536,1263,26162.5
65536,1264,29786.5
65536,1265,26189.1
65536,1266,26009.3
65536,1267,26095.9
65536,1268,26108.0
65536,1269,25883.9
65536,1270,25875.4
65536,1271,26023.8
65536,1272,26186.1
65536,1273,26027.4
65536,1274,26178.2
65536,1275,26310.9
65536,1276,26144.3
65536,1277,26180.0
65536,1278,25985.0
65536,1279,26060.7
65536,1280,26078.3
65536,1281,26152.8
65536,1282,26052.9
65536,1283,25816.1
65536,1284,25999.6
65536,1285,26048.6
65536,1286,26326.0
65536,1287,26245.4
65536,1288,26052.3
65536,1289,25893.6
65536,1290,26257.0
65536,1291,25819.7
65536,1292,26072.2
65536,1293,26157.6
65536,1294,26197.0
65536,1295,26259.4
65536,1296,26117.1
65536,1297,26031.7
65536,1298,26160.1
65536,1299,26316.9
65536,1300,26041.4
65536,1301,26034.7
65536,1302,27009.7
65536,1303,26034.1
65536,1304,26161.3
65536,1305,26090.4
65536,1306,26224.2
65536,1307,25941.4
65536,1308,26026.8
65536,1309,26232.7
65536,1310,26092.2
65536,1311,26323.6
65536,1312,27318.6
65536,1313,27673.5
65536,1314,27700.1
65536,1315,27711.6
65536,1316,27254.4
65536,1317,27735.3
65536,1318,27531.2
65536,1319,25703.4
65536,1320,26060.7
65536,1321,26301.8
65536,1322,26051.0
65536,1323,26183.7
65536,1324,26352.0
65536,1325,26062.6
65536,1326,26009.9
65536,1327,26251.5
65536,1328,25975.9
65536,1329,30405.4
65536,1330,27212.6
65536,1331,27985.4
65536,1332,235019.6
65536,1333,26467.7
65536,1334,26321.8
65536,1335,27756.5
65536,1336,27806.7
65536,1337,27504.5
65536,1338,27553.0
65536,1339,27974.5
65536,1340,27430.0
65536,1341,27598.4
65536,1342,27455.5
65536,1343,27717.1
65536,1344,26797.2
65536,1345,26316.3
65536,1346,26192.2
65536,1347,26018.3
65536,1348,26034.7
65536,1349,26085.6
65536,1350,26214.6
65536,1351,26184.9
65536,1352,26045.0
65536,1353,25883.3
65536,1354,26327.8
65536,1355,26095.9
65536,1356,26028.6
65536,1357,26153.4
65536,1358,26075.9
65536,1359,26556.7
65536,1360,26024.4
65536,1361,25985.6
65536,1362,26040.1
65536,1363,26233.3
65536,1364,25914.8
65536,1365,25937.8
65536,1366,26034.1
65536,1367,26145.5
65536,1368,26155.2
65536,1369,28055.6
65536,1370,26873.5
65536,1371,26356.9
65536,1372,27935.7
65536,1373,28015.0
65536,1374,27490.6
65536,1375,27568.1
65536,1376,27747.4
65536,1377,27533.0
65536,1378,27612.3
65536,1379,27605.0
65536,1380,27611.7
65536,1381,26130.4
65536,1382,27674.1
65536,1383,44249.7
65536,1384,27943.0
65536,1385,26122.5
65536,1386,26210.9
65536,1387,25953.5
65536,1388,26125.5
65536,1389,26112.8
65536,1390,27669.2
65536,1391,27687.4
65536,1392,27725.0
65536,1393,27333.1
65536,1394,27471.8
65536,1395,27605.7
65536,1396,27832.2
65536,1397,27667.4
65536,1398,27551.1
65536,1399,26772.9
65536,1400,26325.4
65536,1401,26187.9
65536,1402,27493.0
65536,1403,27591.7
65536,1404,29424.3
65536,1405,27437.9
65536,1406,26155.8
65536,1407,26270.9
65536,1408,26010.5
65536,1409,26266.6
65536,1410,26147.9
65536,1411,25934.2
65536,1412,26169.1
65536,1413,26424.1
65536,1414,26097.1
65536,1415,26102.5
65536,1416,26244.8
65536,1417,26181.3
65536,1418,26169.1
65536,1419,26257.0
65536,1420,25850.0
65536,1421,26022.0
65536,1422,26278.1
65536,1423,26240.0
65536,1424,26089.2
65536,1425,25836.7
65536,1426,26071.0
65536,1427,26270.9
65536,1428,26081.3
65536,1429,25914.2
65536,1430,26002.6
65536,1431,26178.2
65536,1432,26035.3
65536,1433,25985.6
65536,1434,25975.9
65536,1435,26001.4
65536,1436,26214.6
65536,1437,26002.6
65536,1438,25956.0
65536,1439,26363.5
65536,1440,26194.6
65536,1441,26072.2
65536,1442,27255.6
65536,1443,26079.5
65536,1444,25863.9
65536,1445,26129.2
65536,1446,26046.8
65536,1447,26045.0
65536,1448,25908.1
65536,1449,25980.2
65536,1450,26207.3
65536,1451,26072.2
65536,1452,26001.4
65536,1453,26059.5
65536,1454,26089.2
65536,1455,26040.1
65536,1456,26065.6
65536,1457,26094.6
65536,1458,26091.6
65536,1459,26347.2
65536,1460,25936.6
65536,1461,26093.4
65536,1462,25878.4
65536,1463,25979.0
65536,1464,26070.4
65536,1465,26040.7
65536,1466,26170.3
65536,1467,25933.6
65536,1468,26293.3
65536,1469,25942.0
65536,1470,26359.3
65536,1471,26358.1
65536,1472,27395.5
65536,1473,27563.9
65536,1474,27625.6
65536,1475,27684.4
65536,1476,27452.4
65536,1477,27614.1
65536,1478,27511.2
65536,1479,27469.4
65536,1480,26242.4
65536,1481,25939.0
65536,1482,26207.3
65536,1483,26222.4
65536,1484,26130.4
65536,1485,26011.7
65536,1486,26286.0
65536,1487,26163.7
65536,1488,25894.8
65536,1489,25940.8
65536,1490,26128.6
65536,1491,26172.2
65536,1492,26032.3
65536,1493,26146.7
65536,1494,26222.4
65536,1495,25998.4
65536,1496,26078.3
65536,1497,26018.3
65536,1498,26073.5
65536,1499,26204.3
65536,1500,27705.6
65536,1501,27623.2
65536,1502,27694.1
65536,1503,27474.8
65536,1504,27779.5
65536,1505,28012.0
65536,1506,27769.8
65536,1507,27430.6
65536,1508,27720.7
65536,1509,27096.9
65536,1510,26178.2
65536,1511,26661.5
65536,1512,27611.7
65536,1513,27683.2
65536,1514,26966.7
65536,1515,25893.6
65536,1516,27109.7
65536,1517,26162.5
65536,1518,26169.1
65536,1519,26114.6
65536,1520,25999.6
65536,1521,26074.7
65536,1522,26137.0
65536,1523,26083.7
65536,1524,26131.6
65536,1525,26125.5
65536,1526,25893.6
65536,1527,25975.3
65536,1528,26178.8
65536,1529,25999.0
65536,1530,26123.1
65536,1531,26023.8
65536,1532,26128.6
65536,1533,26131.0
65536,1534,26159.4
65536,1535,26026.2
65536,1536,25976.6
65536,1537,26179.4
65536,1538,25902.1
65536,1539,26184.9
65536,1540,26164.9
65536,1541,25973.5
65536,1542,26082.5
65536,1543,25925.1
65536,1544,26106.8
65536,1545,26241.2
65536,1546,26270.3
65536,1547,25972.9
65536,1548,25903.9
65536,1549,26059.5
65536,1550,26055.3
65536,1551,26246.7
65536,1552,26044.4
65536,1553,26147.3
65536,1554,27070.9
65536,1555,26075.9
65536,1556,26072.8
65536,1557,26063.2
65536,1558,241130.2
65536,1559,26344.8
65536,1560,27369.5
65536,1561,27575.4
65536,1562,27470.6
65536,1563,26842.0
65536,1564,26149.8
65536,1565,26111.6
65536,1566,25857.2
65536,1567,26141.3
65536,1568,26040.1
65536,1569,26150.4
65536,1570,26163.7
65536,1571,25989.9
65536,1572,26059.5
65536,1573,26176.4
65536,1574,26043.8
65536,1575,26054.7
65536,1576,26026.8
65536,1577,25962.6
65536,1578,26147.9
65536,1579,26036.5
65536,1580,25980.8
65536,1581,26129.8
65536,1582,26240.0
65536,1583,26117.7
65536,1584,27147.2
65536,1585,26240.6
65536,1586,26031.1
65536,1587,26125.5
65536,1588,26014.1
65536,1589,26041.4
65536,1590,25989.9
65536,1591,26006.2
65536,1592,26017.7
65536,1593,26058.9
65536,1594,26272.7
65536,1595,25949.3
65536,1596,26103.1
65536,1597,25971.1
65536,1598,25972.3
65536,1599,26112.2
65536,1600,26122.5
65536,1601,26123.1
65536,1602,26115.2
65536,1603,26098.3
65536,1604,26173.4
65536,1605,26118.9
65536,1606,26569.4
65536,1607,25895.4
65536,1608,26152.8
65536,1609,44232.1
65536,1610,26422.3
65536,1611,26070.4
65536,1612,25939.0
65536,1613,26003.8
65536,1614,26055.9
65536,1615,26101.9
65536,1616,26175.2
65536,1617,26241.8
65536,1618,26015.9
65536,1619,26266.6
65536,1620,26029.2
65536,1621,27718.3
65536,1622,26117.1
65536,1623,26087.4
65536,1624,26217.0
65536,1625,26106.8
65536,1626,26035.3
65536,1627,25914.8
65536,1628,26398.7
65536,1629,25988.7
65536,1630,26275.1
65536,1631,27488.8
65536,1632,27584.5
65536,1633,27717.7
65536,1634,27667.4
65536,1635,27539.6
65536,1636,27530.0
65536,1637,27567.5
65536,1638,27523.9
65536,1639,27709.8
65536,1640,26622.7
65536,1641,26218.2
65536,1642,26189.1
65536,1643,27609.9
65536,1644,27653.5
65536,1645,27762.5
65536,1646,26537.4
65536,1647,26100.1
65536,1648,26108.0
65536,1649,25991.7
65536,1650,26175.2
65536,1651,26358.1
65536,1652,27549.9
65536,1653,27480.3
65536,1654,27528.1
65536,1655,27630.5
65536,1656,27456.7
65536,1657,27513.6
65536,1658,28488.6
65536,1659,27282.3
65536,1660,26395.0
65536,1661,26121.9
65536,1662,26152.2
65536,1663,26107.4
65536,1664,26183.7
65536,1665,26182.5
65536,1666,26249.7
65536,1667,26074.7
65536,1668,26179.4
65536,1669,26020.2
65536,1670,26100.7
65536,1671,25863.3
65536,1672,25989.3
65536,1673,26093.4
65536,1674,26141.3
65536,1675,25910.5
65536,1676,26074.1
65536,1677,26141.9
65536,1678,26095.9
65536,1679,26255.7
65536,1680,26237.6
65536,1681,26128.0
65536,1682,26046.2
65536,1683,26121.9
65536,1684,26195.8
65536,1685,26072.2
65536,1686,26165.5
65536,1687,26197.0
65536,1688,26232.1
65536,1689,26164.9
65536,1690,26054.7
65536,1691,26111.0
65536,1692,26252.1
65536,1693,26017.1
65536,1694,25864.5
65536,1695,27285.9
65536,1696,26167.3
65536,1697,26007.4
65536,1698,26085.0
65536,1699,25793.1
65536,1700,26151.0
65536,1701,26179.4
65536,1702,26338.1
65536,1703,25861.5
65536,1704,25937.2
65536,1705,26115.8
65536,1706,26040.7
65536,1707,26410.2
65536,1708,26153.4
65536,1709,26167.3
65536,1710,26057.1
65536,1711,26158.2
65536,1712,26115.8
65536,1713,25978.4
65536,1714,25948.1
65536,1715,26147.9
65536,1716,26137.0
65536,1717,26006.2
65536,1718,26233.9
65536,1719,25974.7
65536,1720,26233.3
65536,1721,26263.6
65536,1722,26078.3
65536,1723,26216.4
65536,1724,26344.2
65536,1725,26218.2
65536,1726,26126.1
65536,1727,26008.7
65536,1728,26054.7
65536,1729,26204.3
65536,1730,26087.4
65536,1731,26263.0
65536,1732,26177.0
65536,1733,27927.8
65536,1734,26103.1
65536,1735,26452.6
65536,1736,26015.3
65536,1737,26379.9
65536,1738,27686.8
65536,1739,27508.1
65536,1740,27695.3
65536,1741,27558.4
65536,1742,27765.5
65536,1743,27846.1
65536,1744,27675.3
65536,1745,27689.2
65536,1746,27398.5
65536,1747,26315.1
65536,1748,26660.9
65536,1749,27631.1
65536,1750,27444.6
65536,1751,27457.3
65536,1752,26097.1
65536,1753,26132.8
65536,1754,26248.5
65536,1755,26266.0
65536,1756,26290.3
65536,1757,26077.7
65536,1758,26058.3
65536,1759,25917.8
65536,1760,26289.1
65536,1761,26161.9
65536,1762,26149.8
65536,1763,25995.3
65536,1764,26051.0
65536,1765,26129.8
65536,1766,26054.1
65536,1767,26130.4
65536,1768,26041.4
65536,1769,26093.4
65536,1770,27141.8
65536,1771,26169.1
65536,1772,26290.9
65536,1773,25982.0
65536,1774,26210.9
65536,1775,25884.5
65536,1776,25839.1
65536,1777,25947.5
65536,1778,25999.0
65536,1779,26328.4
65536,1780,26071.0
65536,1781,26233.9
65536,1782,26161.3
65536,1783,26167.3
65536,1784,26130.4
65536,1785,25956.0
65536,1786,25929.9
65536,1787,26058.3
65536,1788,26295.7
65536,1789,26008.7
65536,1790,26439.2
65536,1791,26157.0
65536,1792,26030.5
65536,1793,26268.5
65536,1794,26150.4
65536,1795,26149.2
65536,1796,25928.7
65536,1797,25966.9
65536,1798,26086.8
65536,1799,25928.7
65536,1800,26237.6
65536,1801,25952.9
65536,1802,26205.5
65536,1803,26126.1
65536,1804,25893.0
65536,1805,26195.8
65536,1806,26437.4
65536,1807,26088.0
65536,1808,26720.2
65536,1809,26066.2
65536,1810,26067.4
65536,1811,26040.1
65536,1812,25988.1
65536,1813,25994.7
65536,1814,26153.4
65536,1815,25926.3
65536,1816,26279.4
65536,1817,25994.1
65536,1818,26097.7
65536,1819,25919.0
65536,1820,26008.7
65536,1821,25975.3
65536,1822,26155.8
65536,1823,25931.7
65536,1824,26108.0
65536,1825,26240.0
65536,1826,26160.1
65536,1827,26190.9
65536,1828,25995.3
65536,1829,26173.4
65536,1830,25999.0
65536,1831,25975.3
65536,1832,25943.2
65536,1833,25869.4
65536,1834,26101.9
65536,1835,26035.9
65536,1836,26062.6
65536,1837,26100.1
65536,1838,26017.7
65536,1839,26135.8
65536,1840,26057.7
65536,1841,26038.3
65536,1842,25948.1
65536,1843,26234.5
65536,1844,26159.4
65536,1845,26125.5
65536,1846,26829.3
65536,1847,25928.7
65536,1848,26065.0
65536,1849,25998.4
65536,1850,25959.6
65536,1851,25903.9
65536,1852,26316.9
65536,1853,26326.0
65536,1854,27542.7
65536,1855,27754.6
65536,1856,27755.8
65536,1857,27614.7
65536,1858,27508.1
65536,1859,27576.0
65536,1860,27553.6
65536,1861,27935.1
65536,1862,27619.6
65536,1863,26216.4
65536,1864,26437.4
65536,1865,27584.5
65536,1866,27800.7
65536,1867,27401.0
65536,1868,26190.3
65536,1869,26170.3
65536,1870,26178.2
65536,1871,26092.8
65536,1872,26071.0
65536,1873,26042.0
65536,1874,26041.4
65536,1875,26347.8
65536,1876,26321.1
65536,1877,25943.9
65536,1878,25980.2
65536,1879,26097.1
65536,1880,26141.9
65536,1881,26014.1
65536,1882,26080.1
65536,1883,27145.4
65536,1884,26158.2
65536,1885,26203.7
65536,1886,26201.2
65536,1887,26013.5
65536,1888,25939.6
65536,1889,26118.9
65536,1890,25972.9
65536,1891,25998.4
65536,1892,25816.1
65536,1893,26140.7
65536,1894,26045.0
65536,1895,25858.5
65536,1896,26100.1
65536,1897,26199.4
65536,1898,27485.7
65536,1899,27720.7
65536,1900,27453.0
65536,1901,27599.0
65536,1902,27539.6
65536,1903,27582.0
65536,1904,27523.9
65536,1905,27591.7
65536,1906,27647.4
65536,1907,26873.5
65536,1908,26069.8
65536,1909,27248.9
65536,1910,27536.6
65536,1911,27509.4
65536,1912,26518.6
65536,1913,25891.8
65536,1914,26010.5
65536,1915,25925.1
65536,1916,26161.9
65536,1917,26071.0
65536,1918,26023.2
65536,1919,26144.9
65536,1920,30491.4
65536,1921,26377.5
65536,1922,26432.6
65536,1923,26094.6
65536,1924,25999.0
65536,1925,26252.7
65536,1926,26109.2
65536,1927,26096.5
65536,1928,26110.4
65536,1929,25988.7
65536,1930,26436.2
65536,1931,26060.7
65536,1932,26121.9
65536,1933,26130.4
65536,1934,26103.1
65536,1935,26285.4
65536,1936,26011.7
65536,1937,26029.2
65536,1938,25879.7
65536,1939,26177.0
65536,1940,25971.7
65536,1941,26106.8
65536,1942,26042.6
65536,1943,25965.0
65536,1944,26227.9
65536,1945,26221.8
65536,1946,25983.8
65536,1947,26008.7
65536,1948,26206.7
65536,1949,26082.5
65536,1950,25991.7
65536,1951,25958.4
65536,1952,26147.3
65536,1953,26260.6
65536,1954,26146.1
65536,1955,27485.7
65536,1956,27603.8
65536,1957,27658.3
65536,1958,28437.8
65536,1959,27530.6
65536,1960,27311.9
65536,1961,27373.1
65536,1962,27703.2
65536,1963,27405.2
65536,1964,26295.7
65536,1965,27276.2
65536,1966,27630.5
65536,1967,27764.9
65536,1968,27700.1
65536,1969,27600.2
65536,1970,25972.3
65536,1971,26180.6
65536,1972,26111.0
65536,1973,26049.8
65536,1974,26169.1
65536,1975,26245.4
65536,1976,26374.4
65536,1977,26028.6
65536,1978,25975.3
65536,1979,25935.4
65536,1980,26250.9
65536,1981,26149.8
65536,1982,26000.2
65536,1983,26045.0
65536,1984,26135.2
65536,1985,26063.8
65536,1986,25870.0
65536,1987,26097.1
65536,1988,26078.3
65536,1989,26058.9
65536,1990,26022.0
65536,1991,26171.0
65536,1992,26277.5
65536,1993,26227.9
65536,1994,26184.9
65536,1995,26897.1
65536,1996,25985.0
65536,1997,26077.1
65536,1998,26057.1
65536,1999,26283.6
262144,0,116720.4
262144,1,117752.3
262144,2,117093.4
262144,3,116599.9
262144,4,116743.4
262144,5,116761.0
262144,6,116266.2
262144,7,116656.2
262144,8,116739.2
262144,9,116501.1
262144,10,117943.7
262144,11,116378.2
262144,12,116408.5
262144,13,116519.3
262144,14,116986.8
262144,15,117261.2
262144,16,116343.1
262144,17,116377.0
262144,18,118920.0
262144,19,117502.8
262144,20,116454.5
262144,21,116647.7
262144,22,116376.4
262144,23,116943.8
262144,24,116572.0
262144,25,117124.9
262144,26,116967.5
262144,27,121530.8
262144,28,117330.8
262144,29,116278.9
262144,30,116555.0
262144,31,117702.1
262144,32,117083.1
262144,33,116512.0
262144,34,117190.3
262144,35,119173.7
262144,36,117802.0
262144,37,117561.6
262144,38,116372.2
262144,39,116909.9
262144,40,116870.6
262144,41,116204.4
262144,42,118401.6
262144,43,122987.3
262144,44,120635.1
262144,45,116337.6
262144,46,116802.7
262144,47,116808.8
262144,48,118814.6
262144,49,123458.4
262144,50,117129.8
262144,51,116515.1
262144,52,119233.7
262144,53,116605.9
262144,54,116772.5
262144,55,116888.7
262144,56,116648.3
262144,57,116509.6
262144,58,116605.9
262144,59,116464.8
262144,60,117035.9
262144,61,117522.2
262144,62,116494.5
262144,63,116767.6
262144,64,123024.8
262144,65,129445.5
262144,66,122545.2
262144,67,119590.4
262144,68,116219.5
262144,69,118658.9
262144,70,116542.9
262144,71,116708.9
262144,72,116727.0
262144,73,116852.4
262144,74,116902.1
262144,75,116770.0
262144,76,116248.0
262144,77,116250.4
262144,78,119139.8
262144,79,116544.8
262144,80,120462.5
262144,81,123376.7
262144,82,120680.5
262144,83,122829.8
262144,84,116258.3
262144,85,116336.4
262144,86,117538.0
262144,87,116572.6
262144,88,116308.6
262144,89,117114.6
262144,90,116687.7
262144,91,116526.0
262144,92,117091.6
262144,93,120289.9
262144,94,125052.4
262144,95,120216.0
262144,96,116561.1
262144,97,116146.3
262144,98,117150.4
262144,99,116301.9
262144,100,116229.2
262144,101,116529.0
262144,102,116488.4
262144,103,118009.1
262144,104,116461.8
262144,105,116303.1
262144,106,117013.5
262144,107,116906.3
262144,108,116066.9
262144,109,119414.1
262144,110,125802.8
262144,111,129897.9
262144,112,125068.8
262144,113,119452.9
262144,114,116822.1
262144,115,116813.0
262144,116,116630.1
262144,117,116931.7
262144,118,116608.9
262144,119,116655.0
262144,120,117974.6
262144,121,116757.9
262144,122,117126.1
262144,123,119265.2
262144,124,122860.7
262144,125,121341.2
262144,126,122658.4
262144,127,116911.1
262144,128,120579.3
262144,129,116834.8
262144,130,116615.0
262144,131,116702.8
262144,132,116272.8
262144,133,116208.0
262144,134,118798.8
262144,135,122735.3
262144,136,123844.2
262144,137,119141.6
262144,138,117249.7
262144,139,116736.7
262144,140,116426.7
262144,141,116414.5
262144,142,116816.1
262144,143,116808.2
262144,144,116558.1
262144,145,118593.5
262144,146,116797.3
262144,147,116349.1
262144,148,117066.2
262144,149,116270.4
262144,150,116499.3
262144,151,117014.7
262144,152,119658.8
262144,153,123264.0
262144,154,116556.3
262144,155,117166.1
262144,156,116690.7
262144,157,116712.5
262144,158,118646.2
262144,159,116618.6
262144,160,116748.8
262144,161,119908.9
262144,162,123240.4
262144,163,116240.1
262144,164,118477.9
262144,165,122669.3
262144,166,121673.1
262144,167,121826.9
262144,168,117402.3
262144,169,116952.9
262144,170,122750.5
262144,171,116982.6
262144,172,117858.9
262144,173,116702.2
262144,174,115775.6
262144,175,117444.1
262144,176,127357.4
262144,177,114983.5
262144,178,114081.1
262144,179,116834.8
262144,180,113468.8
262144,181,119084.1
262144,182,120161.5
262144,183,114153.8
262144,184,114241.0
262144,185,113545.2
262144,186,114316.7
262144,187,116016.7
262144,188,113729.9
262144,189,114133.2
262144,190,113242.3
262144,191,113697.8
262144,192,114079.9
262144,193,113877.0
262144,194,113849.8
262144,195,114152.6
262144,196,114707.9
262144,197,114102.9
262144,198,118997.5
262144,199,120266.2
262144,200,114933.2
262144,201,113908.5
262144,202,113692.9
262144,203,114314.3
262144,204,113608.1
262144,205,115887.1
262144,206,114870.2
262144,207,113698.4
262144,208,113781.9
262144,209,114467.5
262144,210,113613.6
262144,211,113749.8
262144,212,114116.8
262144,213,116062.1
262144,214,113816.5
262144,215,114126.5
262144,216,113813.4
262144,217,116004.5
262144,218,115647.2
262144,219,115881.6
262144,220,115575.2
262144,221,115742.3
262144,222,116787.0
262144,223,115808.3
262144,224,116088.1
262144,225,116084.5
262144,226,115944.6
262144,227,115785.9
262144,228,115547.3
262144,229,115615.1
262144,230,116140.2
262144,231,117336.3
262144,232,115722.9
262144,233,115929.4
262144,234,115523.7
262144,235,115537.0
262144,236,115765.9
262144,237,115814.4
262144,238,115366.8
262144,239,120183.9
262144,240,115690.2
262144,241,116227.4
262144,242,115804.1
262144,243,116210.5
262144,244,115957.9
262144,245,116532.6
262144,246,121824.5
262144,247,115804.1
262144,248,117656.7
262144,249,116304.9
262144,250,115927.0
262144,251,116476.9
262144,252,115965.2
262144,253,115650.9
262144,254,116211.1
262144,255,116053.0
262144,256,117539.8
262144,257,116337.6
262144,258,116323.7
262144,259,116194.1
262144,260,116383.1
262144,261,116080.2
262144,262,115973.7
262144,263,116480.0
262144,264,116585.9
262144,265,118006.7
262144,266,115873.7
262144,267,116507.8
262144,268,115888.3
262144,269,116162.0
262144,270,117063.8
262144,271,116083.3
262144,272,116412.7
262144,273,121177.1
262144,274,122867.3
262144,275,120644.8
262144,276,119758.7
262144,277,116740.4
262144,278,115941.0
262144,279,116297.1
262144,280,115993.0
262144,281,117683.9
262144,282,125665.9
262144,283,121637.3
262144,284,121596.8
262144,285,117707.5
262144,286,116686.5
262144,287,116877.8
262144,288,117124.3
262144,289,116985.6
262144,290,117989.1
262144,291,116369.7
262144,292,116399.4
262144,293,116542.3
262144,294,119045.3
262144,295,123226.5
262144,296,121675.5
262144,297,124028.9
262144,298,117054.1
262144,299,119373.6
262144,300,117305.4
262144,301,123565.0
262144,302,123135.6
262144,303,119044.7
262144,304,117341.1
262144,305,116997.7
262144,306,117147.9
262144,307,119110.1
262144,308,116596.8
262144,309,117131.0
262144,310,116714.3
262144,311,116610.2
262144,312,117133.4
262144,313,116757.3
262144,314,116859.7
262144,315,119065.9
262144,316,117674.8
262144,317,116624.1
262144,318,117409.0
262144,319,116713.7
262144,320,117190.3
262144,321,116446.0
262144,322,117327.2
262144,323,116667.7
262144,324,120125.1
262144,325,116300.1
262144,326,116774.3
262144,327,116743.4
262144,328,117244.8
262144,329,116943.2
262144,330,116590.8
262144,331,117023.2
262144,332,118124.8
262144,333,117025.6
262144,334,117028.6
262144,335,117061.3
262144,336,116664.1
262144,337,116648.3
262144,338,116944.5
262144,339,116511.4
262144,340,116367.3
262144,341,120673.8
262144,342,124066.5
262144,343,121731.2
262144,344,121876.6
262144,345,117654.2
262144,346,117205.5
262144,347,116758.5
262144,348,118757.1
262144,349,126813.5
262144,350,117441.1
262144,351,117275.1
262144,352,122308.4
262144,353,122656.6
262144,354,116973.5
262144,355,117406.5
262144,356,117133.4
262144,357,117295.7
262144,358,118556.0
262144,359,117006.2
262144,360,117562.2
262144,361,116590.8
262144,362,116352.8
262144,363,115707.2
262144,364,116210.5
262144,365,115939.1
262144,366,119280.9
262144,367,116228.6
262144,368,117048.6
262144,369,115937.9
262144,370,115828.3
262144,371,113815.3
262144,372,115082.8
262144,373,113208.4
262144,374,118143.0
262144,375,128046.6
262144,376,122163.6
262144,377,120279.0
262144,378,112565.9
262144,379,112809.9
262144,380,113122.4
262144,381,112785.1
262144,382,112884.4
262144,383,115437.7
262144,384,113247.8
262144,385,113384.1
262144,386,112726.4
262144,387,113101.8
262144,388,112839.6
262144,389,112796.6
262144,390,113228.4
262144,391,114052.7
262144,392,121787.5
262144,393,112491.4
262144,394,111610.8
262144,395,111824.0
262144,396,113119.4
262144,397,115719.3
262144,398,118234.4
262144,399,113444.0
262144,400,112814.2
262144,401,113904.9
262144,402,117958.9
262144,403,119303.9
262144,404,115668.4
262144,405,118786.7
262144,406,113035.2
262144,407,113020.1
262144,408,113001.3
262144,409,115333.5
262144,410,111867.0
262144,411,111206.3
262144,412,111448.5
262144,413,115176.7
262144,414,115524.9
262144,415,114955.6
262144,416,115365.0
262144,417,115602.4
262144,418,116568.4
262144,419,115073.1
262144,420,115167.0
262144,421,115202.7
262144,422,115281.4
262144,423,118309.5
262144,424,121158.9
262144,425,115222.7
262144,426,115168.2
262144,427,116363.1
262144,428,115193.0
262144,429,114908.4
262144,430,115403.8
262144,431,115518.8
262144,432,114953.2
262144,433,115552.2
262144,434,118164.2
262144,435,123151.4
262144,436,116064.5
262144,437,115226.3
262144,438,115369.9
262144,439,115851.3
262144,440,115265.1
262144,441,115316.0
262144,442,115543.1
262144,443,115232.4
262144,444,116094.2
262144,445,117248.5
262144,446,122085.5
262144,447,120841.6
262144,448,116233.5
262144,449,116259.5
262144,450,116207.4
262144,451,116082.7
262144,452,117414.4
262144,453,116220.1
262144,454,116504.2
262144,455,116163.2
262144,456,116178.4
262144,457,116151.7
262144,458,116265.6
262144,459,115888.9
262144,460,116105.1
262144,461,117281.2
262144,462,116008.2
262144,463,116251.6
262144,464,115806.5
262144,465,116502.4
262144,466,116005.8
262144,467,115964.6
262144,468,116406.7
262144,469,115942.8
262144,470,118468.2
262144,471,116657.4
262144,472,116220.1
262144,473,115830.7
262144,474,116268.6
262144,475,115936.1
262144,476,116155.9
262144,477,118960.5
262144,478,125705.3
262144,479,117158.8
262144,480,115853.1
262144,481,116911.1
262144,482,116945.1
262144,483,116863.3
262144,484,116803.3
262144,485,116492.7
262144,486,116200.2
262144,487,117703.3
262144,488,116960.2
262144,489,116466.6
262144,490,116381.2
262144,491,116823.9
262144,492,116406.7
262144,493,116100.8
262144,494,116620.5
262144,495,117904.4
262144,496,119700.0
262144,497,123015.7
262144,498,121177.7
262144,499,124586.1
262144,500,122029.2
262144,501,117034.7
262144,502,116908.7
262144,503,117099.5
262144,504,117022.0
262144,505,116326.1
262144,506,116392.1
262144,507,116556.9
262144,508,115925.8
262144,509,116412.1
262144,510,117151.6
262144,511,116420.0
262144,512,117561.6
262144,513,117345.4
262144,514,122276.3
262144,515,122487.6
262144,516,120062.8
262144,517,117877.7
262144,518,116662.2
262144,519,116689.5
262144,520,117875.9
262144,521,116854.8
262144,522,116292.8
262144,523,116717.4
262144,524,116549.0
262144,525,116227.4
262144,526,116549.0
262144,527,116744.6
262144,528,116278.9
262144,529,118265.9
262144,530,122642.1
262144,531,119760.6
262144,532,116958.4
262144,533,116601.7
262144,534,116413.9
262144,535,116807.0
262144,536,116552.0
262144,537,117717.2
262144,538,116653.8
262144,539,116363.7
262144,540,117069.2
262144,541,116643.5
262144,542,116317.0
262144,543,117357.5
262144,544,116501.1
262144,545,116839.1
262144,546,119310.0
262144,547,123001.8
262144,548,116919.0
262144,549,116821.5
262144,550,116301.9
262144,551,116502.4
262144,552,116962.6
262144,553,117053.5
262144,554,119988.3
262144,555,116688.9
262144,556,116289.8
262144,557,116202.0
262144,558,117122.5
262144,559,122963.6
262144,560,124016.2
262144,561,122995.7
262144,562,120022.8
262144,563,117815.9
262144,564,116903.9
262144,565,117393.8
262144,566,116084.5
262144,567,116565.3
262144,568,117476.2
262144,569,117164.3
262144,570,116567.2
262144,571,118739.5
262144,572,116334.0
262144,573,116475.1
262144,574,116589.6
262144,575,116200.8
262144,576,116528.4
262144,577,118186.6
262144,578,125606.5
262144,579,119500.7
262144,580,120926.4
262144,581,116503.0
262144,582,117180.6
262144,583,116928.7
262144,584,116656.2
262144,585,116489.0
262144,586,116542.9
262144,587,116675.6
262144,588,118316.2
262144,589,119743.6
262144,590,122720.8
262144,591,121751.2
262144,592,117841.4
262144,593,116425.4
262144,594,116503.0
262144,595,119069.6
262144,596,120252.9
262144,597,117719.0
262144,598,123173.8
262144,599,123275.5
262144,600,121406.6
262144,601,123890.8
262144,602,119422.6
262144,603,116209.2
262144,604,116131.1
262144,605,119559.5
262144,606,116674.4
262144,607,116637.4
262144,608,117126.7
262144,609,116633.2
262144,610,116423.6
262144,611,116730.7
262144,612,116431.5
262144,613,120071.2
262144,614,117366.0
262144,615,122657.8
262144,616,116773.1
262144,617,116935.4
262144,618,116394.0
262144,619,116297.1
262144,620,117106.2
262144,621,116688.9
262144,622,120400.1
262144,623,117151.6
262144,624,117437.4
262144,625,116742.8
262144,626,116379.4
262144,627,116450.9
262144,628,119718.8
262144,629,123276.1
262144,630,126424.7
262144,631,122470.7
262144,632,116643.5
262144,633,118758.3
262144,634,117584.6
262144,635,116857.2
262144,636,118256.2
262144,637,117229.1
262144,638,116851.8
262144,639,123884.2
262144,640,123454.2
262144,641,118430.0
262144,642,116825.1
262144,643,117013.5
262144,644,116607.7
262144,645,116819.1
262144,646,116545.4
262144,647,118162.9
262144,648,120135.4
262144,649,117167.9
262144,650,121972.9
262144,651,123065.4
262144,652,120151.2
262144,653,121743.9
262144,654,116607.1
262144,655,119944.1
262144,656,116728.9
262144,657,116513.3
262144,658,116787.0
262144,659,116534.5
262144,660,116256.5
262144,661,117126.1
262144,662,116432.1
262144,663,116216.5
262144,664,120260.2
262144,665,116362.5
262144,666,116605.3
262144,667,119950.7
262144,668,121648.9
262144,669,116480.6
262144,670,116849.4
262144,671,116615.6
262144,672,118883.6
262144,673,116922.7
262144,674,116829.4
262144,675,117014.1
262144,676,116532.0
262144,677,116354.6
262144,678,116694.9
262144,679,116698.0
262144,680,116214.7
262144,681,119681.2
262144,682,120779.8
262144,683,123001.2
262144,684,121488.4
262144,685,118867.3
262144,686,116413.9
262144,687,116500.5
262144,688,116311.6
262144,689,117901.9
262144,690,116754.3
262144,691,122756.5
262144,692,118162.3
262144,693,116593.2
262144,694,116309.8
262144,695,116291.6
262144,696,121793.6
262144,697,131652.4
262144,698,122429.5
262144,699,121550.1
262144,700,116590.2
262144,701,116452.1
262144,702,120236.0
262144,703,122475.5
262144,704,116469.7
262144,705,116533.8
262144,706,117476.8
262144,707,116493.3
262144,708,116221.4
262144,709,119082.9
262144,710,123072.7
262144,711,116536.9
262144,712,116617.4
262144,713,116523.6
262144,714,119859.9
262144,715,116819.1
262144,716,116939.6
262144,717,115876.2
262144,718,116804.6
262144,719,116762.8
262144,720,116471.5
262144,721,116861.5
262144,722,116612.6
262144,723,117964.9
262144,724,116413.9
262144,725,116168.7
262144,726,116696.8
262144,727,116612.6
262144,728,116479.3
262144,729,116467.8
262144,730,116971.1
262144,731,118279.8
262144,732,116449.1
262144,733,116911.1
262144,734,116728.3
262144,735,116407.3
262144,736,116734.3
262144,737,116770.6
262144,738,116509.0
262144,739,116820.9
262144,740,117518.0
262144,741,116566.6
262144,742,118573.6
262144,743,123229.5
262144,744,117599.7
262144,745,116578.7
262144,746,116325.5
262144,747,116205.0
262144,748,117961.9
262144,749,116246.8
262144,750,117826.8
262144,751,123013.9
262144,752,118844.9
262144,753,118402.8
262144,754,122712.9
262144,755,119037.5
262144,756,116656.8
262144,757,118510.0
262144,758,114749.1
262144,759,113817.1
262144,760,113688.1
262144,761,113622.7
262144,762,114136.8
262144,763,113773.5
262144,764,113404.0
262144,765,116077.2
262144,766,113711.1
262144,767,115294.8
262144,768,119410.5
262144,769,113719.0
262144,770,114159.8
262144,771,113846.7
262144,772,113839.5
262144,773,120767.7
262144,774,121897.8
262144,775,113964.8
262144,776,114271.9
262144,777,113637.8
262144,778,113802.5
262144,779,114143.5
262144,780,113555.4
262144,781,113616.0
262144,782,113704.4
262144,783,115072.5
262144,784,113957.6
262144,785,113827.4
262144,786,113769.8
262144,787,113801.3
262144,788,113781.3
262144,789,113201.2
262144,790,113739.6
262144,791,114607.4
262144,792,121698.5
262144,793,120187.5
262144,794,117419.3
262144,795,115515.2
262144,796,115972.4
262144,797,117025.0
262144,798,115932.5
262144,799,115887.1
262144,800,118427.0
262144,801,115802.9
262144,802,116025.7
262144,803,115705.4
262144,804,115715.7
262144,805,115598.8
262144,806,115865.9
262144,807,115819.8
262144,808,116123.2
262144,809,118356.7
262144,810,117093.4
262144,811,122419.2
262144,812,115441.3
262144,813,115876.2
262144,814,115562.4
262144,815,116051.2
262144,816,115860.4
262144,817,117387.2
262144,818,115991.8
262144,819,115469.8
262144,820,115563.1
262144,821,115525.5
262144,822,116243.2
262144,823,122208.4
262144,824,115987.6
262144,825,116003.3
262144,826,117883.8
262144,827,122250.8
262144,828,121691.9
262144,829,116236.5
262144,830,115990.6
262144,831,116917.2
262144,832,116566.6
262144,833,115841.6
262144,834,119293.6
262144,835,116123.2
262144,836,116447.2
262144,837,116123.2
262144,838,116228.0
262144,839,116126.9
262144,840,116558.7
262144,841,116348.5
262144,842,118883.0
262144,843,126355.1
262144,844,117074.1
262144,845,116575.0
262144,846,115979.1
262144,847,116331.6
262144,848,116109.9
262144,849,116166.8
262144,850,115862.8
262144,851,118484.5
262144,852,116110.5
262144,853,115782.9
262144,854,116116.6
262144,855,116791.2
262144,856,116303.1
262144,857,116569.0
262144,858,115984.6
262144,859,116361.3
262144,860,116902.1
262144,861,118171.4
262144,862,122599.7
262144,863,121532.6
262144,864,121588.3
262144,865,117448.3
262144,866,117003.2
262144,867,116719.8
262144,868,120506.1
262144,869,122702.6
262144,870,117425.3
262144,871,116426.7
262144,872,116705.2
262144,873,116406.7
262144,874,116709.5
262144,875,116871.2
262144,876,116090.5
262144,877,119977.4
262144,878,116624.1
262144,879,116399.4
262144,880,116942.0
262144,881,116714.9
262144,882,122973.9
262144,883,120196.6
262144,884,117074.7
262144,885,118417.3
262144,886,116565.9
262144,887,116938.4
262144,888,116511.4
262144,889,116453.9
262144,890,117046.2
262144,891,116499.9
262144,892,116119.0
262144,893,116349.7
262144,894,118326.5
262144,895,116672.5
262144,896,116516.3
262144,897,116923.9
262144,898,116646.5
262144,899,116988.1
262144,900,116546.6
262144,901,116481.2
262144,902,119013.8
262144,903,116518.1
262144,904,122076.4
262144,905,122204.8
262144,906,122470.7
262144,907,116994.7
262144,908,117050.4
262144,909,122826.8
262144,910,129476.4
262144,911,124368.1
262144,912,119581.3
262144,913,116782.2
262144,914,116604.7
262144,915,116318.9
262144,916,116188.0
262144,917,116393.3
262144,918,116327.9
262144,919,120419.5
262144,920,116509.6
262144,921,118166.6
262144,922,123410.0
262144,923,121183.7
262144,924,116332.8
262144,925,116329.2
262144,926,117109.8
262144,927,124223.3
262144,928,123118.1
262144,929,116889.3
262144,930,116410.9
262144,931,116311.0
262144,932,116473.3
262144,933,116211.1
262144,934,116036.0
262144,935,117464.7
262144,936,117826.2
262144,937,116797.9
262144,938,116960.2
262144,939,116682.8
262144,940,116455.1
262144,941,116699.8
262144,942,116459.4
262144,943,116928.7
262144,944,121453.8
262144,945,123473.0
262144,946,120334.7
262144,947,119159.2
262144,948,116460.0
262144,949,116714.3
262144,950,116662.8
262144,951,116404.2
262144,952,116573.8
262144,953,118909.7
262144,954,116885.1
262144,955,116666.5
262144,956,116490.9
262144,957,116556.3
262144,958,117452.6
262144,959,122976.4
262144,960,123063.6
262144,961,124697.5
262144,962,116212.3
262144,963,116989.3
262144,964,116406.1
262144,965,116376.4
262144,966,116710.1
262144,967,116521.7
262144,968,116802.1
262144,969,118977.5
262144,970,116808.2
262144,971,117065.0
262144,972,116074.8
262144,973,116445.4
262144,974,117042.6
262144,975,113907.9
262144,976,113701.4
262144,977,114305.2
262144,978,116374.0
262144,979,114039.9
262144,980,117488.3
262144,981,119749.0
262144,982,117591.2
262144,983,119159.8
262144,984,113521.5
262144,985,113456.7
262144,986,119042.3
262144,987,121029.3
262144,988,113832.2
262144,989,113190.9
262144,990,113702.0
262144,991,113640.2
262144,992,113482.8
262144,993,113669.9
262144,994,113777.1
262144,995,114113.8
262144,996,113424.0
262144,997,116421.8
262144,998,119808.4
262144,999,115218.5
262144,1000,113591.2
262144,1001,113361.0
262144,1002,113781.9
262144,1003,116192.3
262144,1004,120512.7
262144,1005,117847.4
262144,1006,120036.1
262144,1007,117846.8
262144,1008,119130.1
262144,1009,119953.7
262144,1010,116458.1
262144,1011,113707.5
262144,1012,114682.5
262144,1013,113860.1
262144,1014,116446.6
262144,1015,120693.2
262144,1016,116582.9
262144,1017,116004.5
262144,1018,115800.5
262144,1019,115614.5
262144,1020,115884.6
262144,1021,116532.6
262144,1022,115365.0
262144,1023,115900.4
262144,1024,121906.8
262144,1025,121182.5
262144,1026,115852.5
262144,1027,115937.3
262144,1028,115314.1
262144,1029,115815.0
262144,1030,117026.8
262144,1031,115865.3
262144,1032,115765.3
262144,1033,115452.2
262144,1034,115805.9
262144,1035,116003.9
262144,1036,115398.3
262144,1037,115736.9
262144,1038,116141.4
262144,1039,115875.5
262144,1040,115617.6
262144,1041,121538.0
262144,1042,120491.5
262144,1043,116071.8
262144,1044,115818.0
262144,1045,115531.6
262144,1046,116099.6
262144,1047,117480.4
262144,1048,116295.8
262144,1049,115803.5
262144,1050,116016.7
262144,1051,116413.9
262144,1052,116094.2
262144,1053,115979.7
262144,1054,115938.5
262144,1055,119086.5
262144,1056,116243.2
262144,1057,116092.4
262144,1058,115984.6
262144,1059,116777.9
262144,1060,115849.5
262144,1061,116280.7
262144,1062,116468.4
262144,1063,116425.4
262144,1064,118017.0
262144,1065,121668.8
262144,1066,122714.7
262144,1067,116701.0
262144,1068,115804.1
262144,1069,116289.2
262144,1070,116111.7
262144,1071,116058.4
262144,1072,117161.3
262144,1073,116223.8
262144,1074,116060.9
262144,1075,116122.6
262144,1076,115986.4
262144,1077,115882.8
262144,1078,116698.6
262144,1079,116232.3
262144,1080,116247.4
262144,1081,117431.4
262144,1082,115905.8
262144,1083,115678.7
262144,1084,116573.8
262144,1085,116559.3
262144,1086,116039.1
262144,1087,116989.3
262144,1088,116429.7
262144,1089,117845.6
262144,1090,118925.4
262144,1091,121730.6
262144,1092,116972.3
262144,1093,122462.2
262144,1094,123211.3
262144,1095,117174.0
262144,1096,116294.0
262144,1097,116461.8
262144,1098,119552.8
262144,1099,123266.4
262144,1100,120653.8
262144,1101,116614.4
262144,1102,118178.7
262144,1103,123197.4
262144,1104,117348.4
262144,1105,116352.2
262144,1106,117453.2
262144,1107,116732.5
262144,1108,120609.0
262144,1109,122338.6
262144,1110,116449.7
262144,1111,116360.6
262144,1112,116381.8
262144,1113,116831.8
262144,1114,116751.3
262144,1115,116449.1
262144,1116,116383.1
262144,1117,116440.6
262144,1118,116516.9
262144,1119,116814.9
262144,1120,116151.7
262144,1121,118321.6
262144,1122,123063.6
262144,1123,122869.8
262144,1124,121597.4
262144,1125,116324.3
262144,1126,116609.6
262144,1127,116693.7
262144,1128,116719.8
262144,1129,116619.2
262144,1130,116431.5
262144,1131,117547.6
262144,1132,118282.9
262144,1133,122740.2
262144,1134,120423.1
262144,1135,116863.9
262144,1136,116340.7
262144,1137,116622.9
262144,1138,116444.8
262144,1139,116510.8
262144,1140,117206.7
262144,1141,116134.8
262144,1142,116312.2
262144,1143,117209.1
262144,1144,116759.7
262144,1145,116610.2
262144,1146,116676.8
262144,1147,116535.7
262144,1148,117453.2
262144,1149,116613.8
262144,1150,116024.5
262144,1151,116932.9
262144,1152,116142.0
262144,1153,116475.1
262144,1154,117012.9
262144,1155,116578.1
262144,1156,116052.4
262144,1157,117535.5
262144,1158,116197.1
262144,1159,117644.5
262144,1160,123252.5
262144,1161,118954.5
262144,1162,116771.2
262144,1163,116665.9
262144,1164,116492.7
262144,1165,117497.4
262144,1166,118336.2
262144,1167,123038.1
262144,1168,116413.9
262144,1169,116777.3
262144,1170,116302.5
262144,1171,116696.8
262144,1172,116264.4
262144,1173,116277.7
262144,1174,118596.6
262144,1175,116875.4
262144,1176,116378.8
262144,1177,116838.5
262144,1178,116741.0
262144,1179,116421.8
262144,1180,116800.3
262144,1181,122628.1
262144,1182,124049.5
262144,1183,120005.8
262144,1184,117338.7
262144,1185,116724.6
262144,1186,117124.3
262144,1187,116301.3
262144,1188,115849.5
262144,1189,116814.2
262144,1190,116529.0
262144,1191,118414.9
262144,1192,116460.0
262144,1193,116771.9
262144,1194,116870.0
262144,1195,116859.7
262144,1196,116271.0
262144,1197,119384.5
262144,1198,122755.3
262144,1199,121889.3
262144,1200,121386.0
262144,1201,116112.3
262144,1202,116408.5
262144,1203,117042.6
262144,1204,122556.1
262144,1205,122048.0
262144,1206,116284.9
262144,1207,116737.9
262144,1208,118681.4
262144,1209,116460.0
262144,1210,116807.6
262144,1211,116590.8
262144,1212,116220.7
262144,1213,116460.6
262144,1214,122317.5
262144,1215,124423.2
262144,1216,124909.5
262144,1217,116360.0
262144,1218,116615.6
262144,1219,116100.8
262144,1220,117737.2
262144,1221,123709.8
262144,1222,120980.9
262144,1223,116988.1
262144,1224,117109.2
262144,1225,116684.0
262144,1226,120954.2
262144,1227,123618.9
262144,1228,116823.9
262144,1229,116564.7
262144,1230,119496.5
262144,1231,122657.2
262144,1232,118086.6
262144,1233,121674.9
262144,1234,117498.6
262144,1235,117533.1
262144,1236,116730.1
262144,1237,116834.8
262144,1238,116764.6
262144,1239,117015.9
262144,1240,116712.5
262144,1241,123159.3
262144,1242,123331.2
262144,1243,121566.5
262144,1244,121888.1
262144,1245,116473.3
262144,1246,116573.8
262144,1247,116390.3
262144,1248,116890.0
262144,1249,116129.3
262144,1250,117748.7
262144,1251,116671.3
262144,1252,116314.6
262144,1253,116867.5
262144,1254,116286.2
262144,1255,116644.7
262144,1256,116435.7
262144,1257,116862.7
262144,1258,125967.5
262144,1259,119071.4
262144,1260,116509.0
262144,1261,117822.6
262144,1262,123027.2
262144,1263,119869.6
262144,1264,116701.0
262144,1265,116878.4
262144,1266,116555.7
262144,1267,118692.3
262144,1268,116369.1
262144,1269,116511.4
262144,1270,115807.1
262144,1271,116942.0
262144,1272,122993.9
262144,1273,121493.2
262144,1274,116571.4
262144,1275,117559.2
262144,1276,116799.7
262144,1277,116649.5
262144,1278,116690.1
262144,1279,116820.9
262144,1280,116338.2
262144,1281,116690.1
262144,1282,116415.1
262144,1283,116428.5
262144,1284,118600.2
262144,1285,116706.4
262144,1286,115886.4
262144,1287,116654.4
262144,1288,116702.2
262144,1289,116878.4
262144,1290,116471.5
262144,1291,116949.9
262144,1292,119059.3
262144,1293,116724.6
262144,1294,116732.5
262144,1295,122034.6
262144,1296,122395.0
262144,1297,116966.9
262144,1298,116354.6
262144,1299,116928.7
262144,1300,116434.5
262144,1301,123820.6
262144,1302,123233.7
262144,1303,122877.6
262144,1304,120874.9
262144,1305,119650.3
262144,1306,123301.0
262144,1307,121914.7
262144,1308,121531.4
262144,1309,118793.4
262144,1310,116369.7
262144,1311,117267.9
262144,1312,116420.0
262144,1313,116490.9
262144,1314,116481.2
262144,1315,116894.8
262144,1316,115901.6
262144,1317,116040.9
262144,1318,116404.2
262144,1319,116811.8
262144,1320,119188.9
262144,1321,122663.3
262144,1322,121556.8
262144,1323,122517.9
262144,1324,117213.3
262144,1325,115905.2
262144,1326,119202.8
262144,1327,120406.1
262144,1328,122623.9
262144,1329,116220.7
262144,1330,116406.7
262144,1331,117779.6
262144,1332,122611.8
262144,1333,122757.1
262144,1334,120086.4
262144,1335,117690.6
262144,1336,116531.4
262144,1337,116638.6
262144,1338,116633.2
262144,1339,116369.7
262144,1340,116376.4
262144,1341,116387.9
262144,1342,117476.2
262144,1343,116771.9
262144,1344,116575.6
262144,1345,116917.8
262144,1346,116481.2
262144,1347,116818.5
262144,1348,116144.4
262144,1349,116242.5
262144,1350,115986.4
262144,1351,117758.4
262144,1352,118783.7
262144,1353,118290.1
262144,1354,116964.4
262144,1355,116636.8
262144,1356,116139.6
262144,1357,116076.0
262144,1358,118224.7
262144,1359,125747.6
262144,1360,122391.9
262144,1361,120722.3
262144,1362,116344.9
262144,1363,116237.1
262144,1364,117315.7
262144,1365,122773.5
262144,1366,118480.3
262144,1367,116616.8
262144,1368,118238.0
262144,1369,121713.7
262144,1370,129296.5
262144,1371,121705.8
262144,1372,116478.1
262144,1373,121081.4
262144,1374,117155.2
262144,1375,116510.8
262144,1376,118830.9
262144,1377,116661.6
262144,1378,116119.6
262144,1379,116827.6
262144,1380,116445.4
262144,1381,116010.6
262144,1382,116515.7
262144,1383,116825.8
262144,1384,116415.1
262144,1385,117814.1
262144,1386,116582.3
262144,1387,116539.9
262144,1388,116297.1
262144,1389,116036.0
262144,1390,116073.6
262144,1391,116868.1
262144,1392,116271.6
262144,1393,118032.7
262144,1394,116662.8
262144,1395,116630.7
262144,1396,116158.4
262144,1397,116251.6
262144,1398,116337.6
262144,1399,116433.9
262144,1400,116963.2
262144,1401,116486.0
262144,1402,118951.5
262144,1403,118724.4
262144,1404,122574.8
262144,1405,117144.9
262144,1406,116362.5
262144,1407,116546.6
262144,1408,116286.8
262144,1409,116792.4
262144,1410,119649.1
262144,1411,116949.3
262144,1412,115897.4
262144,1413,116096.6
262144,1414,116392.1
262144,1415,116369.1
262144,1416,116315.2
262144,1417,116939.6
262144,1418,116220.7
262144,1419,117472.5
262144,1420,116712.5
262144,1421,116335.8
262144,1422,116328.5
262144,1423,117131.6
262144,1424,116550.2
262144,1425,116241.3
262144,1426,116730.7
262144,1427,119342.1
262144,1428,118182.9
262144,1429,122942.4
262144,1430,117696.6
262144,1431,116843.3
262144,1432,116641.0
262144,1433,116476.3
262144,1434,121210.4
262144,1435,122572.4
262144,1436,118234.4
262144,1437,116356.4
262144,1438,116214.1
262144,1439,116451.5
262144,1440,116409.7
262144,1441,116566.6
262144,1442,116377.0
262144,1443,116448.5
262144,1444,118286.5
262144,1445,116244.4
262144,1446,116272.2
262144,1447,116501.8
262144,1448,116737.9
262144,1449,122605.7
262144,1450,121120.8
262144,1451,117014.1
262144,1452,115887.1
262144,1453,117998.8
262144,1454,116073.6
262144,1455,116606.5
262144,1456,116659.2
262144,1457,116329.8
262144,1458,116514.5
262144,1459,116219.5
262144,1460,116797.9
262144,1461,121580.4
262144,1462,123114.4
262144,1463,121321.2
262144,1464,121635.5
262144,1465,116694.9
262144,1466,116763.4
262144,1467,116291.6
262144,1468,116352.8
262144,1469,116622.9
262144,1470,119604.3
262144,1471,118375.5
262144,1472,121900.2
262144,1473,116664.1
262144,1474,117117.7
262144,1475,116396.4
262144,1476,116363.1
262144,1477,116241.9
262144,1478,118167.2
262144,1479,116511.4
262144,1480,119844.7
262144,1481,122098.8
262144,1482,116486.0
262144,1483,117032.3
262144,1484,116999.6
262144,1485,122732.3
262144,1486,123175.6
262144,1487,116740.4
262144,1488,116323.7
262144,1489,118992.0
262144,1490,117027.4
262144,1491,116619.2
262144,1492,118804.9
262144,1493,123095.1
262144,1494,121571.9
262144,1495,120138.5
262144,1496,119801.1
262144,1497,118895.7
262144,1498,116352.2
262144,1499,116659.2
262144,1500,116434.5
262144,1501,119383.3
262144,1502,116661.0
262144,1503,118799.4
262144,1504,116674.4
262144,1505,116950.5
262144,1506,116507.2
262144,1507,120574.5
262144,1508,124294.8
262144,1509,122928.5
262144,1510,122696.6
262144,1511,122684.5
262144,1512,120057.3
262144,1513,119028.4
262144,1514,116718.0
262144,1515,116645.3
262144,1516,117197.0
262144,1517,117554.9
262144,1518,116782.2
262144,1519,117169.7
262144,1520,127029.7
262144,1521,116892.4
262144,1522,116552.0
262144,1523,116392.7
262144,1524,116629.5
262144,1525,116319.5
262144,1526,116509.6
262144,1527,116886.9
262144,1528,116197.7
262144,1529,118630.5
262144,1530,117711.2
262144,1531,122743.2
262144,1532,116865.7
262144,1533,116248.0
262144,1534,117052.3
262144,1535,116834.2
262144,1536,116776.7
262144,1537,121286.1
262144,1538,116303.1
262144,1539,116752.5
262144,1540,116268.6
262144,1541,116773.7
262144,1542,115878.0
262144,1543,116542.3
262144,1544,116711.9
262144,1545,116773.1
262144,1546,118612.9
262144,1547,118617.8
262144,1548,122584.5
262144,1549,122298.7
262144,1550,120267.5
262144,1551,116384.9
262144,1552,116872.4
262144,1553,116578.1
262144,1554,117589.4
262144,1555,116853.0
262144,1556,116309.8
262144,1557,116340.7
262144,1558,116879.7
262144,1559,116595.0
262144,1560,116721.0
262144,1561,116793.1
262144,1562,118706.8
262144,1563,116999.0
262144,1564,123083.6
262144,1565,120279.6
262144,1566,116604.1
262144,1567,116939.6
262144,1568,116575.0
262144,1569,116590.2
262144,1570,116370.3
262144,1571,117757.2
262144,1572,115994.2
262144,1573,116396.4
262144,1574,116342.5
262144,1575,120136.0
262144,1576,122842.5
262144,1577,116023.9
262144,1578,116899.0
262144,1579,117475.0
262144,1580,117109.2
262144,1581,122809.8
262144,1582,121479.9
262144,1583,116357.0
262144,1584,116741.0
262144,1585,116561.1
262144,1586,116587.1
262144,1587,116575.6
262144,1588,117363.5
262144,1589,116264.4
262144,1590,116667.1
262144,1591,116569.6
262144,1592,120549.1
262144,1593,123483.3
262144,1594,120916.7
262144,1595,122027.4
262144,1596,118120.6
262144,1597,116398.8
262144,1598,116608.9
262144,1599,116603.5
262144,1600,116684.6
262144,1601,116248.6
262144,1602,116785.2
262144,1603,116477.5
262144,1604,116025.7
262144,1605,117760.8
262144,1606,116082.7
262144,1607,118966.0
262144,1608,123552.3
262144,1609,121426.6
262144,1610,123042.4
262144,1611,123145.3
262144,1612,121373.3
262144,1613,118482.1
262144,1614,116237.7
262144,1615,117100.1
262144,1616,116876.6
262144,1617,116229.2
262144,1618,119304.5
262144,1619,123130.2
262144,1620,116539.9
262144,1621,117493.1
262144,1622,116257.7
262144,1623,116023.9
262144,1624,116721.6
262144,1625,116451.5
262144,1626,116378.2
262144,1627,117660.9
262144,1628,122545.8
262144,1629,121754.2
262144,1630,118281.0
262144,1631,116562.3
262144,1632,117248.5
262144,1633,122735.9
262144,1634,118784.9
262144,1635,116842.7
262144,1636,116163.8
262144,1637,117849.2
262144,1638,119999.8
262144,1639,122975.1
262144,1640,121417.5
262144,1641,121966.8
262144,1642,116512.7
262144,1643,116754.3
262144,1644,116324.3
262144,1645,116315.8
262144,1646,116447.2
262144,1647,119561.9
262144,1648,116587.7
262144,1649,117243.0
262144,1650,116595.6
262144,1651,117930.4
262144,1652,123362.7
262144,1653,120598.1
262144,1654,115992.4
262144,1655,120565.4
262144,1656,116552.6
262144,1657,116685.9
262144,1658,116515.7
262144,1659,116769.4
262144,1660,116300.7
262144,1661,116607.7
262144,1662,116218.9
262144,1663,116949.3
262144,1664,117171.0
262144,1665,116832.4
262144,1666,116608.3
262144,1667,116655.0
262144,1668,116090.5
262144,1669,116667.1
262144,1670,116476.3
262144,1671,116647.7
262144,1672,121633.1
262144,1673,120687.7
262144,1674,116649.5
262144,1675,116351.0
262144,1676,116129.9
262144,1677,116693.1
262144,1678,116490.9
262144,1679,116537.5
262144,1680,116877.8
262144,1681,118650.5
262144,1682,116447.9
262144,1683,116607.1
262144,1684,119369.3
262144,1685,116811.8
262144,1686,116695.5
262144,1687,117298.1
262144,1688,123342.8
262144,1689,120251.7
262144,1690,116538.1
262144,1691,116254.7
262144,1692,116291.0
262144,1693,116322.5
262144,1694,116429.7
262144,1695,116810.0
262144,1696,116129.9
262144,1697,116051.2
262144,1698,117521.0
262144,1699,116238.9
262144,1700,116096.0
262144,1701,116420.0
262144,1702,116239.5
262144,1703,116459.4
262144,1704,117090.4
262144,1705,123123.5
262144,1706,123379.1
262144,1707,121259.4
262144,1708,120865.8
262144,1709,116676.8
262144,1710,116775.5
262144,1711,116696.8
262144,1712,116654.4
262144,1713,116630.7
262144,1714,116989.9
262144,1715,116865.7
262144,1716,116374.6
262144,1717,115814.4
262144,1718,117031.7
262144,1719,116136.0
262144,1720,116670.7
262144,1721,118293.2
262144,1722,122875.2
262144,1723,120971.2
262144,1724,116581.1
262144,1725,116112.3
262144,1726,116240.1
262144,1727,117023.8
262144,1728,116265.0
262144,1729,116642.9
262144,1730,117035.9
262144,1731,122751.1
262144,1732,125513.3
262144,1733,116980.2
262144,1734,117366.0
262144,1735,116309.2
262144,1736,116788.8
262144,1737,117014.1
262144,1738,116458.8
262144,1739,116778.5
262144,1740,120501.2
262144,1741,122924.9
262144,1742,116094.2
262144,1743,116495.7
262144,1744,116528.4
262144,1745,116722.2
262144,1746,116368.5
262144,1747,116862.7
262144,1748,116553.8
262144,1749,118167.2
262144,1750,116456.3
262144,1751,116503.6
262144,1752,116503.0
262144,1753,116565.9
262144,1754,116410.3
262144,1755,116534.5
262144,1756,115980.9
262144,1757,121462.3
262144,1758,116654.4
262144,1759,116443.0
262144,1760,116601.1
262144,1761,116673.7
262144,1762,116323.1
262144,1763,117685.7
262144,1764,122778.9
262144,1765,117605.8
262144,1766,118897.6
262144,1767,116385.5
262144,1768,116476.9
262144,1769,118963.6
262144,1770,122967.3
262144,1771,122474.9
262144,1772,120475.8
262144,1773,116335.2
262144,1774,119257.3
262144,1775,116913.6
262144,1776,116294.6
262144,1777,116662.2
262144,1778,116544.1
262144,1779,116030.0
262144,1780,118315.0
262144,1781,122367.7
262144,1782,124055.0
262144,1783,120956.6
262144,1784,116079.0
262144,1785,116770.6
262144,1786,116235.9
262144,1787,116202.6
262144,1788,116889.3
262144,1789,116081.5
262144,1790,116082.1
262144,1791,120533.9
262144,1792,123056.9
262144,1793,116705.8
262144,1794,116746.4
262144,1795,116232.3
262144,1796,116446.6
262144,1797,123025.4
262144,1798,119445.0
262144,1799,121272.8
262144,1800,116186.8
262144,1801,116212.3
262144,1802,116768.2
262144,1803,120659.9
262144,1804,121421.8
262144,1805,116071.8
262144,1806,116665.3
262144,1807,116286.8
262144,1808,122041.9
262144,1809,123402.7
262144,1810,119198.5
262144,1811,116641.6
262144,1812,116241.3
262144,1813,120717.4
262144,1814,122544.6
262144,1815,117034.1
262144,1816,118355.5
262144,1817,116362.5
262144,1818,116681.6
262144,1819,116969.9
262144,1820,123150.2
262144,1821,120762.2
262144,1822,116679.8
262144,1823,114910.8
262144,1824,117149.2
262144,1825,113944.2
262144,1826,113885.5
262144,1827,113878.8
262144,1828,113714.1
262144,1829,113759.5
262144,1830,113621.5
262144,1831,113535.5
262144,1832,113643.3
262144,1833,115869.5
262144,1834,113567.6
262144,1835,113560.9
262144,1836,113387.1
262144,1837,113927.9
262144,1838,113471.9
262144,1839,113415.5
262144,1840,113686.3
262144,1841,117275.7
262144,1842,121035.4
262144,1843,114597.7
262144,1844,113408.3
262144,1845,113738.9
262144,1846,113407.1
262144,1847,113692.9
262144,1848,113358.6
262144,1849,114058.1
262144,1850,113550.0
262144,1851,114782.4
262144,1852,113826.2
262144,1853,113612.4
262144,1854,113688.7
262144,1855,114035.7
262144,1856,113592.4
262144,1857,113653.6
262144,1858,114014.5
262144,1859,114296.1
262144,1860,113247.2
262144,1861,113808.6
262144,1862,113419.2
262144,1863,115527.9
262144,1864,117550.7
262144,1865,122065.5
262144,1866,116737.9
262144,1867,122562.7
262144,1868,122584.5
262144,1869,115075.5
262144,1870,115438.9
262144,1871,115399.5
262144,1872,115617.0
262144,1873,115233.0
262144,1874,115566.1
262144,1875,117487.7
262144,1876,123340.9
262144,1877,120883.4
262144,1878,117751.1
262144,1879,116025.7
262144,1880,115520.1
262144,1881,115967.6
262144,1882,115762.9
262144,1883,116053.6
262144,1884,115386.8
262144,1885,116476.9
262144,1886,115590.3
262144,1887,115592.7
262144,1888,115815.6
262144,1889,115407.4
262144,1890,115735.0
262144,1891,116288.6
262144,1892,116601.7
262144,1893,122048.0
262144,1894,124644.2
262144,1895,127222.3
262144,1896,122785.6
262144,1897,120490.3
262144,1898,116065.7
262144,1899,115698.1
262144,1900,116025.1
262144,1901,115619.4
262144,1902,117181.2
262144,1903,119280.9
262144,1904,122367.1
262144,1905,116794.9
262144,1906,115739.3
262144,1907,116223.2
262144,1908,116043.3
262144,1909,115590.9
262144,1910,117009.3
262144,1911,116475.7
262144,1912,116164.4
262144,1913,116133.5
262144,1914,117428.9
262144,1915,116354.6
262144,1916,116559.3
262144,1917,116003.3
262144,1918,115756.2
262144,1919,117075.3
262144,1920,121684.6
262144,1921,122378.0
262144,1922,116045.1
262144,1923,116092.4
262144,1924,115725.4
262144,1925,116076.0
262144,1926,115733.8
262144,1927,116928.1
262144,1928,119102.9
262144,1929,122239.9
262144,1930,121521.1
262144,1931,120403.7
262144,1932,122040.1
262144,1933,116211.7
262144,1934,116682.8
262144,1935,116555.0
262144,1936,117415.6
262144,1937,119729.7
262144,1938,123288.3
262144,1939,121498.1
262144,1940,127409.4
262144,1941,122245.4
262144,1942,116426.1
262144,1943,116398.8
262144,1944,117663.3
262144,1945,116154.1
262144,1946,116206.2
262144,1947,116354.0
262144,1948,116354.0
262144,1949,116350.3
262144,1950,116767.6
262144,1951,116163.2
262144,1952,116577.5
262144,1953,117700.9
262144,1954,116192.9
262144,1955,117282.4
262144,1956,116227.4
262144,1957,116215.9
262144,1958,116331.0
262144,1959,116840.3
262144,1960,116962.6
262144,1961,117837.1
262144,1962,116971.1
262144,1963,116295.2
262144,1964,116112.3
262144,1965,116607.7
262144,1966,116639.2
262144,1967,116470.9
262144,1968,116791.2
262144,1969,116476.9
262144,1970,117240.6
262144,1971,116914.8
262144,1972,115704.8
262144,1973,116235.3
262144,1974,116586.5
262144,1975,116254.1
262144,1976,116736.1
262144,1977,117131.6
262144,1978,123500.2
262144,1979,116673.1
262144,1980,116524.8
262144,1981,115810.1
262144,1982,115998.5
262144,1983,116728.9
262144,1984,116595.0
262144,1985,116671.9
262144,1986,116742.2
262144,1987,117481.6
262144,1988,116587.7
262144,1989,116507.8
262144,1990,116344.3
262144,1991,116892.4
262144,1992,118302.8
262144,1993,122570.0
262144,1994,116421.2
262144,1995,122048.6
262144,1996,116573.2
262144,1997,116623.5
262144,1998,115963.4
262144,1999,116771.9
524288,0,247902.8
524288,1,237004.8
524288,2,237138.6
524288,3,236454.9
524288,4,236599.0
524288,5,238099.7
524288,6,251746.0
524288,7,246426.3
524288,8,237999.8
524288,9,237757.6
524288,10,236548.2
524288,11,236508.8
524288,12,261441.9
524288,13,306942.8
524288,14,283117.4
524288,15,259652.9
524288,16,268152.1
524288,17,255592.9
524288,18,247380.1
524288,19,241562.0
524288,20,245432.5
524288,21,240548.2
524288,22,264545.6
524288,23,230561.7
524288,24,229926.4
524288,25,232012.1
524288,26,229844.6
524288,27,229953.0
524288,28,229870.7
524288,29,231350.8
524288,30,231167.9
524288,31,238401.9
524288,32,228215.5
524288,33,230785.8
524288,34,228144.7
524288,35,228708.5
524288,36,239048.7
524288,37,233779.9
524288,38,240906.1
524288,39,227932.1
524288,40,228956.8
524288,41,228930.8
524288,42,230092.9
524288,43,230817.8
524288,44,234269.8
524288,45,238351.1
524288,46,239019.1
524288,47,244207.3
524288,48,235691.8
524288,49,235131.0
524288,50,248744.6
524288,51,235157.1
524288,52,235098.9
524288,53,234879.1
524288,54,239039.0
524288,55,237988.3
524288,56,243283.2
524288,57,240508.3
524288,58,234320.7
524288,59,237752.7
524288,60,243668.3
524288,61,244381.8
524288,62,235140.7
524288,63,247943.4
524288,64,235622.2
524288,65,238607.2
524288,66,241495.4
524288,67,239034.2
524288,68,236812.8
524288,69,237422.7
524288,70,236046.1
524288,71,238614.5
524288,72,235416.9
524288,73,235619.1
524288,74,235310.3
524288,75,237360.9
524288,76,236552.4
524288,77,239586.5
524288,78,237707.3
524288,79,236991.5
524288,80,238950.0
524288,81,236841.9
524288,82,246881.1
524288,83,238044.6
524288,84,238009.5
524288,85,237136.8
524288,86,236460.9
524288,87,235796.6
524288,88,237755.1
524288,89,237012.1
524288,90,235957.1
524288,91,236332.0
524288,92,238570.9
524288,93,236791.6
524288,94,250192.0
524288,95,241164.1
524288,96,249737.2
524288,97,236921.8
524288,98,236169.6
524288,99,235526.5
524288,100,241080.0
524288,101,237301.5
524288,102,236270.2
524288,103,237293.1
524288,104,246092.0
524288,105,239730.7
524288,106,236983.6
524288,107,235777.8
524288,108,245738.9
524288,109,249440.4
524288,110,236313.8
524288,111,236037.6
524288,112,245774.1
524288,113,246492.3
524288,114,236324.1
524288,115,236714.7
524288,116,236702.0
524288,117,240571.8
524288,118,254350.8
524288,119,246438.4
524288,120,238127.0
524288,121,237179.8
524288,122,246110.2
524288,123,236419.2
524288,124,236108.5
524288,125,248899.6
524288,126,236147.8
524288,127,247159.7
524288,128,245953.9
524288,129,238364.4
524288,130,246536.5
524288,131,236735.9
524288,132,239018.5
524288,133,244846.9
524288,134,240221.2
524288,135,243435.2
524288,136,248886.9
524288,137,244237.0
524288,138,238127.6
524288,139,236717.1
524288,140,236553.0
524288,141,238170.6
524288,142,257321.9
524288,143,236645.1
524288,144,241867.3
524288,145,244903.2
524288,146,239320.0
524288,147,240970.9
524288,148,242958.6
524288,149,236110.3
524288,150,239947.5
524288,151,238049.5
524288,152,239742.2
524288,153,241182.3
524288,154,240359.3
524288,155,245301.7
524288,156,236284.1
524288,157,241061.2
524288,158,242156.7
524288,159,237148.3
524288,160,236516.1
524288,161,245072.2
524288,162,236445.2
524288,163,241898.7
524288,164,247137.9
524288,165,239090.5
524288,166,235840.8
524288,167,237427.5
524288,168,236287.7
524288,169,243784.6
524288,170,236087.9
524288,171,238168.2
524288,172,236650.5
524288,173,236511.8
524288,174,236448.2
524288,175,241523.3
524288,176,236806.8
524288,177,236940.0
524288,178,236712.3
524288,179,239389.7
524288,180,237019.9
524288,181,243611.4
524288,182,240740.8
524288,183,248029.4
524288,184,237057.5
524288,185,237216.1
524288,186,236305.9
524288,187,236698.3
524288,188,243906.4
524288,189,241797.0
524288,190,235445.3
524288,191,236537.9
524288,192,239751.2
524288,193,237006.0
524288,194,236511.8
524288,195,235937.7
524288,196,237844.8
524288,197,236391.3
524288,198,235863.2
524288,199,238365.0
524288,200,237196.2
524288,201,237166.5
524288,202,237423.9
524288,203,236953.9
524288,204,240037.7
524288,205,237095.6
524288,206,235988.0
524288,207,236941.2
524288,208,237474.7
524288,209,237952.6
524288,210,236883.7
524288,211,243272.3
524288,212,241546.3
524288,213,236798.9
524288,214,236466.4
524288,215,236281.1
524288,216,239984.4
524288,217,251856.8
524288,218,236301.1
524288,219,236769.2
524288,220,237087.8
524288,221,238391.0
524288,222,236454.9
524288,223,236760.7
524288,224,237345.7
524288,225,248678.0
524288,226,235927.4
524288,227,242218.5
524288,228,241818.8
524288,229,237862.3
524288,230,236098.2
524288,231,237112.0
524288,232,237334.2
524288,233,237490.5
524288,234,237336.7
524288,235,248716.1
524288,236,247213.0
524288,237,236373.7
524288,238,242392.9
524288,239,244773.0
524288,240,239312.2
524288,241,239109.9
524288,242,316013.7
524288,243,240556.1
524288,244,237305.8
524288,245,237478.4
524288,246,237627.4
524288,247,236393.7
524288,248,236894.6
524288,249,235992.8
524288,250,238203.9
524288,251,236769.2
524288,252,236608.7
524288,253,236462.8
524288,254,240344.7
524288,255,236791.0
524288,256,237423.3
524288,257,235984.9
524288,258,238306.9
524288,259,236602.1
524288,260,237006.0
524288,261,238193.0
524288,262,237058.1
524288,263,239308.5
524288,264,257635.6
524288,265,243993.6
524288,266,236558.5
524288,267,237928.3
524288,268,237066.6
524288,269,241757.6
524288,270,249798.4
524288,271,247945.2
524288,272,243528.5
524288,273,238165.7
524288,274,236993.9
524288,275,238013.1
524288,276,246687.3
524288,277,249757.8
524288,278,246489.9
524288,279,239346.1
524288,280,236937.6
524288,281,237087.8
524288,282,236581.5
524288,283,237793.9
524288,284,236871.6
524288,285,236594.2
524288,286,237441.4
524288,287,237620.7
524288,288,250962.3
524288,289,241514.2
524288,290,236177.5
524288,291,236306.5
524288,292,237736.4
524288,293,236953.9
524288,294,236154.5
524288,295,236417.3
524288,296,237996.8
524288,297,243108.8
524288,298,246404.5
524288,299,236712.9
524288,300,237169.5
524288,301,236894.6
524288,302,239598.0
524288,303,244074.1
524288,304,237231.9
524288,305,243407.3
524288,306,246076.3
524288,307,236599.0
524288,308,240719.6
524288,309,236911.5
524288,310,235762.7
524288,311,243194.8
524288,312,231876.5
524288,313,230640.4
524288,314,230765.2
524288,315,230736.1
524288,316,237268.2
524288,317,235019.6
524288,318,230709.4
524288,319,240195.2
524288,320,232452.4
524288,321,231620.3
524288,322,249511.3
524288,323,238477.0
524288,324,230859.6
524288,325,231731.7
524288,326,230617.4
524288,327,241413.0
524288,328,318874.0
524288,329,233964.0
524288,330,239407.3
524288,331,233841.7
524288,332,245312.0
524288,333,238277.8
524288,334,235356.9
524288,335,244974.0
524288,336,234964.5
524288,337,238131.8
524288,338,245056.4
524288,339,233970.1
524288,340,234669.5
524288,341,235297.6
524288,342,237295.5
524288,343,247122.2
524288,344,241161.1
524288,345,235197.0
524288,346,247210.0
524288,347,235586.4
524288,348,236108.5
524288,349,235464.7
524288,350,236303.5
524288,351,236417.9
524288,352,235809.3
524288,353,246948.3
524288,354,238536.4
524288,355,236351.3
524288,356,236056.4
524288,357,235685.2
524288,358,243240.2
524288,359,237305.8
524288,360,236165.4
524288,361,235472.0
524288,362,235260.6
524288,363,245241.1
524288,364,246135.6
524288,365,246632.2
524288,366,236007.3
524288,367,238059.2
524288,368,236462.2
524288,369,236562.1
524288,370,240300.5
524288,371,238306.3
524288,372,236407.0
524288,373,237005.4
524288,374,236980.6
524288,375,243814.9
524288,376,237228.9
524288,377,236568.1
524288,378,239612.0
524288,379,245983.0
524288,380,249016.5
524288,381,237133.2
524288,382,236744.4
524288,383,237516.5
524288,384,236840.1
524288,385,237069.0
524288,386,243497.0
524288,387,251438.4
524288,388,245442.8
524288,389,237056.9
524288,390,236287.7
524288,391,235675.5
524288,392,245798.3
524288,393,247083.4
524288,394,236760.1
524288,395,236292.6
524288,396,237671.6
524288,397,236593.6
524288,398,237784.8
524288,399,246861.7
524288,400,238099.7
524288,401,236808.6
524288,402,243887.0
524288,403,237263.4
524288,404,237835.1
524288,405,236510.0
524288,406,236211.4
524288,407,236357.4
524288,408,238318.4
524288,409,241978.1
524288,410,246519.0
524288,411,238090.0
524288,412,236870.9
524288,413,240655.4
524288,414,237116.2
524288,415,236410.7
524288,416,239631.3
524288,417,240966.1
524288,418,237227.0
524288,419,236700.8
524288,420,248730.1
524288,421,246352.4
524288,422,237104.7
524288,423,237079.9
524288,424,236201.7
524288,425,238820.4
524288,426,236278.1
524288,427,236499.1
524288,428,237274.3
524288,429,251505.0
524288,430,244410.2
524288,431,237577.7
524288,432,236539.1
524288,433,238093.7
524288,434,236981.2
524288,435,236738.3
524288,436,236532.4
524288,437,242432.9
524288,438,247618.2
524288,439,239618.6
524288,440,237103.5
524288,441,237311.8
524288,442,243684.1
524288,443,241623.8
524288,444,236402.8
524288,445,236835.2
524288,446,238701.1
524288,447,236858.2
524288,448,236531.2
524288,449,247692.0
524288,450,254960.6
524288,451,236606.9
524288,452,236111.5
524288,453,236749.8
524288,454,241279.8
524288,455,243053.7
524288,456,236936.4
524288,457,237506.2
524288,458,237444.5
524288,459,236294.4
524288,460,248104.5
524288,461,244439.3
524288,462,236808.6
524288,463,237398.4
524288,464,237239.8
524288,465,237010.8
524288,466,236290.8
524288,467,237761.8
524288,468,236889.7
524288,469,246600.7
524288,470,256394.7
524288,471,245447.6
524288,472,237348.2
524288,473,243269.2
524288,474,245343.5
524288,475,249236.4
524288,476,238194.2
524288,477,238777.4
524288,478,237639.5
524288,479,238954.9
524288,480,244195.8
524288,481,246460.2
524288,482,236829.2
524288,483,239719.8
524288,484,237793.9
524288,485,236980.6
524288,486,250872.1
524288,487,246892.6
524288,488,237152.6
524288,489,237176.8
524288,490,236155.1
524288,491,247421.9
524288,492,247511.0
524288,493,237855.1
524288,494,237067.8
524288,495,236760.7
524288,496,245794.0
524288,497,251853.2
524288,498,242130.1
524288,499,236881.2
524288,500,260112.6
524288,501,253910.5
524288,502,237546.2
524288,503,237001.8
524288,504,238231.8
524288,505,236906.7
524288,506,236256.3
524288,507,236239.9
524288,508,238509.1
524288,509,237494.7
524288,510,237209.5
524288,511,236604.5
524288,512,252825.8
524288,513,239431.5
524288,514,237112.6
524288,515,237092.0
524288,516,239810.0
524288,517,237574.1
524288,518,237203.4
524288,519,237663.1
524288,520,236995.7
524288,521,239466.0
524288,522,237440.2
524288,523,247159.7
524288,524,237856.3
524288,525,245400.4
524288,526,248057.2
524288,527,238915.5
524288,528,237974.4
524288,529,241142.3
524288,530,237261.6
524288,531,257430.3
524288,532,237528.6
524288,533,238557.0
524288,534,236735.9
524288,535,237560.7
524288,536,237660.1
524288,537,237558.9
524288,538,237378.5
524288,539,252544.2
524288,540,239030.6
524288,541,238828.9
524288,542,237617.1
524288,543,237955.6
524288,544,236992.7
524288,545,237248.2
524288,546,239933.5
524288,547,246187.1
524288,548,238014.3
524288,549,247922.8
524288,550,247128.8
524288,551,237351.8
524288,552,237528.0
524288,553,238147.6
524288,554,237740.6
524288,555,236187.2
524288,556,235793.0
524288,557,235364.8
524288,558,236742.6
524288,559,235880.8
524288,560,246361.5
524288,561,244842.0
524288,562,237670.4
524288,563,236117.0
524288,564,236445.8
524288,565,235300.6
524288,566,247678.7
524288,567,240889.2
524288,568,235680.9
524288,569,234790.1
524288,570,234903.9
524288,571,237405.1
524288,572,235657.9
524288,573,234977.2
524288,574,234748.3
524288,575,236499.1
524288,576,234636.2
524288,577,239863.3
524288,578,237770.9
524288,579,236226.6
524288,580,238588.5
524288,581,246181.6
524288,582,232179.3
524288,583,241084.2
524288,584,230275.8
524288,585,230158.3
524288,586,229784.7
524288,587,230152.9
524288,588,233412.3
524288,589,230461.1
524288,590,229960.9
524288,591,237588.6
524288,592,241190.8
524288,593,230673.1
524288,594,229845.2
524288,595,229966.4
524288,596,231407.1
524288,597,230595.0
524288,598,234528.4
524288,599,236056.4
524288,600,235972.8
524288,601,235665.2
524288,602,243223.8
524288,603,243082.7
524288,604,243576.9
524288,605,238337.1
524288,606,245703.2
524288,607,245529.4
524288,608,237595.3
524288,609,236636.6
524288,610,234683.5
524288,611,234973.6
524288,612,234625.9
524288,613,235872.9
524288,614,235015.4
524288,615,235550.7
524288,616,236073.4
524288,617,236728.0
524288,618,235103.2
524288,619,235469.6
524288,620,237019.3
524288,621,238486.1
524288,622,231280.5
524288,623,231157.6
524288,624,231148.5
524288,625,231194.5
524288,626,233617.6
524288,627,250804.3
524288,628,231231.5
524288,629,230589.5
524288,630,231463.4
524288,631,230250.4
524288,632,239771.8
524288,633,232818.8
524288,634,231839.5
524288,635,230701.0
524288,636,231152.1
524288,637,230758.5
524288,638,245480.9
524288,639,232531.7
524288,640,233100.4
524288,641,234983.9
524288,642,234704.1
524288,643,236989.6
524288,644,235624.6
524288,645,234352.8
524288,646,235273.3
524288,647,235780.2
524288,648,235072.3
524288,649,234757.4
524288,650,235014.7
524288,651,237537.7
524288,652,234958.4
524288,653,235639.7
524288,654,235341.8
524288,655,253207.4
524288,656,240161.8
524288,657,235621.0
524288,658,235455.6
524288,659,236322.9
524288,660,236518.5
524288,661,251650.3
524288,662,244389.6
524288,663,240621.5
524288,664,243289.2
524288,665,236055.2
524288,666,234879.1
524288,667,235078.3
524288,668,236884.9
524288,669,235713.0
524288,670,247769.0
524288,671,243124.5
524288,672,244355.1
524288,673,235761.5
524288,674,236705.0
524288,675,236742.6
524288,676,237886.6
524288,677,236780.1
524288,678,247460.1
524288,679,247332.9
524288,680,246600.1
524288,681,236360.4
524288,682,236722.6
524288,683,236263.5
524288,684,237118.6
524288,685,236689.3
524288,686,236163.0
524288,687,236035.8
524288,688,238411.0
524288,689,246792.7
524288,690,237168.3
524288,691,240390.2
524288,692,252228.1
524288,693,244328.5
524288,694,244160.1
524288,695,238622.4
524288,696,235983.7
524288,697,238592.1
524288,698,236567.5
524288,699,236596.0
524288,700,236473.1
524288,701,238279.6
524288,702,236484.6
524288,703,236900.0
524288,704,242657.0
524288,705,244209.2
524288,706,237347.6
524288,707,237066.6
524288,708,236600.8
524288,709,236806.8
524288,710,237794.5
524288,711,236883.1
524288,712,236788.6
524288,713,236109.7
524288,714,239002.7
524288,715,236153.3
524288,716,237276.7
524288,717,236656.6
524288,718,237836.9
524288,719,237088.4
524288,720,237079.3
524288,721,236532.4
524288,722,237947.7
524288,723,236516.1
524288,724,237036.9
524288,725,247712.0
524288,726,239897.2
524288,727,236981.8
524288,728,236301.7
524288,729,236918.8
524288,730,236298.6
524288,731,237781.8
524288,732,236776.5
524288,733,236353.8
524288,734,236577.2
524288,735,244731.2
524288,736,239779.7
524288,737,248959.0
524288,738,244395.1
524288,739,237632.2
524288,740,237367.6
524288,741,236616.6
524288,742,236967.8
524288,743,240980.6
524288,744,236818.9
524288,745,238254.8
524288,746,236814.6
524288,747,237902.3
524288,748,236863.7
524288,749,236829.2
524288,750,235880.8
524288,751,233251.2
524288,752,230485.4
524288,753,230390.3
524288,754,230793.0
524288,755,230862.7
524288,756,236434.9
524288,757,236399.2
524288,758,230278.9
524288,759,231166.7
524288,760,234030.0
524288,761,231215.1
524288,762,229725.9
524288,763,230940.8
524288,764,234746.5
524288,765,241090.9
524288,766,230682.8
524288,767,231005.0
524288,768,231316.9
524288,769,231662.1
524288,770,232601.4
524288,771,234294.7
524288,772,242045.3
524288,773,238666.0
524288,774,234808.8
524288,775,234544.2
524288,776,244678.5
524288,777,242190.0
524288,778,243220.8
524288,779,235171.0
524288,780,235161.9
524288,781,236076.4
524288,782,234928.7
524288,783,234573.3
524288,784,235043.2
524288,785,235715.4
524288,786,234963.3
524288,787,235172.2
524288,788,236104.8
524288,789,239050.5
524288,790,246242.2
524288,791,241930.2
524288,792,235783.3
524288,793,243563.6
524288,794,240106.1
524288,795,235064.4
524288,796,246219.2
524288,797,245654.2
524288,798,238104.6
524288,799,235266.1
524288,800,236080.6
524288,801,235978.3
524288,802,236736.5
524288,803,235031.1
524288,804,236369.5
524288,805,237243.4
524288,806,237835.7
524288,807,236270.2
524288,808,246567.4
524288,809,236491.2
524288,810,236265.9
524288,811,246254.9
524288,812,236513.6
524288,813,235915.9
524288,814,236385.2
524288,815,242369.3
524288,816,237349.4
524288,817,236832.2
524288,818,235981.3
524288,819,240152.2
524288,820,236676.5
524288,821,236521.5
524288,822,236199.3
524288,823,242017.4
524288,824,274279.1
524288,825,511322.0
524288,826,275890.6
524288,827,267373.2
524288,828,242067.7
524288,829,267932.2
524288,830,279090.6
524288,831,300104.8
524288,832,236892.8
524288,833,238801.6
524288,834,243994.8
524288,835,242386.3
524288,836,240625.1
524288,837,231814.1
524288,838,231889.8
524288,839,230089.3
524288,840,230082.6
524288,841,240946.1
524288,842,240917.0
524288,843,230637.4
524288,844,229993.6
524288,845,240530.7
524288,846,239327.3
524288,847,239069.3
524288,848,228196.1
524288,849,230721.6
524288,850,235762.1
524288,851,230787.6
524288,852,230246.1
524288,853,435862.0
524288,854,245118.2
524288,855,233169.4
524288,856,233881.6
524288,857,233630.9
524288,858,235003.8
524288,859,288440.1
524288,860,235162.5
524288,861,235283.6
524288,862,238188.2
524288,863,246267.6
524288,864,241176.9
524288,865,234957.8
524288,866,243357.7
524288,867,245043.7
524288,868,240272.7
524288,869,241589.3
524288,870,235705.1
524288,871,239036.6
524288,872,236222.9
524288,873,234581.7
524288,874,235030.5
524288,875,237151.3
524288,876,247097.3
524288,877,242016.2
524288,878,245792.2
524288,879,236980.0
524288,880,235582.8
524288,881,443205.1
524288,882,239034.8
524288,883,235688.8
524288,884,236201.7
524288,885,243767.7
524288,886,247956.7
524288,887,271014.8
524288,888,236659.0
524288,889,236580.9
524288,890,240952.8
524288,891,236970.3
524288,892,236216.9
524288,893,236619.6
524288,894,236268.4
524288,895,247097.3
524288,896,237110.8
524288,897,236818.3
524288,898,236887.9
524288,899,239171.7
524288,900,238107.6
524288,901,237268.8
524288,902,236591.8
524288,903,243665.3
524288,904,236474.9
524288,905,236260.5
524288,906,257988.1
524288,907,256521.3
524288,908,237551.1
524288,909,480857.8
524288,910,236426.4
524288,911,243901.5
524288,912,238394.7
524288,913,243456.4
524288,914,240209.7
524288,915,265553.4
524288,916,236618.4
524288,917,236896.4
524288,918,238882.2
524288,919,236987.2
524288,920,236086.1
524288,921,236600.8
524288,922,236855.2
524288,923,237071.4
524288,924,236000.7
524288,925,236559.1
524288,926,236935.7
524288,927,237234.3
524288,928,237133.8
524288,929,241952.0
524288,930,242506.8
524288,931,241075.7
524288,932,247667.8
524288,933,236553.0
524288,934,237091.4
524288,935,256905.2
524288,936,246996.8
524288,937,462070.5
524288,938,236649.3
524288,939,236470.0
524288,940,236705.0
524288,941,237678.8
524288,942,236723.8
524288,943,273084.2
524288,944,236543.9
524288,945,236373.1
524288,946,236664.4
524288,947,237459.0
524288,948,236820.7
524288,949,236410.7
524288,950,236354.4
524288,951,240049.8
524288,952,246379.1
524288,953,237267.0
524288,954,237876.9
524288,955,238151.2
524288,956,241269.5
524288,957,243971.8
524288,958,236394.9
524288,959,246976.2
524288,960,239237.7
524288,961,238791.3
524288,962,243658.7
524288,963,239485.4
524288,964,242033.2
524288,965,474669.1
524288,966,239591.4
524288,967,243093.0
524288,968,244856.6
524288,969,237937.4
524288,970,276482.3
524288,971,250301.0
524288,972,242044.1
524288,973,236678.4
524288,974,247024.0
524288,975,238094.9
524288,976,237024.2
524288,977,236783.7
524288,978,236390.1
524288,979,236619.6
524288,980,236922.4
524288,981,235725.1
524288,982,236424.6
524288,983,239628.9
524288,984,237689.1
524288,985,249721.4
524288,986,245883.1
524288,987,251586.1
524288,988,241849.7
524288,989,236126.7
524288,990,245157.5
524288,991,239607.7
524288,992,247759.9
524288,993,555398.5
524288,994,245923.0
524288,995,241413.7
524288,996,236597.2
524288,997,236455.5
524288,998,242273.0
524288,999,276326.0
524288,1000,238638.1
524288,1001,236883.1
524288,1002,238214.8
524288,1003,236679.6
524288,1004,237542.0
524288,1005,237002.4
524288,1006,238584.8
524288,1007,237118.6
524288,1008,236484.0
524288,1009,236886.7
524288,1010,236533.6
524288,1011,246368.8
524288,1012,238505.5
524288,1013,236922.4
524288,1014,236177.5
524288,1015,238993.0
524288,1016,236597.8
524288,1017,236530.0
524288,1018,236090.9
524288,1019,238984.5
524288,1020,459885.5
524288,1021,236156.3
524288,1022,237355.4
524288,1023,240551.9
524288,1024,246419.0
524288,1025,238461.9
524288,1026,289140.2
524288,1027,238020.4
524288,1028,237258.5
524288,1029,236697.1
524288,1030,242260.3
524288,1031,236606.9
524288,1032,247538.8
524288,1033,256801.7
524288,1034,266688.9
524288,1035,264060.5
524288,1036,256726.6
524288,1037,269075.0
524288,1038,256809.5
524288,1039,253304.9
524288,1040,236016.4
524288,1041,238339.6
524288,1042,248161.4
524288,1043,234587.8
524288,1044,234567.2
524288,1045,234399.4
524288,1046,237827.8
524288,1047,236054.0
524288,1048,470623.0
524288,1049,231448.9
524288,1050,232927.2
524288,1051,230062.0
524288,1052,228664.9
524288,1053,230968.0
524288,1054,269937.4
524288,1055,238264.5
524288,1056,240167.9
524288,1057,229515.8
524288,1058,230604.7
524288,1059,228773.3
524288,1060,229793.8
524288,1061,228935.0
524288,1062,242325.1
524288,1063,229081.6
524288,1064,230281.9
524288,1065,246956.2
524288,1066,238083.4
524288,1067,233981.0
524288,1068,242693.9
524288,1069,237409.3
524288,1070,233418.3
524288,1071,234586.6
524288,1072,233939.2
524288,1073,235479.2
524288,1074,234587.8
524288,1075,237623.1
524288,1076,475899.7
524288,1077,246629.2
524288,1078,240750.5
524288,1079,270128.8
524288,1080,273394.3
524288,1081,255598.9
524288,1082,263129.1
524288,1083,285548.9
524288,1084,264153.2
524288,1085,277557.2
524288,1086,248744.6
524288,1087,254255.1
524288,1088,255003.6
524288,1089,237068.4
524288,1090,234810.0
524288,1091,230692.5
524288,1092,230182.0
524288,1093,230553.8
524288,1094,241471.2
524288,1095,229613.9
524288,1096,230188.0
524288,1097,229386.8
524288,1098,231392.6
524288,1099,229419.5
524288,1100,234216.5
524288,1101,242973.1
524288,1102,235862.6
524288,1103,455030.9
524288,1104,244292.1
524288,1105,246849.0
524288,1106,230846.3
524288,1107,229582.4
524288,1108,233621.2
524288,1109,274953.1
524288,1110,231032.8
524288,1111,235219.4
524288,1112,238931.8
524288,1113,230370.3
524288,1114,238490.4
524288,1115,236718.9
524288,1116,231172.1
524288,1117,230734.9
524288,1118,231911.0
524288,1119,236103.0
524288,1120,249180.6
524288,1121,261048.2
524288,1122,326988.0
524288,1123,244077.1
524288,1124,233922.8
524288,1125,230972.3
524288,1126,234221.4
524288,1127,230937.8
524288,1128,233688.5
524288,1129,235477.4
524288,1130,237420.8
524288,1131,486595.4
524288,1132,235717.3
524288,1133,235703.9
524288,1134,245143.6
524288,1135,244199.5
524288,1136,237561.3
524288,1137,267755.4
524288,1138,241471.8
524288,1139,235693.6
524288,1140,234703.5
524288,1141,234530.3
524288,1142,237126.5
524288,1143,237912.0
524288,1144,244931.7
524288,1145,235827.5
524288,1146,248440.6
524288,1147,242694.5
524288,1148,235975.2
524288,1149,235823.2
524288,1150,239864.5
524288,1151,235951.0
524288,1152,235974.0
524288,1153,235465.3
524288,1154,258206.7
524288,1155,238384.4
524288,1156,235142.5
524288,1157,235485.3
524288,1158,235683.3
524288,1159,485420.5
524288,1160,237730.9
524288,1161,237944.1
524288,1162,242385.1
524288,1163,235105.6
524288,1164,236176.9
524288,1165,291272.5
524288,1166,254165.4
524288,1167,238296.0
524288,1168,236906.1
524288,1169,236763.8
524288,1170,238979.1
524288,1171,236736.5
524288,1172,237738.8
524288,1173,235869.3
524288,1174,239340.0
524288,1175,239570.8
524288,1176,244131.6
524288,1177,236298.6
524288,1178,246838.1
524288,1179,242560.1
524288,1180,237865.4
524288,1181,238578.8
524288,1182,251296.0
524288,1183,238041.0
524288,1184,236973.3
524288,1185,236993.9
524288,1186,236571.2
524288,1187,551901.1
524288,1188,258452.6
524288,1189,245069.1
524288,1190,237479.0
524288,1191,236365.9
524288,1192,281770.5
524288,1193,246618.3
524288,1194,236434.3
524288,1195,236273.2
524288,1196,236609.9
524288,1197,236432.5
524288,1198,241289.5
524288,1199,235734.2
524288,1200,236770.4
524288,1201,236083.7
524288,1202,238248.7
524288,1203,236209.6
524288,1204,241176.3
524288,1205,241273.8
524288,1206,245659.0
524288,1207,236644.4
524288,1208,236582.1
524288,1209,236594.8
524288,1210,252704.1
524288,1211,251651.5
524288,1212,239047.5
524288,1213,236514.2
524288,1214,513281.2
524288,1215,254979.4
524288,1216,236847.3
524288,1217,238254.2
524288,1218,235665.2
524288,1219,244754.8
524288,1220,250456.1
524288,1221,240600.9
524288,1222,231938.2
524288,1223,232271.9
524288,1224,242505.0
524288,1225,235693.6
524288,1226,236723.2
524288,1227,229845.8
524288,1228,230233.4
524288,1229,231026.8
524288,1230,234661.7
524288,1231,229653.3
524288,1232,230444.2
524288,1233,229469.1
524288,1234,234890.6
524288,1235,240620.9
524288,1236,236729.2
524288,1237,230556.2
524288,1238,232300.4
524288,1239,229836.8
524288,1240,243382.5
524288,1241,234715.0
524288,1242,234684.7
524288,1243,556263.3
524288,1244,237649.8
524288,1245,242095.6
524288,1246,239223.1
524288,1247,244383.6
524288,1248,235145.0
524288,1249,273632.3
524288,1250,240001.4
524288,1251,235786.9
524288,1252,246432.4
524288,1253,252859.1
524288,1254,240786.8
524288,1255,231500.4
524288,1256,230362.4
524288,1257,230399.4
524288,1258,232132.0
524288,1259,229890.0
524288,1260,239627.7
524288,1261,239332.2
524288,1262,232862.4
524288,1263,228150.7
524288,1264,228581.3
524288,1265,228869.0
524288,1266,230152.9
524288,1267,227833.4
524288,1268,228737.0
524288,1269,228159.2
524288,1270,228395.4
524288,1271,451270.6
524288,1272,239323.7
524288,1273,241595.9
524288,1274,234191.1
524288,1275,233297.8
524288,1276,241969.0
524288,1277,271498.1
524288,1278,242776.3
524288,1279,233478.9
524288,1280,234299.5
524288,1281,235034.1
524288,1282,246149.5
524288,1283,244857.8
524288,1284,238918.5
524288,1285,235297.6
524288,1286,234690.1
524288,1287,237549.8
524288,1288,241169.0
524288,1289,245318.0
524288,1290,235777.8
524288,1291,243243.8
524288,1292,244547.7
524288,1293,236053.4
524288,1294,235647.6
524288,1295,237933.8
524288,1296,235536.2
524288,1297,234874.8
524288,1298,235551.3
524288,1299,579082.8
524288,1300,241449.4
524288,1301,235952.2
524288,1302,237145.3
524288,1303,235627.0
524288,1304,236056.4
524288,1305,269832.0
524288,1306,238525.5
524288,1307,237182.8
524288,1308,236654.1
524288,1309,236887.3
524288,1310,240135.8
524288,1311,237064.1
524288,1312,253257.6
524288,1313,238082.2
524288,1314,242173.1
524288,1315,244763.3
524288,1316,236217.5
524288,1317,236599.0
524288,1318,239665.9
524288,1319,236600.8
524288,1320,236246.0
524288,1321,265144.6
524288,1322,240424.7
524288,1323,233366.9
524288,1324,230575.0
524288,1325,230609.5
524288,1326,482755.8
524288,1327,240247.8
524288,1328,236659.6
524288,1329,240267.8
524288,1330,240751.7
524288,1331,230444.8
524288,1332,264077.5
524288,1333,230607.1
524288,1334,234796.1
524288,1335,231353.2
524288,1336,231207.9
524288,1337,242408.1
524288,1338,232803.7
524288,1339,235997.7
524288,1340,238687.8
524288,1341,234441.8
524288,1342,240319.3
524288,1343,245564.5
524288,1344,236566.9
524288,1345,235302.4
524288,1346,234733.7
524288,1347,236405.8
524288,1348,235677.9
524288,1349,234618.1
524288,1350,234752.5
524288,1351,236670.5
524288,1352,235201.9
524288,1353,235304.2
524288,1354,234601.1
524288,1355,604804.4
524288,1356,236302.9
524288,1357,234816.1
524288,1358,237517.7
524288,1359,236144.8
524288,1360,235674.9
524288,1361,273958.1
524288,1362,236365.3
524288,1363,254752.9
524288,1364,243959.0
524288,1365,235321.8
524288,1366,237511.7
524288,1367,241337.9
524288,1368,245729.9
524288,1369,238272.9
524288,1370,237021.7
524288,1371,235656.1
524288,1372,236311.4
524288,1373,236670.5
524288,1374,249312.7
524288,1375,247157.3
524288,1376,242773.3
524288,1377,237043.5
524288,1378,235998.3
524288,1379,237790.9
524288,1380,236047.3
524288,1381,433550.4
524288,1382,241312.5
524288,1383,236612.4
524288,1384,236453.7
524288,1385,242465.0
524288,1386,239739.1
524288,1387,297111.3
524288,1388,242298.5
524288,1389,238925.8
524288,1390,245223.0
524288,1391,238719.3
524288,1392,236920.0
524288,1393,237239.8
524288,1394,241805.5
524288,1395,244964.4
524288,1396,236580.3
524288,1397,236356.8
524288,1398,240195.8
524288,1399,247490.4
524288,1400,245745.0
524288,1401,240965.5
524288,1402,244137.7
524288,1403,236375.6
524288,1404,240060.7
524288,1405,241434.2
524288,1406,443649.6
524288,1407,237054.4
524288,1408,236662.6
524288,1409,237155.6
524288,1410,237051.4
524288,1411,236255.0
524288,1412,278044.1
524288,1413,238429.8
524288,1414,239360.6
524288,1415,236236.9
524288,1416,236639.0
524288,1417,237069.6
524288,1418,240166.7
524288,1419,236879.4
524288,1420,239152.3
524288,1421,236426.4
524288,1422,242145.8
524288,1423,237998.6
524288,1424,247368.0
524288,1425,236222.3
524288,1426,239103.2
524288,1427,245528.2
524288,1428,237514.7
524288,1429,238261.4
524288,1430,249447.7
524288,1431,246351.2
524288,1432,236639.0
524288,1433,236163.6
524288,1434,235181.9
524288,1435,247721.1
524288,1436,237676.4
524288,1437,235983.7
524288,1438,236351.3
524288,1439,237775.7
524288,1440,236371.9
524288,1441,244235.2
524288,1442,246734.0
524288,1443,237049.6
524288,1444,247257.2
524288,1445,243176.6
524288,1446,236761.3
524288,1447,240442.9
524288,1448,236877.6
524288,1449,239513.2
524288,1450,231177.6
524288,1451,229836.8
524288,1452,236491.8
524288,1453,232637.7
524288,1454,229986.9
524288,1455,234415.2
524288,1456,239072.4
524288,1457,243317.1
524288,1458,230806.9
524288,1459,230146.8
524288,1460,234140.2
524288,1461,230609.5
524288,1462,230335.8
524288,1463,231096.4
524288,1464,244079.0
524288,1465,230502.3
524288,1466,230636.8
524288,1467,229950.0
524288,1468,230413.3
524288,1469,232468.1
524288,1470,242134.9
524288,1471,244466.5
524288,1472,245003.1
524288,1473,238506.7
524288,1474,234552.1
524288,1475,235285.5
524288,1476,243901.5
524288,1477,235326.6
524288,1478,234024.6
524288,1479,234390.4
524288,1480,235263.0
524288,1481,235880.8
524288,1482,234488.5
524288,1483,234371.6
524288,1484,234798.5
524288,1485,236706.2
524288,1486,234184.4
524288,1487,235038.4
524288,1488,237912.0
524288,1489,244798.4
524288,1490,250408.2
524288,1491,237367.6
524288,1492,235974.6
524288,1493,235721.5
524288,1494,238541.8
524288,1495,236161.8
524288,1496,236539.7
524288,1497,236018.9
524288,1498,250521.5
524288,1499,247444.3
524288,1500,245791.6
524288,1501,237725.5
524288,1502,239590.8
524288,1503,235379.9
524288,1504,237006.6
524288,1505,236388.9
524288,1506,248627.7
524288,1507,243589.6
524288,1508,236738.3
524288,1509,236439.1
524288,1510,237148.3
524288,1511,236292.6
524288,1512,237105.9
524288,1513,236837.6
524288,1514,245216.3
524288,1515,245889.1
524288,1516,236690.5
524288,1517,248155.3
524288,1518,246435.4
524288,1519,239045.7
524288,1520,237078.1
524288,1521,236634.2
524288,1522,236423.4
524288,1523,247401.3
524288,1524,237405.7
524288,1525,236370.7
524288,1526,235943.1
524288,1527,237637.0
524288,1528,237812.7
524288,1529,236887.3
524288,1530,236952.7
524288,1531,252431.0
524288,1532,239177.1
524288,1533,237001.8
524288,1534,247949.4
524288,1535,247691.4
524288,1536,244252.2
524288,1537,236155.7
524288,1538,236212.0
524288,1539,236601.5
524288,1540,238775.0
524288,1541,236321.7
524288,1542,245192.7
524288,1543,237514.7
524288,1544,237531.7
524288,1545,247365.0
524288,1546,245063.1
524288,1547,236110.9
524288,1548,239925.1
524288,1549,236611.1
524288,1550,239357.0
524288,1551,241425.8
524288,1552,245224.8
524288,1553,236468.8
524288,1554,236414.3
524288,1555,245614.8
524288,1556,251303.3
524288,1557,236847.9
524288,1558,239250.4
524288,1559,246021.2
524288,1560,245000.7
524288,1561,237121.1
524288,1562,236241.7
524288,1563,235702.7
524288,1564,251792.6
524288,1565,237997.4
524288,1566,237629.8
524288,1567,236818.3
524288,1568,236539.7
524288,1569,235650.0
524288,1570,236525.7
524288,1571,236472.5
524288,1572,237344.5
524288,1573,254933.4
524288,1574,239531.4
524288,1575,237828.4
524288,1576,258577.3
524288,1577,240032.2
524288,1578,236411.9
524288,1579,236318.6
524288,1580,236794.0
524288,1581,238504.3
524288,1582,236227.2
524288,1583,236164.2
524288,1584,236728.6
524288,1585,237632.8
524288,1586,236465.2
524288,1587,236156.3
524288,1588,244579.8
524288,1589,251247.0
524288,1590,242704.2
524288,1591,236933.9
524288,1592,236619.6
524288,1593,235743.9
524288,1594,237243.4
524288,1595,236425.8
524288,1596,237254.9
524288,1597,236104.2
524288,1598,244680.3
524288,1599,246322.7
524288,1600,238283.8
524288,1601,236963.0
524288,1602,237635.2
524288,1603,236523.3
524288,1604,236982.4
524288,1605,237165.9
524288,1606,238563.0
524288,1607,248016.6
524288,1608,242302.1
524288,1609,236181.8
524288,1610,238521.8
524288,1611,236528.2
524288,1612,247063.4
524288,1613,244871.1
524288,1614,237790.9
524288,1615,236645.7
524288,1616,236441.6
524288,1617,236590.5
524288,1618,240495.5
524288,1619,244549.5
524288,1620,236605.7
524288,1621,237153.8
524288,1622,236088.5
524288,1623,238131.8
524288,1624,236685.0
524288,1625,236344.1
524288,1626,235696.7
524288,1627,237211.9
524288,1628,236617.2
524288,1629,243366.1
524288,1630,238656.3
524288,1631,236069.1
524288,1632,247718.1
524288,1633,237218.0
524288,1634,244667.0
524288,1635,237314.3
524288,1636,236863.1
524288,1637,236752.9
524288,1638,235971.6
524288,1639,242805.3
524288,1640,244180.1
524288,1641,247733.2
524288,1642,246896.9
524288,1643,236440.4
524288,1644,238196.0
524288,1645,237011.5
524288,1646,243982.7
524288,1647,245691.1
524288,1648,240527.6
524288,1649,236491.8
524288,1650,241000.6
524288,1651,239527.2
524288,1652,237122.3
524288,1653,236933.9
524288,1654,236378.0
524288,1655,236516.7
524288,1656,237553.5
524288,1657,236906.1
524288,1658,239860.3
524288,1659,254187.8
524288,1660,237500.2
524288,1661,238342.6
524288,1662,244891.1
524288,1663,250292.5
524288,1664,244286.7
524288,1665,238503.1
524288,1666,234492.1
524288,1667,230335.2
524288,1668,231201.8
524288,1669,231960.6
524288,1670,230482.3
524288,1671,230370.9
524288,1672,231360.5
524288,1673,232680.1
524288,1674,230198.9
524288,1675,231298.7
524288,1676,237293.1
524288,1677,234518.1
524288,1678,229942.1
524288,1679,230762.7
524288,1680,230319.4
524288,1681,230643.4
524288,1682,231327.8
524288,1683,243689.5
524288,1684,236691.1
524288,1685,235040.8
524288,1686,236009.2
524288,1687,234660.5
524288,1688,234685.3
524288,1689,255611.6
524288,1690,241473.6
524288,1691,234506.0
524288,1692,235359.3
524288,1693,234918.5
524288,1694,237817.5
524288,1695,244340.6
524288,1696,235039.0
524288,1697,239032.4
524288,1698,243219.6
524288,1699,234606.0
524288,1700,235498.6
524288,1701,235203.7
524288,1702,235678.5
524288,1703,238239.6
524288,1704,236571.8
524288,1705,246129.6
524288,1706,244657.9
524288,1707,239607.1
524288,1708,240297.5
524288,1709,239324.3
524288,1710,235350.3
524288,1711,237772.7
524288,1712,236113.3
524288,1713,236055.2
524288,1714,235735.4
524288,1715,237200.4
524288,1716,243247.4
524288,1717,238412.8
524288,1718,236098.2
524288,1719,238762.9
524288,1720,236819.5
524288,1721,236152.7
524288,1722,236617.2
524288,1723,240461.6
524288,1724,236774.7
524288,1725,245092.7
524288,1726,236644.4
524288,1727,236653.5
524288,1728,244089.9
524288,1729,254232.7
524288,1730,240344.1
524288,1731,235633.7
524288,1732,240957.0
524288,1733,237259.1
524288,1734,236362.2
524288,1735,235985.5
524288,1736,239044.5
524288,1737,247776.8
524288,1738,236178.7
524288,1739,237086.5
524288,1740,239172.9
524288,1741,236653.5
524288,1742,237243.4
524288,1743,236229.6
524288,1744,238984.5
524288,1745,236863.1
524288,1746,244583.4
524288,1747,245399.2
524288,1748,242044.7
524288,1749,237149.5
524288,1750,236061.2
524288,1751,236361.0
524288,1752,236783.7
524288,1753,238587.9
524288,1754,236735.3
524288,1755,245046.1
524288,1756,236484.0
524288,1757,237525.6
524288,1758,236606.3
524288,1759,236609.3
524288,1760,236672.3
524288,1761,238412.2
524288,1762,236198.1
524288,1763,243528.5
524288,1764,238234.2
524288,1765,238281.4
524288,1766,236276.8
524288,1767,236892.8
524288,1768,249078.3
524288,1769,237337.9
524288,1770,237030.2
524288,1771,243260.8
524288,1772,246615.9
524288,1773,239841.5
524288,1774,237966.5
524288,1775,237219.8
524288,1776,236364.7
524288,1777,236449.4
524288,1778,249152.2
524288,1779,236470.0
524288,1780,236579.6
524288,1781,245348.9
524288,1782,246127.1
524288,1783,236119.4
524288,1784,236512.4
524288,1785,246247.7
524288,1786,237258.5
524288,1787,236231.4
524288,1788,236444.6
524288,1789,236660.2
524288,1790,237442.0
524288,1791,236457.3
524288,1792,236234.4
524288,1793,237146.5
524288,1794,246902.3
524288,1795,244362.4
524288,1796,246663.1
524288,1797,243923.3
524288,1798,235553.1
524288,1799,240374.4
524288,1800,248152.3
524288,1801,249843.8
524288,1802,246153.2
524288,1803,242657.0
524288,1804,234900.3
524288,1805,230567.1
524288,1806,231984.9
524288,1807,242521.9
524288,1808,230377.6
524288,1809,229759.2
524288,1810,229799.2
524288,1811,233419.6
524288,1812,238692.6
524288,1813,232754.0
524288,1814,240664.5
524288,1815,231455.6
524288,1816,230325.5
524288,1817,230608.3
524288,1818,240479.8
524288,1819,230352.1
524288,1820,241901.2
524288,1821,230284.9
524288,1822,236593.6
524288,1823,236009.2
524288,1824,232377.3
524288,1825,230373.9
524288,1826,234590.8
524288,1827,244132.9
524288,1828,243460.0
524288,1829,234612.0
524288,1830,234396.4
524288,1831,234226.2
524288,1832,235774.2
524288,1833,234559.3
524288,1834,234590.8
524288,1835,234836.1
524288,1836,234842.8
524288,1837,236456.1
524288,1838,235300.6
524288,1839,233925.9
524288,1840,234578.1
524288,1841,246656.4
524288,1842,243837.9
524288,1843,235673.7
524288,1844,235670.0
524288,1845,239879.0
524288,1846,623628.7
524288,1847,245579.1
524288,1848,235683.3
524288,1849,241514.8
524288,1850,238690.2
524288,1851,232231.3
524288,1852,281422.3
524288,1853,232162.3
524288,1854,231897.7
524288,1855,239432.7
524288,1856,232385.2
524288,1857,230934.7
524288,1858,233334.2
524288,1859,237046.6
524288,1860,231849.8
524288,1861,230922.6
524288,1862,231091.6
524288,1863,237896.9
524288,1864,236049.1
524288,1865,230662.2
524288,1866,233586.1
524288,1867,243309.8
524288,1868,234799.1
524288,1869,236585.7
524288,1870,235406.6
524288,1871,234999.0
524288,1872,235227.9
524288,1873,237598.3
524288,1874,500846.1
524288,1875,246907.2
524288,1876,239167.4
524288,1877,234828.2
524288,1878,234760.4
524288,1879,276251.5
524288,1880,249674.8
524288,1881,241485.1
524288,1882,235336.9
524288,1883,235318.2
524288,1884,236882.5
524288,1885,236195.1
524288,1886,236106.1
524288,1887,236024.3
524288,1888,237870.2
524288,1889,236831.6
524288,1890,244378.1
524288,1891,235287.3
524288,1892,237263.4
524288,1893,236783.7
524288,1894,236757.1
524288,1895,235435.0
524288,1896,235541.0
524288,1897,236755.3
524288,1898,236563.3
524288,1899,236600.8
524288,1900,236702.0
524288,1901,237446.3
524288,1902,666479.4
524288,1903,240977.0
524288,1904,237106.5
524288,1905,246707.3
524288,1906,236753.5
524288,1907,239097.2
524288,1908,264823.6
524288,1909,243235.9
524288,1910,236256.9
524288,1911,243334.7
524288,1912,238119.1
524288,1913,236970.9
524288,1914,236933.3
524288,1915,236317.4
524288,1916,240321.7
524288,1917,237193.1
524288,1918,236304.1
524288,1919,236442.8
524288,1920,238727.2
524288,1921,237101.1
524288,1922,236891.5
524288,1923,236491.8
524288,1924,237698.8
524288,1925,236720.2
524288,1926,236201.1
524288,1927,242602.5
524288,1928,241717.1
524288,1929,592713.3
524288,1930,248661.6
524288,1931,241892.1
524288,1932,236337.4
524288,1933,243165.7
524288,1934,237934.4
524288,1935,262034.8
524288,1936,236798.9
524288,1937,237233.1
524288,1938,235727.6
524288,1939,238242.1
524288,1940,236534.2
524288,1941,236574.2
524288,1942,236508.2
524288,1943,248797.9
524288,1944,237543.8
524288,1945,236894.0
524288,1946,236408.3
524288,1947,236519.7
524288,1948,240868.6
524288,1949,236648.7
524288,1950,236355.0
524288,1951,236296.8
524288,1952,239840.3
524288,1953,236305.3
524288,1954,236405.2
524288,1955,236017.6
524288,1956,241321.6
524288,1957,631869.8
524288,1958,242890.1
524288,1959,237889.6
524288,1960,236220.5
524288,1961,236361.6
524288,1962,236055.8
524288,1963,264320.4
524288,1964,236350.1
524288,1965,247546.7
524288,1966,238982.1
524288,1967,240270.3
524288,1968,237248.2
524288,1969,236792.2
524288,1970,236991.5
524288,1971,239489.6
524288,1972,236225.4
524288,1973,255239.2
524288,1974,247394.1
524288,1975,242026.5
524288,1976,245877.0
524288,1977,236627.5
524288,1978,240097.0
524288,1979,247887.0
524288,1980,236253.8
524288,1981,237325.8
524288,1982,236076.4
524288,1983,241433.6
524288,1984,435138.3
524288,1985,248301.9
524288,1986,244148.6
524288,1987,238833.1
524288,1988,235903.2
524288,1989,248364.9
524288,1990,264529.9
524288,1991,237709.7
524288,1992,236278.1
524288,1993,247842.8
524288,1994,244738.5
524288,1995,237591.6
524288,1996,236505.2
524288,1997,236986.6
524288,1998,236451.3
524288,1999,238398.3
