size_bytes,iteration,rtt_ns
4,0,2514.5
4,1,2430.3
4,2,3344.2
4,3,2824.0
4,4,2952.4
4,5,3184.3
4,6,3058.3
4,7,3115.9
4,8,3130.4
4,9,3113.5
4,10,6029.5
4,11,10718.7
4,12,3493.2
4,13,3123.1
4,14,3893.5
4,15,3439.3
4,16,4000.7
4,17,4179.3
4,18,4276.8
4,19,4365.9
4,20,3148.6
4,21,3213.4
4,22,3118.9
4,23,2313.4
4,24,2300.7
4,25,2355.2
4,26,2280.7
4,27,2284.4
4,28,2236.5
4,29,2318.3
4,30,2216.5
4,31,4688.0
4,32,2425.5
4,33,2315.9
4,34,2311.0
4,35,2299.5
4,36,2309.2
4,37,2263.8
4,38,2215.3
4,39,2248.0
4,40,4026.7
4,41,4113.3
4,42,4064.9
4,43,4115.7
4,44,10137.4
4,45,3726.9
4,46,3174.6
4,47,3201.9
4,48,2863.3
4,49,2997.8
4,50,4028.5
4,51,4265.9
4,52,3991.0
4,53,3189.2
4,54,2096.0
4,55,2154.8
4,56,2075.4
4,57,2069.4
4,58,2123.9
4,59,2125.7
4,60,2105.1
4,61,2039.7
4,62,10435.3
4,63,62889.9
4,64,4103.6
4,65,3237.0
4,66,4133.9
4,67,4247.8
4,68,4347.7
4,69,4312.0
4,70,4107.3
4,71,4186.6
4,72,4173.9
4,73,2360.7
4,74,2347.4
4,75,2302.5
4,76,2257.7
4,77,2402.5
4,78,2179.6
4,79,2320.1
4,80,2362.5
4,81,3120.1
4,82,3949.8
4,83,3812.3
4,84,3888.0
4,85,3911.0
4,86,3851.7
4,87,4226.0
4,88,2354.0
4,89,2278.3
4,90,2348.0
4,91,2289.2
4,92,2208.1
4,93,2285.0
4,94,2337.1
4,95,2228.7
4,96,2962.1
4,97,4266.5
4,98,2234.1
4,99,2324.3
4,100,2265.6
4,101,2307.4
4,102,2311.0
4,103,2201.4
4,104,2305.0
4,105,2363.1
4,106,3188.6
4,107,3883.2
4,108,2965.7
4,109,3215.2
4,110,3187.9
4,111,3232.2
4,112,3132.8
4,113,3072.3
4,114,3226.1
4,115,3906.2
4,116,4217.5
4,117,3386.6
4,118,3057.1
4,119,2316.5
4,120,2329.2
4,121,2311.6
4,122,2332.8
4,123,2291.6
4,124,2163.2
4,125,2217.8
4,126,3395.7
4,127,3248.5
4,128,3101.3
4,129,3464.7
4,130,3431.4
4,131,3128.0
4,132,3374.5
4,133,3215.8
4,134,3770.5
4,135,2840.9
4,136,2871.2
4,137,2980.2
4,138,3191.6
4,139,3007.5
4,140,3123.1
4,141,2930.6
4,142,2763.4
4,143,3688.2
4,144,3090.4
4,145,3092.9
4,146,3168.6
4,147,3103.8
4,148,3092.9
4,149,2877.3
4,150,3091.0
4,151,3054.7
4,152,3676.1
4,153,3091.7
4,154,2210.5
4,155,2143.9
4,156,2172.9
4,157,2218.4
4,158,2187.5
4,159,2103.3
4,160,2117.2
4,161,2160.8
4,162,3742.7
4,163,3958.9
4,164,3711.2
4,165,3103.8
4,166,3137.7
4,167,3100.1
4,168,3083.2
4,169,7165.0
4,170,4546.3
4,171,2310.4
4,172,2317.7
4,173,2446.7
4,174,2186.9
4,175,2171.1
4,176,2060.9
4,177,2085.7
4,178,2147.5
4,179,3043.8
4,180,3998.3
4,181,2188.1
4,182,2115.4
4,183,2115.4
4,184,2207.5
4,185,2073.6
4,186,2096.0
4,187,2011.8
4,188,2028.2
4,189,2905.7
4,190,3968.0
4,191,2217.8
4,192,2101.5
4,193,2073.6
4,194,2033.0
4,195,2059.1
4,196,2068.2
4,197,2115.4
4,198,2013.1
4,199,2979.0
4,200,3665.2
4,201,3056.5
4,202,3066.8
4,203,3067.4
4,204,3046.8
4,205,2996.6
4,206,2940.9
4,207,3050.5
4,208,3954.7
4,209,3169.8
4,210,3088.6
4,211,2106.3
4,212,2120.9
4,213,2143.3
4,214,2071.8
4,215,2126.9
4,216,2136.6
4,217,2088.8
4,218,3152.8
4,219,3124.4
4,220,2786.4
4,221,3091.0
4,222,2764.6
4,223,2784.0
4,224,2753.1
4,225,2754.9
4,226,3713.0
4,227,3015.3
4,228,2166.9
4,229,2197.2
4,230,2090.6
4,231,2059.7
4,232,2107.5
4,233,2031.2
4,234,2058.5
4,235,2091.8
4,236,3738.4
4,237,3446.5
4,238,3667.6
4,239,3674.3
4,240,3705.7
4,241,3711.8
4,242,3089.8
4,243,3094.7
4,244,3054.1
4,245,3024.4
4,246,3089.2
4,247,3013.5
4,248,2936.6
4,249,3685.2
4,250,3983.1
4,251,2808.2
4,252,3082.6
4,253,2193.5
4,254,2147.5
4,255,2186.3
4,256,2108.7
4,257,2154.2
4,258,2151.7
4,259,2073.0
4,260,2810.6
4,261,2886.4
4,262,3077.7
4,263,3138.3
4,264,2944.5
4,265,3025.0
4,266,3063.8
4,267,2788.8
4,268,3960.1
4,269,3436.2
4,270,2191.7
4,271,2134.8
4,272,2129.3
4,273,2138.4
4,274,2006.4
4,275,2005.2
4,276,2008.2
4,277,2847.6
4,278,3155.8
4,279,3086.2
4,280,3057.1
4,281,3083.8
4,282,3164.9
4,283,3037.1
4,284,2982.6
4,285,3054.7
4,286,3902.0
4,287,3978.3
4,288,3074.1
4,289,3134.0
4,290,2201.4
4,291,2110.0
4,292,2146.3
4,293,2048.8
4,294,2054.2
4,295,2014.9
4,296,2022.1
4,297,3053.5
4,298,3008.1
4,299,3049.9
4,300,2980.2
4,301,3084.4
4,302,2807.0
4,303,2905.7
4,304,2963.9
4,305,3967.4
4,306,3732.4
4,307,2116.6
4,308,2182.0
4,309,2163.2
4,310,2005.2
4,311,2090.6
4,312,2059.7
4,313,2024.6
4,314,3013.5
4,315,3056.5
4,316,3046.8
4,317,3076.5
4,318,3117.1
4,319,3082.0
4,320,3060.8
4,321,3085.6
4,322,3455.0
4,323,3680.3
4,324,3736.0
4,325,3731.2
4,326,3953.4
4,327,3983.1
4,328,3140.7
4,329,2843.4
4,330,3022.0
4,331,2256.5
4,332,2077.3
4,333,2131.8
4,334,2123.3
4,335,2069.4
4,336,2126.9
4,337,2790.1
4,338,3116.5
4,339,3047.4
4,340,3093.5
4,341,2773.1
4,342,3054.7
4,343,3049.3
4,344,3003.2
4,345,3682.1
4,346,3093.5
4,347,2141.4
4,348,2114.8
4,349,2131.8
4,350,2176.0
4,351,2152.3
4,352,2201.4
4,353,2120.9
4,354,2098.4
4,355,3372.1
4,356,3643.4
4,357,3709.4
4,358,3363.0
4,359,3071.1
4,360,3061.4
4,361,3018.4
4,362,3066.8
4,363,3087.4
4,364,3013.5
4,365,3000.8
4,366,3941.9
4,367,2762.8
4,368,2750.1
4,369,2077.3
4,370,2169.3
4,371,2080.9
4,372,2057.9
4,373,2019.7
4,374,1994.3
4,375,2120.9
4,376,3123.8
4,377,3049.3
4,378,3093.5
4,379,3146.8
4,380,2782.8
4,381,3026.2
4,382,3063.8
4,383,3073.5
4,384,3392.0
4,385,3147.4
4,386,2797.3
4,387,2989.3
4,388,2983.2
4,389,3051.1
4,390,2994.1
4,391,3071.1
4,392,2753.7
4,393,3689.4
4,394,3049.3
4,395,2994.8
4,396,2966.3
4,397,3141.9
4,398,3018.4
4,399,3045.6
4,400,2996.0
4,401,2758.6
4,402,3700.9
4,403,3007.5
4,404,2073.6
4,405,2211.7
4,406,2043.9
4,407,2197.8
4,408,2066.4
4,409,2065.7
4,410,2171.7
4,411,2066.4
4,412,3695.4
4,413,3694.8
4,414,3105.6
4,415,3097.1
4,416,3066.2
4,417,3127.4
4,418,3035.9
4,419,3002.0
4,420,3003.2
4,421,3745.7
4,422,3995.8
4,423,3954.7
4,424,2819.7
4,425,3079.5
4,426,2183.2
4,427,2157.2
4,428,2156.0
4,429,2183.8
4,430,2103.3
4,431,2126.3
4,432,2148.7
4,433,3018.4
4,434,2976.0
4,435,3100.1
4,436,3072.9
4,437,2853.6
4,438,3029.9
4,439,3072.3
4,440,2845.8
4,441,3654.9
4,442,2736.2
4,443,3085.6
4,444,3054.7
4,445,3095.9
4,446,3017.2
4,447,3093.5
4,448,3028.1
4,449,3112.2
4,450,3958.9
4,451,3975.2
4,452,3037.1
4,453,2268.6
4,454,2145.1
4,455,2191.1
4,456,2103.3
4,457,2079.1
4,458,2154.2
4,459,2138.4
4,460,2917.2
4,461,3114.1
4,462,3103.2
4,463,3135.3
4,464,3072.9
4,465,3148.6
4,466,3049.3
4,467,3105.0
4,468,3040.8
4,469,3728.2
4,470,3920.7
4,471,3948.6
4,472,2813.1
4,473,2129.3
4,474,2215.3
4,475,2153.6
4,476,2175.4
4,477,2189.3
4,478,2160.8
4,479,2000.9
4,480,3089.8
4,481,2816.7
4,482,2943.9
4,483,3066.2
4,484,2807.6
4,485,3085.0
4,486,2733.1
4,487,3035.3
4,488,3974.0
4,489,5288.2
4,490,4046.7
4,491,4388.3
4,492,3891.1
4,493,4940.6
4,494,8870.4
4,495,3137.7
4,496,3068.6
4,497,3060.2
4,498,3094.1
4,499,2166.3
4,500,2130.5
4,501,2289.2
4,502,2134.2
4,503,3124.4
4,504,3084.4
4,505,3107.4
4,506,3154.0
4,507,3030.5
4,508,3024.4
4,509,3068.6
4,510,2976.0
4,511,2961.4
4,512,3703.9
4,513,3719.7
4,514,3981.9
4,515,3092.9
4,516,2785.8
4,517,2197.8
4,518,2272.3
4,519,2148.1
4,520,2147.5
4,521,2028.8
4,522,2203.2
4,523,1982.2
4,524,4187.8
4,525,7682.2
4,526,2953.6
4,527,4783.7
4,528,9675.9
4,529,2940.2
4,530,3059.6
4,531,3050.5
4,532,3037.1
4,533,3035.3
4,534,3047.4
4,535,2167.5
4,536,2864.5
4,537,2194.1
4,538,2156.0
4,539,2102.7
4,540,2124.5
4,541,2166.9
4,542,2033.0
4,543,2145.7
4,544,3889.2
4,545,7044.5
4,546,5167.1
4,547,4133.3
4,548,9783.1
4,549,3214.6
4,550,3037.8
4,551,3081.4
4,552,3082.0
4,553,2961.4
4,554,3085.0
4,555,2093.6
4,556,2120.9
4,557,3102.6
4,558,3058.3
4,559,3037.1
4,560,2975.4
4,561,3023.2
4,562,3138.3
4,563,3112.8
4,564,3005.1
4,565,3080.8
4,566,3997.0
4,567,2802.2
4,568,3073.5
4,569,2112.4
4,570,2179.0
4,571,2099.1
4,572,2042.1
4,573,2094.8
4,574,2079.7
4,575,2180.2
4,576,3716.0
4,577,6693.2
4,578,4210.2
4,579,4338.0
4,580,9852.7
4,581,3257.0
4,582,3006.9
4,583,3049.3
4,584,3081.4
4,585,3053.5
4,586,3031.7
4,587,2028.8
4,588,2125.1
4,589,3111.6
4,590,3040.2
4,591,3106.8
4,592,3038.4
4,593,3057.1
4,594,3057.1
4,595,2976.0
4,596,2994.8
4,597,3080.1
4,598,3680.3
4,599,4006.7
4,600,3116.5
4,601,2880.9
4,602,2183.8
4,603,2175.4
4,604,2103.3
4,605,2129.9
4,606,2025.8
4,607,2019.7
4,608,2036.7
4,609,3745.7
4,610,7446.6
4,611,3980.7
4,612,5110.8
4,613,9967.8
4,614,3055.3
4,615,3085.6
4,616,3068.6
4,617,3014.1
4,618,3101.3
4,619,3054.7
4,620,2208.1
4,621,3195.8
4,622,2171.1
4,623,2142.7
4,624,2067.6
4,625,2027.6
4,626,2204.4
4,627,2151.7
4,628,2149.3
4,629,3954.7
4,630,7321.9
4,631,4851.6
4,632,3795.4
4,633,3726.3
4,634,4056.4
4,635,3017.8
4,636,3089.8
4,637,3187.3
4,638,3708.8
4,639,2939.0
4,640,3177.7
4,641,2857.3
4,642,3105.6
4,643,2785.8
4,644,3071.1
4,645,3019.0
4,646,2262.0
4,647,2837.9
4,648,2718.0
4,649,2917.8
4,650,2834.9
4,651,3052.3
4,652,3058.3
4,653,3083.2
4,654,3015.3
4,655,3650.6
4,656,3050.5
4,657,3009.9
4,658,3130.4
4,659,3050.5
4,660,2889.4
4,661,3067.4
4,662,2992.3
4,663,3025.0
4,664,3740.9
4,665,3126.8
4,666,2255.9
4,667,2085.1
4,668,2210.5
4,669,2186.9
4,670,2140.8
4,671,2042.1
4,672,2142.7
4,673,2088.2
4,674,3994.6
4,675,3103.8
4,676,2008.2
4,677,2143.9
4,678,2053.0
4,679,2042.1
4,680,1985.8
4,681,2045.2
4,682,2070.0
4,683,2068.8
4,684,3671.8
4,685,3700.9
4,686,3061.4
4,687,3083.8
4,688,3019.0
4,689,3063.8
4,690,3006.3
4,691,3113.5
4,692,3044.4
4,693,3702.1
4,694,3957.7
4,695,3053.5
4,696,3144.9
4,697,2205.0
4,698,2224.4
4,699,2157.2
4,700,2063.3
4,701,2172.3
4,702,2110.6
4,703,2057.3
4,704,3143.1
4,705,3040.8
4,706,2874.2
4,707,2857.9
4,708,3070.5
4,709,2842.1
4,710,3035.3
4,711,3011.1
4,712,3472.6
4,713,3016.0
4,714,2019.1
4,715,2204.4
4,716,2073.6
4,717,2101.5
4,718,2030.0
4,719,2029.4
4,720,2082.1
4,721,2157.8
4,722,3975.8
4,723,3140.1
4,724,2166.3
4,725,2101.5
4,726,2177.8
4,727,2194.7
4,728,2307.4
4,729,2137.8
4,730,2139.6
4,731,2067.6
4,732,3657.3
4,733,3436.2
4,734,3378.1
4,735,3966.8
4,736,2857.3
4,737,2122.7
4,738,2083.9
4,739,2006.4
4,740,2123.9
4,741,2087.5
4,742,2079.1
4,743,2067.0
4,744,2079.1
4,745,3994.0
4,746,2840.9
4,747,2084.5
4,748,2033.0
4,749,2097.8
4,750,2093.6
4,751,2059.7
4,752,2094.2
4,753,2063.3
4,754,2070.0
4,755,3733.6
4,756,3432.0
4,757,3152.8
4,758,3089.8
4,759,3085.6
4,760,3117.1
4,761,3002.6
4,762,2984.5
4,763,3102.6
4,764,3978.3
4,765,3160.7
4,766,2830.6
4,767,2174.1
4,768,2169.3
4,769,2103.3
4,770,2133.0
4,771,2062.7
4,772,2042.1
4,773,2079.7
4,774,3082.6
4,775,3103.8
4,776,2874.8
4,777,3073.5
4,778,3176.4
4,779,2809.4
4,780,3030.5
4,781,3037.1
4,782,3378.1
4,783,2773.1
4,784,2709.5
4,785,2999.6
4,786,3047.4
4,787,3012.3
4,788,3007.5
4,789,3034.1
4,790,3000.2
4,791,3690.0
4,792,3004.4
4,793,2094.8
4,794,3581.0
4,795,2652.6
4,796,2075.4
4,797,2142.7
4,798,2043.9
4,799,2083.9
4,800,2034.3
4,801,2138.4
4,802,2047.0
4,803,2103.9
4,804,3703.9
4,805,3454.4
4,806,3960.1
4,807,2119.6
4,808,2014.9
4,809,2086.3
4,810,2028.8
4,811,2027.0
4,812,2054.2
4,813,2010.0
4,814,2066.4
4,815,2936.6
4,816,3733.0
4,817,3072.9
4,818,3135.9
4,819,3097.7
4,820,3031.7
4,821,3134.7
4,822,2947.5
4,823,3077.7
4,824,3680.3
4,825,3970.4
4,826,3117.7
4,827,3067.4
4,828,2154.2
4,829,2205.0
4,830,2133.6
4,831,2234.1
4,832,2102.7
4,833,2168.7
4,834,2139.0
4,835,3149.2
4,836,3079.5
4,837,2916.6
4,838,2906.9
4,839,2955.4
4,840,2831.8
4,841,3024.4
4,842,3043.2
4,843,3381.1
4,844,3051.7
4,845,2047.6
4,846,2148.7
4,847,2153.0
4,848,2173.5
4,849,2029.4
4,850,2021.5
4,851,2044.5
4,852,2000.3
4,853,3708.2
4,854,3359.9
4,855,3693.6
4,856,3409.6
4,857,3966.8
4,858,3109.8
4,859,2043.3
4,860,2023.4
4,861,2150.5
4,862,2126.3
4,863,2027.6
4,864,2051.2
4,865,2234.1
4,866,2063.3
4,867,3761.5
4,868,3675.5
4,869,3685.8
4,870,3435.0
4,871,3961.3
4,872,3083.2
4,873,2167.5
4,874,2057.9
4,875,2042.1
4,876,2085.7
4,877,2151.7
4,878,2034.9
4,879,2059.7
4,880,2000.3
4,881,3959.5
4,882,3436.9
4,883,3042.6
4,884,3116.5
4,885,3028.1
4,886,3079.5
4,887,2945.7
4,888,3055.3
4,889,3020.8
4,890,4038.8
4,891,3086.2
4,892,2877.9
4,893,2159.0
4,894,2188.1
4,895,2136.6
4,896,2063.9
4,897,2001.6
4,898,2145.1
4,899,2042.7
4,900,2831.8
4,901,3100.7
4,902,3059.6
4,903,3059.0
4,904,3027.5
4,905,2785.8
4,906,3059.6
4,907,2681.7
4,908,3656.7
4,909,3067.4
4,910,3030.5
4,911,3017.2
4,912,3108.0
4,913,3032.3
4,914,3073.5
4,915,2824.6
4,916,3019.6
4,917,3685.2
4,918,3014.7
4,919,2123.3
4,920,2117.2
4,921,2186.9
4,922,2160.2
4,923,2051.8
4,924,2075.4
4,925,2163.9
4,926,2099.1
4,927,3395.7
4,928,3961.9
4,929,3097.1
4,930,2248.6
4,931,2175.4
4,932,2160.8
4,933,2223.8
4,934,2219.0
4,935,2145.1
4,936,2084.5
4,937,2089.4
4,938,3952.2
4,939,3067.4
4,940,2188.7
4,941,2154.8
4,942,2125.1
4,943,2046.4
4,944,2075.4
4,945,2080.9
4,946,2058.5
4,947,2005.2
4,948,3909.8
4,949,3698.5
4,950,3058.3
4,951,3123.1
4,952,3100.1
4,953,3045.6
4,954,3676.1
4,955,3688.2
4,956,3981.9
4,957,2834.9
4,958,2835.5
4,959,3031.7
4,960,2882.7
4,961,2058.5
4,962,2058.5
4,963,1977.3
4,964,2142.7
4,965,2068.8
4,966,3002.0
4,967,3120.1
4,968,2867.0
4,969,2877.9
4,970,2817.9
4,971,2759.2
4,972,3038.4
4,973,3131.0
4,974,3951.0
4,975,3671.2
4,976,2102.7
4,977,2075.4
4,978,2092.4
4,979,2119.6
4,980,2056.1
4,981,2155.4
4,982,2074.8
4,983,2917.2
4,984,3073.5
4,985,3040.2
4,986,3093.5
4,987,3091.7
4,988,3028.1
4,989,3054.7
4,990,2926.3
4,991,3043.8
4,992,3952.8
4,993,3111.6
4,994,3049.9
4,995,2104.5
4,996,2118.4
4,997,2143.3
4,998,2086.3
4,999,2036.1
4,1000,1981.6
4,1001,2086.9
4,1002,2877.9
4,1003,3081.4
4,1004,3071.7
4,1005,2914.8
4,1006,2961.4
4,1007,2862.1
4,1008,2964.5
4,1009,3003.8
4,1010,3673.0
4,1011,2952.4
4,1012,2986.3
4,1013,3032.9
4,1014,2986.3
4,1015,3052.3
4,1016,2965.1
4,1017,2764.6
4,1018,3087.4
4,1019,3935.9
4,1020,3680.3
4,1021,2265.0
4,1022,2161.4
4,1023,2240.8
4,1024,2149.3
4,1025,2169.9
4,1026,2147.5
4,1027,2100.3
4,1028,2998.4
4,1029,3115.3
4,1030,3091.7
4,1031,3101.9
4,1032,3144.3
4,1033,3103.8
4,1034,3116.5
4,1035,3059.0
4,1036,3045.0
4,1037,3992.8
4,1038,3930.4
4,1039,3947.4
4,1040,3131.0
4,1041,3049.9
4,1042,2246.2
4,1043,2177.8
4,1044,2146.9
4,1045,2140.2
4,1046,1985.2
4,1047,2056.7
4,1048,2152.3
4,1049,3037.8
4,1050,3119.5
4,1051,2836.1
4,1052,3083.2
4,1053,3144.3
4,1054,2825.8
4,1055,3057.1
4,1056,3049.3
4,1057,3677.9
4,1058,2759.8
4,1059,3001.4
4,1060,2997.8
4,1061,2985.7
4,1062,2938.4
4,1063,2993.5
4,1064,2991.1
4,1065,3016.6
4,1066,3731.2
4,1067,3078.9
4,1068,2085.1
4,1069,2148.1
4,1070,2072.4
4,1071,2139.0
4,1072,2117.2
4,1073,2073.6
4,1074,2096.6
4,1075,2050.0
4,1076,3690.6
4,1077,3703.9
4,1078,3070.5
4,1079,3078.3
4,1080,3094.1
4,1081,3068.0
4,1082,3107.4
4,1083,3003.8
4,1084,2936.0
4,1085,3969.8
4,1086,2770.7
4,1087,2123.9
4,1088,2114.8
4,1089,2153.0
4,1090,2083.3
4,1091,2042.1
4,1092,2062.1
4,1093,2085.7
4,1094,2828.2
4,1095,2875.4
4,1096,3104.4
4,1097,2996.6
4,1098,3134.7
4,1099,3056.5
4,1100,2762.2
4,1101,3059.6
4,1102,3688.2
4,1103,3003.2
4,1104,3065.6
4,1105,3085.6
4,1106,3009.9
4,1107,3016.6
4,1108,3064.4
4,1109,2820.3
4,1110,2949.9
4,1111,3683.9
4,1112,3008.1
4,1113,3038.4
4,1114,2975.4
4,1115,3074.7
4,1116,3044.4
4,1117,3054.7
4,1118,2710.1
4,1119,3015.3
4,1120,3677.3
4,1121,3043.8
4,1122,2155.4
4,1123,2163.2
4,1124,2174.1
4,1125,2240.2
4,1126,2024.6
4,1127,2139.6
4,1128,2112.4
4,1129,2075.4
4,1130,6974.2
4,1131,3886.2
4,1132,3140.7
4,1133,3166.7
4,1134,3521.6
4,1135,3128.0
4,1136,3133.4
4,1137,3062.0
4,1138,3714.8
4,1139,3667.0
4,1140,3693.6
4,1141,3955.3
4,1142,2802.2
4,1143,3123.8
4,1144,2242.6
4,1145,2192.3
4,1146,2107.5
4,1147,2090.6
4,1148,2131.2
4,1149,2153.0
4,1150,2089.4
4,1151,3133.4
4,1152,2778.6
4,1153,3031.1
4,1154,3052.3
4,1155,3029.3
4,1156,2704.1
4,1157,2820.9
4,1158,2774.3
4,1159,3456.2
4,1160,2848.2
4,1161,2792.5
4,1162,3081.4
4,1163,2999.0
4,1164,3015.3
4,1165,3028.7
4,1166,3043.2
4,1167,2917.2
4,1168,3970.4
4,1169,3723.3
4,1170,2168.7
4,1171,2114.2
4,1172,2118.4
4,1173,2214.7
4,1174,2113.0
4,1175,2009.4
4,1176,2010.6
4,1177,2933.6
4,1178,3092.3
4,1179,3083.8
4,1180,3125.6
4,1181,3134.7
4,1182,3042.0
4,1183,3071.1
4,1184,2981.4
4,1185,3013.5
4,1186,4011.0
4,1187,2914.2
4,1188,3095.9
4,1189,2163.9
4,1190,2079.7
4,1191,2154.2
4,1192,2068.2
4,1193,2043.3
4,1194,2036.7
4,1195,2025.8
4,1196,2867.6
4,1197,2894.8
4,1198,2833.7
4,1199,3072.3
4,1200,3023.2
4,1201,3012.3
4,1202,3148.0
4,1203,2880.3
4,1204,3696.7
4,1205,3078.9
4,1206,2017.3
4,1207,2180.8
4,1208,2083.9
4,1209,2139.0
4,1210,2193.5
4,1211,2034.9
4,1212,2070.0
4,1213,2074.8
4,1214,3636.1
4,1215,3685.8
4,1216,3938.3
4,1217,3068.0
4,1218,3134.7
4,1219,3032.9
4,1220,3090.4
4,1221,3060.2
4,1222,3029.3
4,1223,3069.2
4,1224,3980.7
4,1225,3131.0
4,1226,2868.2
4,1227,2180.2
4,1228,2168.7
4,1229,2177.8
4,1230,2052.4
4,1231,2123.3
4,1232,2129.3
4,1233,2079.7
4,1234,2839.7
4,1235,2837.3
4,1236,2824.0
4,1237,3175.2
4,1238,3125.0
4,1239,3047.4
4,1240,2836.1
4,1241,3193.4
4,1242,4141.8
4,1243,3861.4
4,1244,2369.2
4,1245,2349.2
4,1246,2168.7
4,1247,2266.2
4,1248,2237.1
4,1249,2243.8
4,1250,2248.0
4,1251,3295.7
4,1252,3282.4
4,1253,3295.1
4,1254,3215.8
4,1255,3329.7
4,1256,3295.1
4,1257,3291.5
4,1258,3270.9
4,1259,4153.9
4,1260,3186.1
4,1261,2905.7
4,1262,2792.5
4,1263,3185.5
4,1264,2272.9
4,1265,2300.7
4,1266,2249.2
4,1267,2195.3
4,1268,2251.1
4,1269,2917.8
4,1270,2797.9
4,1271,3150.4
4,1272,3143.7
4,1273,3138.9
4,1274,3115.9
4,1275,3145.6
4,1276,3136.5
4,1277,4154.5
4,1278,3548.9
4,1279,2329.8
4,1280,2274.1
4,1281,2246.8
4,1282,2272.3
4,1283,2120.3
4,1284,2221.4
4,1285,2263.8
4,1286,3260.0
4,1287,3356.3
4,1288,3261.8
4,1289,3219.4
4,1290,3320.6
4,1291,3306.6
4,1292,3278.2
4,1293,4174.5
4,1294,4073.4
4,1295,4109.7
4,1296,4117.6
4,1297,4161.2
4,1298,3308.5
4,1299,3223.7
4,1300,2163.9
4,1301,2125.1
4,1302,2129.9
4,1303,2033.0
4,1304,1971.9
4,1305,2060.3
4,1306,2076.0
4,1307,3033.5
4,1308,2864.5
4,1309,3106.2
4,1310,2825.8
4,1311,2878.5
4,1312,2825.2
4,1313,2949.3
4,1314,2813.7
4,1315,3952.8
4,1316,3949.8
4,1317,3056.5
4,1318,2193.5
4,1319,2123.3
4,1320,2200.2
4,1321,2077.3
4,1322,2100.3
4,1323,2114.2
4,1324,2142.1
4,1325,3047.4
4,1326,3054.7
4,1327,3145.6
4,1328,3072.9
4,1329,3073.5
4,1330,3089.8
4,1331,3052.9
4,1332,3033.5
4,1333,3003.2
4,1334,3705.7
4,1335,3737.8
4,1336,3703.9
4,1337,3694.8
4,1338,3983.7
4,1339,3126.2
4,1340,2845.8
4,1341,2311.6
4,1342,2209.9
4,1343,2188.7
4,1344,2113.0
4,1345,2272.3
4,1346,2138.4
4,1347,2206.2
4,1348,2857.3
4,1349,3113.5
4,1350,2871.2
4,1351,2982.6
4,1352,2828.8
4,1353,3038.4
4,1354,3094.7
4,1355,2725.9
4,1356,3725.1
4,1357,3075.9
4,1358,2063.3
4,1359,2205.0
4,1360,2090.0
4,1361,2118.4
4,1362,2085.1
4,1363,2163.2
4,1364,2080.9
4,1365,2045.8
4,1366,3633.1
4,1367,3730.6
4,1368,3401.1
4,1369,2981.4
4,1370,3043.2
4,1371,3089.8
4,1372,3052.3
4,1373,3095.9
4,1374,3028.7
4,1375,3019.6
4,1376,3940.1
4,1377,2848.2
4,1378,3065.6
4,1379,2200.2
4,1380,2188.1
4,1381,2166.3
4,1382,2037.3
4,1383,2045.8
4,1384,2079.7
4,1385,2147.5
4,1386,2853.0
4,1387,2934.2
4,1388,3140.1
4,1389,3100.1
4,1390,3044.4
4,1391,3049.3
4,1392,3068.6
4,1393,3044.4
4,1394,3970.4
4,1395,3963.7
4,1396,2147.5
4,1397,2154.2
4,1398,2122.7
4,1399,2097.2
4,1400,2110.6
4,1401,2053.0
4,1402,2109.3
4,1403,3043.8
4,1404,3106.2
4,1405,3202.5
4,1406,3100.7
4,1407,3073.5
4,1408,3090.4
4,1409,3029.3
4,1410,3039.6
4,1411,3040.8
4,1412,3951.6
4,1413,3697.3
4,1414,3983.7
4,1415,3168.0
4,1416,2825.2
4,1417,2145.7
4,1418,2164.5
4,1419,2156.6
4,1420,2145.1
4,1421,2134.2
4,1422,2011.8
4,1423,1997.3
4,1424,3094.7
4,1425,2871.8
4,1426,2992.3
4,1427,2819.1
4,1428,3008.1
4,1429,2812.5
4,1430,2668.3
4,1431,3034.1
4,1432,3693.6
4,1433,3002.0
4,1434,2730.7
4,1435,2784.0
4,1436,2999.0
4,1437,3017.8
4,1438,3032.3
4,1439,3141.9
4,1440,3053.5
4,1441,3513.8
4,1442,3160.1
4,1443,3063.8
4,1444,3062.6
4,1445,3063.8
4,1446,3017.2
4,1447,3065.6
4,1448,3066.2
4,1449,3098.9
4,1450,3827.5
4,1451,3079.5
4,1452,2288.6
4,1453,3784.5
4,1454,2378.8
4,1455,2305.0
4,1456,2220.8
4,1457,2252.3
4,1458,2211.1
4,1459,2177.8
4,1460,3314.5
4,1461,3354.5
4,1462,3364.2
4,1463,3266.1
4,1464,3290.9
4,1465,3321.2
4,1466,3276.4
4,1467,3278.2
4,1468,3299.4
4,1469,4468.2
4,1470,2815.5
4,1471,2877.9
4,1472,2271.7
4,1473,2234.1
4,1474,2361.3
4,1475,2219.0
4,1476,2164.5
4,1477,2308.6
4,1478,2114.8
4,1479,2860.3
4,1480,2851.2
4,1481,3131.0
4,1482,3282.4
4,1483,3078.9
4,1484,3097.7
4,1485,2843.4
4,1486,3042.0
4,1487,3811.1
4,1488,3147.4
4,1489,2284.4
4,1490,2222.6
4,1491,2251.1
4,1492,2207.5
4,1493,2233.5
4,1494,2199.6
4,1495,2303.8
4,1496,2190.5
4,1497,3530.7
4,1498,4141.2
4,1499,3298.2
4,1500,3348.4
4,1501,3344.2
4,1502,3240.6
4,1503,3313.3
4,1504,3245.5
4,1505,4470.0
4,1506,3149.8
4,1507,3192.2
4,1508,2860.3
4,1509,2294.1
4,1510,2174.1
4,1511,2265.6
4,1512,2174.1
4,1513,2176.6
4,1514,2227.4
4,1515,2771.3
4,1516,3174.0
4,1517,3143.1
4,1518,3207.3
4,1519,2874.8
4,1520,3134.0
4,1521,3059.0
4,1522,2794.3
4,1523,3676.7
4,1524,3037.1
4,1525,3069.2
4,1526,2940.9
4,1527,3077.7
4,1528,2996.0
4,1529,3040.8
4,1530,2838.5
4,1531,2852.4
4,1532,3944.4
4,1533,3981.9
4,1534,3073.5
4,1535,2248.6
4,1536,2246.2
4,1537,2143.9
4,1538,2032.4
4,1539,2158.4
4,1540,2285.0
4,1541,2335.2
4,1542,3206.1
4,1543,2910.6
4,1544,3061.4
4,1545,3016.6
4,1546,3163.1
4,1547,3063.8
4,1548,3193.4
4,1549,3118.9
4,1550,3039.0
4,1551,3985.5
4,1552,2825.2
4,1553,2200.2
4,1554,2302.5
4,1555,2242.6
4,1556,2212.9
4,1557,2241.4
4,1558,2145.1
4,1559,2115.4
4,1560,3269.1
4,1561,2903.9
4,1562,3146.2
4,1563,3167.4
4,1564,3129.2
4,1565,2961.4
4,1566,2857.3
4,1567,2991.7
4,1568,4067.9
4,1569,3826.9
4,1570,2383.1
4,1571,2153.0
4,1572,2223.8
4,1573,2237.1
4,1574,2209.9
4,1575,2209.9
4,1576,2123.9
4,1577,2945.1
4,1578,3114.1
4,1579,3166.1
4,1580,3192.8
4,1581,3287.3
4,1582,3166.1
4,1583,3092.9
4,1584,3088.6
4,1585,3132.8
4,1586,4349.5
4,1587,3171.0
4,1588,3236.4
4,1589,2268.0
4,1590,2222.0
4,1591,2206.2
4,1592,2158.4
4,1593,2073.6
4,1594,2123.9
4,1595,2165.7
4,1596,2851.8
4,1597,3333.3
4,1598,3149.2
4,1599,3172.8
4,1600,3057.1
4,1601,3099.5
4,1602,3138.3
4,1603,3207.3
4,1604,3817.8
4,1605,2939.0
4,1606,3097.7
4,1607,3133.4
4,1608,3137.7
4,1609,2842.7
4,1610,3216.4
4,1611,2916.0
4,1612,3057.7
4,1613,4127.9
4,1614,3839.0
4,1615,2255.9
4,1616,2225.0
4,1617,2286.8
4,1618,2248.0
4,1619,2178.4
4,1620,2107.5
4,1621,2265.0
4,1622,2934.2
4,1623,3174.0
4,1624,3155.8
4,1625,3191.0
4,1626,3169.2
4,1627,3125.6
4,1628,3123.8
4,1629,3083.8
4,1630,3054.7
4,1631,4120.6
4,1632,3254.6
4,1633,3164.9
4,1634,2200.8
4,1635,2213.5
4,1636,2108.1
4,1637,2155.4
4,1638,2092.4
4,1639,2110.0
4,1640,2150.5
4,1641,3186.7
4,1642,2939.6
4,1643,2902.1
4,1644,3144.3
4,1645,3195.2
4,1646,3117.7
4,1647,3174.6
4,1648,3199.5
4,1649,3777.2
4,1650,3240.0
4,1651,2109.3
4,1652,2217.8
4,1653,2338.3
4,1654,2192.3
4,1655,2206.9
4,1656,2185.7
4,1657,2225.6
4,1658,2239.6
4,1659,3762.7
4,1660,3759.0
4,1661,3832.3
4,1662,3207.9
4,1663,3267.9
4,1664,3138.9
4,1665,3166.1
4,1666,3198.8
4,1667,3045.0
4,1668,3193.4
4,1669,4127.3
4,1670,2930.0
4,1671,2928.7
4,1672,2273.5
4,1673,2175.4
4,1674,2233.5
4,1675,2159.0
4,1676,2081.5
4,1677,2158.4
4,1678,2116.6
4,1679,2937.8
4,1680,3158.9
4,1681,3227.3
4,1682,3184.9
4,1683,3091.0
4,1684,3247.3
4,1685,2919.7
4,1686,3070.5
4,1687,3816.0
4,1688,3077.1
4,1689,2267.4
4,1690,2281.9
4,1691,2174.8
4,1692,2303.8
4,1693,2182.0
4,1694,2119.6
4,1695,2084.5
4,1696,2122.1
4,1697,3845.6
4,1698,3815.4
4,1699,3161.3
4,1700,3160.1
4,1701,3215.8
4,1702,3164.3
4,1703,3234.6
4,1704,3136.5
4,1705,3112.8
4,1706,3806.3
4,1707,3814.8
4,1708,4047.9
4,1709,3290.9
4,1710,2897.3
4,1711,2200.8
4,1712,2239.6
4,1713,2219.6
4,1714,2123.9
4,1715,2085.7
4,1716,2130.5
4,1717,2201.4
4,1718,2896.6
4,1719,3154.6
4,1720,3258.8
4,1721,2896.0
4,1722,3100.7
4,1723,2776.1
4,1724,2781.0
4,1725,2896.6
4,1726,3777.2
4,1727,3120.1
4,1728,2217.8
4,1729,2246.2
4,1730,2181.4
4,1731,2167.5
4,1732,2220.8
4,1733,2190.5
4,1734,2224.4
4,1735,2120.9
4,1736,3805.1
4,1737,3800.2
4,1738,4090.9
4,1739,2212.9
4,1740,2297.1
4,1741,2189.3
4,1742,2057.9
4,1743,2153.0
4,1744,2110.6
4,1745,2131.8
4,1746,2163.2
4,1747,2954.8
4,1748,3764.5
4,1749,3224.9
4,1750,3165.5
4,1751,3191.0
4,1752,3166.1
4,1753,3177.7
4,1754,3204.9
4,1755,3097.7
4,1756,4149.1
4,1757,3327.2
4,1758,3016.6
4,1759,2337.1
4,1760,2318.3
4,1761,2334.6
4,1762,2219.6
4,1763,2177.2
4,1764,2121.5
4,1765,2133.0
4,1766,3172.8
4,1767,3144.3
4,1768,3254.6
4,1769,3043.2
4,1770,3068.0
4,1771,3094.1
4,1772,2820.9
4,1773,3138.9
4,1774,3475.0
4,1775,3114.7
4,1776,2203.8
4,1777,2147.5
4,1778,3540.4
4,1779,2275.9
4,1780,2129.3
4,1781,2125.1
4,1782,2148.7
4,1783,2142.7
4,1784,3789.9
4,1785,3509.5
4,1786,3164.9
4,1787,3135.3
4,1788,3207.3
4,1789,3180.1
4,1790,3126.8
4,1791,3209.1
4,1792,3046.2
4,1793,4083.6
4,1794,2954.8
4,1795,3228.5
4,1796,2134.2
4,1797,2249.9
4,1798,2085.7
4,1799,2211.7
4,1800,2106.9
4,1801,2092.4
4,1802,2137.2
4,1803,3240.6
4,1804,3241.2
4,1805,2959.0
4,1806,3147.4
4,1807,2968.1
4,1808,3130.4
4,1809,3127.4
4,1810,3219.4
4,1811,3772.4
4,1812,3108.6
4,1813,2266.2
4,1814,2180.2
4,1815,2328.6
4,1816,2239.6
4,1817,2153.6
4,1818,2114.8
4,1819,2109.3
4,1820,2145.1
4,1821,3837.2
4,1822,3499.2
4,1823,3106.2
4,1824,3198.8
4,1825,3194.6
4,1826,3232.8
4,1827,3184.3
4,1828,3151.0
4,1829,3133.4
4,1830,3771.2
4,1831,4077.6
4,1832,2921.5
4,1833,2973.6
4,1834,3243.1
4,1835,3223.1
4,1836,2242.6
4,1837,2189.3
4,1838,2135.4
4,1839,2160.2
4,1840,2084.5
4,1841,2117.8
4,1842,3148.6
4,1843,3195.8
4,1844,3204.3
4,1845,3261.8
4,1846,3064.4
4,1847,3166.1
4,1848,3118.3
4,1849,3146.8
4,1850,4070.3
4,1851,4054.0
4,1852,3136.5
4,1853,2294.7
4,1854,2182.0
4,1855,2263.2
4,1856,2208.7
4,1857,2129.9
4,1858,2150.5
4,1859,2232.9
4,1860,3120.1
4,1861,3171.0
4,1862,3120.7
4,1863,3117.7
4,1864,3163.7
4,1865,3162.5
4,1866,3111.0
4,1867,3202.5
4,1868,3067.4
4,1869,4128.5
4,1870,2887.0
4,1871,2952.4
4,1872,2274.7
4,1873,2222.6
4,1874,2167.5
4,1875,2137.2
4,1876,2254.7
4,1877,2225.0
4,1878,2297.7
4,1879,3190.4
4,1880,3186.1
4,1881,3388.4
4,1882,3195.8
4,1883,3199.5
4,1884,3427.8
4,1885,3195.8
4,1886,3152.8
4,1887,3736.6
4,1888,3331.5
4,1889,3309.1
4,1890,3134.0
4,1891,3295.7
4,1892,3336.9
4,1893,3456.2
4,1894,3374.5
4,1895,3380.5
4,1896,4209.6
4,1897,3989.8
4,1898,2292.2
4,1899,2294.7
4,1900,2404.3
4,1901,2337.7
4,1902,2278.9
4,1903,2358.9
4,1904,2420.0
4,1905,3211.6
4,1906,3049.9
4,1907,3313.9
4,1908,3286.1
4,1909,3329.1
4,1910,3161.9
4,1911,3277.0
4,1912,3227.3
4,1913,3147.4
4,1914,3961.9
4,1915,4245.3
4,1916,3376.3
4,1917,3343.0
4,1918,2359.5
4,1919,2373.4
4,1920,2332.8
4,1921,2258.3
4,1922,2351.0
4,1923,2391.6
4,1924,2331.0
4,1925,3424.7
4,1926,3331.5
4,1927,3398.1
4,1928,3359.9
4,1929,3351.5
4,1930,3376.3
4,1931,3313.3
4,1932,3318.8
4,1933,3828.7
4,1934,3072.9
4,1935,3142.5
4,1936,3334.5
4,1937,3287.3
4,1938,3378.1
4,1939,3291.5
4,1940,3354.5
4,1941,3476.2
4,1942,4256.9
4,1943,4297.4
4,1944,3250.9
4,1945,2341.3
4,1946,2378.8
4,1947,2259.5
4,1948,2279.5
4,1949,2358.3
4,1950,2264.4
4,1951,2240.8
4,1952,3224.3
4,1953,3189.2
4,1954,3391.4
4,1955,3060.2
4,1956,3178.3
4,1957,3245.5
4,1958,3092.9
4,1959,3185.5
4,1960,3053.5
4,1961,4093.9
4,1962,3309.7
4,1963,3239.4
4,1964,2236.5
4,1965,2327.4
4,1966,2157.8
4,1967,2110.6
4,1968,2134.8
4,1969,2282.6
4,1970,2216.5
4,1971,3203.7
4,1972,3197.6
4,1973,2924.5
4,1974,3236.4
4,1975,3234.0
4,1976,3059.6
4,1977,3121.9
4,1978,3355.7
4,1979,4204.2
4,1980,3969.2
4,1981,2350.4
4,1982,2343.7
4,1983,2306.2
4,1984,2289.8
4,1985,2278.9
4,1986,2308.0
4,1987,2366.1
4,1988,2942.1
4,1989,3372.7
4,1990,3026.2
4,1991,3039.0
4,1992,3283.6
4,1993,3180.7
4,1994,3166.7
4,1995,3155.8
4,1996,3066.2
4,1997,4165.4
4,1998,3180.7
4,1999,3232.8
16,0,2919.7
16,1,3175.8
16,2,3184.9
16,3,3101.9
16,4,3781.4
16,5,3094.7
16,6,3223.7
16,7,3168.0
16,8,3029.9
16,9,2922.7
16,10,3111.0
16,11,3200.7
16,12,3143.1
16,13,3771.8
16,14,3235.2
16,15,2220.8
16,16,2166.3
16,17,2257.7
16,18,2301.9
16,19,2153.6
16,20,2171.1
16,21,2113.0
16,22,2192.9
16,23,3527.1
16,24,3532.5
16,25,3873.5
16,26,3184.9
16,27,3134.0
16,28,3080.8
16,29,3099.5
16,30,3092.3
16,31,3161.9
16,32,3184.9
16,33,3850.5
16,34,4129.1
16,35,2943.3
16,36,3127.4
16,37,2216.5
16,38,2228.0
16,39,2185.7
16,40,2146.9
16,41,2287.4
16,42,2090.6
16,43,2246.8
16,44,3135.9
16,45,3152.2
16,46,3195.8
16,47,2917.2
16,48,3191.0
16,49,3198.8
16,50,3101.3
16,51,3244.3
16,52,3874.1
16,53,3197.0
16,54,2279.5
16,55,2235.3
16,56,2192.9
16,57,2248.6
16,58,2081.5
16,59,2236.5
16,60,2095.4
16,61,2172.9
16,62,3832.9
16,63,4088.5
16,64,2234.1
16,65,2166.3
16,66,2213.5
16,67,2145.7
16,68,2074.8
16,69,2069.4
16,70,2116.0
16,71,2145.7
16,72,2949.9
16,73,3569.5
16,74,3843.2
16,75,3175.2
16,76,3111.6
16,77,4275.0
16,78,3146.2
16,79,3052.3
16,80,3049.3
16,81,3226.1
16,82,4119.4
16,83,2848.8
16,84,3244.3
16,85,2226.8
16,86,2237.7
16,87,2148.7
16,88,2125.7
16,89,2171.7
16,90,2068.8
16,91,2177.8
16,92,3159.5
16,93,3166.1
16,94,3221.3
16,95,2908.8
16,96,3131.0
16,97,3161.3
16,98,2773.7
16,99,3206.1
16,100,3819.0
16,101,2792.5
16,102,2827.0
16,103,3148.0
16,104,2834.3
16,105,2863.9
16,106,3168.0
16,107,3078.3
16,108,3076.5
16,109,3750.6
16,110,3126.2
16,111,2156.6
16,112,2216.5
16,113,2174.1
16,114,2180.8
16,115,2091.2
16,116,2122.7
16,117,2228.0
16,118,2216.5
16,119,3473.2
16,120,3789.3
16,121,3186.1
16,122,3160.1
16,123,3185.5
16,124,3131.0
16,125,3164.3
16,126,3112.8
16,127,3219.4
16,128,4114.5
16,129,3249.1
16,130,3248.5
16,131,2172.9
16,132,2223.8
16,133,2215.9
16,134,2167.5
16,135,2077.9
16,136,2218.4
16,137,2191.1
16,138,2092.4
16,139,3019.0
16,140,3120.1
16,141,3082.6
16,142,3120.7
16,143,3051.7
16,144,3151.0
16,145,3188.6
16,146,3078.9
16,147,3168.0
16,148,4070.9
16,149,3227.9
16,150,2982.0
16,151,2213.5
16,152,2267.4
16,153,2314.7
16,154,2179.6
16,155,2099.7
16,156,2148.1
16,157,2199.6
16,158,2923.9
16,159,2846.4
16,160,3068.0
16,161,3209.7
16,162,2853.0
16,163,2854.3
16,164,3174.0
16,165,3150.4
16,166,3813.5
16,167,3090.4
16,168,2146.9
16,169,2241.4
16,170,2189.9
16,171,2170.5
16,172,2131.2
16,173,2122.1
16,174,2154.8
16,175,2139.0
16,176,3477.4
16,177,3825.7
16,178,3178.3
16,179,2986.3
16,180,3085.6
16,181,3131.6
16,182,3177.0
16,183,3079.5
16,184,3105.0
16,185,4164.2
16,186,3184.9
16,187,2971.1
16,188,2165.1
16,189,2230.5
16,190,2182.0
16,191,2096.6
16,192,2071.8
16,193,2191.7
16,194,2144.5
16,195,3219.4
16,196,3270.9
16,197,3035.3
16,198,3286.7
16,199,3141.9
16,200,2875.4
16,201,2966.9
16,202,2858.5
16,203,3511.9
16,204,3083.2
16,205,3175.2
16,206,3201.9
16,207,3106.2
16,208,3181.9
16,209,3115.3
16,210,3034.1
16,211,3128.6
16,212,3802.6
16,213,3097.1
16,214,2156.6
16,215,2245.6
16,216,2232.9
16,217,2268.0
16,218,2148.1
16,219,2104.5
16,220,2114.2
16,221,2159.0
16,222,3823.8
16,223,3799.0
16,224,3192.8
16,225,3210.4
16,226,3080.1
16,227,3189.8
16,228,3127.4
16,229,3085.6
16,230,3119.5
16,231,4056.4
16,232,2925.7
16,233,3309.1
16,234,2183.8
16,235,2266.2
16,236,2271.7
16,237,2146.9
16,238,2142.1
16,239,2111.2
16,240,2085.7
16,241,3290.9
16,242,3157.1
16,243,2956.6
16,244,2922.1
16,245,3086.8
16,246,2822.8
16,247,2885.7
16,248,3077.7
16,249,3802.6
16,250,3142.5
16,251,2290.4
16,252,2301.3
16,253,2194.1
16,254,2283.8
16,255,2113.0
16,256,2158.4
16,257,2151.1
16,258,2122.7
16,259,3822.0
16,260,3869.9
16,261,3814.1
16,262,3157.7
16,263,3163.1
16,264,3136.5
16,265,3227.9
16,266,3054.1
16,267,3096.5
16,268,3106.8
16,269,4054.0
16,270,2971.7
16,271,3243.7
16,272,2190.5
16,273,2293.5
16,274,2111.2
16,275,2207.5
16,276,2108.7
16,277,2097.2
16,278,2145.7
16,279,3175.8
16,280,3011.7
16,281,2968.7
16,282,3145.6
16,283,3130.4
16,284,2804.0
16,285,3144.9
16,286,3137.1
16,287,3791.7
16,288,3137.1
16,289,2211.7
16,290,2115.4
16,291,2246.2
16,292,2281.3
16,293,2203.8
16,294,2131.8
16,295,2088.2
16,296,2079.7
16,297,4097.6
16,298,3204.3
16,299,2083.3
16,300,2120.3
16,301,2112.4
16,302,2168.1
16,303,2165.7
16,304,2132.4
16,305,2180.8
16,306,2104.5
16,307,3825.1
16,308,3793.6
16,309,3202.5
16,310,2993.5
16,311,3077.7
16,312,3178.9
16,313,3187.3
16,314,3062.6
16,315,3111.0
16,316,3769.9
16,317,3829.9
16,318,3835.3
16,319,4098.8
16,320,2962.1
16,321,2968.7
16,322,2301.9
16,323,2321.3
16,324,2247.4
16,325,2100.3
16,326,2174.1
16,327,2157.8
16,328,2102.7
16,329,2938.4
16,330,2911.2
16,331,2933.0
16,332,3140.7
16,333,2933.0
16,334,3096.5
16,335,2853.0
16,336,3055.9
16,337,3581.0
16,338,3105.0
16,339,2400.6
16,340,2213.5
16,341,2145.1
16,342,2177.2
16,343,2077.3
16,344,2200.2
16,345,2139.6
16,346,2079.7
16,347,4057.0
16,348,3177.7
16,349,2101.5
16,350,2250.5
16,351,2181.4
16,352,2259.5
16,353,2180.8
16,354,2179.0
16,355,2165.7
16,356,2187.5
16,357,3473.8
16,358,3485.9
16,359,3782.7
16,360,3506.5
16,361,3209.1
16,362,3085.0
16,363,3272.7
16,364,3080.1
16,365,3074.7
16,366,3240.6
16,367,3129.2
16,368,4079.4
16,369,3279.4
16,370,3191.0
16,371,2260.1
16,372,2177.8
16,373,2182.0
16,374,2138.4
16,375,2072.4
16,376,2154.8
16,377,2145.1
16,378,3198.8
16,379,3281.2
16,380,3195.8
16,381,3169.8
16,382,2859.7
16,383,3285.4
16,384,3122.5
16,385,2939.6
16,386,3763.9
16,387,2889.4
16,388,3100.7
16,389,3100.1
16,390,3171.6
16,391,2896.0
16,392,3071.1
16,393,3114.1
16,394,3065.0
16,395,4142.4
16,396,3734.8
16,397,2367.3
16,398,2271.0
16,399,2257.7
16,400,2212.9
16,401,2159.0
16,402,2176.6
16,403,2160.2
16,404,3080.8
16,405,4344.7
16,406,3128.6
16,407,3065.0
16,408,3192.8
16,409,3188.6
16,410,3065.6
16,411,3235.2
16,412,3085.6
16,413,4107.3
16,414,3249.1
16,415,3204.9
16,416,2293.5
16,417,2260.1
16,418,2238.3
16,419,2139.6
16,420,2200.2
16,421,2148.7
16,422,2192.3
16,423,3214.0
16,424,3169.8
16,425,3231.5
16,426,2955.4
16,427,2200.8
16,428,2100.9
16,429,2136.0
16,430,2169.3
16,431,2128.1
16,432,2140.8
16,433,2208.1
16,434,2057.3
16,435,3829.9
16,436,4094.5
16,437,2209.3
16,438,2202.6
16,439,2095.4
16,440,2149.9
16,441,2138.4
16,442,2062.7
16,443,2122.7
16,444,2206.9
16,445,3308.5
16,446,10720.0
16,447,3235.2
16,448,2914.8
16,449,2948.1
16,450,2929.3
16,451,2948.7
16,452,2874.8
16,453,2824.0
16,454,3814.1
16,455,3160.7
16,456,2265.6
16,457,2260.8
16,458,2160.2
16,459,2116.6
16,460,2175.4
16,461,2076.0
16,462,2172.3
16,463,2184.4
16,464,4135.7
16,465,3152.2
16,466,2205.6
16,467,2275.9
16,468,2166.3
16,469,2215.3
16,470,2189.3
16,471,2131.2
16,472,2257.7
16,473,2204.4
16,474,3488.3
16,475,3502.3
16,476,3786.3
16,477,3108.6
16,478,3137.7
16,479,3118.9
16,480,3077.1
16,481,3147.4
16,482,3081.4
16,483,3111.6
16,484,4048.5
16,485,3279.4
16,486,3215.2
16,487,2257.7
16,488,2314.7
16,489,2242.0
16,490,2093.6
16,491,2102.7
16,492,2120.9
16,493,2188.1
16,494,2919.7
16,495,3264.3
16,496,3161.9
16,497,3021.4
16,498,3056.5
16,499,3192.2
16,500,3123.1
16,501,3067.4
16,502,3799.0
16,503,3122.5
16,504,2225.6
16,505,2373.4
16,506,2152.3
16,507,2281.3
16,508,2082.1
16,509,2093.0
16,510,2117.2
16,511,2096.0
16,512,3863.8
16,513,4107.3
16,514,2160.2
16,515,2173.5
16,516,2157.8
16,517,2111.8
16,518,2164.5
16,519,2149.9
16,520,2185.7
16,521,2153.6
16,522,3125.6
16,523,4080.6
16,524,2160.8
16,525,2103.9
16,526,2116.0
16,527,2280.1
16,528,2088.8
16,529,2154.2
16,530,2099.1
16,531,2216.5
16,532,2951.2
16,533,3796.6
16,534,3778.4
16,535,3150.4
16,536,3084.4
16,537,3086.2
16,538,3182.5
16,539,3087.4
16,540,3106.8
16,541,3181.3
16,542,4057.0
16,543,2911.8
16,544,3023.2
16,545,2252.9
16,546,2228.7
16,547,2210.5
16,548,2171.1
16,549,2166.3
16,550,2099.1
16,551,2137.8
16,552,3149.8
16,553,3183.7
16,554,3110.4
16,555,2988.1
16,556,2845.8
16,557,3138.3
16,558,2873.0
16,559,3171.6
16,560,3760.9
16,561,3173.4
16,562,2200.2
16,563,2244.4
16,564,2176.6
16,565,2115.4
16,566,2226.8
16,567,2113.6
16,568,2116.6
16,569,2271.7
16,570,3509.5
16,571,3495.6
16,572,3499.8
16,573,4098.2
16,574,2285.0
16,575,2196.6
16,576,2206.2
16,577,2260.8
16,578,2200.8
16,579,2235.9
16,580,2227.4
16,581,2222.0
16,582,3126.8
16,583,3525.9
16,584,3141.3
16,585,3151.6
16,586,3206.7
16,587,3124.4
16,588,3075.9
16,589,3191.6
16,590,3094.1
16,591,4074.0
16,592,3238.2
16,593,3250.9
16,594,2156.6
16,595,2246.8
16,596,2208.1
16,597,2080.3
16,598,2138.4
16,599,2194.7
16,600,2128.7
16,601,3227.3
16,602,2896.0
16,603,3202.5
16,604,2952.4
16,605,3163.1
16,606,3129.8
16,607,2819.1
16,608,3109.2
16,609,3840.8
16,610,2824.6
16,611,3210.4
16,612,3222.5
16,613,3074.7
16,614,3168.0
16,615,3126.8
16,616,3110.4
16,617,3131.6
16,618,3750.6
16,619,2904.5
16,620,3125.6
16,621,3103.2
16,622,3135.3
16,623,2911.8
16,624,3162.5
16,625,3195.8
16,626,3069.2
16,627,3808.1
16,628,2849.4
16,629,3066.2
16,630,3228.5
16,631,3114.7
16,632,3137.1
16,633,3103.2
16,634,3203.1
16,635,3113.5
16,636,4063.1
16,637,4107.9
16,638,3112.2
16,639,2237.7
16,640,2284.4
16,641,2233.5
16,642,2213.5
16,643,2240.2
16,644,2153.6
16,645,2161.4
16,646,2982.0
16,647,3157.1
16,648,2982.6
16,649,3144.9
16,650,3051.1
16,651,3192.2
16,652,3125.0
16,653,3095.9
16,654,3193.4
16,655,3796.6
16,656,4066.7
16,657,2999.6
16,658,2263.8
16,659,2272.3
16,660,2176.6
16,661,2127.5
16,662,2173.5
16,663,2099.7
16,664,2111.8
16,665,3261.2
16,666,3186.1
16,667,3205.5
16,668,3234.0
16,669,3131.0
16,670,2996.0
16,671,3143.7
16,672,2876.1
16,673,4109.7
16,674,3763.9
16,675,2313.4
16,676,2182.6
16,677,2218.4
16,678,2331.6
16,679,2155.4
16,680,2233.5
16,681,2194.7
16,682,2973.6
16,683,3204.9
16,684,3164.3
16,685,3088.6
16,686,3119.5
16,687,2279.5
16,688,2279.5
16,689,2277.1
16,690,2192.3
16,691,2145.1
16,692,2149.9
16,693,2212.3
16,694,2274.7
16,695,2146.9
16,696,2849.4
16,697,3189.8
16,698,3161.9
16,699,3186.1
16,700,3407.2
16,701,3438.1
16,702,3418.1
16,703,3364.8
16,704,3960.7
16,705,4018.8
16,706,3365.4
16,707,2450.9
16,708,2304.4
16,709,2400.6
16,710,2329.2
16,711,2313.4
16,712,2281.9
16,713,2357.7
16,714,2271.7
16,715,3362.4
16,716,3340.0
16,717,3342.4
16,718,3599.2
16,719,2536.9
16,720,2285.0
16,721,2564.2
16,722,2344.9
16,723,2289.8
16,724,2371.6
16,725,2283.8
16,726,2269.8
16,727,3350.9
16,728,3171.0
16,729,3232.8
16,730,3229.1
16,731,3447.1
16,732,3292.1
16,733,4620.2
16,734,2493.3
16,735,3366.0
16,736,3416.3
16,737,3395.7
16,738,3352.1
16,739,3448.4
16,740,3318.8
16,741,3365.4
16,742,3384.8
16,743,4013.4
16,744,3355.7
16,745,2417.0
16,746,2264.4
16,747,2291.0
16,748,2375.2
16,749,2283.8
16,750,2323.7
16,751,2242.6
16,752,2285.0
16,753,3986.1
16,754,4255.0
16,755,3366.6
16,756,2285.0
16,757,2294.7
16,758,2372.8
16,759,2321.9
16,760,2279.5
16,761,2383.1
16,762,2277.1
16,763,2340.7
16,764,4448.2
16,765,3377.5
16,766,2321.9
16,767,2249.9
16,768,2320.7
16,769,2334.6
16,770,5146.5
16,771,5505.6
16,772,6577.0
16,773,5487.5
16,774,4267.8
16,775,4398.0
16,776,4127.3
16,777,4152.7
16,778,4390.1
16,779,4764.4
16,780,4325.9
16,781,3524.7
16,782,3900.8
16,783,3576.7
16,784,9527.5
16,785,9035.7
16,786,5670.4
16,787,4972.1
16,788,6418.3
16,789,4975.7
16,790,5015.7
16,791,4977.5
16,792,4712.3
16,793,7225.6
16,794,5025.4
16,795,6409.2
16,796,6457.6
16,797,4992.1
16,798,4955.1
16,799,4639.6
16,800,4711.1
16,801,4305.9
16,802,4834.0
16,803,4422.2
16,804,4892.1
16,805,4593.0
16,806,4899.4
16,807,4573.6
16,808,4561.5
16,809,4811.0
16,810,4475.5
16,811,4465.8
16,812,4716.5
16,813,6263.2
16,814,5113.8
16,815,3402.3
16,816,3292.7
16,817,2382.5
16,818,2394.6
16,819,2395.8
16,820,3081.4
16,821,2181.4
16,822,2186.3
16,823,3479.9
16,824,3129.2
16,825,3138.9
16,826,3127.4
16,827,3255.8
16,828,3149.8
16,829,3138.3
16,830,3241.2
16,831,3854.1
16,832,3927.4
16,833,3821.4
16,834,3798.4
16,835,3871.1
16,836,3799.6
16,837,3788.1
16,838,4124.8
16,839,3236.4
16,840,2973.0
16,841,2326.2
16,842,2245.0
16,843,2307.4
16,844,2311.0
16,845,2292.2
16,846,2225.0
16,847,2214.7
16,848,3287.9
16,849,3295.7
16,850,3275.8
16,851,2971.7
16,852,3133.4
16,853,2923.9
16,854,3173.4
16,855,2968.7
16,856,3803.2
16,857,3144.3
16,858,2237.7
16,859,2254.7
16,860,2148.7
16,861,2275.3
16,862,2219.0
16,863,2135.4
16,864,2160.2
16,865,2172.3
16,866,4100.6
16,867,2971.1
16,868,2235.9
16,869,2280.1
16,870,2157.8
16,871,2131.2
16,872,2149.3
16,873,2219.0
16,874,2163.9
16,875,2234.1
16,876,3856.5
16,877,4091.5
16,878,2267.4
16,879,2166.9
16,880,2160.2
16,881,2197.8
16,882,2248.0
16,883,2252.3
16,884,2166.3
16,885,2116.0
16,886,3174.0
16,887,3814.1
16,888,3184.3
16,889,3067.4
16,890,3166.1
16,891,3249.7
16,892,3100.7
16,893,3179.5
16,894,3250.3
16,895,3776.0
16,896,4107.3
16,897,3285.4
16,898,2975.4
16,899,2308.6
16,900,2189.9
16,901,2131.8
16,902,2148.7
16,903,2108.1
16,904,2110.0
16,905,2248.0
16,906,3161.3
16,907,3007.5
16,908,2987.5
16,909,3222.5
16,910,3204.3
16,911,3149.8
16,912,2887.6
16,913,2888.8
16,914,3502.3
16,915,2837.9
16,916,3120.1
16,917,2838.5
16,918,3102.6
16,919,3207.9
16,920,2937.2
16,921,3160.7
16,922,3056.5
16,923,3877.7
16,924,2828.8
16,925,2260.1
16,926,2242.0
16,927,2226.2
16,928,2217.8
16,929,2277.1
16,930,2160.2
16,931,2140.2
16,932,2168.7
16,933,4079.4
16,934,3255.8
16,935,2096.0
16,936,2083.9
16,937,2169.3
16,938,2209.9
16,939,2143.3
16,940,2147.5
16,941,2247.4
16,942,2138.4
16,943,4150.9
16,944,3208.5
16,945,2142.7
16,946,2180.8
16,947,2118.4
16,948,2223.2
16,949,2265.6
16,950,2228.0
16,951,2177.8
16,952,2280.1
16,953,3836.6
16,954,3832.3
16,955,3171.6
16,956,3241.2
16,957,3214.0
16,958,3254.6
16,959,3082.0
16,960,3144.9
16,961,3305.4
16,962,4117.6
16,963,3311.5
16,964,2891.2
16,965,2191.1
16,966,2281.3
16,967,2175.4
16,968,2177.2
16,969,2172.9
16,970,2097.2
16,971,2180.8
16,972,2891.8
16,973,3206.1
16,974,3220.6
16,975,3236.4
16,976,3114.1
16,977,3156.5
16,978,3214.0
16,979,2935.4
16,980,4081.2
16,981,3862.0
16,982,2286.8
16,983,2140.8
16,984,2278.9
16,985,2235.3
16,986,2178.4
16,987,2243.2
16,988,2114.2
16,989,2957.2
16,990,3240.6
16,991,3189.2
16,992,3201.9
16,993,3303.6
16,994,3120.7
16,995,3200.7
16,996,3201.9
16,997,3219.4
16,998,3820.8
16,999,3783.9
16,1000,4087.3
16,1001,3335.7
16,1002,3188.6
16,1003,2182.6
16,1004,2223.8
16,1005,2175.4
16,1006,2143.3
16,1007,2128.1
16,1008,2111.8
16,1009,2188.7
16,1010,3095.3
16,1011,2368.6
16,1012,2202.0
16,1013,2197.8
16,1014,2237.1
16,1015,2291.0
16,1016,2133.0
16,1017,2189.9
16,1018,2116.0
16,1019,4092.1
16,1020,3131.0
16,1021,2156.0
16,1022,2120.9
16,1023,2131.8
16,1024,2127.5
16,1025,2183.2
16,1026,2137.8
16,1027,2182.0
16,1028,2140.2
16,1029,6458.3
16,1030,3366.6
16,1031,4378.0
16,1032,5038.7
16,1033,8363.5
16,1034,3715.4
16,1035,3280.0
16,1036,3155.8
16,1037,3223.7
16,1038,3194.0
16,1039,3248.5
16,1040,2124.5
16,1041,2942.7
16,1042,2153.0
16,1043,2190.5
16,1044,2270.4
16,1045,2172.3
16,1046,2225.0
16,1047,2193.5
16,1048,2113.0
16,1049,3864.4
16,1050,9954.5
16,1051,3039.0
16,1052,3134.7
16,1053,3161.3
16,1054,2974.8
16,1055,3183.7
16,1056,3091.7
16,1057,3160.7
16,1058,3157.7
16,1059,2204.4
16,1060,3268.5
16,1061,2281.9
16,1062,2310.4
16,1063,2211.1
16,1064,2150.5
16,1065,2193.5
16,1066,2093.6
16,1067,2206.9
16,1068,3895.3
16,1069,7446.0
16,1070,4821.9
16,1071,4715.9
16,1072,10240.9
16,1073,3261.2
16,1074,3097.7
16,1075,3121.9
16,1076,3154.6
16,1077,3163.7
16,1078,3112.2
16,1079,2255.9
16,1080,2968.1
16,1081,2233.5
16,1082,2189.9
16,1083,2232.3
16,1084,2201.4
16,1085,2133.0
16,1086,2230.5
16,1087,2142.1
16,1088,3797.2
16,1089,7218.9
16,1090,3106.8
16,1091,3699.7
16,1092,7296.4
16,1093,4500.3
16,1094,5225.2
16,1095,8111.6
16,1096,3315.7
16,1097,3141.9
16,1098,3066.8
16,1099,3126.2
16,1100,4124.8
16,1101,2978.4
16,1102,3299.4
16,1103,2284.4
16,1104,2191.1
16,1105,2271.0
16,1106,2113.0
16,1107,2176.6
16,1108,2144.5
16,1109,2079.7
16,1110,3918.3
16,1111,7349.7
16,1112,3224.3
16,1113,4763.7
16,1114,10288.8
16,1115,3208.5
16,1116,3177.0
16,1117,3132.8
16,1118,3263.0
16,1119,3132.2
16,1120,3154.6
16,1121,3273.3
16,1122,3213.4
16,1123,3274.5
16,1124,2156.0
16,1125,2182.6
16,1126,2141.4
16,1127,2188.7
16,1128,2179.0
16,1129,2203.8
16,1130,2119.6
16,1131,3806.9
16,1132,7168.0
16,1133,5045.4
16,1134,3945.0
16,1135,3793.6
16,1136,3123.1
16,1137,3231.5
16,1138,3123.1
16,1139,3134.0
16,1140,3136.5
16,1141,2192.9
16,1142,3126.2
16,1143,3207.9
16,1144,3134.7
16,1145,3152.2
16,1146,3149.8
16,1147,3192.8
16,1148,3143.7
16,1149,3189.2
16,1150,3194.6
16,1151,4093.3
16,1152,3310.3
16,1153,3290.3
16,1154,2264.4
16,1155,2254.7
16,1156,2208.7
16,1157,2205.0
16,1158,2252.9
16,1159,2142.7
16,1160,2119.0
16,1161,3158.3
16,1162,3022.0
16,1163,3310.3
16,1164,3203.1
16,1165,2810.6
16,1166,2880.9
16,1167,2826.4
16,1168,2879.1
16,1169,5383.9
16,1170,4774.7
16,1171,5531.1
16,1172,4373.7
16,1173,4850.4
16,1174,4488.2
16,1175,4279.3
16,1176,4190.2
16,1177,4209.6
16,1178,4803.7
16,1179,3427.8
16,1180,3269.1
16,1181,3718.5
16,1182,3625.2
16,1183,3949.2
16,1184,3326.0
16,1185,3538.0
16,1186,4402.8
16,1187,4445.8
16,1188,4351.3
16,1189,3340.6
16,1190,3524.7
16,1191,3563.4
16,1192,3083.8
16,1193,3375.7
16,1194,3493.2
16,1195,3166.1
16,1196,3332.1
16,1197,3769.3
16,1198,3363.0
16,1199,3519.2
16,1200,3167.4
16,1201,3202.5
16,1202,3277.0
16,1203,3528.9
16,1204,3387.2
16,1205,3580.4
16,1206,4236.3
16,1207,3063.2
16,1208,3531.9
16,1209,3719.1
16,1210,3265.5
16,1211,3490.1
16,1212,3191.0
16,1213,3161.3
16,1214,3630.6
16,1215,4314.4
16,1216,4148.4
16,1217,3145.6
16,1218,3246.1
16,1219,3444.7
16,1220,3264.3
16,1221,3560.4
16,1222,3564.0
16,1223,3446.5
16,1224,3121.9
16,1225,4036.4
16,1226,3573.7
16,1227,3221.9
16,1228,3318.8
16,1229,3500.4
16,1230,3535.6
16,1231,3506.5
16,1232,3319.4
16,1233,3539.2
16,1234,4255.0
16,1235,3602.8
16,1236,3579.2
16,1237,3091.7
16,1238,3304.2
16,1239,3392.6
16,1240,3222.5
16,1241,3471.4
16,1242,3312.7
16,1243,4217.5
16,1244,3608.8
16,1245,3184.9
16,1246,3403.5
16,1247,3523.5
16,1248,3535.0
16,1249,3716.6
16,1250,3103.2
16,1251,3390.2
16,1252,4309.5
16,1253,4093.3
16,1254,3444.7
16,1255,3415.7
16,1256,3310.3
16,1257,3500.4
16,1258,3379.9
16,1259,3438.1
16,1260,3310.3
16,1261,3546.5
16,1262,4378.6
16,1263,3810.5
16,1264,3390.2
16,1265,3507.1
16,1266,3616.7
16,1267,3652.5
16,1268,3502.3
16,1269,3219.4
16,1270,3495.6
16,1271,3582.8
16,1272,4001.9
16,1273,3201.3
16,1274,3434.4
16,1275,3378.1
16,1276,3280.0
16,1277,3450.2
16,1278,3735.4
16,1279,3203.7
16,1280,3484.1
16,1281,3934.1
16,1282,3584.0
16,1283,3459.9
16,1284,3519.2
16,1285,3691.8
16,1286,3103.8
16,1287,3525.3
16,1288,3054.7
16,1289,3290.9
16,1290,3863.2
16,1291,3685.8
16,1292,3316.9
16,1293,3737.2
16,1294,3552.5
16,1295,3202.5
16,1296,3552.5
16,1297,3265.5
16,1298,8278.7
16,1299,4694.1
16,1300,4401.6
16,1301,4027.3
16,1302,3551.3
16,1303,3521.6
16,1304,3734.2
16,1305,3616.1
16,1306,3234.0
16,1307,3526.5
16,1308,3630.6
16,1309,3580.4
16,1310,4205.4
16,1311,3306.6
16,1312,3369.0
16,1313,3400.5
16,1314,3594.9
16,1315,3485.3
16,1316,3447.8
16,1317,3528.3
16,1318,3495.6
16,1319,4299.9
16,1320,3775.4
16,1321,3129.8
16,1322,3445.9
16,1323,3527.1
16,1324,3505.3
16,1325,3470.8
16,1326,3320.6
16,1327,3234.6
16,1328,3254.6
16,1329,4372.5
16,1330,3332.7
16,1331,3348.4
16,1332,3424.1
16,1333,3427.8
16,1334,3236.4
16,1335,3347.8
16,1336,3525.3
16,1337,3364.8
16,1338,3907.4
16,1339,3134.0
16,1340,3286.1
16,1341,3300.0
16,1342,3280.6
16,1343,3086.2
16,1344,3378.7
16,1345,3315.7
16,1346,3374.5
16,1347,3982.5
16,1348,3409.6
16,1349,3650.0
16,1350,4023.1
16,1351,3470.2
16,1352,3786.3
16,1353,3628.2
16,1354,3454.4
16,1355,3633.7
16,1356,4632.3
16,1357,4110.9
16,1358,3143.7
16,1359,3348.4
16,1360,3527.7
16,1361,3661.5
16,1362,3536.2
16,1363,3507.1
16,1364,3565.2
16,1365,3490.1
16,1366,4413.1
16,1367,3531.3
16,1368,3432.6
16,1369,3523.5
16,1370,3500.4
16,1371,3507.7
16,1372,3112.8
16,1373,3505.9
16,1374,3524.1
16,1375,4450.6
16,1376,4428.8
16,1377,3538.0
16,1378,3445.9
16,1379,3602.2
16,1380,3411.4
16,1381,3287.3
16,1382,3413.2
16,1383,3431.4
16,1384,3447.8
16,1385,3949.2
16,1386,3239.4
16,1387,3017.8
16,1388,3569.5
16,1389,3069.2
16,1390,3045.6
16,1391,3162.5
16,1392,3141.3
16,1393,3186.7
16,1394,4014.0
16,1395,3978.9
16,1396,3412.6
16,1397,3322.4
16,1398,3401.1
16,1399,3374.5
16,1400,3137.7
16,1401,3472.0
16,1402,3501.0
16,1403,4351.3
16,1404,4087.3
16,1405,3379.3
16,1406,3431.4
16,1407,3429.0
16,1408,3401.7
16,1409,3568.3
16,1410,3355.1
16,1411,3585.8
16,1412,3544.7
16,1413,4024.9
16,1414,3313.9
16,1415,3244.3
16,1416,3473.2
16,1417,3533.8
16,1418,3332.1
16,1419,3480.5
16,1420,3260.6
16,1421,3303.6
16,1422,3859.6
16,1423,3484.1
16,1424,3029.3
16,1425,3123.1
16,1426,3292.1
16,1427,3080.1
16,1428,3257.6
16,1429,3558.0
16,1430,3507.7
16,1431,4288.9
16,1432,3772.4
16,1433,3223.7
16,1434,3499.2
16,1435,3387.8
16,1436,3551.9
16,1437,3388.4
16,1438,3375.7
16,1439,3374.5
16,1440,3262.4
16,1441,4232.6
16,1442,3631.3
16,1443,3285.4
16,1444,3464.7
16,1445,3404.1
16,1446,3471.4
16,1447,3467.7
16,1448,3352.7
16,1449,3377.5
16,1450,3343.6
16,1451,5188.3
16,1452,4537.3
16,1453,3418.1
16,1454,3217.0
16,1455,3213.4
16,1456,3068.6
16,1457,3002.6
16,1458,3016.6
16,1459,4135.1
16,1460,4391.3
16,1461,3976.5
16,1462,3164.3
16,1463,3457.4
16,1464,3540.4
16,1465,3336.9
16,1466,3257.6
16,1467,3491.4
16,1468,3358.7
16,1469,3402.9
16,1470,4058.2
16,1471,3406.0
16,1472,3211.6
16,1473,3315.7
16,1474,3042.6
16,1475,3016.0
16,1476,3456.8
16,1477,3317.5
16,1478,3356.3
16,1479,4243.5
16,1480,4070.3
16,1481,3515.6
16,1482,3236.4
16,1483,3272.1
16,1484,3278.2
16,1485,3146.8
16,1486,3348.4
16,1487,3095.9
16,1488,3441.7
16,1489,3918.9
16,1490,3125.6
16,1491,3459.9
16,1492,3461.7
16,1493,3418.1
16,1494,3416.9
16,1495,3266.7
16,1496,3513.8
16,1497,3233.4
16,1498,3788.7
16,1499,3325.4
16,1500,3425.3
16,1501,3120.7
16,1502,3478.6
16,1503,3484.1
16,1504,3486.5
16,1505,3546.5
16,1506,3424.7
16,1507,4290.2
16,1508,4180.5
16,1509,3240.0
16,1510,3490.8
16,1511,3500.4
16,1512,3381.7
16,1513,3546.5
16,1514,3167.4
16,1515,3408.4
16,1516,3228.5
16,1517,3808.7
16,1518,3184.3
16,1519,3358.7
16,1520,3238.8
16,1521,3514.4
16,1522,3269.1
16,1523,3821.4
16,1524,3501.7
16,1525,3045.0
16,1526,4178.1
16,1527,3298.2
16,1528,3463.5
16,1529,3458.7
16,1530,3449.0
16,1531,3399.9
16,1532,3496.8
16,1533,3432.0
16,1534,3328.4
16,1535,3788.1
16,1536,3110.4
16,1537,3396.9
16,1538,3465.3
16,1539,3247.9
16,1540,3409.0
16,1541,3427.2
16,1542,3407.2
16,1543,3370.8
16,1544,4098.8
16,1545,3371.4
16,1546,3407.8
16,1547,3432.0
16,1548,3441.7
16,1549,3366.0
16,1550,3381.1
16,1551,3504.1
16,1552,3422.3
16,1553,4341.6
16,1554,3189.8
16,1555,3488.3
16,1556,3617.3
16,1557,3503.5
16,1558,3297.6
16,1559,3283.6
16,1560,3553.1
16,1561,3356.9
16,1562,4287.1
16,1563,3461.1
16,1564,3295.1
16,1565,3332.7
16,1566,5918.7
16,1567,3468.3
16,1568,3379.9
16,1569,3128.0
16,1570,3894.7
16,1571,4494.9
16,1572,4338.6
16,1573,3115.9
16,1574,3553.7
16,1575,3866.8
16,1576,91747.3
16,1577,4089.1
16,1578,4109.7
16,1579,4287.7
16,1580,3912.3
16,1581,4017.0
16,1582,4576.0
16,1583,4142.4
16,1584,4222.9
16,1585,3471.4
16,1586,3387.8
16,1587,3242.5
16,1588,3663.4
16,1589,3625.8
16,1590,3238.2
16,1591,3424.1
16,1592,3247.3
16,1593,3954.7
16,1594,3023.8
16,1595,3272.1
16,1596,3408.4
16,1597,3557.4
16,1598,3420.5
16,1599,3413.2
16,1600,3311.5
16,1601,3514.4
16,1602,3865.0
16,1603,3340.6
16,1604,3586.4
16,1605,3111.0
16,1606,3172.2
16,1607,3530.1
16,1608,3412.6
16,1609,3234.6
16,1610,3350.2
16,1611,3898.9
16,1612,3358.1
16,1613,3624.0
16,1614,3154.6
16,1615,3344.8
16,1616,3506.5
16,1617,3383.6
16,1618,3447.8
16,1619,3192.8
16,1620,3871.7
16,1621,3487.7
16,1622,3464.7
16,1623,3604.0
16,1624,3602.8
16,1625,2340.1
16,1626,2281.9
16,1627,2323.1
16,1628,2250.5
16,1629,2150.5
16,1630,2219.0
16,1631,2156.6
16,1632,3079.5
16,1633,3249.7
16,1634,3195.8
16,1635,3280.6
16,1636,3156.5
16,1637,3082.0
16,1638,3247.3
16,1639,3132.2
16,1640,3209.7
16,1641,4324.7
16,1642,3160.1
16,1643,3011.1
16,1644,2189.9
16,1645,2308.6
16,1646,2331.6
16,1647,2263.8
16,1648,2117.8
16,1649,2313.4
16,1650,2125.1
16,1651,3229.1
16,1652,2983.9
16,1653,2943.9
16,1654,3248.5
16,1655,3138.3
16,1656,2877.3
16,1657,3171.0
16,1658,2857.9
16,1659,4078.8
16,1660,3806.9
16,1661,2307.4
16,1662,2266.2
16,1663,2170.5
16,1664,2114.8
16,1665,2260.8
16,1666,2283.8
16,1667,2159.0
16,1668,3106.8
16,1669,3152.2
16,1670,3226.1
16,1671,3172.8
16,1672,3194.0
16,1673,3229.1
16,1674,3094.1
16,1675,3267.9
16,1676,3098.9
16,1677,3775.4
16,1678,3819.0
16,1679,4118.8
16,1680,3268.5
16,1681,3089.8
16,1682,2346.1
16,1683,2248.6
16,1684,2220.8
16,1685,2214.1
16,1686,2165.7
16,1687,2240.8
16,1688,2099.7
16,1689,2917.8
16,1690,3197.6
16,1691,2965.7
16,1692,3243.7
16,1693,3125.0
16,1694,3208.5
16,1695,3134.0
16,1696,2838.5
16,1697,3534.4
16,1698,3131.6
16,1699,2311.6
16,1700,2201.4
16,1701,2249.2
16,1702,2241.4
16,1703,2144.5
16,1704,2193.5
16,1705,2227.4
16,1706,2119.0
16,1707,3811.1
16,1708,3764.5
16,1709,3221.9
16,1710,3183.1
16,1711,3194.0
16,1712,3164.3
16,1713,3216.4
16,1714,3173.4
16,1715,3291.5
16,1716,3879.6
16,1717,4156.9
16,1718,3270.3
16,1719,3000.8
16,1720,2318.3
16,1721,2248.6
16,1722,2161.4
16,1723,2157.2
16,1724,2127.5
16,1725,2159.6
16,1726,2228.0
16,1727,2896.0
16,1728,3159.5
16,1729,3221.3
16,1730,2868.2
16,1731,2905.7
16,1732,3224.9
16,1733,3252.1
16,1734,3228.5
16,1735,4030.4
16,1736,3217.0
16,1737,2384.3
16,1738,2321.9
16,1739,2326.8
16,1740,2272.9
16,1741,2357.7
16,1742,2412.2
16,1743,2261.4
16,1744,2323.1
16,1745,3396.9
16,1746,3392.6
16,1747,3579.8
16,1748,3432.0
16,1749,3395.7
16,1750,4328.3
16,1751,3260.0
16,1752,2948.1
16,1753,3451.4
16,1754,2928.7
16,1755,2381.3
16,1756,2312.8
16,1757,2343.7
16,1758,2372.2
16,1759,2361.3
16,1760,2944.5
16,1761,3083.2
16,1762,3281.8
16,1763,3332.1
16,1764,3282.4
16,1765,3237.0
16,1766,3323.0
16,1767,3243.7
16,1768,3963.1
16,1769,3328.4
16,1770,2324.3
16,1771,2404.9
16,1772,2410.9
16,1773,2371.6
16,1774,2360.1
16,1775,2360.1
16,1776,2351.0
16,1777,2408.5
16,1778,3381.7
16,1779,3358.1
16,1780,3452.0
16,1781,3422.3
16,1782,3444.1
16,1783,4259.9
16,1784,3276.4
16,1785,3089.8
16,1786,3234.6
16,1787,2943.9
16,1788,2298.3
16,1789,2312.8
16,1790,2329.8
16,1791,2377.0
16,1792,2411.6
16,1793,3003.2
16,1794,3259.4
16,1795,3266.7
16,1796,3302.4
16,1797,3261.8
16,1798,2948.1
16,1799,3271.5
16,1800,2959.0
16,1801,4305.9
16,1802,3968.0
16,1803,2369.8
16,1804,2306.8
16,1805,2318.9
16,1806,2363.1
16,1807,2326.8
16,1808,2401.9
16,1809,2414.6
16,1810,3268.5
16,1811,3461.1
16,1812,3487.1
16,1813,3447.8
16,1814,3392.6
16,1815,3478.0
16,1816,4280.5
16,1817,3286.1
16,1818,3327.2
16,1819,3277.6
16,1820,2907.5
16,1821,2191.1
16,1822,2285.0
16,1823,2156.0
16,1824,2120.3
16,1825,2298.9
16,1826,3126.2
16,1827,3209.7
16,1828,3207.3
16,1829,3178.3
16,1830,2243.2
16,1831,2257.7
16,1832,2239.0
16,1833,2263.8
16,1834,2273.5
16,1835,2302.5
16,1836,2303.8
16,1837,2303.8
16,1838,3983.7
16,1839,3978.3
16,1840,3467.7
16,1841,3488.9
16,1842,3394.5
16,1843,5860.5
16,1844,6748.9
16,1845,3714.8
16,1846,4980.0
16,1847,4567.5
16,1848,4679.6
16,1849,4291.4
16,1850,4163.0
16,1851,5164.7
16,1852,8645.7
16,1853,4811.6
16,1854,9110.8
16,1855,5438.4
16,1856,8911.0
16,1857,4712.3
16,1858,8897.7
16,1859,4838.2
16,1860,9146.0
16,1861,4391.3
16,1862,4428.2
16,1863,3234.6
16,1864,3217.6
16,1865,3183.7
16,1866,3111.0
16,1867,3137.1
16,1868,3175.2
16,1869,2271.7
16,1870,2318.3
16,1871,2248.6
16,1872,3146.8
16,1873,3221.9
16,1874,2940.9
16,1875,2918.4
16,1876,3174.6
16,1877,3101.3
16,1878,3224.9
16,1879,2990.5
16,1880,3810.5
16,1881,3174.6
16,1882,2323.1
16,1883,2215.3
16,1884,2283.2
16,1885,2255.3
16,1886,2296.5
16,1887,2310.4
16,1888,2247.4
16,1889,2269.8
16,1890,3786.9
16,1891,3560.4
16,1892,3183.7
16,1893,3223.7
16,1894,3224.3
16,1895,3069.9
16,1896,3198.2
16,1897,3277.0
16,1898,3160.1
16,1899,3811.7
16,1900,4066.7
16,1901,3278.8
16,1902,3234.6
16,1903,2325.6
16,1904,2279.5
16,1905,2276.5
16,1906,2175.4
16,1907,2217.8
16,1908,2174.8
16,1909,2188.7
16,1910,3233.4
16,1911,3246.1
16,1912,2923.9
16,1913,3267.9
16,1914,3169.2
16,1915,3115.9
16,1916,3089.8
16,1917,3095.9
16,1918,3809.3
16,1919,2845.2
16,1920,3115.3
16,1921,3189.8
16,1922,3130.4
16,1923,3118.9
16,1924,3240.0
16,1925,3129.2
16,1926,3160.1
16,1927,3556.2
16,1928,3119.5
16,1929,2335.2
16,1930,2232.9
16,1931,2212.9
16,1932,2276.5
16,1933,2244.4
16,1934,2179.0
16,1935,2071.2
16,1936,2200.2
16,1937,3898.3
16,1938,4127.3
16,1939,2285.6
16,1940,2206.9
16,1941,2143.3
16,1942,2224.4
16,1943,2253.5
16,1944,2252.9
16,1945,2243.2
16,1946,2144.5
16,1947,3105.0
16,1948,3631.9
16,1949,3211.6
16,1950,3250.9
16,1951,3212.8
16,1952,3250.9
16,1953,3224.9
16,1954,3187.3
16,1955,3155.2
16,1956,4140.0
16,1957,3263.0
16,1958,3371.4
16,1959,2242.0
16,1960,2215.3
16,1961,2160.8
16,1962,2128.1
16,1963,2186.9
16,1964,2142.7
16,1965,2189.3
16,1966,3254.0
16,1967,2931.2
16,1968,2930.6
16,1969,3220.6
16,1970,3085.0
16,1971,2848.8
16,1972,3162.5
16,1973,3153.4
16,1974,3812.3
16,1975,3047.4
16,1976,2134.2
16,1977,2351.6
16,1978,2131.8
16,1979,2272.9
16,1980,2091.8
16,1981,2163.9
16,1982,2259.5
16,1983,2127.5
16,1984,3544.7
16,1985,3575.5
16,1986,3755.4
16,1987,4049.1
16,1988,2915.4
16,1989,2151.7
16,1990,2265.6
16,1991,2120.3
16,1992,2237.1
16,1993,2196.0
16,1994,2199.0
16,1995,2137.8
16,1996,2320.1
16,1997,3772.4
16,1998,4045.5
16,1999,2238.3
64,0,2166.9
64,1,3788.1
64,2,3784.5
64,3,3145.6
64,4,3180.1
64,5,3286.7
64,6,3148.6
64,7,3110.4
64,8,3094.7
64,9,3051.1
64,10,3778.4
64,11,3770.5
64,12,3751.2
64,13,4086.7
64,14,3198.2
64,15,3261.8
64,16,2286.2
64,17,2285.6
64,18,2185.1
64,19,2157.8
64,20,2128.7
64,21,2185.1
64,22,2131.2
64,23,2933.6
64,24,3179.5
64,25,2966.9
64,26,2976.0
64,27,2895.4
64,28,2802.2
64,29,3111.6
64,30,2801.6
64,31,3587.0
64,32,3072.9
64,33,2219.0
64,34,2225.0
64,35,2229.3
64,36,2288.0
64,37,2208.1
64,38,2148.1
64,39,2150.5
64,40,2188.1
64,41,3788.7
64,42,3836.6
64,43,3148.0
64,44,3166.7
64,45,3220.6
64,46,3184.9
64,47,3164.9
64,48,3104.4
64,49,3143.7
64,50,4071.5
64,51,2955.4
64,52,3035.3
64,53,2331.0
64,54,2206.2
64,55,2183.2
64,56,2161.4
64,57,2165.1
64,58,2182.6
64,59,2258.9
64,60,3160.7
64,61,3199.5
64,62,3143.1
64,63,3181.3
64,64,3157.7
64,65,3071.1
64,66,2939.6
64,67,3125.0
64,68,3829.9
64,69,3140.1
64,70,2283.2
64,71,2194.7
64,72,2253.5
64,73,2235.3
64,74,2252.3
64,75,2169.3
64,76,2164.5
64,77,2255.3
64,78,3810.5
64,79,4049.1
64,80,2332.8
64,81,2234.7
64,82,2127.5
64,83,2148.7
64,84,2101.5
64,85,2263.2
64,86,2191.1
64,87,2206.9
64,88,3113.5
64,89,3774.8
64,90,3184.3
64,91,3159.5
64,92,3251.5
64,93,3227.9
64,94,3171.0
64,95,3057.7
64,96,3078.9
64,97,3766.3
64,98,4034.0
64,99,3009.9
64,100,3201.9
64,101,2355.2
64,102,2240.8
64,103,2191.7
64,104,2188.1
64,105,2268.6
64,106,2258.9
64,107,2199.6
64,108,2926.9
64,109,3249.7
64,110,3141.3
64,111,3143.1
64,112,3160.7
64,113,2877.3
64,114,2993.5
64,115,3062.6
64,116,3773.0
64,117,3140.1
64,118,2211.1
64,119,2300.1
64,120,2266.2
64,121,2295.3
64,122,2223.8
64,123,2117.2
64,124,2156.6
64,125,2154.8
64,126,2958.4
64,127,3605.8
64,128,4081.2
64,129,2292.2
64,130,2156.6
64,131,2139.0
64,132,4452.5
64,133,2317.7
64,134,2212.9
64,135,2199.6
64,136,2284.4
64,137,3234.6
64,138,3608.8
64,139,3188.6
64,140,3158.9
64,141,3247.3
64,142,3142.5
64,143,3225.5
64,144,3206.1
64,145,3153.4
64,146,3794.2
64,147,3745.7
64,148,3733.0
64,149,3117.1
64,150,3054.7
64,151,3162.5
64,152,3136.5
64,153,3127.4
64,154,3057.7
64,155,3072.9
64,156,3195.2
64,157,4114.5
64,158,2943.3
64,159,2976.0
64,160,2278.3
64,161,2188.7
64,162,2247.4
64,163,2255.9
64,164,2127.5
64,165,2172.9
64,166,2088.2
64,167,3192.8
64,168,2931.2
64,169,3220.0
64,170,3370.8
64,171,3349.0
64,172,3372.7
64,173,3396.9
64,174,3113.5
64,175,3967.4
64,176,3373.3
64,177,3327.2
64,178,3194.6
64,179,3321.2
64,180,3327.8
64,181,3321.2
64,182,3383.0
64,183,3346.0
64,184,3992.8
64,185,3946.2
64,186,3464.7
64,187,3316.3
64,188,3283.0
64,189,3364.2
64,190,3321.8
64,191,3450.8
64,192,3281.2
64,193,3373.3
64,194,3883.2
64,195,3340.0
64,196,3344.8
64,197,3379.3
64,198,3363.6
64,199,3343.0
64,200,3367.8
64,201,3407.2
64,202,3373.9
64,203,4215.1
64,204,3703.9
64,205,3402.9
64,206,2424.9
64,207,2440.0
64,208,2328.0
64,209,2320.7
64,210,2357.7
64,211,2298.9
64,212,2399.4
64,213,2356.4
64,214,3934.7
64,215,4035.8
64,216,3204.3
64,217,3251.5
64,218,3264.3
64,219,3280.0
64,220,3178.3
64,221,3378.1
64,222,3192.2
64,223,4246.0
64,224,3372.7
64,225,3408.4
64,226,2461.2
64,227,2437.0
64,228,2328.0
64,229,2436.4
64,230,2426.7
64,231,2265.6
64,232,2354.0
64,233,3317.5
64,234,3379.9
64,235,3358.1
64,236,3311.5
64,237,3241.8
64,238,3266.7
64,239,3290.9
64,240,3393.2
64,241,3978.3
64,242,3591.3
64,243,3110.4
64,244,2269.8
64,245,2371.6
64,246,2219.0
64,247,2180.2
64,248,2212.3
64,249,2192.9
64,250,2237.1
64,251,2287.4
64,252,4060.0
64,253,3170.4
64,254,2274.7
64,255,2212.9
64,256,2223.8
64,257,2153.6
64,258,2375.2
64,259,2328.0
64,260,2329.8
64,261,2380.1
64,262,3938.3
64,263,3989.8
64,264,3986.1
64,265,3730.0
64,266,4247.2
64,267,2475.1
64,268,2358.9
64,269,2400.0
64,270,2366.1
64,271,2341.3
64,272,2358.3
64,273,2428.5
64,274,2337.7
64,275,3164.3
64,276,3699.7
64,277,4072.7
64,278,3680.9
64,279,3293.9
64,280,3252.7
64,281,3243.1
64,282,3297.0
64,283,3284.8
64,284,3193.4
64,285,3192.2
64,286,3926.8
64,287,3980.1
64,288,3187.3
64,289,3215.2
64,290,3191.6
64,291,3283.6
64,292,3166.7
64,293,3229.1
64,294,3217.6
64,295,3078.3
64,296,3756.0
64,297,4000.7
64,298,3801.4
64,299,4073.4
64,300,3170.4
64,301,3046.8
64,302,2183.2
64,303,2271.0
64,304,2271.7
64,305,2142.7
64,306,2168.7
64,307,2217.1
64,308,2114.8
64,309,3235.2
64,310,3136.5
64,311,3177.0
64,312,3203.1
64,313,3112.8
64,314,2851.8
64,315,2848.8
64,316,3156.5
64,317,3830.5
64,318,3068.6
64,319,2256.5
64,320,2180.8
64,321,2203.8
64,322,2152.3
64,323,2129.9
64,324,2251.7
64,325,2169.9
64,326,2144.5
64,327,4044.3
64,328,2905.7
64,329,2219.0
64,330,2222.0
64,331,2222.6
64,332,2288.0
64,333,2222.6
64,334,2143.3
64,335,2182.6
64,336,2143.3
64,337,3485.9
64,338,3535.6
64,339,3801.4
64,340,4032.8
64,341,2382.5
64,342,2252.9
64,343,2249.2
64,344,2213.5
64,345,2269.8
64,346,2164.5
64,347,2148.1
64,348,2206.9
64,349,3006.9
64,350,3499.2
64,351,3542.8
64,352,3530.7
64,353,4043.1
64,354,2297.7
64,355,2197.2
64,356,2148.1
64,357,2233.5
64,358,2249.9
64,359,2168.7
64,360,2194.1
64,361,2159.6
64,362,3173.4
64,363,3783.9
64,364,3181.9
64,365,3200.1
64,366,3175.2
64,367,3200.1
64,368,3171.0
64,369,3101.9
64,370,3106.8
64,371,4052.2
64,372,3805.1
64,373,3811.1
64,374,3786.3
64,375,4022.5
64,376,3231.5
64,377,3163.1
64,378,2202.0
64,379,2189.3
64,380,2157.2
64,381,2186.9
64,382,2177.2
64,383,2198.4
64,384,2181.4
64,385,2959.6
64,386,2966.9
64,387,3008.7
64,388,3151.0
64,389,3137.7
64,390,3196.4
64,391,3115.9
64,392,3115.3
64,393,3554.9
64,394,3115.3
64,395,2254.1
64,396,2205.6
64,397,2342.5
64,398,2166.3
64,399,2160.8
64,400,2186.9
64,401,2134.8
64,402,2241.4
64,403,3505.9
64,404,3777.2
64,405,3821.4
64,406,3228.5
64,407,3203.1
64,408,3146.8
64,409,3156.5
64,410,3266.7
64,411,4023.1
64,412,4041.3
64,413,3307.3
64,414,3206.1
64,415,3295.7
64,416,3006.9
64,417,2218.4
64,418,2236.5
64,419,2161.4
64,420,2115.4
64,421,2254.7
64,422,2969.9
64,423,2932.4
64,424,2932.4
64,425,2940.2
64,426,3163.7
64,427,3104.4
64,428,2837.9
64,429,3003.2
64,430,3780.8
64,431,3109.2
64,432,2364.3
64,433,2278.3
64,434,2308.6
64,435,2244.4
64,436,2152.3
64,437,2384.3
64,438,2273.5
64,439,2149.9
64,440,3804.5
64,441,3557.4
64,442,3844.4
64,443,3186.1
64,444,3166.7
64,445,4570.6
64,446,3168.6
64,447,3889.2
64,448,4016.4
64,449,4032.2
64,450,4142.4
64,451,4238.1
64,452,4442.2
64,453,8355.6
64,454,4777.1
64,455,4702.6
64,456,9356.7
64,457,4525.7
64,458,8111.6
64,459,5093.2
64,460,4783.1
64,461,9313.1
64,462,3388.4
64,463,3247.3
64,464,3187.9
64,465,3241.2
64,466,3153.4
64,467,3281.8
64,468,2195.3
64,469,2297.7
64,470,2309.8
64,471,3031.1
64,472,3081.4
64,473,2831.2
64,474,3100.7
64,475,3089.8
64,476,3238.8
64,477,3144.3
64,478,3077.7
64,479,3762.1
64,480,3075.9
64,481,2151.1
64,482,2299.5
64,483,2222.6
64,484,2323.1
64,485,2311.6
64,486,2208.7
64,487,2243.2
64,488,2223.8
64,489,4058.8
64,490,3177.7
64,491,2127.5
64,492,2213.5
64,493,2385.5
64,494,2127.5
64,495,2146.3
64,496,2135.4
64,497,2144.5
64,498,2220.2
64,499,3794.8
64,500,3776.0
64,501,3892.9
64,502,3167.4
64,503,3218.2
64,504,3151.0
64,505,3174.6
64,506,3128.0
64,507,3218.8
64,508,3063.8
64,509,4091.5
64,510,2866.4
64,511,3178.9
64,512,2170.5
64,513,2182.6
64,514,2140.8
64,515,2175.4
64,516,2154.8
64,517,2183.2
64,518,2157.8
64,519,3185.5
64,520,3215.8
64,521,2977.2
64,522,3234.6
64,523,3130.4
64,524,2833.1
64,525,2904.5
64,526,3111.0
64,527,4017.0
64,528,3781.4
64,529,2301.9
64,530,2263.8
64,531,2242.0
64,532,2200.2
64,533,2314.0
64,534,2281.3
64,535,2280.1
64,536,2962.7
64,537,3148.0
64,538,3225.5
64,539,3189.8
64,540,3180.7
64,541,3148.0
64,542,3088.0
64,543,3148.0
64,544,3104.4
64,545,3777.2
64,546,4047.3
64,547,2884.5
64,548,2977.2
64,549,2398.2
64,550,2140.8
64,551,2179.6
64,552,2143.9
64,553,2178.4
64,554,2306.8
64,555,2140.8
64,556,3146.8
64,557,3037.8
64,558,3134.7
64,559,2967.5
64,560,3177.7
64,561,3109.8
64,562,2866.4
64,563,2858.5
64,564,3541.6
64,565,3190.4
64,566,2323.7
64,567,2288.0
64,568,2196.0
64,569,2211.1
64,570,2299.5
64,571,2165.7
64,572,2171.1
64,573,2277.1
64,574,3737.2
64,575,3775.4
64,576,3549.5
64,577,3817.8
64,578,4129.7
64,579,2281.3
64,580,2231.1
64,581,2351.0
64,582,2123.3
64,583,2172.9
64,584,2175.4
64,585,2228.7
64,586,2168.1
64,587,3160.1
64,588,3812.3
64,589,3161.9
64,590,3194.0
64,591,3184.9
64,592,3143.7
64,593,3172.8
64,594,3137.7
64,595,3076.5
64,596,4038.8
64,597,3264.3
64,598,3300.0
64,599,2301.3
64,600,2210.5
64,601,2147.5
64,602,2281.9
64,603,2151.1
64,604,2149.3
64,605,2206.2
64,606,3143.7
64,607,2961.4
64,608,3203.1
64,609,3184.9
64,610,2896.6
64,611,3098.3
64,612,3117.1
64,613,3135.9
64,614,3782.7
64,615,2805.8
64,616,2171.1
64,617,2192.3
64,618,2344.3
64,619,2129.9
64,620,2168.7
64,621,2208.1
64,622,2203.2
64,623,2162.6
64,624,3535.6
64,625,3798.4
64,626,3607.6
64,627,3776.6
64,628,4045.5
64,629,2331.6
64,630,2306.8
64,631,2188.7
64,632,2262.6
64,633,2285.0
64,634,2197.2
64,635,2146.3
64,636,2173.5
64,637,3062.6
64,638,4006.1
64,639,2328.0
64,640,2175.4
64,641,2113.0
64,642,2165.7
64,643,2182.0
64,644,2199.6
64,645,2186.9
64,646,2105.7
64,647,3032.3
64,648,3493.2
64,649,3551.3
64,650,4041.3
64,651,2266.8
64,652,2177.8
64,653,2191.1
64,654,2108.7
64,655,2203.8
64,656,2173.5
64,657,2234.7
64,658,2253.5
64,659,3091.7
64,660,3820.2
64,661,3199.5
64,662,3154.6
64,663,3175.2
64,664,3209.7
64,665,3060.8
64,666,3083.2
64,667,3059.6
64,668,4015.2
64,669,3071.1
64,670,2272.9
64,671,2240.2
64,672,2245.0
64,673,2219.6
64,674,2176.0
64,675,2126.9
64,676,2137.2
64,677,3315.1
64,678,3220.6
64,679,2888.2
64,680,3169.2
64,681,2897.3
64,682,3144.3
64,683,3095.9
64,684,3145.6
64,685,3830.5
64,686,3122.5
64,687,2252.9
64,688,2222.6
64,689,2222.6
64,690,2315.9
64,691,2186.3
64,692,2156.0
64,693,2275.9
64,694,2128.1
64,695,3808.1
64,696,4038.2
64,697,2954.8
64,698,2195.3
64,699,2124.5
64,700,2185.7
64,701,2227.4
64,702,2155.4
64,703,2215.3
64,704,2105.7
64,705,2153.6
64,706,3024.4
64,707,3198.8
64,708,3157.7
64,709,3168.0
64,710,3140.1
64,711,3192.2
64,712,3155.2
64,713,3068.6
64,714,3115.3
64,715,3756.6
64,716,3997.6
64,717,3275.2
64,718,2948.7
64,719,2286.2
64,720,2337.7
64,721,2252.3
64,722,2203.8
64,723,2213.5
64,724,2171.7
64,725,2212.3
64,726,2902.7
64,727,3185.5
64,728,2902.1
64,729,3171.6
64,730,3121.3
64,731,3075.9
64,732,3218.2
64,733,3149.8
64,734,3785.1
64,735,3205.5
64,736,3144.3
64,737,3115.3
64,738,2954.8
64,739,3196.4
64,740,3145.6
64,741,3236.4
64,742,2869.4
64,743,3836.0
64,744,3098.3
64,745,2248.0
64,746,2274.7
64,747,2288.0
64,748,2223.2
64,749,2285.6
64,750,2224.4
64,751,2265.6
64,752,2155.4
64,753,3796.0
64,754,3776.0
64,755,3157.7
64,756,3168.6
64,757,3223.7
64,758,3212.2
64,759,3168.6
64,760,3944.4
64,761,3206.1
64,762,4032.2
64,763,3796.0
64,764,4054.0
64,765,3244.3
64,766,3032.3
64,767,2324.3
64,768,2285.6
64,769,2151.7
64,770,2169.3
64,771,2126.9
64,772,2151.7
64,773,2200.2
64,774,3159.5
64,775,3177.0
64,776,2929.3
64,777,2938.4
64,778,3109.8
64,779,3182.5
64,780,2937.8
64,781,3101.3
64,782,3992.2
64,783,3832.9
64,784,2240.2
64,785,2231.7
64,786,2166.9
64,787,2283.2
64,788,2120.3
64,789,2192.9
64,790,2159.6
64,791,2996.6
64,792,3195.2
64,793,3143.7
64,794,3207.9
64,795,3163.1
64,796,3158.3
64,797,3246.7
64,798,3072.9
64,799,3194.6
64,800,3760.2
64,801,3742.7
64,802,4012.8
64,803,4004.3
64,804,2996.6
64,805,3296.4
64,806,2282.6
64,807,2334.6
64,808,2113.0
64,809,2179.0
64,810,2211.7
64,811,2145.1
64,812,2122.7
64,813,3048.7
64,814,3187.9
64,815,2969.9
64,816,3215.2
64,817,3224.9
64,818,3118.3
64,819,3073.5
64,820,2831.8
64,821,3829.3
64,822,3151.6
64,823,2226.8
64,824,2240.8
64,825,2258.3
64,826,2260.1
64,827,2122.7
64,828,2122.1
64,829,2283.2
64,830,2088.2
64,831,3795.4
64,832,3776.0
64,833,3194.6
64,834,3220.0
64,835,3264.9
64,836,3144.3
64,837,3230.3
64,838,3077.7
64,839,3099.5
64,840,4001.9
64,841,2974.2
64,842,3047.4
64,843,2297.1
64,844,2286.2
64,845,2331.0
64,846,2137.2
64,847,2154.8
64,848,2223.2
64,849,2183.2
64,850,2999.0
64,851,2928.1
64,852,3218.8
64,853,2965.7
64,854,2841.5
64,855,3095.3
64,856,3210.4
64,857,3133.4
64,858,3842.6
64,859,3128.6
64,860,2297.7
64,861,2309.8
64,862,2258.9
64,863,2288.6
64,864,2145.7
64,865,2150.5
64,866,2223.2
64,867,2122.7
64,868,3767.5
64,869,3909.2
64,870,3131.6
64,871,3242.5
64,872,3203.1
64,873,3206.7
64,874,3171.0
64,875,3064.4
64,876,3152.2
64,877,4117.6
64,878,3221.9
64,879,3269.1
64,880,2266.8
64,881,2314.0
64,882,2249.9
64,883,2219.0
64,884,2231.1
64,885,2235.9
64,886,2146.3
64,887,3191.0
64,888,3128.6
64,889,3148.6
64,890,3231.5
64,891,3136.5
64,892,3069.9
64,893,3126.2
64,894,3075.9
64,895,3835.3
64,896,3185.5
64,897,2191.7
64,898,2310.4
64,899,2221.4
64,900,2317.7
64,901,2212.9
64,902,2133.0
64,903,2169.3
64,904,2213.5
64,905,4052.8
64,906,2965.7
64,907,2159.6
64,908,2149.9
64,909,2212.9
64,910,2143.3
64,911,2226.2
64,912,2129.3
64,913,2123.9
64,914,2154.2
64,915,3783.9
64,916,3582.2
64,917,3834.7
64,918,3144.3
64,919,3151.0
64,920,3160.7
64,921,3171.6
64,922,3241.8
64,923,3095.9
64,924,3063.2
64,925,4057.6
64,926,3224.9
64,927,2977.8
64,928,2169.9
64,929,2249.9
64,930,2251.7
64,931,2125.1
64,932,2130.5
64,933,2178.4
64,934,2151.7
64,935,2933.6
64,936,3071.1
64,937,2955.4
64,938,2992.3
64,939,2861.5
64,940,3195.8
64,941,2988.1
64,942,2822.8
64,943,4093.3
64,944,3567.1
64,945,2308.0
64,946,2283.8
64,947,2297.1
64,948,2178.4
64,949,2189.9
64,950,2150.5
64,951,2175.4
64,952,3199.5
64,953,3057.1
64,954,3204.9
64,955,3186.1
64,956,3157.1
64,957,3243.7
64,958,3155.2
64,959,3077.1
64,960,3096.5
64,961,4052.2
64,962,3248.5
64,963,3213.4
64,964,2305.0
64,965,2369.8
64,966,2276.5
64,967,2186.3
64,968,2127.5
64,969,2126.3
64,970,2178.4
64,971,2906.3
64,972,3188.6
64,973,3207.3
64,974,3141.3
64,975,3086.2
64,976,3148.0
64,977,3163.7
64,978,3187.9
64,979,3802.0
64,980,3083.8
64,981,2189.9
64,982,2223.2
64,983,2228.0
64,984,2163.2
64,985,2264.4
64,986,2182.6
64,987,2211.1
64,988,2105.1
64,989,3592.5
64,990,3675.5
64,991,3964.3
64,992,3468.9
64,993,3398.7
64,994,3481.1
64,995,3522.2
64,996,4199.9
64,997,4040.6
64,998,4120.6
64,999,4200.5
64,1000,3922.6
64,1001,4215.7
64,1002,4204.8
64,1003,3240.0
64,1004,3071.1
64,1005,2467.3
64,1006,2354.0
64,1007,2346.7
64,1008,2394.6
64,1009,2351.6
64,1010,2328.6
64,1011,2272.9
64,1012,2257.7
64,1013,3438.7
64,1014,3326.6
64,1015,3393.2
64,1016,3421.1
64,1017,3391.4
64,1018,3468.3
64,1019,3379.3
64,1020,4190.2
64,1021,3333.9
64,1022,3000.2
64,1023,3278.2
64,1024,3040.8
64,1025,2367.3
64,1026,2400.6
64,1027,2298.9
64,1028,2329.8
64,1029,2346.7
64,1030,2342.5
64,1031,2317.1
64,1032,2281.9
64,1033,3416.3
64,1034,3457.4
64,1035,3409.0
64,1036,3401.1
64,1037,3570.1
64,1038,3911.0
64,1039,3992.2
64,1040,4286.5
64,1041,3241.8
64,1042,3355.1
64,1043,3084.4
64,1044,3336.3
64,1045,2354.0
64,1046,2360.7
64,1047,2298.3
64,1048,2312.8
64,1049,2355.8
64,1050,3227.9
64,1051,3261.2
64,1052,3221.3
64,1053,3252.7
64,1054,3172.8
64,1055,3032.9
64,1056,3252.1
64,1057,3014.7
64,1058,4229.6
64,1059,4180.5
64,1060,2435.2
64,1061,2354.6
64,1062,2419.4
64,1063,2348.0
64,1064,2328.0
64,1065,2319.5
64,1066,2391.0
64,1067,3078.3
64,1068,3174.0
64,1069,3136.5
64,1070,3180.1
64,1071,3206.7
64,1072,3191.6
64,1073,3161.3
64,1074,3174.0
64,1075,3180.7
64,1076,4060.6
64,1077,3799.0
64,1078,5794.5
64,1079,4667.5
64,1080,3710.6
64,1081,4095.8
64,1082,4288.3
64,1083,4309.5
64,1084,4860.0
64,1085,9415.5
64,1086,3100.7
64,1087,3262.4
64,1088,3200.1
64,1089,2920.9
64,1090,2248.0
64,1091,2222.6
64,1092,2260.1
64,1093,2343.7
64,1094,2136.6
64,1095,2940.2
64,1096,3188.6
64,1097,3064.4
64,1098,2880.9
64,1099,3091.7
64,1100,3201.3
64,1101,3098.9
64,1102,3182.5
64,1103,4000.1
64,1104,2969.3
64,1105,2288.0
64,1106,2268.0
64,1107,2337.7
64,1108,2337.7
64,1109,2429.7
64,1110,2298.3
64,1111,2317.7
64,1112,2288.0
64,1113,3418.1
64,1114,3447.8
64,1115,3261.2
64,1116,3204.9
64,1117,3254.6
64,1118,3126.8
64,1119,3161.3
64,1120,4058.2
64,1121,3214.0
64,1122,2931.8
64,1123,2932.4
64,1124,2262.0
64,1125,2147.5
64,1126,2103.3
64,1127,2133.0
64,1128,2165.7
64,1129,2194.1
64,1130,3229.7
64,1131,3157.7
64,1132,3181.3
64,1133,3221.3
64,1134,3092.3
64,1135,3207.9
64,1136,2843.4
64,1137,3096.5
64,1138,4049.1
64,1139,3802.0
64,1140,2320.1
64,1141,2286.2
64,1142,2206.2
64,1143,2325.6
64,1144,2159.6
64,1145,2152.3
64,1146,2208.1
64,1147,2976.0
64,1148,3132.2
64,1149,3204.3
64,1150,3242.5
64,1151,3214.0
64,1152,3188.6
64,1153,3180.1
64,1154,3230.3
64,1155,3074.7
64,1156,4066.1
64,1157,3828.1
64,1158,4075.2
64,1159,2976.0
64,1160,3115.3
64,1161,2319.5
64,1162,2248.0
64,1163,2268.0
64,1164,2136.0
64,1165,2225.0
64,1166,2203.8
64,1167,2247.4
64,1168,3186.7
64,1169,3180.1
64,1170,3228.5
64,1171,3180.7
64,1172,3149.8
64,1173,3178.3
64,1174,3081.4
64,1175,3249.7
64,1176,4020.7
64,1177,6393.5
64,1178,5483.8
64,1179,3680.9
64,1180,3376.9
64,1181,4143.0
64,1182,4109.7
64,1183,4228.4
64,1184,4072.7
64,1185,4218.7
64,1186,4243.5
64,1187,4150.9
64,1188,3272.1
64,1189,3189.2
64,1190,3240.6
64,1191,3199.5
64,1192,3107.4
64,1193,3187.9
64,1194,4140.0
64,1195,4086.7
64,1196,4184.8
64,1197,3354.5
64,1198,3066.8
64,1199,3094.7
64,1200,3352.1
64,1201,3375.7
64,1202,3267.3
64,1203,3173.4
64,1204,3148.6
64,1205,4034.6
64,1206,3201.3
64,1207,3400.5
64,1208,3225.5
64,1209,3159.5
64,1210,3249.7
64,1211,3187.9
64,1212,3445.9
64,1213,3277.6
64,1214,4013.4
64,1215,4019.5
64,1216,3200.1
64,1217,3184.9
64,1218,3284.2
64,1219,3265.5
64,1220,3071.7
64,1221,3310.9
64,1222,3160.1
64,1223,3350.2
64,1224,3937.7
64,1225,3063.8
64,1226,3294.5
64,1227,3234.0
64,1228,3097.1
64,1229,3151.6
64,1230,3343.0
64,1231,3252.7
64,1232,3161.9
64,1233,4082.4
64,1234,3311.5
64,1235,3395.1
64,1236,3195.8
64,1237,3301.2
64,1238,3267.3
64,1239,3315.1
64,1240,3312.1
64,1241,3264.3
64,1242,4072.1
64,1243,3827.5
64,1244,3419.3
64,1245,3222.5
64,1246,3224.9
64,1247,3220.0
64,1248,3406.0
64,1249,3114.1
64,1250,3297.0
64,1251,3064.4
64,1252,4191.4
64,1253,3339.3
64,1254,3371.4
64,1255,3384.8
64,1256,3382.3
64,1257,3290.9
64,1258,3195.8
64,1259,3223.1
64,1260,3350.9
64,1261,4020.1
64,1262,4209.6
64,1263,3244.3
64,1264,3188.6
64,1265,3270.9
64,1266,3091.7
64,1267,3270.9
64,1268,3352.1
64,1269,3435.0
64,1270,3992.2
64,1271,4010.4
64,1272,4125.4
64,1273,4034.6
64,1274,3197.6
64,1275,3394.5
64,1276,3186.7
64,1277,3289.7
64,1278,3222.5
64,1279,3309.1
64,1280,3403.5
64,1281,3223.7
64,1282,4274.4
64,1283,4125.4
64,1284,3813.5
64,1285,3174.0
64,1286,3289.7
64,1287,3254.0
64,1288,3254.6
64,1289,3101.9
64,1290,3056.5
64,1291,3294.5
64,1292,3252.7
64,1293,3975.2
64,1294,3295.1
64,1295,3211.6
64,1296,3234.0
64,1297,3195.2
64,1298,3329.7
64,1299,3250.3
64,1300,3244.9
64,1301,3558.6
64,1302,4169.6
64,1303,4042.5
64,1304,3952.2
64,1305,3283.6
64,1306,3117.7
64,1307,3207.9
64,1308,3198.2
64,1309,3161.3
64,1310,3126.8
64,1311,3064.4
64,1312,3098.3
64,1313,4030.4
64,1314,3132.2
64,1315,3063.8
64,1316,3172.8
64,1317,3161.3
64,1318,3171.6
64,1319,3295.1
64,1320,3098.3
64,1321,3096.5
64,1322,3875.3
64,1323,3269.7
64,1324,3371.4
64,1325,3152.2
64,1326,3155.8
64,1327,3086.2
64,1328,3042.0
64,1329,2976.0
64,1330,3303.0
64,1331,3898.3
64,1332,3054.1
64,1333,3286.7
64,1334,3286.1
64,1335,3258.8
64,1336,3145.6
64,1337,3181.3
64,1338,3335.7
64,1339,3348.4
64,1340,3825.1
64,1341,3142.5
64,1342,3313.3
64,1343,3075.9
64,1344,3732.4
64,1345,3167.4
64,1346,3784.5
64,1347,2548.4
64,1348,2190.5
64,1349,2389.1
64,1350,2321.3
64,1351,2172.3
64,1352,2212.9
64,1353,3305.4
64,1354,3194.6
64,1355,3181.3
64,1356,3141.9
64,1357,3183.7
64,1358,3044.4
64,1359,3179.5
64,1360,3070.5
64,1361,3774.2
64,1362,3768.1
64,1363,6962.1
64,1364,4816.4
64,1365,4299.9
64,1366,4187.2
64,1367,4313.8
64,1368,4043.1
64,1369,4508.2
64,1370,8626.3
64,1371,4468.2
64,1372,4909.7
64,1373,8990.3
64,1374,3442.3
64,1375,3218.2
64,1376,3207.9
64,1377,2867.0
64,1378,3100.1
64,1379,2258.3
64,1380,2351.6
64,1381,2437.0
64,1382,2288.6
64,1383,3186.1
64,1384,3139.5
64,1385,3112.8
64,1386,3173.4
64,1387,3197.6
64,1388,3168.6
64,1389,3267.3
64,1390,2905.7
64,1391,4006.7
64,1392,3171.0
64,1393,2344.9
64,1394,2384.9
64,1395,2311.6
64,1396,2373.4
64,1397,2364.9
64,1398,2317.1
64,1399,2400.6
64,1400,2396.4
64,1401,3347.2
64,1402,3476.8
64,1403,3490.8
64,1404,3426.0
64,1405,3463.5
64,1406,3964.3
64,1407,3977.7
64,1408,3937.7
64,1409,4006.1
64,1410,4305.3
64,1411,3040.8
64,1412,3092.9
64,1413,3324.8
64,1414,2447.3
64,1415,2405.5
64,1416,2317.7
64,1417,2312.8
64,1418,2348.6
64,1419,2318.9
64,1420,3255.8
64,1421,3045.0
64,1422,3260.6
64,1423,3136.5
64,1424,3184.9
64,1425,2965.1
64,1426,3315.7
64,1427,2960.2
64,1428,3858.4
64,1429,3295.1
64,1430,2291.6
64,1431,2331.0
64,1432,2189.9
64,1433,2233.5
64,1434,2240.8
64,1435,2256.5
64,1436,2166.9
64,1437,2281.3
64,1438,3769.9
64,1439,3816.0
64,1440,4075.8
64,1441,2243.2
64,1442,2195.3
64,1443,2192.9
64,1444,2174.8
64,1445,2179.0
64,1446,2119.6
64,1447,2170.5
64,1448,2138.4
64,1449,3007.5
64,1450,3843.2
64,1451,3153.4
64,1452,3227.9
64,1453,3202.5
64,1454,3138.3
64,1455,3152.8
64,1456,3212.8
64,1457,3117.1
64,1458,4078.2
64,1459,3176.4
64,1460,2977.2
64,1461,2268.6
64,1462,2304.4
64,1463,2320.1
64,1464,2199.6
64,1465,2119.6
64,1466,2151.1
64,1467,2261.4
64,1468,3083.8
64,1469,3217.0
64,1470,2952.4
64,1471,4380.4
64,1472,2191.1
64,1473,2164.5
64,1474,2156.0
64,1475,2102.1
64,1476,2146.9
64,1477,2291.0
64,1478,2220.2
64,1479,2240.2
64,1480,3558.6
64,1481,3846.9
64,1482,3228.5
64,1483,3181.3
64,1484,3217.0
64,1485,3269.1
64,1486,3115.3
64,1487,3185.5
64,1488,3146.8
64,1489,3864.4
64,1490,4172.7
64,1491,2993.5
64,1492,3300.0
64,1493,2396.4
64,1494,2159.6
64,1495,2134.8
64,1496,2170.5
64,1497,2114.8
64,1498,2192.9
64,1499,2126.3
64,1500,2968.7
64,1501,3013.5
64,1502,3281.8
64,1503,2916.6
64,1504,3105.0
64,1505,3106.2
64,1506,3170.4
64,1507,3232.2
64,1508,3541.0
64,1509,3234.6
64,1510,2165.1
64,1511,2248.0
64,1512,2183.8
64,1513,2306.8
64,1514,2194.7
64,1515,2219.0
64,1516,2180.8
64,1517,2156.6
64,1518,3794.8
64,1519,3856.5
64,1520,3161.9
64,1521,3202.5
64,1522,3251.5
64,1523,3207.9
64,1524,3250.9
64,1525,3127.4
64,1526,3135.9
64,1527,3822.6
64,1528,4137.5
64,1529,3301.8
64,1530,3022.0
64,1531,2291.6
64,1532,2186.9
64,1533,2197.2
64,1534,2253.5
64,1535,2239.0
64,1536,2226.2
64,1537,2180.2
64,1538,2963.9
64,1539,3046.8
64,1540,3100.7
64,1541,3037.1
64,1542,3166.1
64,1543,2452.1
64,1544,2351.0
64,1545,2347.4
64,1546,2199.6
64,1547,2165.1
64,1548,2133.0
64,1549,2164.5
64,1550,2136.6
64,1551,4215.7
64,1552,2976.6
64,1553,2139.0
64,1554,2242.0
64,1555,2195.3
64,1556,2111.2
64,1557,2208.1
64,1558,2110.0
64,1559,2163.9
64,1560,2111.2
64,1561,3551.3
64,1562,3855.3
64,1563,3186.1
64,1564,3173.4
64,1565,3263.6
64,1566,3111.0
64,1567,3141.9
64,1568,3173.4
64,1569,3134.7
64,1570,3808.1
64,1571,4128.5
64,1572,2956.0
64,1573,3314.5
64,1574,2240.8
64,1575,2296.5
64,1576,2222.0
64,1577,2197.2
64,1578,2280.1
64,1579,2277.1
64,1580,2203.8
64,1581,2979.6
64,1582,3219.4
64,1583,3216.4
64,1584,2996.0
64,1585,3132.8
64,1586,3145.6
64,1587,3158.3
64,1588,2819.1
64,1589,4170.9
64,1590,3833.5
64,1591,2299.5
64,1592,2305.6
64,1593,2304.4
64,1594,2315.3
64,1595,2231.7
64,1596,2133.6
64,1597,2194.1
64,1598,3101.9
64,1599,3177.0
64,1600,3260.6
64,1601,3167.4
64,1602,3261.2
64,1603,3142.5
64,1604,3329.1
64,1605,3206.7
64,1606,3207.3
64,1607,4110.3
64,1608,2887.0
64,1609,3211.6
64,1610,2427.9
64,1611,2205.0
64,1612,2120.3
64,1613,2306.2
64,1614,2113.6
64,1615,2158.4
64,1616,2170.5
64,1617,3148.0
64,1618,3056.5
64,1619,2981.4
64,1620,3227.9
64,1621,3195.8
64,1622,3084.4
64,1623,3228.5
64,1624,3163.1
64,1625,3839.6
64,1626,2883.9
64,1627,3098.3
64,1628,3153.4
64,1629,3250.3
64,1630,3217.6
64,1631,2962.1
64,1632,3215.2
64,1633,3243.1
64,1634,4169.0
64,1635,3538.6
64,1636,2295.9
64,1637,2243.8
64,1638,2260.8
64,1639,2209.3
64,1640,2180.8
64,1641,2274.7
64,1642,2289.2
64,1643,3008.7
64,1644,3191.0
64,1645,3240.6
64,1646,3206.7
64,1647,3330.3
64,1648,3183.1
64,1649,3118.9
64,1650,3151.6
64,1651,3183.7
64,1652,4109.1
64,1653,3092.9
64,1654,2987.5
64,1655,2234.1
64,1656,2239.6
64,1657,2232.3
64,1658,2168.7
64,1659,2137.2
64,1660,2161.4
64,1661,2188.7
64,1662,2929.3
64,1663,2977.2
64,1664,3229.7
64,1665,2960.8
64,1666,3253.4
64,1667,3140.7
64,1668,2853.6
64,1669,3179.5
64,1670,3505.9
64,1671,2856.1
64,1672,3182.5
64,1673,3168.0
64,1674,3234.0
64,1675,3129.8
64,1676,5059.9
64,1677,3921.3
64,1678,8465.9
64,1679,4418.6
64,1680,5358.5
64,1681,7733.7
64,1682,4267.8
64,1683,5478.4
64,1684,7539.9
64,1685,4255.0
64,1686,3218.2
64,1687,3201.3
64,1688,3136.5
64,1689,3169.8
64,1690,2269.8
64,1691,2279.5
64,1692,2350.4
64,1693,2239.6
64,1694,3022.6
64,1695,3242.5
64,1696,3206.7
64,1697,3126.8
64,1698,3154.0
64,1699,3195.2
64,1700,3104.4
64,1701,3215.2
64,1702,3186.1
64,1703,3861.4
64,1704,4118.8
64,1705,3278.2
64,1706,3237.0
64,1707,2285.6
64,1708,2222.6
64,1709,2263.2
64,1710,2221.4
64,1711,2204.4
64,1712,2111.2
64,1713,2159.6
64,1714,4133.3
64,1715,7294.6
64,1716,3076.5
64,1717,5227.0
64,1718,10067.7
64,1719,3205.5
64,1720,3114.7
64,1721,3200.7
64,1722,3255.2
64,1723,3086.8
64,1724,3114.1
64,1725,2322.5
64,1726,2899.1
64,1727,2276.5
64,1728,2224.4
64,1729,2230.5
64,1730,2185.7
64,1731,2153.0
64,1732,2167.5
64,1733,2239.6
64,1734,3192.8
64,1735,3293.9
64,1736,4183.0
64,1737,7193.5
64,1738,4081.8
64,1739,5487.5
64,1740,8527.0
64,1741,3254.6
64,1742,3204.9
64,1743,3320.6
64,1744,3232.8
64,1745,3209.7
64,1746,2288.6
64,1747,2236.5
64,1748,2350.4
64,1749,3290.9
64,1750,3146.8
64,1751,3238.8
64,1752,3166.7
64,1753,3109.2
64,1754,3218.8
64,1755,3180.1
64,1756,3164.3
64,1757,3258.2
64,1758,3825.1
64,1759,4135.7
64,1760,3028.7
64,1761,3255.8
64,1762,2289.8
64,1763,2206.2
64,1764,2277.1
64,1765,2309.8
64,1766,2123.3
64,1767,2172.9
64,1768,2119.6
64,1769,3264.9
64,1770,3222.5
64,1771,3198.2
64,1772,2996.6
64,1773,3315.1
64,1774,3134.0
64,1775,3275.2
64,1776,3062.0
64,1777,3740.3
64,1778,2957.2
64,1779,3269.1
64,1780,3324.2
64,1781,3275.2
64,1782,3237.0
64,1783,2906.9
64,1784,2928.7
64,1785,3307.9
64,1786,4005.5
64,1787,3221.3
64,1788,2361.9
64,1789,2352.8
64,1790,2294.1
64,1791,2322.5
64,1792,2318.9
64,1793,2329.2
64,1794,2252.3
64,1795,2337.1
64,1796,3945.0
64,1797,4353.8
64,1798,2341.3
64,1799,2356.4
64,1800,2337.1
64,1801,2343.7
64,1802,2356.4
64,1803,2382.5
64,1804,2315.9
64,1805,2350.4
64,1806,3291.5
64,1807,3430.8
64,1808,3498.6
64,1809,3374.5
64,1810,3400.5
64,1811,3404.8
64,1812,4305.9
64,1813,3394.5
64,1814,3238.8
64,1815,3032.3
64,1816,3420.5
64,1817,2950.5
64,1818,2394.0
64,1819,2306.2
64,1820,2356.4
64,1821,2379.5
64,1822,2326.8
64,1823,2340.1
64,1824,3316.3
64,1825,3025.0
64,1826,2916.0
64,1827,3406.0
64,1828,3295.7
64,1829,3305.4
64,1830,3215.2
64,1831,3252.1
64,1832,3700.9
64,1833,2900.9
64,1834,2245.6
64,1835,2157.8
64,1836,2258.3
64,1837,2255.3
64,1838,2081.5
64,1839,2125.1
64,1840,2160.8
64,1841,2163.2
64,1842,3837.8
64,1843,3808.1
64,1844,3165.5
64,1845,3158.9
64,1846,3204.9
64,1847,3240.0
64,1848,3101.9
64,1849,3207.3
64,1850,3145.6
64,1851,4101.2
64,1852,2975.4
64,1853,2959.0
64,1854,2202.6
64,1855,2187.5
64,1856,2192.9
64,1857,2200.8
64,1858,2126.3
64,1859,2130.5
64,1860,2164.5
64,1861,3249.1
64,1862,3173.4
64,1863,3230.9
64,1864,3234.0
64,1865,2925.1
64,1866,3161.3
64,1867,2841.5
64,1868,3238.8
64,1869,3837.2
64,1870,2871.8
64,1871,3186.1
64,1872,3104.4
64,1873,3141.9
64,1874,3167.4
64,1875,3091.7
64,1876,3094.7
64,1877,2897.9
64,1878,3766.3
64,1879,3206.1
64,1880,2256.5
64,1881,2261.4
64,1882,2268.0
64,1883,2212.9
64,1884,2196.0
64,1885,2231.1
64,1886,2229.3
64,1887,2229.3
64,1888,4107.3
64,1889,3218.8
64,1890,2182.0
64,1891,2148.7
64,1892,2210.5
64,1893,2231.1
64,1894,2172.9
64,1895,2251.7
64,1896,2254.7
64,1897,2191.1
64,1898,3581.0
64,1899,4175.1
64,1900,2202.6
64,1901,2215.9
64,1902,2141.4
64,1903,2122.1
64,1904,2105.7
64,1905,2111.8
64,1906,2249.2
64,1907,2177.8
64,1908,3116.5
64,1909,4206.6
64,1910,2266.2
64,1911,2137.8
64,1912,2146.9
64,1913,2129.3
64,1914,2151.7
64,1915,2101.5
64,1916,2136.0
64,1917,2263.2
64,1918,3112.8
64,1919,3859.0
64,1920,3109.2
64,1921,3191.6
64,1922,3224.9
64,1923,3230.9
64,1924,3210.4
64,1925,3245.5
64,1926,3121.9
64,1927,3832.3
64,1928,4120.6
64,1929,3318.2
64,1930,3215.2
64,1931,2211.7
64,1932,2292.8
64,1933,2329.8
64,1934,2127.5
64,1935,2179.0
64,1936,2149.9
64,1937,2278.9
64,1938,3291.5
64,1939,2969.3
64,1940,2943.3
64,1941,3037.8
64,1942,3183.1
64,1943,3178.3
64,1944,3203.1
64,1945,3105.6
64,1946,3899.5
64,1947,3157.1
64,1948,2283.2
64,1949,2223.8
64,1950,2250.5
64,1951,2332.2
64,1952,2155.4
64,1953,2138.4
64,1954,2515.1
64,1955,2395.2
64,1956,3197.6
64,1957,3272.1
64,1958,3189.8
64,1959,3198.2
64,1960,3269.7
64,1961,3237.6
64,1962,3146.2
64,1963,3172.2
64,1964,3108.0
64,1965,3880.2
64,1966,4127.9
64,1967,3178.3
64,1968,3275.8
64,1969,2323.7
64,1970,2421.8
64,1971,2257.1
64,1972,2200.8
64,1973,2327.4
64,1974,2171.7
64,1975,2144.5
64,1976,3192.2
64,1977,3211.6
64,1978,3274.5
64,1979,2954.2
64,1980,3143.1
64,1981,5033.9
64,1982,3898.3
64,1983,4184.2
64,1984,4324.7
64,1985,3468.3
64,1986,2479.4
64,1987,2363.7
64,1988,2326.2
64,1989,2435.8
64,1990,2330.4
64,1991,2262.0
64,1992,2289.8
64,1993,3551.9
64,1994,3469.6
64,1995,3516.8
64,1996,3437.5
64,1997,3528.3
64,1998,3399.9
64,1999,4064.9
256,0,4336.8
256,1,3523.5
256,2,2438.8
256,3,2374.6
256,4,2401.3
256,5,2401.9
256,6,2380.1
256,7,2392.8
256,8,2449.7
256,9,3416.3
256,10,3454.4
256,11,3521.6
256,12,3404.8
256,13,3517.4
256,14,4040.6
256,15,4374.9
256,16,3396.3
256,17,3429.0
256,18,3441.7
256,19,3050.5
256,20,2429.1
256,21,2406.1
256,22,2438.8
256,23,2408.5
256,24,2350.4
256,25,2433.4
256,26,2306.8
256,27,2394.0
256,28,3404.1
256,29,3330.3
256,30,3542.8
256,31,3403.5
256,32,3449.6
256,33,4410.7
256,34,3028.1
256,35,3536.2
256,36,3039.0
256,37,2979.6
256,38,2344.3
256,39,2425.5
256,40,2452.7
256,41,2376.4
256,42,2309.8
256,43,2438.8
256,44,2440.0
256,45,2374.0
256,46,3300.6
256,47,3498.0
256,48,3400.5
256,49,3467.1
256,50,3459.3
256,51,3416.9
256,52,4360.4
256,53,3047.4
256,54,3421.7
256,55,3300.6
256,56,2972.3
256,57,3346.6
256,58,2185.7
256,59,2405.5
256,60,2292.8
256,61,2305.6
256,62,3279.4
256,63,2978.4
256,64,2996.6
256,65,3229.1
256,66,2850.0
256,67,3349.0
256,68,2957.2
256,69,3003.8
256,70,4064.9
256,71,3313.9
256,72,2406.7
256,73,2378.8
256,74,2286.8
256,75,2381.9
256,76,2394.6
256,77,2330.4
256,78,2320.7
256,79,2409.7
256,80,3393.2
256,81,3499.2
256,82,3565.8
256,83,3490.1
256,84,3436.2
256,85,4362.2
256,86,3088.0
256,87,3003.2
256,88,3015.3
256,89,3106.2
256,90,3263.0
256,91,2438.2
256,92,2403.1
256,93,2383.7
256,94,2448.5
256,95,2994.1
256,96,2378.2
256,97,2407.3
256,98,2272.3
256,99,2287.4
256,100,2176.0
256,101,2240.2
256,102,2232.3
256,103,2248.0
256,104,4195.1
256,105,3292.1
256,106,2271.7
256,107,2197.8
256,108,2183.8
256,109,2186.3
256,110,2201.4
256,111,2178.4
256,112,2215.9
256,113,2355.8
256,114,4186.0
256,115,3205.5
256,116,2164.5
256,117,2173.5
256,118,2223.8
256,119,2184.4
256,120,2156.6
256,121,2208.1
256,122,2177.8
256,123,2211.7
256,124,3605.8
256,125,3889.2
256,126,3199.5
256,127,3228.5
256,128,3280.6
256,129,3308.5
256,130,3144.3
256,131,3276.4
256,132,3232.2
256,133,3910.4
256,134,4215.7
256,135,3337.5
256,136,3245.5
256,137,2348.0
256,138,2258.3
256,139,2191.1
256,140,2188.1
256,141,2151.1
256,142,2245.0
256,143,2165.7
256,144,3244.9
256,145,3036.5
256,146,2957.8
256,147,3316.3
256,148,3234.0
256,149,3232.8
256,150,3214.6
256,151,3194.0
256,152,3601.6
256,153,3288.5
256,154,2261.4
256,155,2346.7
256,156,2385.5
256,157,2255.3
256,158,2267.4
256,159,2192.3
256,160,2283.8
256,161,2249.9
256,162,3607.6
256,163,4185.4
256,164,2234.7
256,165,2211.7
256,166,2217.8
256,167,2151.7
256,168,2162.0
256,169,2225.0
256,170,2140.2
256,171,2245.6
256,172,2968.7
256,173,3896.5
256,174,4195.7
256,175,2254.1
256,176,2155.4
256,177,2259.5
256,178,2239.0
256,179,2159.6
256,180,2154.2
256,181,2228.7
256,182,2211.1
256,183,3037.1
256,184,3877.1
256,185,3221.9
256,186,3180.1
256,187,3243.7
256,188,3201.3
256,189,3209.1
256,190,3214.6
256,191,3131.0
256,192,4149.7
256,193,3039.6
256,194,3340.0
256,195,2354.0
256,196,2355.2
256,197,2247.4
256,198,2285.0
256,199,2272.9
256,200,2246.2
256,201,2289.2
256,202,2935.4
256,203,2967.5
256,204,3008.1
256,205,3307.9
256,206,3284.8
256,207,3234.0
256,208,2922.7
256,209,2914.2
256,210,3863.8
256,211,2931.8
256,212,3217.0
256,213,3235.2
256,214,3203.1
256,215,3241.2
256,216,3221.9
256,217,2979.6
256,218,2858.5
256,219,3879.6
256,220,2899.1
256,221,3247.3
256,222,3025.0
256,223,2866.4
256,224,3183.1
256,225,3188.6
256,226,3258.2
256,227,3191.0
256,228,4172.7
256,229,3887.4
256,230,2388.5
256,231,2222.0
256,232,2300.1
256,233,2334.0
256,234,2200.8
256,235,2285.6
256,236,2171.7
256,237,2988.7
256,238,3234.0
256,239,3244.3
256,240,3212.8
256,241,3255.8
256,242,3143.1
256,243,3263.0
256,244,3161.9
256,245,3281.8
256,246,3902.0
256,247,4166.0
256,248,3309.7
256,249,3289.7
256,250,2274.7
256,251,2337.7
256,252,2228.7
256,253,2306.2
256,254,2225.6
256,255,2185.7
256,256,2171.1
256,257,3049.3
256,258,3293.9
256,259,3274.5
256,260,2983.2
256,261,2984.5
256,262,2889.4
256,263,2910.6
256,264,3180.1
256,265,4215.7
256,266,3612.5
256,267,2354.6
256,268,2378.8
256,269,2291.0
256,270,2261.4
256,271,2165.1
256,272,2273.5
256,273,2289.2
256,274,2991.1
256,275,3178.3
256,276,3163.1
256,277,3265.5
256,278,3320.0
256,279,4605.1
256,280,3125.6
256,281,3240.0
256,282,3129.2
256,283,3918.9
256,284,3917.1
256,285,4165.4
256,286,3299.4
256,287,2923.3
256,288,2258.9
256,289,2369.2
256,290,2183.2
256,291,2180.2
256,292,2252.9
256,293,2217.8
256,294,2206.2
256,295,2963.9
256,296,3022.6
256,297,3268.5
256,298,2979.0
256,299,3278.2
256,300,2996.6
256,301,3229.1
256,302,2969.3
256,303,3947.4
256,304,3296.4
256,305,2314.7
256,306,2254.7
256,307,2306.8
256,308,2263.8
256,309,2220.8
256,310,2296.5
256,311,2242.6
256,312,2185.1
256,313,3633.7
256,314,3873.5
256,315,3272.7
256,316,3247.9
256,317,3262.4
256,318,3244.3
256,319,3203.1
256,320,3194.0
256,321,3262.4
256,322,3873.5
256,323,4187.2
256,324,3300.0
256,325,3312.1
256,326,2337.1
256,327,2276.5
256,328,2191.7
256,329,2222.0
256,330,2193.5
256,331,2201.4
256,332,2172.9
256,333,2965.7
256,334,3041.4
256,335,3295.1
256,336,3226.1
256,337,3250.9
256,338,3036.5
256,339,3178.9
256,340,3171.6
256,341,3874.7
256,342,3283.0
256,343,2235.3
256,344,2325.6
256,345,2303.1
256,346,2320.1
256,347,2230.5
256,348,2182.6
256,349,2196.6
256,350,2168.7
256,351,3877.1
256,352,3887.4
256,353,3923.8
256,354,3270.3
256,355,3280.0
256,356,3249.1
256,357,3300.6
256,358,3194.6
256,359,3226.7
256,360,3195.2
256,361,3945.0
256,362,3868.7
256,363,3943.8
256,364,4196.3
256,365,3226.1
256,366,3029.3
256,367,2273.5
256,368,2330.4
256,369,2324.9
256,370,2272.9
256,371,2221.4
256,372,2188.7
256,373,2219.6
256,374,2341.9
256,375,3144.3
256,376,3169.8
256,377,3344.2
256,378,3174.0
256,379,3272.7
256,380,3254.0
256,381,3154.0
256,382,3209.1
256,383,3229.7
256,384,4164.2
256,385,3080.8
256,386,2939.6
256,387,2239.0
256,388,2302.5
256,389,2206.9
256,390,2291.6
256,391,2246.2
256,392,2240.8
256,393,2257.1
256,394,3285.4
256,395,3004.4
256,396,3273.9
256,397,2986.3
256,398,3260.0
256,399,2957.2
256,400,3010.5
256,401,3221.3
256,402,3922.6
256,403,2911.8
256,404,3195.8
256,405,3226.1
256,406,3059.0
256,407,3292.7
256,408,3178.3
256,409,3240.6
256,410,3239.4
256,411,3907.4
256,412,3269.1
256,413,2269.8
256,414,2334.0
256,415,2276.5
256,416,2297.7
256,417,2270.4
256,418,2282.6
256,419,2335.8
256,420,2227.4
256,421,3849.9
256,422,3625.8
256,423,3616.7
256,424,4160.6
256,425,2438.2
256,426,2154.2
256,427,2194.7
256,428,2260.8
256,429,2200.8
256,430,2223.2
256,431,2186.3
256,432,2174.1
256,433,3207.3
256,434,4179.3
256,435,2344.9
256,436,2272.3
256,437,2209.9
256,438,2233.5
256,439,2174.1
256,440,2200.8
256,441,2274.7
256,442,2188.1
256,443,3022.0
256,444,3581.0
256,445,3934.1
256,446,3322.4
256,447,3266.7
256,448,3231.5
256,449,3280.0
256,450,3126.2
256,451,3139.5
256,452,3238.2
256,453,3905.0
256,454,4216.9
256,455,3330.3
256,456,3034.7
256,457,2364.3
256,458,2202.6
256,459,2194.1
256,460,2172.9
256,461,2305.6
256,462,2262.0
256,463,2280.7
256,464,3247.3
256,465,3323.6
256,466,3359.3
256,467,3260.0
256,468,2916.6
256,469,2871.2
256,470,3248.5
256,471,3204.9
256,472,4149.1
256,473,3636.1
256,474,2342.5
256,475,2271.7
256,476,2240.2
256,477,2291.6
256,478,2234.1
256,479,2200.2
256,480,2255.3
256,481,3075.3
256,482,3170.4
256,483,3252.1
256,484,3189.2
256,485,3304.2
256,486,3160.1
256,487,3179.5
256,488,3229.7
256,489,3193.4
256,490,4197.5
256,491,3288.5
256,492,3320.0
256,493,2301.3
256,494,2209.3
256,495,2177.8
256,496,2214.1
256,497,2247.4
256,498,2160.8
256,499,2194.1
256,500,2930.0
256,501,3273.9
256,502,3296.4
256,503,3235.8
256,504,2919.7
256,505,2946.9
256,506,2925.7
256,507,3289.7
256,508,4226.0
256,509,3906.2
256,510,2383.1
256,511,2249.9
256,512,2266.2
256,513,2263.8
256,514,2278.9
256,515,2228.7
256,516,2248.6
256,517,2998.4
256,518,3260.6
256,519,3269.7
256,520,3249.1
256,521,3279.4
256,522,3121.3
256,523,3185.5
256,524,3209.1
256,525,3168.0
256,526,4193.9
256,527,3313.9
256,528,3234.0
256,529,2393.4
256,530,2329.2
256,531,2348.0
256,532,2299.5
256,533,2182.6
256,534,2207.5
256,535,2193.5
256,536,3230.9
256,537,3037.1
256,538,2979.0
256,539,3007.5
256,540,3160.7
256,541,3232.8
256,542,3219.4
256,543,3212.2
256,544,4181.2
256,545,3924.4
256,546,2363.7
256,547,2222.0
256,548,2384.9
256,549,2273.5
256,550,2180.8
256,551,2238.3
256,552,2140.8
256,553,3060.8
256,554,3202.5
256,555,3287.9
256,556,3274.5
256,557,3298.8
256,558,3204.9
256,559,3114.1
256,560,3260.6
256,561,3230.9
256,562,3871.1
256,563,4187.8
256,564,3006.9
256,565,3324.2
256,566,2296.5
256,567,2279.5
256,568,2212.9
256,569,2308.6
256,570,2225.0
256,571,2225.0
256,572,2187.5
256,573,3245.5
256,574,3310.9
256,575,3238.2
256,576,3249.7
256,577,2924.5
256,578,3245.5
256,579,3154.0
256,580,2857.9
256,581,3883.2
256,582,2916.0
256,583,2919.7
256,584,2936.0
256,585,3212.2
256,586,3192.2
256,587,2980.8
256,588,3189.8
256,589,3184.9
256,590,3952.2
256,591,3164.3
256,592,2298.3
256,593,2338.3
256,594,2246.2
256,595,2226.2
256,596,2231.7
256,597,3383.6
256,598,2208.7
256,599,2249.2
256,600,3575.5
256,601,3913.5
256,602,3249.1
256,603,3267.3
256,604,3246.1
256,605,3249.1
256,606,3262.4
256,607,3151.0
256,608,3250.9
256,609,3932.8
256,610,3909.2
256,611,4195.7
256,612,3341.8
256,613,3052.3
256,614,2317.7
256,615,2441.2
256,616,2231.7
256,617,2291.6
256,618,2209.3
256,619,2174.8
256,620,2268.0
256,621,3277.0
256,622,3295.7
256,623,3274.5
256,624,2979.0
256,625,3234.0
256,626,3197.6
256,627,3139.5
256,628,3157.7
256,629,3589.5
256,630,3233.4
256,631,2336.5
256,632,2142.1
256,633,2321.9
256,634,2215.9
256,635,2266.8
256,636,2179.6
256,637,2128.1
256,638,2177.8
256,639,3516.2
256,640,3846.9
256,641,3097.1
256,642,3218.2
256,643,3425.3
256,644,3224.3
256,645,3318.2
256,646,3861.4
256,647,4202.3
256,648,3367.8
256,649,3039.6
256,650,2404.9
256,651,2438.2
256,652,2320.1
256,653,2159.6
256,654,2229.3
256,655,2165.1
256,656,2149.3
256,657,3465.9
256,658,2987.5
256,659,3004.4
256,660,2939.0
256,661,2974.2
256,662,3252.1
256,663,2950.5
256,664,3212.8
256,665,4195.7
256,666,3832.3
256,667,2418.8
256,668,2330.4
256,669,2294.7
256,670,2332.2
256,671,2209.9
256,672,2161.4
256,673,2282.6
256,674,3015.3
256,675,3341.8
256,676,3192.2
256,677,3263.6
256,678,3260.6
256,679,3138.3
256,680,3289.7
256,681,3228.5
256,682,3131.0
256,683,4216.3
256,684,3295.7
256,685,3315.1
256,686,2271.0
256,687,2361.9
256,688,2194.7
256,689,2320.1
256,690,2172.9
256,691,2226.2
256,692,2186.9
256,693,2957.2
256,694,3277.0
256,695,3252.7
256,696,3041.4
256,697,3296.4
256,698,3209.7
256,699,3221.3
256,700,2902.1
256,701,3891.7
256,702,3230.3
256,703,2250.5
256,704,2306.8
256,705,2252.9
256,706,2315.3
256,707,2163.2
256,708,2243.2
256,709,2200.8
256,710,2223.8
256,711,3863.8
256,712,3586.4
256,713,3207.3
256,714,3175.8
256,715,3257.0
256,716,3253.4
256,717,3264.9
256,718,3207.3
256,719,3170.4
256,720,4199.9
256,721,3045.0
256,722,3305.4
256,723,2354.6
256,724,2308.0
256,725,2298.9
256,726,2320.1
256,727,2184.4
256,728,2219.6
256,729,2234.7
256,730,3253.4
256,731,2988.7
256,732,3241.2
256,733,2975.4
256,734,2939.6
256,735,2919.1
256,736,3232.2
256,737,3254.0
256,738,4157.5
256,739,3567.7
256,740,2324.3
256,741,2286.2
256,742,2416.4
256,743,2353.4
256,744,2187.5
256,745,2245.6
256,746,2187.5
256,747,3002.6
256,748,3190.4
256,749,3230.9
256,750,3171.6
256,751,3256.4
256,752,3202.5
256,753,3297.0
256,754,3205.5
256,755,3166.1
256,756,3877.1
256,757,3843.8
256,758,4177.5
256,759,2984.5
256,760,3352.1
256,761,2377.6
256,762,2288.6
256,763,2260.8
256,764,2280.7
256,765,2268.6
256,766,2222.0
256,767,2150.5
256,768,2997.8
256,769,3306.6
256,770,2973.0
256,771,3250.9
256,772,3238.8
256,773,2902.7
256,774,2936.0
256,775,3156.5
256,776,3845.6
256,777,3363.6
256,778,2260.1
256,779,2446.7
256,780,2267.4
256,781,2358.9
256,782,2270.4
256,783,2212.9
256,784,2153.0
256,785,2329.2
256,786,3848.7
256,787,4222.9
256,788,2268.6
256,789,2161.4
256,790,2238.3
256,791,2182.6
256,792,2262.6
256,793,2208.1
256,794,2146.3
256,795,2235.3
256,796,2985.7
256,797,4173.3
256,798,2285.0
256,799,2184.4
256,800,2220.2
256,801,2215.3
256,802,2182.0
256,803,2276.5
256,804,2174.8
256,805,2195.3
256,806,3199.5
256,807,3587.6
256,808,3288.5
256,809,3207.9
256,810,3271.5
256,811,3272.1
256,812,3273.9
256,813,3196.4
256,814,3209.7
256,815,3872.9
256,816,3886.8
256,817,3918.3
256,818,4152.7
256,819,3309.1
256,820,2998.4
256,821,2272.9
256,822,2389.1
256,823,2183.8
256,824,2196.6
256,825,2241.4
256,826,2160.8
256,827,2185.7
256,828,2958.4
256,829,3006.3
256,830,2962.1
256,831,3270.3
256,832,2939.0
256,833,3242.5
256,834,2831.8
256,835,3269.7
256,836,3851.7
256,837,3193.4
256,838,2251.7
256,839,2297.1
256,840,2295.9
256,841,2356.4
256,842,2139.0
256,843,2262.0
256,844,2227.4
256,845,2209.3
256,846,3585.8
256,847,3881.4
256,848,3921.9
256,849,3272.7
256,850,3215.2
256,851,3231.5
256,852,3223.7
256,853,3212.2
256,854,3280.6
256,855,3248.5
256,856,3859.6
256,857,3924.4
256,858,4107.3
256,859,3329.7
256,860,3323.6
256,861,2332.8
256,862,2349.8
256,863,2283.8
256,864,2236.5
256,865,2314.0
256,866,2174.1
256,867,2197.8
256,868,2985.1
256,869,3288.5
256,870,2992.3
256,871,2960.8
256,872,3224.9
256,873,3170.4
256,874,2844.6
256,875,2902.1
256,876,3602.8
256,877,3152.8
256,878,2289.8
256,879,2247.4
256,880,2274.7
256,881,2325.6
256,882,2160.8
256,883,2198.4
256,884,2191.1
256,885,2169.9
256,886,3907.4
256,887,3869.9
256,888,3239.4
256,889,3224.9
256,890,3232.2
256,891,3340.0
256,892,3271.5
256,893,3163.1
256,894,3231.5
256,895,3900.8
256,896,3882.0
256,897,3913.5
256,898,3869.3
256,899,4130.3
256,900,2940.2
256,901,3276.4
256,902,2317.7
256,903,2283.2
256,904,2217.8
256,905,2250.5
256,906,2190.5
256,907,2299.5
256,908,2301.9
256,909,3281.8
256,910,2973.6
256,911,3249.7
256,912,2997.8
256,913,3038.4
256,914,3112.8
256,915,2329.8
256,916,3072.3
256,917,2281.3
256,918,2414.6
256,919,2254.1
256,920,2272.9
256,921,2364.3
256,922,2185.7
256,923,4156.9
256,924,2985.1
256,925,2213.5
256,926,2341.3
256,927,2182.0
256,928,2211.7
256,929,2331.0
256,930,2197.2
256,931,2211.7
256,932,2238.3
256,933,3555.6
256,934,3899.5
256,935,3195.8
256,936,3036.5
256,937,3313.9
256,938,3221.9
256,939,3315.1
256,940,3155.2
256,941,3174.6
256,942,4176.3
256,943,3346.6
256,944,3362.4
256,945,2349.8
256,946,2313.4
256,947,2146.9
256,948,2160.8
256,949,2155.4
256,950,2214.1
256,951,2169.9
256,952,2929.3
256,953,3314.5
256,954,3242.5
256,955,3303.0
256,956,3224.9
256,957,3159.5
256,958,3201.9
256,959,2895.4
256,960,4209.0
256,961,3894.7
256,962,2351.6
256,963,2278.3
256,964,2342.5
256,965,2340.1
256,966,2200.2
256,967,2177.8
256,968,2136.6
256,969,3029.9
256,970,3146.2
256,971,3163.1
256,972,3279.4
256,973,3254.6
256,974,3289.1
256,975,3149.2
256,976,3187.3
256,977,3297.6
256,978,3814.8
256,979,3836.0
256,980,3893.5
256,981,3876.5
256,982,4184.2
256,983,3318.8
256,984,3340.6
256,985,2392.8
256,986,2194.7
256,987,2204.4
256,988,2192.9
256,989,2191.7
256,990,2221.4
256,991,2157.2
256,992,2961.4
256,993,3376.9
256,994,3249.7
256,995,2982.6
256,996,2971.1
256,997,3168.6
256,998,2924.5
256,999,3161.3
256,1000,3872.9
256,1001,3260.6
256,1002,2323.1
256,1003,2312.8
256,1004,2379.5
256,1005,2426.7
256,1006,2253.5
256,1007,2162.0
256,1008,2169.3
256,1009,2299.5
256,1010,3824.4
256,1011,4159.3
256,1012,2326.8
256,1013,2179.0
256,1014,2180.8
256,1015,2252.9
256,1016,2289.8
256,1017,2260.1
256,1018,2138.4
256,1019,2187.5
256,1020,3012.9
256,1021,4156.3
256,1022,2401.3
256,1023,2332.2
256,1024,2315.3
256,1025,2363.7
256,1026,2286.8
256,1027,2238.3
256,1028,2274.7
256,1029,2275.9
256,1030,3034.1
256,1031,3861.4
256,1032,3570.1
256,1033,3312.1
256,1034,3227.3
256,1035,3280.0
256,1036,3224.3
256,1037,3171.0
256,1038,3184.9
256,1039,3120.7
256,1040,3892.3
256,1041,3913.5
256,1042,3929.8
256,1043,4235.7
256,1044,3264.9
256,1045,3278.2
256,1046,2196.6
256,1047,2271.7
256,1048,2298.3
256,1049,2239.6
256,1050,2189.3
256,1051,2227.4
256,1052,2217.8
256,1053,3292.1
256,1054,3277.6
256,1055,2991.1
256,1056,3046.8
256,1057,3326.0
256,1058,3177.7
256,1059,3170.4
256,1060,3221.3
256,1061,3875.3
256,1062,3175.8
256,1063,2306.2
256,1064,2266.8
256,1065,2333.4
256,1066,2160.8
256,1067,2176.6
256,1068,2171.7
256,1069,2204.4
256,1070,2268.0
256,1071,4158.7
256,1072,3261.2
256,1073,2213.5
256,1074,2186.3
256,1075,2306.2
256,1076,2142.7
256,1077,2242.0
256,1078,2243.8
256,1079,2206.2
256,1080,2207.5
256,1081,3952.2
256,1082,4168.4
256,1083,2285.6
256,1084,2233.5
256,1085,2149.3
256,1086,2225.6
256,1087,2191.7
256,1088,2198.4
256,1089,2248.6
256,1090,2186.3
256,1091,3155.8
256,1092,4169.0
256,1093,2246.2
256,1094,2243.2
256,1095,2151.7
256,1096,2194.1
256,1097,2232.9
256,1098,2188.7
256,1099,2179.6
256,1100,2182.0
256,1101,3011.1
256,1102,3920.7
256,1103,3590.7
256,1104,3289.7
256,1105,3300.6
256,1106,3238.2
256,1107,3280.0
256,1108,3197.0
256,1109,3163.7
256,1110,3220.6
256,1111,4200.5
256,1112,2985.1
256,1113,3045.6
256,1114,2267.4
256,1115,2307.4
256,1116,2221.4
256,1117,2213.5
256,1118,2224.4
256,1119,2238.3
256,1120,2254.1
256,1121,3296.4
256,1122,3272.7
256,1123,3014.7
256,1124,3277.0
256,1125,3154.6
256,1126,3321.2
256,1127,3161.9
256,1128,3254.6
256,1129,4233.8
256,1130,3863.8
256,1131,2344.3
256,1132,2295.9
256,1133,2273.5
256,1134,2294.1
256,1135,2270.4
256,1136,2251.1
256,1137,2286.2
256,1138,3005.7
256,1139,3234.6
256,1140,3240.6
256,1141,3263.0
256,1142,3276.4
256,1143,3208.5
256,1144,3158.9
256,1145,3285.4
256,1146,3138.9
256,1147,3915.9
256,1148,4172.1
256,1149,3069.2
256,1150,3059.6
256,1151,2335.8
256,1152,2243.8
256,1153,2328.6
256,1154,2255.9
256,1155,2214.7
256,1156,2191.7
256,1157,2193.5
256,1158,2988.7
256,1159,3238.8
256,1160,2986.3
256,1161,3085.6
256,1162,3205.5
256,1163,2949.3
256,1164,3172.8
256,1165,3218.8
256,1166,3929.8
256,1167,3307.9
256,1168,2296.5
256,1169,2320.1
256,1170,2160.8
256,1171,2384.9
256,1172,2162.6
256,1173,2252.3
256,1174,2221.4
256,1175,2166.3
256,1176,3585.2
256,1177,3324.2
256,1178,3164.9
256,1179,3193.4
256,1180,3231.5
256,1181,3164.9
256,1182,3279.4
256,1183,4186.0
256,1184,2973.0
256,1185,3367.2
256,1186,2349.2
256,1187,2364.9
256,1188,2231.7
256,1189,2205.0
256,1190,2226.8
256,1191,2159.6
256,1192,2183.2
256,1193,3321.2
256,1194,3269.7
256,1195,3318.2
256,1196,3267.3
256,1197,3221.9
256,1198,2999.6
256,1199,2983.9
256,1200,3161.3
256,1201,3634.3
256,1202,3177.7
256,1203,2307.4
256,1204,2295.9
256,1205,2203.2
256,1206,2216.5
256,1207,2216.5
256,1208,2199.0
256,1209,2244.4
256,1210,2228.0
256,1211,4187.8
256,1212,2962.7
256,1213,2137.8
256,1214,2214.7
256,1215,2180.2
256,1216,2188.1
256,1217,2289.2
256,1218,2153.0
256,1219,2162.6
256,1220,2220.2
256,1221,3863.8
256,1222,3904.4
256,1223,3195.2
256,1224,3161.9
256,1225,3330.3
256,1226,3249.7
256,1227,3161.9
256,1228,3278.8
256,1229,3158.9
256,1230,4249.0
256,1231,3258.2
256,1232,3260.0
256,1233,2463.6
256,1234,2342.5
256,1235,2237.1
256,1236,2180.8
256,1237,2281.9
256,1238,2301.3
256,1239,2166.9
256,1240,3303.0
256,1241,3263.6
256,1242,3054.1
256,1243,4106.1
256,1244,2240.2
256,1245,3273.3
256,1246,3394.5
256,1247,3278.2
256,1248,3191.6
256,1249,3326.0
256,1250,3938.9
256,1251,8428.3
256,1252,4619.0
256,1253,6308.7
256,1254,7152.3
256,1255,3279.4
256,1256,3205.5
256,1257,3272.7
256,1258,3163.7
256,1259,3257.6
256,1260,2323.7
256,1261,3332.7
256,1262,2342.5
256,1263,2273.5
256,1264,2261.4
256,1265,2320.7
256,1266,2182.0
256,1267,2171.7
256,1268,2171.7
256,1269,3868.7
256,1270,7098.4
256,1271,3060.8
256,1272,3324.8
256,1273,4872.2
256,1274,10954.3
256,1275,3140.7
256,1276,3241.2
256,1277,3233.4
256,1278,3252.7
256,1279,3227.3
256,1280,3173.4
256,1281,3975.2
256,1282,3259.4
256,1283,3019.6
256,1284,2245.6
256,1285,2206.9
256,1286,2230.5
256,1287,2176.0
256,1288,2166.9
256,1289,2189.3
256,1290,2143.9
256,1291,3049.3
256,1292,3283.6
256,1293,3295.7
256,1294,3303.0
256,1295,2894.2
256,1296,2888.2
256,1297,2979.6
256,1298,2943.9
256,1299,4212.0
256,1300,3609.5
256,1301,2262.0
256,1302,2300.7
256,1303,2291.0
256,1304,2247.4
256,1305,2248.0
256,1306,2163.2
256,1307,2196.0
256,1308,3035.3
256,1309,3197.0
256,1310,3214.6
256,1311,3179.5
256,1312,3240.6
256,1313,3226.7
256,1314,3138.9
256,1315,3221.3
256,1316,3151.6
256,1317,4159.3
256,1318,3334.5
256,1319,3040.2
256,1320,2310.4
256,1321,2320.7
256,1322,2265.0
256,1323,2331.6
256,1324,2143.3
256,1325,2276.5
256,1326,2287.4
256,1327,3298.2
256,1328,3221.9
256,1329,3028.1
256,1330,2928.7
256,1331,3202.5
256,1332,3318.8
256,1333,3230.9
256,1334,2943.3
256,1335,4174.5
256,1336,4178.7
256,1337,3301.2
256,1338,2335.8
256,1339,2351.6
256,1340,2266.2
256,1341,2300.7
256,1342,2282.6
256,1343,2148.1
256,1344,2188.7
256,1345,3259.4
256,1346,3208.5
256,1347,3143.1
256,1348,3230.3
256,1349,3263.0
256,1350,3195.8
256,1351,3269.7
256,1352,3246.7
256,1353,3367.8
256,1354,3846.2
256,1355,3920.7
256,1356,4143.6
256,1357,3320.0
256,1358,3047.4
256,1359,2313.4
256,1360,2226.8
256,1361,2320.7
256,1362,2168.7
256,1363,2183.2
256,1364,2149.9
256,1365,2165.1
256,1366,3248.5
256,1367,3257.6
256,1368,3223.7
256,1369,3086.8
256,1370,3160.1
256,1371,2896.6
256,1372,3171.6
256,1373,3280.6
256,1374,3673.0
256,1375,3180.1
256,1376,2212.9
256,1377,2378.8
256,1378,2245.6
256,1379,2203.2
256,1380,2274.7
256,1381,2191.7
256,1382,2228.0
256,1383,2234.1
256,1384,4151.5
256,1385,3283.6
256,1386,2136.6
256,1387,2185.7
256,1388,2179.0
256,1389,2179.6
256,1390,2185.7
256,1391,2187.5
256,1392,2188.1
256,1393,2271.0
256,1394,3906.2
256,1395,4192.1
256,1396,2324.3
256,1397,2166.9
256,1398,2231.7
256,1399,2188.7
256,1400,2212.9
256,1401,2257.7
256,1402,2232.9
256,1403,2189.9
256,1404,2978.4
256,1405,3893.5
256,1406,3189.8
256,1407,3242.5
256,1408,3267.3
256,1409,3316.3
256,1410,3248.5
256,1411,3156.5
256,1412,3177.7
256,1413,4202.3
256,1414,3085.0
256,1415,2982.0
256,1416,2286.2
256,1417,2321.3
256,1418,2171.7
256,1419,2361.3
256,1420,2245.6
256,1421,2295.3
256,1422,2318.9
256,1423,3190.4
256,1424,3229.1
256,1425,3028.1
256,1426,3008.1
256,1427,2913.0
256,1428,3211.0
256,1429,2935.4
256,1430,2954.8
256,1431,3862.6
256,1432,2945.1
256,1433,2343.7
256,1434,2236.5
256,1435,2346.7
256,1436,2209.3
256,1437,2208.1
256,1438,2214.1
256,1439,2279.5
256,1440,2260.1
256,1441,3906.8
256,1442,3839.0
256,1443,3210.4
256,1444,3175.8
256,1445,3262.4
256,1446,3249.1
256,1447,3252.7
256,1448,3237.6
256,1449,3333.9
256,1450,4165.4
256,1451,3316.9
256,1452,3095.3
256,1453,2383.7
256,1454,2422.5
256,1455,2244.4
256,1456,2264.4
256,1457,2331.0
256,1458,2182.0
256,1459,2200.8
256,1460,3274.5
256,1461,3298.8
256,1462,2987.5
256,1463,2993.5
256,1464,2949.9
256,1465,2981.4
256,1466,3218.2
256,1467,3223.7
256,1468,4077.0
256,1469,2989.3
256,1470,2349.8
256,1471,2383.7
256,1472,2417.0
256,1473,2457.0
256,1474,2447.9
256,1475,2306.8
256,1476,2341.3
256,1477,2413.4
256,1478,3249.1
256,1479,3476.8
256,1480,3511.9
256,1481,3597.3
256,1482,3465.9
256,1483,3454.4
256,1484,4359.8
256,1485,3051.1
256,1486,3339.3
256,1487,3050.5
256,1488,3321.2
256,1489,3364.8
256,1490,2369.8
256,1491,2475.7
256,1492,2410.3
256,1493,2362.5
256,1494,3315.1
256,1495,2988.1
256,1496,3283.0
256,1497,3356.3
256,1498,3291.5
256,1499,3272.7
256,1500,3018.4
256,1501,3317.5
256,1502,4431.9
256,1503,3791.7
256,1504,2520.0
256,1505,2476.4
256,1506,2372.8
256,1507,2397.0
256,1508,2394.0
256,1509,2354.6
256,1510,2447.9
256,1511,3450.2
256,1512,3477.4
256,1513,3467.7
256,1514,3456.2
256,1515,3481.1
256,1516,4038.2
256,1517,4345.3
256,1518,3344.8
256,1519,3121.9
256,1520,3396.9
256,1521,3440.5
256,1522,2469.1
256,1523,2533.3
256,1524,2380.1
256,1525,2308.6
256,1526,2425.5
256,1527,2378.2
256,1528,2312.2
256,1529,2471.5
256,1530,3412.6
256,1531,3449.0
256,1532,3519.2
256,1533,3440.5
256,1534,3464.1
256,1535,3475.6
256,1536,4043.7
256,1537,4132.7
256,1538,4340.4
256,1539,3342.4
256,1540,3318.8
256,1541,3042.0
256,1542,3197.6
256,1543,2383.7
256,1544,2320.7
256,1545,2439.4
256,1546,2263.8
256,1547,2337.7
256,1548,3276.4
256,1549,3270.3
256,1550,3002.0
256,1551,5718.8
256,1552,3233.4
256,1553,2364.9
256,1554,2251.1
256,1555,2197.8
256,1556,2179.6
256,1557,2338.9
256,1558,2374.0
256,1559,2381.9
256,1560,2428.5
256,1561,3545.9
256,1562,3447.8
256,1563,3500.4
256,1564,3400.5
256,1565,3504.7
256,1566,4089.1
256,1567,4339.2
256,1568,3108.6
256,1569,3439.3
256,1570,3339.3
256,1571,3353.3
256,1572,2353.4
256,1573,2359.5
256,1574,2323.1
256,1575,2387.9
256,1576,2352.2
256,1577,3156.5
256,1578,2976.0
256,1579,3300.0
256,1580,3393.2
256,1581,3295.1
256,1582,3333.9
256,1583,3168.0
256,1584,3155.2
256,1585,3955.9
256,1586,2896.6
256,1587,2284.4
256,1588,2272.3
256,1589,2262.6
256,1590,2192.3
256,1591,2209.9
256,1592,2207.5
256,1593,2234.1
256,1594,2175.4
256,1595,3558.6
256,1596,4171.5
256,1597,2282.6
256,1598,2189.9
256,1599,2193.5
256,1600,2180.2
256,1601,2225.6
256,1602,2147.5
256,1603,2241.4
256,1604,2211.1
256,1605,2960.2
256,1606,3933.5
256,1607,3282.4
256,1608,3186.7
256,1609,3305.4
256,1610,3234.6
256,1611,3225.5
256,1612,3114.7
256,1613,3141.3
256,1614,4207.8
256,1615,3260.6
256,1616,3300.0
256,1617,2356.4
256,1618,2289.2
256,1619,2196.6
256,1620,2174.8
256,1621,2148.1
256,1622,2241.4
256,1623,2189.9
256,1624,3269.1
256,1625,3306.6
256,1626,3263.0
256,1627,3295.1
256,1628,2984.5
256,1629,3038.4
256,1630,3241.2
256,1631,2912.4
256,1632,3918.9
256,1633,3315.7
256,1634,2202.6
256,1635,2273.5
256,1636,2298.9
256,1637,2272.3
256,1638,2248.6
256,1639,2194.7
256,1640,2254.1
256,1641,2279.5
256,1642,4201.1
256,1643,3329.7
256,1644,2226.2
256,1645,2174.8
256,1646,2260.8
256,1647,2180.8
256,1648,2182.0
256,1649,2210.5
256,1650,2188.1
256,1651,2285.6
256,1652,3868.0
256,1653,3902.0
256,1654,3190.4
256,1655,3167.4
256,1656,3242.5
256,1657,3329.1
256,1658,3188.6
256,1659,3172.2
256,1660,3172.2
256,1661,4192.7
256,1662,3027.5
256,1663,2995.4
256,1664,2388.5
256,1665,2285.0
256,1666,2244.4
256,1667,2171.1
256,1668,2200.8
256,1669,2192.3
256,1670,2211.1
256,1671,3316.9
256,1672,2940.2
256,1673,3275.8
256,1674,2943.3
256,1675,3026.9
256,1676,2941.5
256,1677,3223.1
256,1678,3238.8
256,1679,4325.9
256,1680,4201.7
256,1681,3181.9
256,1682,2335.2
256,1683,2308.6
256,1684,2160.8
256,1685,2254.1
256,1686,2214.7
256,1687,2197.8
256,1688,2203.8
256,1689,3436.9
256,1690,3295.7
256,1691,3178.9
256,1692,3186.1
256,1693,3239.4
256,1694,3198.8
256,1695,4203.6
256,1696,3292.1
256,1697,2312.8
256,1698,2263.2
256,1699,2351.6
256,1700,2240.2
256,1701,2188.7
256,1702,2252.3
256,1703,2184.4
256,1704,2148.1
256,1705,3915.9
256,1706,3569.5
256,1707,3605.2
256,1708,3611.9
256,1709,4208.4
256,1710,2268.6
256,1711,2276.5
256,1712,2160.2
256,1713,2280.7
256,1714,2128.7
256,1715,2173.5
256,1716,2163.9
256,1717,2206.9
256,1718,3026.2
256,1719,3624.0
256,1720,3864.4
256,1721,3349.0
256,1722,3287.3
256,1723,3268.5
256,1724,3238.8
256,1725,3200.1
256,1726,3164.9
256,1727,3161.9
256,1728,3846.9
256,1729,3928.0
256,1730,3929.2
256,1731,3910.4
256,1732,3915.9
256,1733,3885.6
256,1734,3917.1
256,1735,4186.0
256,1736,3359.3
256,1737,3384.2
256,1738,2371.6
256,1739,2328.6
256,1740,2300.1
256,1741,2374.6
256,1742,2229.9
256,1743,2300.7
256,1744,2213.5
256,1745,3350.2
256,1746,2945.1
256,1747,3335.7
256,1748,3194.6
256,1749,3024.4
256,1750,2999.0
256,1751,2976.6
256,1752,3227.3
256,1753,3920.7
256,1754,3209.7
256,1755,2288.6
256,1756,2260.1
256,1757,2289.8
256,1758,2382.5
256,1759,2188.1
256,1760,2233.5
256,1761,2272.3
256,1762,2169.9
256,1763,3561.0
256,1764,4131.5
256,1765,2260.1
256,1766,2186.9
256,1767,2162.0
256,1768,2188.1
256,1769,2251.7
256,1770,2135.4
256,1771,2269.2
256,1772,2167.5
256,1773,3146.2
256,1774,3619.1
256,1775,3197.0
256,1776,3260.0
256,1777,3302.4
256,1778,3255.8
256,1779,3338.7
256,1780,3175.8
256,1781,3283.6
256,1782,4232.0
256,1783,3318.2
256,1784,3069.9
256,1785,2384.3
256,1786,2324.3
256,1787,2220.8
256,1788,2291.0
256,1789,2186.3
256,1790,2178.4
256,1791,2229.3
256,1792,3010.5
256,1793,3052.3
256,1794,3262.4
256,1795,2969.3
256,1796,3231.5
256,1797,2911.8
256,1798,3293.3
256,1799,2957.8
256,1800,3897.1
256,1801,3327.8
256,1802,2303.8
256,1803,2319.5
256,1804,2169.3
256,1805,2237.7
256,1806,2232.9
256,1807,2202.6
256,1808,2174.1
256,1809,2251.7
256,1810,3588.9
256,1811,4224.8
256,1812,2331.6
256,1813,2168.1
256,1814,2226.8
256,1815,2151.7
256,1816,2139.6
256,1817,2220.8
256,1818,2151.7
256,1819,2211.7
256,1820,3046.2
256,1821,3591.3
256,1822,3928.0
256,1823,3245.5
256,1824,3320.6
256,1825,3298.2
256,1826,3200.7
256,1827,3177.0
256,1828,3205.5
256,1829,3177.0
256,1830,4222.9
256,1831,3307.9
256,1832,3387.8
256,1833,2340.1
256,1834,2317.1
256,1835,2172.9
256,1836,2175.4
256,1837,2218.4
256,1838,2274.7
256,1839,2215.9
256,1840,2942.7
256,1841,3395.1
256,1842,3254.0
256,1843,3252.7
256,1844,3201.9
256,1845,3158.3
256,1846,3353.3
256,1847,3174.6
256,1848,3869.9
256,1849,2948.7
256,1850,2398.8
256,1851,2363.1
256,1852,2236.5
256,1853,2281.3
256,1854,2266.8
256,1855,2197.8
256,1856,2263.2
256,1857,2337.7
256,1858,4153.3
256,1859,3305.4
256,1860,2272.3
256,1861,2160.8
256,1862,2278.3
256,1863,2176.0
256,1864,2291.0
256,1865,2409.1
256,1866,2443.0
256,1867,2483.6
256,1868,4095.8
256,1869,3197.6
256,1870,2391.0
256,1871,2364.3
256,1872,2385.5
256,1873,2441.8
256,1874,2375.2
256,1875,2453.9
256,1876,3527.7
256,1877,2412.8
256,1878,3061.4
256,1879,3301.8
256,1880,3098.3
256,1881,3341.8
256,1882,3345.4
256,1883,3332.7
256,1884,3347.2
256,1885,3260.0
256,1886,3338.1
256,1887,4328.9
256,1888,3467.7
256,1889,3546.5
256,1890,2444.3
256,1891,2440.6
256,1892,2364.3
256,1893,2470.9
256,1894,2407.9
256,1895,2406.1
256,1896,2314.0
256,1897,3447.1
256,1898,3207.3
256,1899,3336.9
256,1900,3241.8
256,1901,3241.2
256,1902,3449.6
256,1903,3413.2
256,1904,3422.9
256,1905,4039.4
256,1906,4301.7
256,1907,3054.1
256,1908,2364.9
256,1909,2418.8
256,1910,2480.6
256,1911,2381.9
256,1912,2440.0
256,1913,2427.3
256,1914,2385.5
256,1915,3283.6
256,1916,3132.2
256,1917,3249.7
256,1918,3077.1
256,1919,3295.7
256,1920,3310.3
256,1921,3372.1
256,1922,3273.3
256,1923,3287.9
256,1924,4070.3
256,1925,4402.8
256,1926,3289.7
256,1927,3479.9
256,1928,2380.7
256,1929,2482.4
256,1930,2344.3
256,1931,2430.9
256,1932,2402.5
256,1933,2418.2
256,1934,2371.0
256,1935,3188.6
256,1936,3553.7
256,1937,3314.5
256,1938,3453.8
256,1939,3425.3
256,1940,3427.2
256,1941,3255.2
256,1942,3138.9
256,1943,4057.6
256,1944,4346.5
256,1945,3403.5
256,1946,2369.2
256,1947,2526.6
256,1948,2392.2
256,1949,2436.4
256,1950,2381.9
256,1951,2331.0
256,1952,2385.5
256,1953,3312.7
256,1954,3306.6
256,1955,3149.8
256,1956,3174.0
256,1957,3264.9
256,1958,3226.7
256,1959,3270.9
256,1960,3244.9
256,1961,3321.8
256,1962,4160.6
256,1963,3390.2
256,1964,3329.1
256,1965,2357.7
256,1966,2419.4
256,1967,2284.4
256,1968,2297.1
256,1969,2270.4
256,1970,2195.3
256,1971,2317.1
256,1972,3552.5
256,1973,3198.8
256,1974,3285.4
256,1975,3186.1
256,1976,3295.1
256,1977,3470.8
256,1978,3155.2
256,1979,3443.5
256,1980,4332.6
256,1981,4019.5
256,1982,3188.6
256,1983,2460.6
256,1984,2370.4
256,1985,2486.6
256,1986,2403.1
256,1987,2364.9
256,1988,2493.3
256,1989,2370.4
256,1990,3014.7
256,1991,3060.2
256,1992,3062.0
256,1993,3071.1
256,1994,3354.5
256,1995,3281.8
256,1996,3390.2
256,1997,3261.8
256,1998,3320.6
256,1999,4034.6
1024,0,4122.4
1024,1,2483.0
1024,2,2569.6
1024,3,2598.1
1024,4,2573.2
1024,5,2520.6
1024,6,2402.5
1024,7,2538.7
1024,8,3404.8
1024,9,3596.7
1024,10,3545.3
1024,11,3463.5
1024,12,3524.7
1024,13,4548.8
1024,14,3259.4
1024,15,3276.4
1024,16,3525.9
1024,17,3154.0
1024,18,2589.6
1024,19,2557.5
1024,20,2457.0
1024,21,2675.0
1024,22,2418.8
1024,23,2527.8
1024,24,2511.5
1024,25,2527.8
1024,26,3501.0
1024,27,3336.3
1024,28,3515.6
1024,29,4526.3
1024,30,3296.4
1024,31,3502.3
1024,32,3541.6
1024,33,2595.1
1024,34,2512.1
1024,35,2474.5
1024,36,2526.6
1024,37,2570.2
1024,38,2493.3
1024,39,2478.2
1024,40,2435.8
1024,41,3492.0
1024,42,3554.3
1024,43,3603.4
1024,44,3330.3
1024,45,3603.4
1024,46,3502.3
1024,47,4426.4
1024,48,3582.2
1024,49,3299.4
1024,50,3570.7
1024,51,3597.3
1024,52,2688.3
1024,53,2514.5
1024,54,2380.1
1024,55,2504.8
1024,56,2457.0
1024,57,2543.6
1024,58,2489.7
1024,59,2444.3
1024,60,3194.6
1024,61,3585.2
1024,62,3510.1
1024,63,3348.4
1024,64,3517.4
1024,65,3481.7
1024,66,4455.5
1024,67,3602.8
1024,68,3511.9
1024,69,3634.9
1024,70,2577.5
1024,71,2557.5
1024,72,2421.2
1024,73,2492.1
1024,74,2552.7
1024,75,2449.7
1024,76,3240.6
1024,77,3292.1
1024,78,3220.0
1024,79,3692.4
1024,80,3469.6
1024,81,3548.3
1024,82,3166.1
1024,83,3151.6
1024,84,4414.3
1024,85,4187.8
1024,86,3490.8
1024,87,2640.5
1024,88,2554.5
1024,89,2535.7
1024,90,2490.9
1024,91,2450.3
1024,92,2445.5
1024,93,2507.2
1024,94,3420.5
1024,95,3310.9
1024,96,3539.8
1024,97,3554.3
1024,98,3601.6
1024,99,4130.3
1024,100,4450.6
1024,101,3389.6
1024,102,3283.0
1024,103,3278.2
1024,104,3572.5
1024,105,2615.6
1024,106,2574.5
1024,107,2509.1
1024,108,2466.1
1024,109,2584.1
1024,110,2520.6
1024,111,2477.6
1024,112,2450.9
1024,113,3203.1
1024,114,3352.7
1024,115,3217.6
1024,116,3394.5
1024,117,4474.9
1024,118,3257.0
1024,119,3310.3
1024,120,2440.0
1024,121,2459.4
1024,122,2534.5
1024,123,2454.5
1024,124,2620.5
1024,125,2631.4
1024,126,2487.9
1024,127,2512.7
1024,128,3230.9
1024,129,3475.6
1024,130,3366.6
1024,131,3392.0
1024,132,3544.7
1024,133,3509.5
1024,134,3559.2
1024,135,3472.6
1024,136,4126.6
1024,137,4158.1
1024,138,4484.0
1024,139,3616.1
1024,140,3270.3
1024,141,3353.3
1024,142,2537.5
1024,143,2521.2
1024,144,2530.3
1024,145,2459.4
1024,146,2561.1
1024,147,2496.3
1024,148,2395.8
1024,149,2564.2
1024,150,3429.0
1024,151,3561.0
1024,152,3192.8
1024,153,3598.6
1024,154,4446.4
1024,155,3261.2
1024,156,3561.6
1024,157,3311.5
1024,158,3535.0
1024,159,2457.6
1024,160,2480.0
1024,161,2484.8
1024,162,2457.0
1024,163,2487.3
1024,164,2465.4
1024,165,2515.1
1024,166,2467.3
1024,167,3474.4
1024,168,3490.1
1024,169,3343.0
1024,170,3530.1
1024,171,3521.6
1024,172,4133.9
1024,173,4186.6
1024,174,3588.3
1024,175,3602.8
1024,176,3546.5
1024,177,3320.0
1024,178,2582.9
1024,179,2466.7
1024,180,2547.2
1024,181,2502.4
1024,182,2452.7
1024,183,2494.5
1024,184,2441.2
1024,185,2471.5
1024,186,3450.8
1024,187,3555.6
1024,188,3338.1
1024,189,4196.9
1024,190,4151.5
1024,191,4152.7
1024,192,3613.7
1024,193,3505.3
1024,194,3610.1
1024,195,2500.6
1024,196,2437.6
1024,197,2545.4
1024,198,2468.5
1024,199,2615.0
1024,200,2543.6
1024,201,2444.3
1024,202,2500.6
1024,203,3437.5
1024,204,3336.3
1024,205,3886.8
1024,206,4111.5
1024,207,4445.8
1024,208,3550.1
1024,209,3549.5
1024,210,3453.8
1024,211,3547.1
1024,212,3465.3
1024,213,2560.5
1024,214,2500.6
1024,215,2492.1
1024,216,2544.2
1024,217,3565.8
1024,218,3553.1
1024,219,3283.6
1024,220,3312.1
1024,221,3203.1
1024,222,3481.1
1024,223,3218.8
1024,224,3209.1
1024,225,4508.2
1024,226,4204.2
1024,227,3355.1
1024,228,2558.7
1024,229,2713.8
1024,230,2502.4
1024,231,2595.1
1024,232,2618.1
1024,233,2484.8
1024,234,2535.7
1024,235,3197.0
1024,236,3364.8
1024,237,3584.0
1024,238,3330.3
1024,239,3521.6
1024,240,3406.6
1024,241,3519.8
1024,242,3501.7
1024,243,3419.9
1024,244,4426.4
1024,245,3352.7
1024,246,3635.5
1024,247,3625.2
1024,248,2630.2
1024,249,2501.2
1024,250,2583.5
1024,251,2536.9
1024,252,2454.5
1024,253,2590.2
1024,254,2465.4
1024,255,2486.0
1024,256,3454.4
1024,257,3521.0
1024,258,3579.8
1024,259,3486.5
1024,260,4148.4
1024,261,4449.4
1024,262,3232.8
1024,263,3613.7
1024,264,3556.8
1024,265,3536.2
1024,266,2580.5
1024,267,2443.0
1024,268,2435.2
1024,269,2498.2
1024,270,2432.1
1024,271,2476.4
1024,272,2498.8
1024,273,2475.1
1024,274,3166.7
1024,275,3341.8
1024,276,3558.0
1024,277,3565.2
1024,278,4375.6
1024,279,3571.9
1024,280,3313.3
1024,281,3553.1
1024,282,2467.3
1024,283,2505.4
1024,284,2467.9
1024,285,2595.7
1024,286,2535.1
1024,287,2512.1
1024,288,2429.1
1024,289,2532.1
1024,290,3473.2
1024,291,3512.6
1024,292,3559.2
1024,293,4245.3
1024,294,4441.6
1024,295,3636.7
1024,296,3535.6
1024,297,3558.0
1024,298,2481.8
1024,299,2416.4
1024,300,2435.8
1024,301,2538.1
1024,302,2466.7
1024,303,2486.0
1024,304,2466.1
1024,305,2461.2
1024,306,3440.5
1024,307,3582.2
1024,308,3432.0
1024,309,4193.3
1024,310,4436.1
1024,311,3585.8
1024,312,3664.0
1024,313,2506.6
1024,314,2491.5
1024,315,2422.5
1024,316,2456.4
1024,317,2563.6
1024,318,2467.9
1024,319,2570.8
1024,320,2455.8
1024,321,3169.8
1024,322,3644.6
1024,323,3369.6
1024,324,3557.4
1024,325,3604.6
1024,326,3462.3
1024,327,4462.2
1024,328,3614.3
1024,329,3604.6
1024,330,3664.0
1024,331,2621.7
1024,332,2615.6
1024,333,2678.0
1024,334,2463.0
1024,335,2538.1
1024,336,2457.6
1024,337,2533.3
1024,338,2548.4
1024,339,3479.9
1024,340,3578.6
1024,341,3389.0
1024,342,3539.2
1024,343,3478.0
1024,344,4117.0
1024,345,4471.8
1024,346,3313.3
1024,347,3579.2
1024,348,3621.0
1024,349,2688.9
1024,350,2405.5
1024,351,2475.1
1024,352,2474.5
1024,353,2459.4
1024,354,2481.8
1024,355,2483.6
1024,356,2522.4
1024,357,3335.7
1024,358,3357.5
1024,359,3535.0
1024,360,3535.0
1024,361,3544.0
1024,362,3539.8
1024,363,4433.7
1024,364,3260.6
1024,365,3676.7
1024,366,3556.8
1024,367,3356.3
1024,368,2640.5
1024,369,2565.4
1024,370,2464.8
1024,371,2464.8
1024,372,2420.0
1024,373,2522.4
1024,374,2415.8
1024,375,2529.6
1024,376,3497.4
1024,377,3346.6
1024,378,3586.4
1024,379,3554.3
1024,380,3490.8
1024,381,3551.9
1024,382,4419.8
1024,383,3545.9
1024,384,3223.1
1024,385,3515.6
1024,386,2577.5
1024,387,2527.8
1024,388,2450.9
1024,389,2546.0
1024,390,2430.9
1024,391,2548.4
1024,392,2456.4
1024,393,2486.6
1024,394,3195.8
1024,395,3348.4
1024,396,3486.5
1024,397,3589.5
1024,398,4100.0
1024,399,4126.0
1024,400,4475.5
1024,401,3566.5
1024,402,3271.5
1024,403,2578.1
1024,404,2536.9
1024,405,2570.2
1024,406,2444.9
1024,407,2512.1
1024,408,2436.4
1024,409,2451.5
1024,410,2460.6
1024,411,3443.5
1024,412,3367.2
1024,413,3585.8
1024,414,3341.8
1024,415,3546.5
1024,416,3546.5
1024,417,3548.3
1024,418,4511.2
1024,419,3270.9
1024,420,3656.7
1024,421,3576.1
1024,422,2504.8
1024,423,2518.7
1024,424,2619.3
1024,425,2546.0
1024,426,2550.2
1024,427,2518.1
1024,428,3203.7
1024,429,4109.1
1024,430,3889.2
1024,431,3950.4
1024,432,3602.8
1024,433,4419.2
1024,434,3854.7
1024,435,3555.6
1024,436,3480.5
1024,437,3551.3
1024,438,2648.3
1024,439,2598.1
1024,440,2544.8
1024,441,2554.5
1024,442,3424.7
1024,443,3337.5
1024,444,3492.0
1024,445,3565.2
1024,446,3528.9
1024,447,3455.0
1024,448,3549.5
1024,449,3559.8
1024,450,4192.7
1024,451,3615.5
1024,452,5193.7
1024,453,5447.5
1024,454,5827.2
1024,455,3585.2
1024,456,3793.0
1024,457,3584.0
1024,458,3716.6
1024,459,4578.4
1024,460,4212.6
1024,461,4201.7
1024,462,3647.0
1024,463,3528.9
1024,464,3348.4
1024,465,3204.3
1024,466,3198.8
1024,467,4474.3
1024,468,3303.6
1024,469,3602.2
1024,470,3221.3
1024,471,2623.5
1024,472,2633.2
1024,473,2507.2
1024,474,2658.0
1024,475,2423.7
1024,476,2439.4
1024,477,2561.1
1024,478,2449.1
1024,479,3249.7
1024,480,3618.5
1024,481,3314.5
1024,482,3351.5
1024,483,3578.0
1024,484,3542.2
1024,485,3531.9
1024,486,4399.8
1024,487,3369.0
1024,488,3554.3
1024,489,3282.4
1024,490,2609.0
1024,491,2440.0
1024,492,2478.8
1024,493,2613.2
1024,494,2383.7
1024,495,2461.8
1024,496,2433.4
1024,497,2429.7
1024,498,3178.3
1024,499,3556.8
1024,500,3372.1
1024,501,3367.8
1024,502,3485.3
1024,503,3464.1
1024,504,3444.1
1024,505,3593.1
1024,506,4184.8
1024,507,4431.3
1024,508,4160.6
1024,509,4484.0
1024,510,4143.6
1024,511,4459.7
1024,512,3277.0
1024,513,3576.7
1024,514,2615.6
1024,515,2526.6
1024,516,2568.4
1024,517,2649.6
1024,518,2404.9
1024,519,2473.9
1024,520,2920.9
1024,521,2417.0
1024,522,2449.1
1024,523,2498.8
1024,524,2494.5
1024,525,2533.3
1024,526,2488.5
1024,527,4808.6
1024,528,7928.7
1024,529,4252.6
1024,530,5317.3
1024,531,9251.3
1024,532,4205.4
1024,533,8611.8
1024,534,5246.4
1024,535,3545.3
1024,536,3548.3
1024,537,3568.3
1024,538,3551.3
1024,539,2500.6
1024,540,3335.7
1024,541,3640.3
1024,542,2584.1
1024,543,2517.5
1024,544,2521.8
1024,545,2526.6
1024,546,2575.7
1024,547,2495.7
1024,548,2510.3
1024,549,2555.7
1024,550,3490.8
1024,551,3560.4
1024,552,3364.2
1024,553,3385.4
1024,554,3533.8
1024,555,3536.2
1024,556,4445.2
1024,557,3599.2
1024,558,3622.8
1024,559,3579.2
1024,560,2507.8
1024,561,2526.6
1024,562,2526.0
1024,563,2529.6
1024,564,2452.1
1024,565,2538.7
1024,566,2488.5
1024,567,2500.0
1024,568,3327.8
1024,569,3376.3
1024,570,3370.8
1024,571,3516.8
1024,572,3545.9
1024,573,3492.0
1024,574,4437.3
1024,575,3585.8
1024,576,3553.7
1024,577,3275.2
1024,578,2679.8
1024,579,2609.6
1024,580,2546.0
1024,581,2548.4
1024,582,2501.2
1024,583,2477.6
1024,584,2500.0
1024,585,2458.2
1024,586,3180.1
1024,587,3362.4
1024,588,3339.3
1024,589,3366.6
1024,590,3524.1
1024,591,3454.4
1024,592,3484.7
1024,593,4516.1
1024,594,3593.1
1024,595,3564.6
1024,596,3264.9
1024,597,2650.8
1024,598,2511.5
1024,599,2520.6
1024,600,2451.5
1024,601,2429.7
1024,602,2447.3
1024,603,2470.9
1024,604,2471.5
1024,605,3540.4
1024,606,3551.3
1024,607,3546.5
1024,608,3342.4
1024,609,3553.7
1024,610,3490.1
1024,611,4490.0
1024,612,3578.6
1024,613,3378.1
1024,614,3332.1
1024,615,2501.2
1024,616,2437.0
1024,617,2485.4
1024,618,2511.5
1024,619,2391.6
1024,620,2429.7
1024,621,2524.2
1024,622,2421.8
1024,623,3443.5
1024,624,3331.5
1024,625,3527.7
1024,626,3574.3
1024,627,3558.6
1024,628,4141.8
1024,629,4516.7
1024,630,3533.1
1024,631,3613.7
1024,632,3593.1
1024,633,3354.5
1024,634,2581.1
1024,635,2497.5
1024,636,2511.5
1024,637,2564.2
1024,638,2475.7
1024,639,3226.1
1024,640,3261.2
1024,641,3238.8
1024,642,3309.1
1024,643,3525.9
1024,644,3427.8
1024,645,3568.9
1024,646,3161.3
1024,647,4183.0
1024,648,4152.1
1024,649,2547.8
1024,650,2516.3
1024,651,2520.0
1024,652,2504.2
1024,653,2587.8
1024,654,2535.7
1024,655,2601.1
1024,656,3458.7
1024,657,3514.4
1024,658,3299.4
1024,659,3323.0
1024,660,3599.2
1024,661,3510.1
1024,662,4498.5
1024,663,3643.4
1024,664,3549.5
1024,665,3560.4
1024,666,2712.5
1024,667,2528.4
1024,668,2464.2
1024,669,2495.1
1024,670,2430.3
1024,671,2503.0
1024,672,2481.2
1024,673,2442.4
1024,674,3219.4
1024,675,3315.7
1024,676,3479.9
1024,677,3355.1
1024,678,3492.6
1024,679,3475.0
1024,680,4493.0
1024,681,3594.9
1024,682,3584.0
1024,683,3343.0
1024,684,3639.7
1024,685,2587.2
1024,686,2550.8
1024,687,2529.0
1024,688,2487.3
1024,689,2458.8
1024,690,2537.5
1024,691,2483.0
1024,692,2437.6
1024,693,3197.6
1024,694,3521.0
1024,695,3439.9
1024,696,3355.7
1024,697,3517.4
1024,698,3473.2
1024,699,4124.2
1024,700,4169.6
1024,701,4180.5
1024,702,4431.9
1024,703,3523.5
1024,704,3311.5
1024,705,2496.3
1024,706,2624.1
1024,707,2461.2
1024,708,2469.1
1024,709,2542.4
1024,710,2401.9
1024,711,2484.2
1024,712,2461.8
1024,713,3152.8
1024,714,3355.7
1024,715,3326.0
1024,716,3521.0
1024,717,3585.8
1024,718,3502.3
1024,719,4129.1
1024,720,4213.2
1024,721,4162.4
1024,722,4533.0
1024,723,3570.1
1024,724,3278.2
1024,725,3684.5
1024,726,3553.7
1024,727,2637.4
1024,728,2575.1
1024,729,2549.0
1024,730,2498.2
1024,731,2644.7
1024,732,2462.4
1024,733,2589.0
1024,734,2410.9
1024,735,3449.6
1024,736,3553.7
1024,737,7285.5
1024,738,3855.3
1024,739,3897.1
1024,740,3819.0
1024,741,4746.8
1024,742,4351.3
1024,743,4727.4
1024,744,3282.4
1024,745,3513.2
1024,746,3333.3
1024,747,3490.8
1024,748,2695.0
1024,749,2586.6
1024,750,2544.8
1024,751,2547.8
1024,752,2587.8
1024,753,2567.8
1024,754,2581.7
1024,755,2496.9
1024,756,3922.6
1024,757,7786.4
1024,758,4839.5
1024,759,5045.4
1024,760,9532.3
1024,761,3363.6
1024,762,3303.0
1024,763,3248.5
1024,764,3634.9
1024,765,3513.8
1024,766,3156.5
1024,767,3362.4
1024,768,2614.4
1024,769,2619.9
1024,770,2481.2
1024,771,2525.4
1024,772,2463.6
1024,773,2521.2
1024,774,3260.0
1024,775,3574.3
1024,776,3350.9
1024,777,3355.1
1024,778,3565.2
1024,779,3505.3
1024,780,3541.0
1024,781,4183.6
1024,782,4118.2
1024,783,4171.5
1024,784,4155.1
1024,785,4441.0
1024,786,3370.8
1024,787,3313.3
1024,788,3572.5
1024,789,2578.1
1024,790,2449.1
1024,791,2555.1
1024,792,2490.9
1024,793,2418.8
1024,794,2470.9
1024,795,2503.6
1024,796,2489.7
1024,797,3373.9
1024,798,3453.2
1024,799,3342.4
1024,800,3349.6
1024,801,3565.8
1024,802,3559.8
1024,803,4454.9
1024,804,3281.8
1024,805,3273.3
1024,806,3517.4
1024,807,2597.5
1024,808,2590.8
1024,809,2536.9
1024,810,2608.4
1024,811,2466.1
1024,812,2447.9
1024,813,2495.7
1024,814,2515.7
1024,815,3473.2
1024,816,3302.4
1024,817,3501.7
1024,818,3811.1
1024,819,4663.8
1024,820,3650.0
1024,821,3398.1
1024,822,3555.6
1024,823,2557.5
1024,824,2671.4
1024,825,2655.0
1024,826,2622.3
1024,827,2555.1
1024,828,2688.9
1024,829,2711.3
1024,830,2644.7
1024,831,3696.1
1024,832,3753.6
1024,833,4359.8
1024,834,4406.4
1024,835,4305.9
1024,836,4354.4
1024,837,4683.8
1024,838,3401.7
1024,839,3360.5
1024,840,3437.5
1024,841,2677.4
1024,842,2807.6
1024,843,2687.1
1024,844,2687.7
1024,845,2734.3
1024,846,2719.8
1024,847,2717.4
1024,848,2629.6
1024,849,4635.4
1024,850,2702.2
1024,851,3530.1
1024,852,2707.1
1024,853,2692.6
1024,854,2606.0
1024,855,2719.8
1024,856,2681.7
1024,857,2678.0
1024,858,2719.2
1024,859,2638.0
1024,860,3511.9
1024,861,4396.7
1024,862,4336.8
1024,863,4058.2
1024,864,4620.8
1024,865,3687.6
1024,866,3680.9
1024,867,2677.4
1024,868,2670.1
1024,869,2796.1
1024,870,2613.8
1024,871,2745.8
1024,872,2593.2
1024,873,2626.5
1024,874,2741.6
1024,875,4008.6
1024,876,3683.9
1024,877,3789.3
1024,878,4319.2
1024,879,4654.1
1024,880,3281.8
1024,881,3332.1
1024,882,2536.9
1024,883,2441.8
1024,884,2487.3
1024,885,2527.2
1024,886,2429.1
1024,887,2431.5
1024,888,2443.0
1024,889,2506.0
1024,890,3463.5
1024,891,3340.6
1024,892,3528.3
1024,893,3637.9
1024,894,4144.8
1024,895,4192.1
1024,896,3222.5
1024,897,3324.8
1024,898,3654.3
1024,899,3326.0
1024,900,2434.0
1024,901,2546.0
1024,902,2487.9
1024,903,2579.3
1024,904,2467.9
1024,905,2605.3
1024,906,2490.3
1024,907,2560.5
1024,908,3509.5
1024,909,3422.9
1024,910,4196.3
1024,911,3641.5
1024,912,3292.7
1024,913,3240.0
1024,914,2465.4
1024,915,2515.1
1024,916,2429.7
1024,917,2493.9
1024,918,2430.9
1024,919,2464.8
1024,920,3545.9
1024,921,3560.4
1024,922,3631.3
1024,923,3530.1
1024,924,3447.8
1024,925,3482.9
1024,926,3559.8
1024,927,3473.8
1024,928,4454.9
1024,929,4480.9
1024,930,3320.0
1024,931,2633.2
1024,932,2526.0
1024,933,2587.8
1024,934,2653.2
1024,935,2520.6
1024,936,2506.0
1024,937,2523.6
1024,938,3202.5
1024,939,3405.4
1024,940,3552.5
1024,941,3611.3
1024,942,3499.2
1024,943,3445.9
1024,944,3441.1
1024,945,4448.2
1024,946,3608.8
1024,947,3306.0
1024,948,3607.6
1024,949,2579.3
1024,950,2531.5
1024,951,2518.7
1024,952,2449.7
1024,953,2483.6
1024,954,2491.5
1024,955,2461.8
1024,956,2444.9
1024,957,3230.3
1024,958,3516.2
1024,959,3385.4
1024,960,3511.9
1024,961,3550.7
1024,962,3498.6
1024,963,4439.1
1024,964,3325.4
1024,965,3625.2
1024,966,3295.1
1024,967,2620.5
1024,968,2651.4
1024,969,2462.4
1024,970,2542.4
1024,971,2409.1
1024,972,2454.5
1024,973,2516.3
1024,974,2475.1
1024,975,3587.6
1024,976,3340.0
1024,977,3551.3
1024,978,3573.7
1024,979,4120.6
1024,980,4130.9
1024,981,4203.0
1024,982,4101.8
1024,983,4471.8
1024,984,3310.9
1024,985,3307.3
1024,986,2565.4
1024,987,2505.4
1024,988,2564.8
1024,989,2564.2
1024,990,2550.8
1024,991,2481.8
1024,992,2490.3
1024,993,2545.4
1024,994,3246.7
1024,995,3355.1
1024,996,3572.5
1024,997,3404.1
1024,998,4490.0
1024,999,3602.8
1024,1000,3256.4
1024,1001,3525.3
1024,1002,2474.5
1024,1003,2461.2
1024,1004,2503.0
1024,1005,2516.9
1024,1006,2443.6
1024,1007,2464.2
1024,1008,2544.8
1024,1009,2482.4
1024,1010,3228.5
1024,1011,3361.2
1024,1012,3393.9
1024,1013,3359.3
1024,1014,3550.7
1024,1015,3499.8
1024,1016,3420.5
1024,1017,4474.3
1024,1018,3634.9
1024,1019,3621.0
1024,1020,3312.7
1024,1021,2780.4
1024,1022,2502.4
1024,1023,2612.6
1024,1024,2456.4
1024,1025,6681.1
1024,1026,4895.2
1024,1027,2902.7
1024,1028,2833.1
1024,1029,2721.0
1024,1030,2667.1
1024,1031,4222.3
1024,1032,3952.8
1024,1033,4388.9
1024,1034,3284.8
1024,1035,2557.5
1024,1036,2504.2
1024,1037,2573.9
1024,1038,2474.5
1024,1039,2518.1
1024,1040,2482.4
1024,1041,2486.0
1024,1042,2491.5
1024,1043,3462.9
1024,1044,3513.8
1024,1045,4484.0
1024,1046,3527.1
1024,1047,3250.9
1024,1048,3281.8
1024,1049,2577.5
1024,1050,2505.4
1024,1051,2452.1
1024,1052,2549.0
1024,1053,2598.7
1024,1054,2450.9
1024,1055,2457.6
1024,1056,2464.8
1024,1057,3197.0
1024,1058,3377.5
1024,1059,3576.1
1024,1060,3363.6
1024,1061,4203.0
1024,1062,4119.4
1024,1063,4141.2
1024,1064,4137.5
1024,1065,4140.6
1024,1066,3602.8
1024,1067,3565.2
1024,1068,3312.7
1024,1069,2595.1
1024,1070,2533.3
1024,1071,2492.7
1024,1072,2438.2
1024,1073,2482.4
1024,1074,2501.8
1024,1075,2408.5
1024,1076,2439.4
1024,1077,3545.9
1024,1078,3315.1
1024,1079,3567.7
1024,1080,3553.7
1024,1081,3521.0
1024,1082,4430.1
1024,1083,3619.1
1024,1084,3240.0
1024,1085,3347.8
1024,1086,3496.2
1024,1087,2553.9
1024,1088,2420.6
1024,1089,2532.7
1024,1090,2501.2
1024,1091,2597.5
1024,1092,2512.7
1024,1093,2517.5
1024,1094,2475.1
1024,1095,3182.5
1024,1096,3342.4
1024,1097,3353.9
1024,1098,3605.8
1024,1099,4520.3
1024,1100,3243.7
1024,1101,3366.0
1024,1102,2459.4
1024,1103,2439.4
1024,1104,2487.3
1024,1105,2443.0
1024,1106,2515.1
1024,1107,2452.1
1024,1108,2490.9
1024,1109,2561.1
1024,1110,3170.4
1024,1111,3541.0
1024,1112,3559.8
1024,1113,3353.9
1024,1114,3554.9
1024,1115,3491.4
1024,1116,3418.1
1024,1117,4538.5
1024,1118,3619.1
1024,1119,3543.4
1024,1120,2657.4
1024,1121,2519.3
1024,1122,2595.7
1024,1123,2579.3
1024,1124,2570.8
1024,1125,2624.7
1024,1126,2513.3
1024,1127,2549.6
1024,1128,3172.8
1024,1129,3532.5
1024,1130,3363.0
1024,1131,3324.2
1024,1132,3537.4
1024,1133,3478.6
1024,1134,3478.6
1024,1135,3509.5
1024,1136,4175.1
1024,1137,4486.4
1024,1138,3389.0
1024,1139,3244.9
1024,1140,2566.0
1024,1141,2669.5
1024,1142,2524.8
1024,1143,2558.1
1024,1144,2448.5
1024,1145,2567.2
1024,1146,2449.7
1024,1147,2502.4
1024,1148,3445.9
1024,1149,3541.0
1024,1150,3491.4
1024,1151,3388.4
1024,1152,4212.6
1024,1153,4201.7
1024,1154,3346.6
1024,1155,3592.5
1024,1156,3349.6
1024,1157,3327.2
1024,1158,2471.5
1024,1159,2526.6
1024,1160,2519.3
1024,1161,2533.9
1024,1162,2467.9
1024,1163,2478.8
1024,1164,2472.1
1024,1165,2517.5
1024,1166,3160.7
1024,1167,3359.9
1024,1168,3550.7
1024,1169,3572.5
1024,1170,3574.3
1024,1171,4217.5
1024,1172,3627.6
1024,1173,3619.1
1024,1174,3286.7
1024,1175,3564.0
1024,1176,2587.2
1024,1177,2484.2
1024,1178,2555.1
1024,1179,2447.9
1024,1180,2549.6
1024,1181,2603.5
1024,1182,2464.8
1024,1183,2509.7
1024,1184,3197.0
1024,1185,3315.1
1024,1186,3312.7
1024,1187,3364.8
1024,1188,3508.9
1024,1189,3493.8
1024,1190,4403.4
1024,1191,3594.3
1024,1192,3302.4
1024,1193,2630.8
1024,1194,2604.7
1024,1195,2467.3
1024,1196,2495.7
1024,1197,2532.7
1024,1198,2495.1
1024,1199,2473.3
1024,1200,2508.4
1024,1201,3217.0
1024,1202,3320.0
1024,1203,3572.5
1024,1204,3513.8
1024,1205,3564.0
1024,1206,3475.0
1024,1207,3488.9
1024,1208,4511.2
1024,1209,3306.6
1024,1210,3604.0
1024,1211,3312.1
1024,1212,3625.2
1024,1213,2684.7
1024,1214,2472.7
1024,1215,2623.5
1024,1216,2486.6
1024,1217,2566.0
1024,1218,2547.8
1024,1219,2496.9
1024,1220,2465.4
1024,1221,3200.1
1024,1222,3522.2
1024,1223,3566.5
1024,1224,3601.0
1024,1225,4190.2
1024,1226,3563.4
1024,1227,3584.6
1024,1228,3442.9
1024,1229,4186.6
1024,1230,4445.8
1024,1231,3257.6
1024,1232,3212.2
1024,1233,3628.8
1024,1234,2703.5
1024,1235,2572.0
1024,1236,2523.6
1024,1237,2514.5
1024,1238,2415.2
1024,1239,2449.7
1024,1240,2457.6
1024,1241,2475.1
1024,1242,3479.9
1024,1243,3601.6
1024,1244,3601.0
1024,1245,3610.7
1024,1246,4484.0
1024,1247,3535.6
1024,1248,3290.3
1024,1249,3521.6
1024,1250,3585.8
1024,1251,3198.2
1024,1252,2627.1
1024,1253,2748.3
1024,1254,2525.4
1024,1255,2462.4
1024,1256,2468.5
1024,1257,2412.8
1024,1258,2478.2
1024,1259,2466.7
1024,1260,3144.3
1024,1261,3373.3
1024,1262,3361.2
1024,1263,3400.5
1024,1264,3521.6
1024,1265,3543.4
1024,1266,3495.6
1024,1267,4199.3
1024,1268,4171.5
1024,1269,4189.0
1024,1270,4164.8
1024,1271,4481.5
1024,1272,3621.6
1024,1273,3559.2
1024,1274,3316.3
1024,1275,2596.9
1024,1276,2585.4
1024,1277,2676.8
1024,1278,2434.6
1024,1279,2599.3
1024,1280,2492.7
1024,1281,2524.2
1024,1282,2491.5
1024,1283,3175.8
1024,1284,3602.2
1024,1285,3763.9
1024,1286,3683.3
1024,1287,3748.7
1024,1288,4390.7
1024,1289,4690.5
1024,1290,3389.0
1024,1291,3299.4
1024,1292,3657.3
1024,1293,3682.7
1024,1294,2657.4
1024,1295,2689.5
1024,1296,2590.2
1024,1297,2614.4
1024,1298,2652.0
1024,1299,2699.8
1024,1300,2655.6
1024,1301,2639.9
1024,1302,4015.8
1024,1303,3567.7
1024,1304,3560.4
1024,1305,4422.2
1024,1306,4725.6
1024,1307,3616.7
1024,1308,3628.8
1024,1309,2665.3
1024,1310,2619.9
1024,1311,3287.3
1024,1312,2687.1
1024,1313,2697.4
1024,1314,2670.8
1024,1315,2675.0
1024,1316,2706.5
1024,1317,2761.0
1024,1318,2564.2
1024,1319,2736.8
1024,1320,6833.7
1024,1321,4646.9
1024,1322,4899.4
1024,1323,4373.7
1024,1324,4616.0
1024,1325,6081.6
1024,1326,8412.0
1024,1327,3490.8
1024,1328,3407.2
1024,1329,3634.3
1024,1330,3365.4
1024,1331,3334.5
1024,1332,2710.1
1024,1333,2730.1
1024,1334,2626.5
1024,1335,2649.6
1024,1336,2676.2
1024,1337,2594.4
1024,1338,2746.5
1024,1339,2641.1
1024,1340,6030.7
1024,1341,8283.6
1024,1342,3623.4
1024,1343,3597.9
1024,1344,3579.8
1024,1345,3576.7
1024,1346,3611.3
1024,1347,3572.5
1024,1348,4609.3
1024,1349,4386.5
1024,1350,2742.8
1024,1351,2697.4
1024,1352,2612.0
1024,1353,2630.2
1024,1354,2599.3
1024,1355,2555.1
1024,1356,3272.7
1024,1357,3585.8
1024,1358,2547.2
1024,1359,2532.7
1024,1360,2479.4
1024,1361,2573.2
1024,1362,2510.3
1024,1363,2474.5
1024,1364,2450.9
1024,1365,2525.4
1024,1366,3186.7
1024,1367,3757.8
1024,1368,4605.1
1024,1369,3531.9
1024,1370,3605.2
1024,1371,2645.9
1024,1372,2705.9
1024,1373,2743.4
1024,1374,2716.2
1024,1375,2747.7
1024,1376,2703.5
1024,1377,2656.2
1024,1378,2748.9
1024,1379,4650.5
1024,1380,2641.7
1024,1381,3284.8
1024,1382,2646.5
1024,1383,2646.5
1024,1384,2713.1
1024,1385,2647.1
1024,1386,2656.8
1024,1387,2622.3
1024,1388,2558.1
1024,1389,2708.9
1024,1390,3561.6
1024,1391,3825.1
1024,1392,4057.6
1024,1393,4315.6
1024,1394,4229.0
1024,1395,4144.8
1024,1396,4413.1
1024,1397,3641.5
1024,1398,3624.6
1024,1399,3639.7
1024,1400,2507.2
1024,1401,2564.8
1024,1402,2532.1
1024,1403,2490.3
1024,1404,2491.5
1024,1405,2623.5
1024,1406,3526.5
1024,1407,3515.0
1024,1408,3616.1
1024,1409,3314.5
1024,1410,3194.0
1024,1411,3496.8
1024,1412,3521.0
1024,1413,3220.6
1024,1414,3844.4
1024,1415,3449.0
1024,1416,2488.5
1024,1417,2535.7
1024,1418,2466.7
1024,1419,2554.5
1024,1420,2432.1
1024,1421,2544.2
1024,1422,2449.7
1024,1423,2510.9
1024,1424,3544.7
1024,1425,3340.6
1024,1426,3338.1
1024,1427,3342.4
1024,1428,3547.1
1024,1429,4448.2
1024,1430,3614.9
1024,1431,3350.2
1024,1432,3554.9
1024,1433,2535.7
1024,1434,2475.7
1024,1435,2545.4
1024,1436,2438.8
1024,1437,2547.2
1024,1438,2419.4
1024,1439,2539.9
1024,1440,2451.5
1024,1441,3138.3
1024,1442,3402.9
1024,1443,3340.6
1024,1444,3364.2
1024,1445,3535.6
1024,1446,3504.1
1024,1447,3628.8
1024,1448,3447.1
1024,1449,4119.4
1024,1450,4198.1
1024,1451,4176.3
1024,1452,4460.9
1024,1453,3571.9
1024,1454,3292.7
1024,1455,3604.6
1024,1456,2627.1
1024,1457,2530.9
1024,1458,2566.6
1024,1459,2495.7
1024,1460,2473.3
1024,1461,2523.0
1024,1462,2438.8
1024,1463,2503.6
1024,1464,3163.7
1024,1465,4145.4
1024,1466,3871.7
1024,1467,3427.8
1024,1468,3516.2
1024,1469,3601.6
1024,1470,4138.2
1024,1471,4152.7
1024,1472,4437.9
1024,1473,3533.8
1024,1474,3386.6
1024,1475,3596.7
1024,1476,2642.9
1024,1477,2629.6
1024,1478,2459.4
1024,1479,2506.6
1024,1480,2465.4
1024,1481,2430.9
1024,1482,2489.1
1024,1483,2498.2
1024,1484,3171.6
1024,1485,3393.9
1024,1486,3374.5
1024,1487,3299.4
1024,1488,3528.3
1024,1489,3618.5
1024,1490,4136.3
1024,1491,4456.1
1024,1492,3639.7
1024,1493,3321.8
1024,1494,2589.6
1024,1495,2603.5
1024,1496,2581.7
1024,1497,2445.5
1024,1498,2507.8
1024,1499,2468.5
1024,1500,2473.3
1024,1501,3648.8
1024,1502,3247.3
1024,1503,3578.0
1024,1504,3620.4
1024,1505,3450.2
1024,1506,3242.5
1024,1507,3472.6
1024,1508,3489.5
1024,1509,4505.2
1024,1510,4167.2
1024,1511,2635.0
1024,1512,2498.8
1024,1513,2558.7
1024,1514,2576.3
1024,1515,2496.9
1024,1516,2465.4
1024,1517,2509.1
1024,1518,3157.7
1024,1519,3349.6
1024,1520,3333.3
1024,1521,3373.9
1024,1522,3590.1
1024,1523,3558.6
1024,1524,4424.0
1024,1525,3617.9
1024,1526,3553.1
1024,1527,3315.7
1024,1528,2638.0
1024,1529,2493.3
1024,1530,2512.1
1024,1531,2599.3
1024,1532,2468.5
1024,1533,2584.8
1024,1534,2501.2
1024,1535,2484.8
1024,1536,3121.9
1024,1537,3363.0
1024,1538,3560.4
1024,1539,3572.5
1024,1540,3438.1
1024,1541,3538.6
1024,1542,3541.6
1024,1543,4472.5
1024,1544,3333.9
1024,1545,3610.1
1024,1546,3281.8
1024,1547,3293.3
1024,1548,2624.7
1024,1549,2697.4
1024,1550,2536.9
1024,1551,2453.3
1024,1552,2463.0
1024,1553,2550.8
1024,1554,2489.1
1024,1555,2463.0
1024,1556,3169.8
1024,1557,3368.4
1024,1558,4162.4
1024,1559,3896.5
1024,1560,4227.2
1024,1561,4125.4
1024,1562,4178.1
1024,1563,4438.5
1024,1564,3321.2
1024,1565,3359.9
1024,1566,2610.2
1024,1567,2563.0
1024,1568,2547.2
1024,1569,2463.0
1024,1570,2532.1
1024,1571,2475.1
1024,1572,2464.2
1024,1573,2586.6
1024,1574,3175.8
1024,1575,3583.4
1024,1576,3336.3
1024,1577,4213.9
1024,1578,3654.3
1024,1579,3192.8
1024,1580,2522.4
1024,1581,2561.1
1024,1582,2461.2
1024,1583,2527.2
1024,1584,2546.6
1024,1585,2529.0
1024,1586,2498.2
1024,1587,2604.7
1024,1588,3152.2
1024,1589,3398.1
1024,1590,3338.1
1024,1591,3599.8
1024,1592,3479.2
1024,1593,4476.7
1024,1594,3281.8
1024,1595,3638.5
1024,1596,2512.7
1024,1597,2554.5
1024,1598,2464.2
1024,1599,2487.9
1024,1600,2410.3
1024,1601,2473.3
1024,1602,2530.9
1024,1603,2495.7
1024,1604,3190.4
1024,1605,3445.3
1024,1606,3539.8
1024,1607,3354.5
1024,1608,3548.9
1024,1609,3894.1
1024,1610,4222.3
1024,1611,4150.3
1024,1612,4483.4
1024,1613,3691.2
1024,1614,3275.8
1024,1615,2518.7
1024,1616,2489.7
1024,1617,2452.1
1024,1618,2547.8
1024,1619,2440.0
1024,1620,2446.1
1024,1621,2492.7
1024,1622,2452.7
1024,1623,3490.8
1024,1624,3502.9
1024,1625,3320.6
1024,1626,3576.1
1024,1627,3539.2
1024,1628,3524.7
1024,1629,4201.1
1024,1630,4433.7
1024,1631,3512.6
1024,1632,3618.5
1024,1633,3348.4
1024,1634,2706.5
1024,1635,2489.7
1024,1636,2473.3
1024,1637,2677.4
1024,1638,2491.5
1024,1639,2501.8
1024,1640,2524.8
1024,1641,2527.8
1024,1642,3171.6
1024,1643,3369.0
1024,1644,3391.4
1024,1645,3418.7
1024,1646,3573.1
1024,1647,3571.3
1024,1648,3410.2
1024,1649,4138.2
1024,1650,4442.2
1024,1651,3277.6
1024,1652,3347.8
1024,1653,3427.2
1024,1654,2562.3
1024,1655,2512.1
1024,1656,2551.4
1024,1657,2510.9
1024,1658,2491.5
1024,1659,2423.7
1024,1660,2511.5
1024,1661,2515.7
1024,1662,3415.1
1024,1663,3558.6
1024,1664,4414.3
1024,1665,3249.7
1024,1666,3503.5
1024,1667,3419.3
1024,1668,2390.4
1024,1669,2357.7
1024,1670,2375.8
1024,1671,2366.7
1024,1672,2403.1
1024,1673,2358.3
1024,1674,3412.6
1024,1675,3169.8
1024,1676,3347.8
1024,1677,3219.4
1024,1678,2990.5
1024,1679,3094.1
1024,1680,3063.2
1024,1681,3139.5
1024,1682,3737.2
1024,1683,3001.4
1024,1684,3321.2
1024,1685,3128.0
1024,1686,3410.8
1024,1687,3434.4
1024,1688,3429.6
1024,1689,3076.5
1024,1690,3383.0
1024,1691,3981.3
1024,1692,3117.1
1024,1693,3114.7
1024,1694,3050.5
1024,1695,3361.8
1024,1696,3407.8
1024,1697,3473.8
1024,1698,3442.9
1024,1699,3120.1
1024,1700,3207.9
1024,1701,2525.4
1024,1702,2418.8
1024,1703,2468.5
1024,1704,2403.1
1024,1705,2392.8
1024,1706,2499.4
1024,1707,2394.0
1024,1708,3154.0
1024,1709,3263.0
1024,1710,3338.7
1024,1711,3302.4
1024,1712,3337.5
1024,1713,3429.0
1024,1714,3344.2
1024,1715,3280.6
1024,1716,3340.0
1024,1717,4353.1
1024,1718,3386.0
1024,1719,3442.9
1024,1720,2433.4
1024,1721,2453.9
1024,1722,2503.0
1024,1723,2364.9
1024,1724,2350.4
1024,1725,2408.5
1024,1726,2422.5
1024,1727,3338.7
1024,1728,3370.2
1024,1729,3387.2
1024,1730,3096.5
1024,1731,3007.5
1024,1732,3395.1
1024,1733,3072.3
1024,1734,3323.0
1024,1735,4015.8
1024,1736,3353.3
1024,1737,2484.2
1024,1738,2471.5
1024,1739,2356.4
1024,1740,2283.2
1024,1741,2398.2
1024,1742,2309.2
1024,1743,2347.4
1024,1744,2316.5
1024,1745,3788.7
1024,1746,4035.2
1024,1747,4345.3
1024,1748,2430.9
1024,1749,2440.0
1024,1750,2342.5
1024,1751,2413.4
1024,1752,2388.5
1024,1753,2358.9
1024,1754,2381.9
1024,1755,2310.4
1024,1756,3124.4
1024,1757,3757.2
1024,1758,3975.8
1024,1759,4333.2
1024,1760,2450.3
1024,1761,2429.7
1024,1762,2387.9
1024,1763,2343.7
1024,1764,2367.3
1024,1765,2360.7
1024,1766,2341.9
1024,1767,2343.1
1024,1768,3048.0
1024,1769,3690.0
1024,1770,4047.3
1024,1771,3230.9
1024,1772,3341.2
1024,1773,3392.0
1024,1774,3403.5
1024,1775,3363.6
1024,1776,3356.9
1024,1777,3300.6
1024,1778,4355.0
1024,1779,3456.2
1024,1780,3137.1
1024,1781,2560.5
1024,1782,2351.0
1024,1783,2487.9
1024,1784,2316.5
1024,1785,2341.9
1024,1786,2483.0
1024,1787,2340.7
1024,1788,3413.2
1024,1789,3446.5
1024,1790,3321.2
1024,1791,3093.5
1024,1792,3063.2
1024,1793,3074.1
1024,1794,3077.1
1024,1795,3421.7
1024,1796,4010.4
1024,1797,3392.6
1024,1798,2427.9
1024,1799,2447.3
1024,1800,2356.4
1024,1801,2580.5
1024,1802,2475.7
1024,1803,2383.7
1024,1804,2421.2
1024,1805,2543.0
1024,1806,3746.3
1024,1807,4030.4
1024,1808,3266.7
1024,1809,3354.5
1024,1810,3381.7
1024,1811,3305.4
1024,1812,3369.0
1024,1813,3363.0
1024,1814,3351.5
1024,1815,4027.3
1024,1816,3973.4
1024,1817,4299.2
1024,1818,3445.3
1024,1819,3405.4
1024,1820,2432.7
1024,1821,2595.7
1024,1822,2434.6
1024,1823,2467.9
1024,1824,2340.1
1024,1825,2382.5
1024,1826,2485.4
1024,1827,3351.5
1024,1828,3078.9
1024,1829,3385.4
1024,1830,3399.9
1024,1831,3100.7
1024,1832,3370.2
1024,1833,3383.0
1024,1834,3327.8
1024,1835,4030.4
1024,1836,3362.4
1024,1837,2401.3
1024,1838,2482.4
1024,1839,2427.9
1024,1840,2380.1
1024,1841,2324.9
1024,1842,2516.3
1024,1843,2301.3
1024,1844,2347.4
1024,1845,4047.3
1024,1846,3992.2
1024,1847,3375.1
1024,1848,3228.5
1024,1849,3365.4
1024,1850,3352.7
1024,1851,3347.8
1024,1852,3293.9
1024,1853,3390.8
1024,1854,4255.6
1024,1855,3363.6
1024,1856,3385.4
1024,1857,2437.6
1024,1858,2485.4
1024,1859,2438.2
1024,1860,2363.7
1024,1861,2352.8
1024,1862,2424.3
1024,1863,2367.3
1024,1864,3072.3
1024,1865,3137.1
1024,1866,3531.9
1024,1867,3390.8
1024,1868,3395.7
1024,1869,3114.1
1024,1870,3346.0
1024,1871,3024.4
1024,1872,4034.6
1024,1873,3055.9
1024,1874,3434.4
1024,1875,3346.0
1024,1876,3335.7
1024,1877,3325.4
1024,1878,3321.8
1024,1879,3335.7
1024,1880,3323.6
1024,1881,4010.4
1024,1882,3099.5
1024,1883,3301.8
1024,1884,3330.3
1024,1885,3054.1
1024,1886,3366.0
1024,1887,3048.7
1024,1888,3073.5
1024,1889,3327.8
1024,1890,4076.4
1024,1891,4250.2
1024,1892,3332.7
1024,1893,2575.1
1024,1894,2436.4
1024,1895,2450.9
1024,1896,2424.9
1024,1897,2345.5
1024,1898,2435.2
1024,1899,2348.0
1024,1900,3283.6
1024,1901,3247.9
1024,1902,3269.1
1024,1903,3240.0
1024,1904,3404.8
1024,1905,3407.8
1024,1906,3355.1
1024,1907,3320.0
1024,1908,3281.2
1024,1909,4025.5
1024,1910,3969.2
1024,1911,7384.8
1024,1912,4591.8
1024,1913,4201.1
1024,1914,4293.2
1024,1915,4487.6
1024,1916,4472.5
1024,1917,4929.7
1024,1918,8446.5
1024,1919,4923.0
1024,1920,10823.5
1024,1921,3623.4
1024,1922,3558.0
1024,1923,3208.5
1024,1924,3211.6
1024,1925,3513.2
1024,1926,3551.3
1024,1927,3548.3
1024,1928,4256.2
1024,1929,3500.4
1024,1930,2592.0
1024,1931,2570.8
1024,1932,2581.7
1024,1933,2595.7
1024,1934,2457.0
1024,1935,2478.2
1024,1936,2586.6
1024,1937,2539.9
1024,1938,3643.4
1024,1939,3457.4
1024,1940,3719.7
1024,1941,4474.9
1024,1942,3499.2
1024,1943,3497.4
1024,1944,3477.4
1024,1945,3530.7
1024,1946,3235.8
1024,1947,3508.3
1024,1948,2563.6
1024,1949,2567.8
1024,1950,2441.2
1024,1951,2472.1
1024,1952,2467.9
1024,1953,2543.6
1024,1954,2518.7
1024,1955,2587.2
1024,1956,3441.7
1024,1957,3529.5
1024,1958,3416.9
1024,1959,3589.5
1024,1960,3520.4
1024,1961,4154.5
1024,1962,4453.1
1024,1963,3546.5
1024,1964,3335.1
1024,1965,3611.3
1024,1966,2552.1
1024,1967,2518.1
1024,1968,2486.0
1024,1969,2582.9
1024,1970,2535.7
1024,1971,2553.9
1024,1972,2526.0
1024,1973,2566.6
1024,1974,3440.5
1024,1975,3624.6
1024,1976,4153.3
1024,1977,4459.1
1024,1978,3248.5
1024,1979,3454.4
1024,1980,2617.5
1024,1981,2521.2
1024,1982,2545.4
1024,1983,2454.5
1024,1984,2532.7
1024,1985,2532.1
1024,1986,2524.2
1024,1987,2478.2
1024,1988,3509.5
1024,1989,3605.2
1024,1990,3528.3
1024,1991,3573.7
1024,1992,3605.2
1024,1993,4160.0
1024,1994,4453.7
1024,1995,3224.3
1024,1996,3424.7
1024,1997,3458.0
1024,1998,3108.6
1024,1999,2544.2
4096,0,5415.4
4096,1,5855.1
4096,2,5188.3
4096,3,5322.7
4096,4,5255.5
4096,5,5358.5
4096,6,5031.4
4096,7,5801.2
4096,8,5139.2
4096,9,5352.4
4096,10,5550.4
4096,11,4993.3
4096,12,4944.8
4096,13,5394.8
4096,14,5039.9
4096,15,4966.0
4096,16,5049.0
4096,17,5053.2
4096,18,5650.4
4096,19,5580.1
4096,20,5167.7
4096,21,5308.8
4096,22,5248.8
4096,23,5035.1
4096,24,5440.8
4096,25,5291.2
4096,26,4932.1
4096,27,5414.8
4096,28,5056.3
4096,29,5006.0
4096,30,5007.8
4096,31,5190.1
4096,32,4999.3
4096,33,5179.2
4096,34,5067.2
4096,35,5272.5
4096,36,5174.4
4096,37,6084.6
4096,38,5323.9
4096,39,5002.4
4096,40,5129.5
4096,41,4962.4
4096,42,4934.5
4096,43,4998.7
4096,44,5758.8
4096,45,5205.8
4096,46,5454.8
4096,47,5580.1
4096,48,4955.1
4096,49,5037.5
4096,50,5299.1
4096,51,4943.0
4096,52,4994.5
4096,53,5075.0
4096,54,5718.8
4096,55,4943.6
4096,56,5398.4
4096,57,5271.9
4096,58,5007.8
4096,59,5333.0
4096,60,4984.2
4096,61,4991.5
4096,62,5012.7
4096,63,5531.7
4096,64,5261.6
4096,65,5275.5
4096,66,4956.3
4096,67,5262.2
4096,68,5089.0
4096,69,5604.3
4096,70,4939.4
4096,71,5271.9
4096,72,4963.0
4096,73,5151.9
4096,74,5067.8
4096,75,5047.8
4096,76,4987.8
4096,77,5870.2
4096,78,5027.8
4096,79,5039.9
4096,80,5304.0
4096,81,5044.1
4096,82,5211.3
4096,83,5006.6
4096,84,5084.1
4096,85,5243.4
4096,86,5024.8
4096,87,5498.4
4096,88,5165.3
4096,89,5653.4
4096,90,4996.9
4096,91,4990.2
4096,92,5014.5
4096,93,5944.7
4096,94,5010.2
4096,95,5260.4
4096,96,6014.9
4096,97,5012.1
4096,98,5518.3
4096,99,5071.4
4096,100,5483.2
4096,101,5288.8
4096,102,5105.3
4096,103,6507.3
4096,104,4928.5
4096,105,5198.0
4096,106,5253.1
4096,107,5545.0
4096,108,5134.4
4096,109,4996.9
4096,110,5525.6
4096,111,4995.1
4096,112,5061.1
4096,113,5595.3
4096,114,5081.1
4096,115,5474.1
4096,116,4969.7
4096,117,5010.2
4096,118,5358.5
4096,119,5689.7
4096,120,4967.2
4096,121,5680.0
4096,122,5482.6
4096,123,5651.0
4096,124,5035.1
4096,125,5008.4
4096,126,4995.1
4096,127,4997.5
4096,128,4997.5
4096,129,5061.7
4096,130,5213.1
4096,131,5007.8
4096,132,4989.0
4096,133,5242.2
4096,134,5339.1
4096,135,5030.8
4096,136,5015.1
4096,137,5077.5
4096,138,5026.0
4096,139,5428.7
4096,140,5469.3
4096,141,5541.4
4096,142,5393.0
4096,143,5208.3
4096,144,5532.9
4096,145,5049.0
4096,146,5206.5
4096,147,5032.0
4096,148,4982.4
4096,149,5134.4
4096,150,5351.2
4096,151,5018.7
4096,152,5470.5
4096,153,5844.8
4096,154,5205.2
4096,155,5007.8
4096,156,5001.2
4096,157,5019.3
4096,158,5172.5
4096,159,5573.5
4096,160,4950.9
4096,161,5045.4
4096,162,4976.9
4096,163,5345.7
4096,164,5038.7
4096,165,5023.6
4096,166,5073.8
4096,167,5273.1
4096,168,5231.9
4096,169,5754.5
4096,170,4963.0
4096,171,5291.8
4096,172,4926.7
4096,173,5207.1
4096,174,5311.8
4096,175,5042.9
4096,176,5332.4
4096,177,5544.4
4096,178,5007.8
4096,179,4998.7
4096,180,5139.8
4096,181,5155.0
4096,182,5044.1
4096,183,5124.1
4096,184,5046.6
4096,185,5351.2
4096,186,4964.8
4096,187,5187.1
4096,188,5264.6
4096,189,5024.8
4096,190,5060.5
4096,191,5017.5
4096,192,5545.0
4096,193,5729.7
4096,194,5374.2
4096,195,5004.2
4096,196,5050.8
4096,197,5031.4
4096,198,5057.5
4096,199,5271.9
4096,200,5832.1
4096,201,5159.2
4096,202,5156.8
4096,203,4983.0
4096,204,4996.3
4096,205,5017.5
4096,206,5299.7
4096,207,4975.1
4096,208,4945.4
4096,209,5032.6
4096,210,4987.2
4096,211,5310.6
4096,212,5274.9
4096,213,4965.4
4096,214,5651.6
4096,215,4969.7
4096,216,5181.6
4096,217,5259.1
4096,218,5805.4
4096,219,5027.8
4096,220,5003.0
4096,221,5170.1
4096,222,5884.7
4096,223,4978.1
4096,224,4942.4
4096,225,5330.0
4096,226,5038.1
4096,227,5023.0
4096,228,5017.5
4096,229,5261.0
4096,230,5577.1
4096,231,5519.6
4096,232,4999.9
4096,233,5057.5
4096,234,5019.9
4096,235,5263.4
4096,236,6236.0
4096,237,5465.7
4096,238,5002.4
4096,239,5307.6
4096,240,5193.1
4096,241,5176.2
4096,242,5331.8
4096,243,5417.8
4096,244,5012.1
4096,245,5093.2
4096,246,5409.9
4096,247,5312.4
4096,248,4958.8
4096,249,5067.8
4096,250,5142.3
4096,251,5054.4
4096,252,5203.4
4096,253,5305.8
4096,254,5015.1
4096,255,5054.4
4096,256,4979.3
4096,257,6025.2
4096,258,4958.2
4096,259,5057.5
4096,260,5532.9
4096,261,5390.0
4096,262,5037.5
4096,263,5276.7
4096,264,5096.2
4096,265,5298.5
4096,266,5632.8
4096,267,5396.6
4096,268,5517.1
4096,269,5847.2
4096,270,4981.8
4096,271,5372.4
4096,272,5023.6
4096,273,5646.1
4096,274,4962.4
4096,275,5219.2
4096,276,5277.9
4096,277,4985.4
4096,278,5093.8
4096,279,4944.8
4096,280,5496.5
4096,281,5583.1
4096,282,5426.9
4096,283,5637.0
4096,284,5657.6
4096,285,6494.0
4096,286,5275.5
4096,287,5631.0
4096,288,5454.1
4096,289,5586.8
4096,290,5806.6
4096,291,5472.9
4096,292,6205.7
4096,293,5629.2
4096,294,6029.5
4096,295,5605.6
4096,296,5267.0
4096,297,5261.6
4096,298,5162.2
4096,299,5210.1
4096,300,5230.1
4096,301,5608.0
4096,302,5540.1
4096,303,5322.1
4096,304,5465.7
4096,305,5286.4
4096,306,5221.0
4096,307,5217.4
4096,308,5330.0
4096,309,5250.1
4096,310,5953.2
4096,311,5211.3
4096,312,6087.0
4096,313,5337.3
4096,314,5303.4
4096,315,5238.6
4096,316,5588.0
4096,317,5221.6
4096,318,5633.4
4096,319,5383.9
4096,320,5522.6
4096,321,6435.2
4096,322,5491.7
4096,323,5733.3
4096,324,6076.1
4096,325,5907.1
4096,326,5850.2
4096,327,5282.2
4096,328,5488.1
4096,329,5248.2
4096,330,5198.0
4096,331,5561.3
4096,332,5489.9
4096,333,5760.0
4096,334,5431.1
4096,335,5504.4
4096,336,5792.7
4096,337,5434.2
4096,338,5185.9
4096,339,5204.0
4096,340,5457.2
4096,341,5810.2
4096,342,5265.8
4096,343,5209.5
4096,344,5546.2
4096,345,5549.8
4096,346,5446.9
4096,347,5190.1
4096,348,5194.9
4096,349,5408.1
4096,350,5252.5
4096,351,5175.0
4096,352,5221.0
4096,353,5230.7
4096,354,5764.2
4096,355,5207.7
4096,356,5373.6
4096,357,5231.3
4096,358,5800.6
4096,359,5388.1
4096,360,5274.9
4096,361,5038.1
4096,362,4997.5
4096,363,5204.6
4096,364,4965.4
4096,365,5079.9
4096,366,4990.9
4096,367,5667.9
4096,368,5046.6
4096,369,5276.7
4096,370,5382.1
4096,371,5863.5
4096,372,5014.5
4096,373,5231.3
4096,374,5033.2
4096,375,5339.1
4096,376,5276.7
4096,377,5084.7
4096,378,5262.8
4096,379,4940.0
4096,380,5604.3
4096,381,5059.3
4096,382,5145.3
4096,383,5403.9
4096,384,5161.6
4096,385,4976.9
4096,386,4973.3
4096,387,5406.3
4096,388,5167.7
4096,389,5191.9
4096,390,4960.6
4096,391,4981.2
4096,392,5194.3
4096,393,5327.6
4096,394,5319.7
4096,395,5351.8
4096,396,5027.2
4096,397,4992.1
4096,398,5108.9
4096,399,5517.1
4096,400,5039.3
4096,401,5030.2
4096,402,4972.1
4096,403,4996.3
4096,404,5802.4
4096,405,5942.9
4096,406,5092.6
4096,407,4933.3
4096,408,4953.3
4096,409,5538.9
4096,410,4962.4
4096,411,5050.8
4096,412,5214.3
4096,413,5001.2
4096,414,5397.8
4096,415,5037.5
4096,416,5313.0
4096,417,5250.1
4096,418,4980.6
4096,419,5389.3
4096,420,4958.2
4096,421,5623.1
4096,422,4976.9
4096,423,5548.6
4096,424,5271.9
4096,425,5093.2
4096,426,5170.7
4096,427,5048.4
4096,428,5414.2
4096,429,5515.3
4096,430,5064.7
4096,431,4983.0
4096,432,5151.9
4096,433,5348.2
4096,434,5696.4
4096,435,5145.3
4096,436,5261.0
4096,437,5019.9
4096,438,5345.1
4096,439,5221.0
4096,440,5081.1
4096,441,5014.5
4096,442,4947.9
4096,443,4978.1
4096,444,5032.6
4096,445,5019.9
4096,446,5012.1
4096,447,5214.9
4096,448,5051.4
4096,449,5633.4
4096,450,5255.5
4096,451,5081.1
4096,452,5180.4
4096,453,4978.1
4096,454,5010.8
4096,455,5037.5
4096,456,5209.5
4096,457,5318.5
4096,458,5565.6
4096,459,5394.2
4096,460,5448.7
4096,461,5674.0
4096,462,5566.2
4096,463,6871.3
4096,464,5991.3
4096,465,5280.9
4096,466,4960.6
4096,467,5433.6
4096,468,5819.9
4096,469,5415.4
4096,470,5001.2
4096,471,5592.2
4096,472,5447.5
4096,473,5021.7
4096,474,6079.7
4096,475,5179.8
4096,476,4990.9
4096,477,4963.0
4096,478,5271.3
4096,479,5388.1
4096,480,5213.7
4096,481,5165.3
4096,482,5186.5
4096,483,5220.4
4096,484,5274.3
4096,485,6210.6
4096,486,5546.8
4096,487,5296.7
4096,488,5195.6
4096,489,5924.1
4096,490,5165.3
4096,491,5210.1
4096,492,5695.8
4096,493,5191.9
4096,494,5435.4
4096,495,5491.1
4096,496,5558.9
4096,497,5224.6
4096,498,5477.8
4096,499,5372.4
4096,500,5738.2
4096,501,5251.9
4096,502,5255.5
4096,503,5416.0
4096,504,6048.3
4096,505,5595.9
4096,506,5298.5
4096,507,5423.9
4096,508,5455.4
4096,509,5230.7
4096,510,5446.9
4096,511,5537.1
4096,512,5214.3
4096,513,5555.3
4096,514,5159.8
4096,515,5588.6
4096,516,5118.6
4096,517,5425.1
4096,518,5641.3
4096,519,5511.1
4096,520,5193.7
4096,521,5222.8
4096,522,5546.8
4096,523,5533.5
4096,524,5366.3
4096,525,5137.4
4096,526,5138.6
4096,527,5130.1
4096,528,5005.4
4096,529,5772.7
4096,530,5221.0
4096,531,5018.1
4096,532,4958.2
4096,533,4999.3
4096,534,5489.9
4096,535,4955.1
4096,536,4997.5
4096,537,5039.9
4096,538,5173.7
4096,539,5009.6
4096,540,4945.4
4096,541,4966.0
4096,542,5307.0
4096,543,4944.2
4096,544,5002.4
4096,545,5043.5
4096,546,5547.4
4096,547,5168.3
4096,548,5538.9
4096,549,4989.6
4096,550,5178.6
4096,551,5019.3
4096,552,4987.2
4096,553,5735.2
4096,554,4973.9
4096,555,4921.8
4096,556,4994.5
4096,557,4998.7
4096,558,5276.7
4096,559,4959.4
4096,560,5944.7
4096,561,5271.9
4096,562,5012.7
4096,563,5305.2
4096,564,4995.7
4096,565,4926.1
4096,566,5277.3
4096,567,5263.4
4096,568,4920.6
4096,569,5370.0
4096,570,5752.7
4096,571,5144.1
4096,572,5296.7
4096,573,5059.3
4096,574,5159.2
4096,575,5168.9
4096,576,5195.6
4096,577,5293.1
4096,578,5249.5
4096,579,5012.7
4096,580,5004.8
4096,581,5218.6
4096,582,4970.3
4096,583,5197.4
4096,584,4967.2
4096,585,5242.8
4096,586,5001.2
4096,587,4954.5
4096,588,5479.0
4096,589,5682.5
4096,590,5211.3
4096,591,5370.0
4096,592,5286.4
4096,593,4976.3
4096,594,5201.0
4096,595,5685.5
4096,596,4951.5
4096,597,5479.0
4096,598,5001.2
4096,599,5390.0
4096,600,4960.0
4096,601,5907.8
4096,602,5233.1
4096,603,5008.4
4096,604,5355.4
4096,605,4938.2
4096,606,5945.3
4096,607,4903.0
4096,608,5288.8
4096,609,5340.3
4096,610,4933.3
4096,611,5205.8
4096,612,4970.9
4096,613,5027.8
4096,614,5240.4
4096,615,5160.4
4096,616,4980.6
4096,617,5101.1
4096,618,5323.9
4096,619,4929.7
4096,620,4987.2
4096,621,4913.9
4096,622,5710.3
4096,623,4940.6
4096,624,5156.8
4096,625,5609.8
4096,626,5230.1
4096,627,4993.9
4096,628,4955.1
4096,629,4970.3
4096,630,5322.7
4096,631,4972.7
4096,632,5032.6
4096,633,5499.0
4096,634,4935.7
4096,635,4940.6
4096,636,5118.6
4096,637,5031.4
4096,638,5405.1
4096,639,5191.9
4096,640,6014.3
4096,641,4984.8
4096,642,5305.8
4096,643,5175.0
4096,644,7543.5
4096,645,5110.8
4096,646,5021.7
4096,647,5636.4
4096,648,6097.9
4096,649,4992.1
4096,650,4941.8
4096,651,5135.0
4096,652,4942.4
4096,653,5208.3
4096,654,5488.1
4096,655,4977.5
4096,656,5351.2
4096,657,5379.7
4096,658,5437.2
4096,659,5213.7
4096,660,5214.3
4096,661,4999.9
4096,662,5135.0
4096,663,5020.5
4096,664,5377.2
4096,665,5006.6
4096,666,4903.0
4096,667,5723.0
4096,668,5348.2
4096,669,5187.1
4096,670,5626.1
4096,671,5268.8
4096,672,4955.1
4096,673,5024.2
4096,674,5752.7
4096,675,5017.5
4096,676,5217.4
4096,677,4904.9
4096,678,4946.0
4096,679,5182.2
4096,680,5079.3
4096,681,5755.1
4096,682,5361.5
4096,683,5533.5
4096,684,5656.4
4096,685,5289.4
4096,686,5380.9
4096,687,5366.9
4096,688,5325.8
4096,689,6028.9
4096,690,6006.5
4096,691,5654.0
4096,692,5273.7
4096,693,5246.4
4096,694,5238.6
4096,695,5242.2
4096,696,5820.5
4096,697,5359.1
4096,698,5247.6
4096,699,5331.2
4096,700,5364.5
4096,701,6157.9
4096,702,5317.9
4096,703,5361.5
4096,704,5741.2
4096,705,5229.5
4096,706,4963.0
4096,707,5109.6
4096,708,5618.3
4096,709,6355.3
4096,710,5538.3
4096,711,5083.5
4096,712,5230.1
4096,713,5561.9
4096,714,5072.0
4096,715,5445.7
4096,716,5161.6
4096,717,5186.5
4096,718,5147.7
4096,719,4961.2
4096,720,6103.4
4096,721,5082.3
4096,722,5200.4
4096,723,5309.4
4096,724,5195.6
4096,725,5546.8
4096,726,5033.9
4096,727,5398.4
4096,728,4935.7
4096,729,6008.9
4096,730,5103.5
4096,731,5409.9
4096,732,5219.2
4096,733,5822.4
4096,734,5235.5
4096,735,5074.4
4096,736,5823.0
4096,737,5701.8
4096,738,5005.4
4096,739,5291.2
4096,740,5135.6
4096,741,5580.1
4096,742,5032.0
4096,743,4940.0
4096,744,5088.4
4096,745,5314.3
4096,746,5090.8
4096,747,5147.1
4096,748,5097.4
4096,749,5543.2
4096,750,5555.3
4096,751,5534.1
4096,752,5641.3
4096,753,5382.7
4096,754,5670.4
4096,755,5598.9
4096,756,5534.1
4096,757,5227.6
4096,758,5549.2
4096,759,5266.4
4096,760,5179.8
4096,761,5166.5
4096,762,5451.1
4096,763,5173.7
4096,764,5626.1
4096,765,5685.5
4096,766,5496.5
4096,767,5574.7
4096,768,5158.0
4096,769,5557.7
4096,770,5560.7
4096,771,5164.1
4096,772,5455.4
4096,773,5124.1
4096,774,5175.0
4096,775,5178.0
4096,776,5509.3
4096,777,5226.4
4096,778,5199.8
4096,779,5362.7
4096,780,5254.9
4096,781,5281.5
4096,782,5276.7
4096,783,5638.9
4096,784,5430.5
4096,785,5749.7
4096,786,5299.7
4096,787,5240.4
4096,788,5200.4
4096,789,5165.3
4096,790,5912.6
4096,791,5528.0
4096,792,5445.1
4096,793,7862.1
4096,794,6791.3
4096,795,5689.1
4096,796,5873.8
4096,797,5683.1
4096,798,5608.0
4096,799,5571.6
4096,800,5599.5
4096,801,5669.1
4096,802,5577.7
4096,803,6277.8
4096,804,5305.2
4096,805,6342.6
4096,806,5572.2
4096,807,5401.5
4096,808,5183.4
4096,809,5721.8
4096,810,5397.2
4096,811,5566.2
4096,812,5653.4
4096,813,5295.5
4096,814,5619.5
4096,815,5821.1
4096,816,6098.5
4096,817,5685.5
4096,818,5837.5
4096,819,5584.4
4096,820,7658.6
4096,821,6260.2
4096,822,5495.3
4096,823,6902.2
4096,824,5918.7
4096,825,5225.2
4096,826,6128.2
4096,827,5307.0
4096,828,5295.5
4096,829,4938.2
4096,830,5080.5
4096,831,5366.3
4096,832,4974.5
4096,833,5055.0
4096,834,5529.9
4096,835,5416.6
4096,836,4985.4
4096,837,4990.2
4096,838,4990.9
4096,839,5327.6
4096,840,5119.9
4096,841,5334.8
4096,842,5049.0
4096,843,5006.6
4096,844,5004.2
4096,845,4974.5
4096,846,5024.2
4096,847,5171.9
4096,848,5327.0
4096,849,5083.5
4096,850,4942.4
4096,851,5872.0
4096,852,4993.9
4096,853,5432.3
4096,854,4955.7
4096,855,5069.0
4096,856,5807.2
4096,857,5540.1
4096,858,4970.3
4096,859,5004.8
4096,860,4983.0
4096,861,5215.5
4096,862,5236.7
4096,863,5319.1
4096,864,5274.3
4096,865,5138.0
4096,866,5427.5
4096,867,5594.7
4096,868,4966.6
4096,869,5363.3
4096,870,4987.8
4096,871,5092.6
4096,872,5056.9
4096,873,4967.8
4096,874,5700.6
4096,875,4964.2
4096,876,4944.8
4096,877,4942.4
4096,878,5327.6
4096,879,5198.6
4096,880,5011.4
4096,881,5009.0
4096,882,5186.5
4096,883,4939.4
4096,884,5592.8
4096,885,5269.4
4096,886,5521.4
4096,887,4918.8
4096,888,5229.5
4096,889,4993.3
4096,890,5532.9
4096,891,5349.4
4096,892,5284.6
4096,893,4939.4
4096,894,5576.5
4096,895,5454.8
4096,896,5228.3
4096,897,5290.6
4096,898,5469.3
4096,899,5514.1
4096,900,5743.0
4096,901,5178.6
4096,902,5632.8
4096,903,5485.0
4096,904,5708.5
4096,905,5438.4
4096,906,5723.6
4096,907,5429.3
4096,908,5485.6
4096,909,5698.2
4096,910,5385.1
4096,911,5362.7
4096,912,5850.8
4096,913,5432.3
4096,914,5193.7
4096,915,5512.9
4096,916,5552.3
4096,917,5220.4
4096,918,5247.6
4096,919,5107.7
4096,920,5332.4
4096,921,5247.6
4096,922,5396.0
4096,923,5824.2
4096,924,5266.4
4096,925,6045.2
4096,926,5226.4
4096,927,5431.1
4096,928,5234.9
4096,929,5597.1
4096,930,5451.1
4096,931,5326.4
4096,932,5337.9
4096,933,5000.5
4096,934,5015.1
4096,935,4997.5
4096,936,5317.9
4096,937,5561.9
4096,938,4964.2
4096,939,5202.8
4096,940,5574.7
4096,941,5325.2
4096,942,5047.8
4096,943,4976.9
4096,944,5302.1
4096,945,5435.4
4096,946,4988.4
4096,947,5012.7
4096,948,4950.3
4096,949,5006.6
4096,950,5801.8
4096,951,4953.9
4096,952,5345.7
4096,953,5543.8
4096,954,5018.7
4096,955,5002.4
4096,956,5261.6
4096,957,5282.2
4096,958,5569.2
4096,959,5562.6
4096,960,5184.0
4096,961,5773.9
4096,962,4971.5
4096,963,4978.1
4096,964,5408.1
4096,965,4993.9
4096,966,5251.3
4096,967,5198.6
4096,968,4956.3
4096,969,5518.3
4096,970,5548.0
4096,971,5303.4
4096,972,5052.6
4096,973,5056.9
4096,974,5296.1
4096,975,4981.2
4096,976,5503.2
4096,977,5031.4
4096,978,5148.9
4096,979,5069.0
4096,980,5288.2
4096,981,5606.8
4096,982,5206.5
4096,983,5925.3
4096,984,4932.1
4096,985,5297.3
4096,986,5482.6
4096,987,5303.4
4096,988,5028.4
4096,989,5475.3
4096,990,5249.5
4096,991,5333.6
4096,992,5253.7
4096,993,5291.8
4096,994,4960.6
4096,995,5131.4
4096,996,5054.4
4096,997,4953.3
4096,998,5147.7
4096,999,8205.4
4096,1000,5408.7
4096,1001,5393.6
4096,1002,5900.5
4096,1003,5185.9
4096,1004,5227.6
4096,1005,4924.8
4096,1006,4975.7
4096,1007,5294.3
4096,1008,5121.1
4096,1009,5028.4
4096,1010,4944.8
4096,1011,5199.2
4096,1012,4960.6
4096,1013,6148.2
4096,1014,5141.0
4096,1015,5310.0
4096,1016,5089.6
4096,1017,5979.2
4096,1018,5555.3
4096,1019,5564.4
4096,1020,4972.7
4096,1021,5046.0
4096,1022,4986.0
4096,1023,5009.0
4096,1024,4985.4
4096,1025,4995.7
4096,1026,5339.1
4096,1027,5447.5
4096,1028,4990.9
4096,1029,5306.4
4096,1030,5130.8
4096,1031,4930.3
4096,1032,5029.0
4096,1033,5621.3
4096,1034,5242.2
4096,1035,5247.0
4096,1036,4970.9
4096,1037,5066.6
4096,1038,4959.4
4096,1039,5151.9
4096,1040,4936.3
4096,1041,5328.2
4096,1042,5000.5
4096,1043,5040.5
4096,1044,5332.4
4096,1045,5021.1
4096,1046,5265.2
4096,1047,5534.7
4096,1048,5160.4
4096,1049,5039.3
4096,1050,5250.1
4096,1051,5521.4
4096,1052,5127.1
4096,1053,5257.3
4096,1054,5001.2
4096,1055,5006.0
4096,1056,5345.7
4096,1057,5081.7
4096,1058,5291.2
4096,1059,4995.7
4096,1060,5572.2
4096,1061,5290.0
4096,1062,4946.6
4096,1063,5108.9
4096,1064,4976.9
4096,1065,5033.9
4096,1066,5235.5
4096,1067,4970.9
4096,1068,5218.0
4096,1069,5258.5
4096,1070,5376.6
4096,1071,5016.3
4096,1072,4960.6
4096,1073,5511.1
4096,1074,5383.9
4096,1075,5394.2
4096,1076,5053.8
4096,1077,4972.7
4096,1078,5286.4
4096,1079,5017.5
4096,1080,5078.1
4096,1081,5301.5
4096,1082,5308.2
4096,1083,5672.2
4096,1084,5626.7
4096,1085,5261.0
4096,1086,5061.1
4096,1087,5555.3
4096,1088,5500.2
4096,1089,5563.8
4096,1090,5778.8
4096,1091,5465.0
4096,1092,4919.4
4096,1093,5580.1
4096,1094,5161.6
4096,1095,5081.1
4096,1096,5427.5
4096,1097,5473.5
4096,1098,5500.8
4096,1099,5171.3
4096,1100,5466.3
4096,1101,5228.9
4096,1102,5572.2
4096,1103,5183.4
4096,1104,5474.1
4096,1105,5476.0
4096,1106,5213.7
4096,1107,5473.5
4096,1108,5238.6
4096,1109,5510.5
4096,1110,5273.1
4096,1111,5630.4
4096,1112,5214.3
4096,1113,5261.6
4096,1114,5216.7
4096,1115,5440.2
4096,1116,5190.1
4096,1117,5216.1
4096,1118,5242.2
4096,1119,6446.1
4096,1120,5225.8
4096,1121,5623.1
4096,1122,5171.9
4096,1123,5225.2
4096,1124,5277.3
4096,1125,5233.1
4096,1126,5564.4
4096,1127,5373.6
4096,1128,5478.4
4096,1129,5540.1
4096,1130,5950.8
4096,1131,5752.7
4096,1132,5451.1
4096,1133,5236.7
4096,1134,5288.8
4096,1135,5154.4
4096,1136,5577.1
4096,1137,5258.5
4096,1138,5636.4
4096,1139,5206.5
4096,1140,5216.7
4096,1141,5350.0
4096,1142,5198.6
4096,1143,5463.8
4096,1144,5829.6
4096,1145,5988.9
4096,1146,5006.6
4096,1147,4996.3
4096,1148,5007.2
4096,1149,4952.7
4096,1150,5287.0
4096,1151,5279.1
4096,1152,5358.5
4096,1153,5291.8
4096,1154,4961.2
4096,1155,5039.3
4096,1156,5495.3
4096,1157,5215.5
4096,1158,5241.0
4096,1159,5557.1
4096,1160,5072.0
4096,1161,4962.4
4096,1162,4941.2
4096,1163,5554.7
4096,1164,5264.0
4096,1165,5015.1
4096,1166,5042.3
4096,1167,5160.4
4096,1168,4998.1
4096,1169,5262.2
4096,1170,5133.2
4096,1171,5000.5
4096,1172,5273.7
4096,1173,5905.9
4096,1174,5006.0
4096,1175,5017.5
4096,1176,6073.1
4096,1177,5819.3
4096,1178,5417.2
4096,1179,6120.9
4096,1180,5491.1
4096,1181,5444.5
4096,1182,5525.6
4096,1183,5617.1
4096,1184,5329.4
4096,1185,5268.8
4096,1186,4267.1
4096,1187,5445.7
4096,1188,5914.4
4096,1189,5500.2
4096,1190,5320.9
4096,1191,5624.9
4096,1192,5482.6
4096,1193,5261.6
4096,1194,5243.4
4096,1195,5525.0
4096,1196,5122.9
4096,1197,5153.2
4096,1198,5231.9
4096,1199,5859.3
4096,1200,5211.3
4096,1201,6122.1
4096,1202,5213.1
4096,1203,5171.3
4096,1204,5168.9
4096,1205,5188.9
4096,1206,5477.2
4096,1207,5216.1
4096,1208,5216.1
4096,1209,5231.3
4096,1210,5228.3
4096,1211,5248.8
4096,1212,5347.6
4096,1213,5179.8
4096,1214,5557.1
4096,1215,5193.7
4096,1216,5825.4
4096,1217,5223.4
4096,1218,5187.7
4096,1219,5453.5
4096,1220,5496.5
4096,1221,5530.5
4096,1222,5250.7
4096,1223,5128.3
4096,1224,5422.1
4096,1225,5867.2
4096,1226,4971.5
4096,1227,5320.3
4096,1228,5521.4
4096,1229,5130.8
4096,1230,5459.0
4096,1231,5119.2
4096,1232,5138.6
4096,1233,5552.9
4096,1234,5382.1
4096,1235,5754.5
4096,1236,5409.9
4096,1237,5161.0
4096,1238,5130.1
4096,1239,5256.1
4096,1240,5439.6
4096,1241,5417.2
4096,1242,5687.9
4096,1243,5208.9
4096,1244,5051.4
4096,1245,5683.1
4096,1246,5337.3
4096,1247,5546.8
4096,1248,5573.5
4096,1249,5735.2
4096,1250,5345.7
4096,1251,5130.8
4096,1252,5362.1
4096,1253,5665.5
4096,1254,5849.6
4096,1255,5375.4
4096,1256,6400.7
4096,1257,5563.2
4096,1258,5314.9
4096,1259,6108.2
4096,1260,5399.0
4096,1261,5787.8
4096,1262,5351.2
4096,1263,5391.2
4096,1264,5439.6
4096,1265,5483.8
4096,1266,6011.9
4096,1267,6028.9
4096,1268,5634.0
4096,1269,5347.6
4096,1270,5425.7
4096,1271,5328.2
4096,1272,5457.2
4096,1273,5341.5
4096,1274,5334.2
4096,1275,5629.2
4096,1276,5620.7
4096,1277,6064.0
4096,1278,5378.4
4096,1279,5382.1
4096,1280,5396.0
4096,1281,5403.9
4096,1282,5611.6
4096,1283,5761.8
4096,1284,5387.5
4096,1285,5715.8
4096,1286,5751.5
4096,1287,5356.0
4096,1288,5663.7
4096,1289,5463.2
4096,1290,5405.7
4096,1291,5434.2
4096,1292,5415.4
4096,1293,5574.1
4096,1294,5396.0
4096,1295,5392.4
4096,1296,5339.1
4096,1297,5411.2
4096,1298,5325.8
4096,1299,5357.9
4096,1300,5663.1
4096,1301,5870.8
4096,1302,5623.7
4096,1303,5617.1
4096,1304,5434.2
4096,1305,5171.9
4096,1306,5356.0
4096,1307,5198.0
4096,1308,5563.8
4096,1309,5660.7
4096,1310,5479.6
4096,1311,5239.2
4096,1312,5422.7
4096,1313,5459.6
4096,1314,5053.8
4096,1315,5431.7
4096,1316,5121.1
4096,1317,5451.1
4096,1318,5113.2
4096,1319,5764.8
4096,1320,5128.9
4096,1321,5247.0
4096,1322,5081.1
4096,1323,5582.5
4096,1324,5241.0
4096,1325,5155.6
4096,1326,5239.8
4096,1327,5454.8
4096,1328,5242.8
4096,1329,5571.6
4096,1330,5642.5
4096,1331,5337.3
4096,1332,5446.9
4096,1333,5099.9
4096,1334,5997.4
4096,1335,5452.3
4096,1336,5125.9
4096,1337,5497.8
4096,1338,5051.4
4096,1339,5343.3
4096,1340,5128.9
4096,1341,5165.9
4096,1342,5208.3
4096,1343,5298.5
4096,1344,5626.7
4096,1345,5132.0
4096,1346,5122.9
4096,1347,5533.5
4096,1348,5719.4
4096,1349,5104.7
4096,1350,5357.9
4096,1351,5231.9
4096,1352,5327.0
4096,1353,5457.2
4096,1354,5936.8
4096,1355,5135.0
4096,1356,4247.2
4096,1357,6000.4
4096,1358,5688.5
4096,1359,5147.1
4096,1360,5035.7
4096,1361,5159.2
4096,1362,5993.7
4096,1363,5543.2
4096,1364,5359.1
4096,1365,5174.4
4096,1366,5093.2
4096,1367,5660.1
4096,1368,5125.9
4096,1369,5311.2
4096,1370,5112.6
4096,1371,5707.3
4096,1372,5460.8
4096,1373,5125.3
4096,1374,5226.4
4096,1375,5125.9
4096,1376,5162.2
4096,1377,5952.6
4096,1378,5316.1
4096,1379,5225.8
4096,1380,5853.9
4096,1381,5259.1
4096,1382,5203.4
4096,1383,5526.2
4096,1384,5500.2
4096,1385,5491.1
4096,1386,5822.4
4096,1387,5101.7
4096,1388,5135.0
4096,1389,5224.6
4096,1390,5821.8
4096,1391,5379.7
4096,1392,6012.5
4096,1393,5201.6
4096,1394,5403.9
4096,1395,5358.5
4096,1396,5671.0
4096,1397,5092.0
4096,1398,5959.2
4096,1399,5631.6
4096,1400,5204.0
4096,1401,5512.9
4096,1402,5478.4
4096,1403,5314.3
4096,1404,5389.3
4096,1405,5119.9
4096,1406,5474.7
4096,1407,5131.4
4096,1408,5379.7
4096,1409,5251.3
4096,1410,5178.0
4096,1411,5161.6
4096,1412,5406.3
4096,1413,5909.6
4096,1414,5187.7
4096,1415,5126.5
4096,1416,5379.1
4096,1417,5205.8
4096,1418,5465.7
4096,1419,5229.5
4096,1420,5293.7
4096,1421,5331.2
4096,1422,6045.8
4096,1423,5319.7
4096,1424,5883.5
4096,1425,5402.7
4096,1426,5333.0
4096,1427,5701.8
4096,1428,5325.2
4096,1429,5503.8
4096,1430,5823.0
4096,1431,5327.0
4096,1432,5648.6
4096,1433,5900.5
4096,1434,5665.5
4096,1435,5543.8
4096,1436,6082.2
4096,1437,5541.4
4096,1438,5529.2
4096,1439,5409.9
4096,1440,5287.6
4096,1441,6184.5
4096,1442,5948.9
4096,1443,5637.6
4096,1444,5397.8
4096,1445,5350.0
4096,1446,5393.6
4096,1447,5388.7
4096,1448,5370.0
4096,1449,5649.2
4096,1450,5812.7
4096,1451,5839.3
4096,1452,5301.5
4096,1453,5379.7
4096,1454,5755.7
4096,1455,5632.8
4096,1456,5770.3
4096,1457,5497.1
4096,1458,5448.7
4096,1459,5456.0
4096,1460,5474.7
4096,1461,5549.8
4096,1462,5718.2
4096,1463,5654.6
4096,1464,6145.2
4096,1465,5425.1
4096,1466,5386.9
4096,1467,5454.8
4096,1468,5434.8
4096,1469,5443.2
4096,1470,5747.3
4096,1471,5403.3
4096,1472,5325.2
4096,1473,5915.0
4096,1474,5486.9
4096,1475,5138.6
4096,1476,5798.7
4096,1477,5224.0
4096,1478,5128.9
4096,1479,5102.9
4096,1480,5072.6
4096,1481,5179.8
4096,1482,5345.1
4096,1483,5615.2
4096,1484,5361.5
4096,1485,5726.1
4096,1486,5187.1
4096,1487,5174.4
4096,1488,5433.6
4096,1489,5381.5
4096,1490,5641.9
4096,1491,5130.1
4096,1492,5956.2
4096,1493,5108.9
4096,1494,5257.9
4096,1495,5128.9
4096,1496,5778.8
4096,1497,5218.0
4096,1498,5146.5
4096,1499,5550.4
4096,1500,5710.3
4096,1501,5403.9
4096,1502,5804.8
4096,1503,5394.2
4096,1504,5401.5
4096,1505,5200.4
4096,1506,5245.8
4096,1507,5693.4
4096,1508,5115.6
4096,1509,6266.9
4096,1510,5164.1
4096,1511,5138.0
4096,1512,5697.6
4096,1513,5138.0
4096,1514,5098.0
4096,1515,5700.6
4096,1516,5129.5
4096,1517,5368.8
4096,1518,5921.7
4096,1519,5453.5
4096,1520,5142.3
4096,1521,5205.2
4096,1522,5457.2
4096,1523,5806.6
4096,1524,5131.4
4096,1525,5476.0
4096,1526,5103.5
4096,1527,5170.7
4096,1528,5129.5
4096,1529,5820.5
4096,1530,5320.9
4096,1531,5468.1
4096,1532,5366.9
4096,1533,5271.3
4096,1534,6036.7
4096,1535,5440.8
4096,1536,5277.9
4096,1537,5379.7
4096,1538,5144.7
4096,1539,5844.2
4096,1540,5070.8
4096,1541,5165.3
4096,1542,5393.6
4096,1543,5299.7
4096,1544,5414.2
4096,1545,5385.1
4096,1546,5387.5
4096,1547,5170.1
4096,1548,5261.6
4096,1549,5483.2
4096,1550,5641.3
4096,1551,5325.8
4096,1552,5397.2
4096,1553,5482.6
4096,1554,5109.6
4096,1555,5172.5
4096,1556,5092.0
4096,1557,5391.2
4096,1558,5856.3
4096,1559,5089.6
4096,1560,5320.9
4096,1561,5168.3
4096,1562,5056.3
4096,1563,5517.7
4096,1564,5922.3
4096,1565,5376.6
4096,1566,5412.4
4096,1567,5513.5
4096,1568,5646.1
4096,1569,5201.0
4096,1570,5337.9
4096,1571,5193.7
4096,1572,5751.5
4096,1573,5340.3
4096,1574,5787.2
4096,1575,5881.1
4096,1576,5066.6
4096,1577,5541.4
4096,1578,5396.0
4096,1579,5417.2
4096,1580,5158.6
4096,1581,5429.3
4096,1582,5184.0
4096,1583,5680.0
4096,1584,5846.0
4096,1585,5166.5
4096,1586,5106.5
4096,1587,5351.8
4096,1588,5181.6
4096,1589,5089.0
4096,1590,5151.9
4096,1591,5044.8
4096,1592,5364.5
4096,1593,5899.9
4096,1594,5161.0
4096,1595,5443.9
4096,1596,5834.5
4096,1597,5652.2
4096,1598,5833.3
4096,1599,5538.9
4096,1600,5081.1
4096,1601,5458.4
4096,1602,5064.1
4096,1603,5078.1
4096,1604,5289.4
4096,1605,5340.9
4096,1606,5138.6
4096,1607,5228.3
4096,1608,5107.1
4096,1609,5613.4
4096,1610,5095.0
4096,1611,5816.9
4096,1612,5586.2
4096,1613,5258.5
4096,1614,5171.9
4096,1615,5420.2
4096,1616,5308.2
4096,1617,5240.4
4096,1618,5367.5
4096,1619,5339.1
4096,1620,5191.3
4096,1621,5460.8
4096,1622,5171.3
4096,1623,5411.2
4096,1624,5142.3
4096,1625,5295.5
4096,1626,5340.3
4096,1627,5134.4
4096,1628,5366.3
4096,1629,5737.6
4096,1630,5163.5
4096,1631,5468.1
4096,1632,5492.3
4096,1633,5153.2
4096,1634,5208.3
4096,1635,5118.6
4096,1636,5468.1
4096,1637,5078.1
4096,1638,5609.2
4096,1639,5208.3
4096,1640,5121.1
4096,1641,5153.2
4096,1642,5133.8
4096,1643,5735.2
4096,1644,5081.1
4096,1645,5642.5
4096,1646,5477.8
4096,1647,5487.5
4096,1648,5107.7
4096,1649,6219.0
4096,1650,5653.4
4096,1651,6019.2
4096,1652,5286.4
4096,1653,5624.9
4096,1654,5364.5
4096,1655,5370.0
4096,1656,5287.0
4096,1657,5432.3
4096,1658,5549.8
4096,1659,5583.7
4096,1660,5707.3
4096,1661,6178.5
4096,1662,5535.3
4096,1663,5647.9
4096,1664,5399.6
4096,1665,5447.5
4096,1666,5314.3
4096,1667,5732.7
4096,1668,5611.6
4096,1669,5984.1
4096,1670,6262.0
4096,1671,5411.8
4096,1672,5405.7
4096,1673,5442.0
4096,1674,5841.1
4096,1675,5622.5
4096,1676,5374.8
4096,1677,5337.3
4096,1678,5333.0
4096,1679,5397.2
4096,1680,5425.7
4096,1681,5437.8
4096,1682,5442.0
4096,1683,6068.2
4096,1684,5357.3
4096,1685,5750.3
4096,1686,5753.3
4096,1687,5380.3
4096,1688,6147.0
4096,1689,5750.3
4096,1690,5909.0
4096,1691,6034.9
4096,1692,5247.0
4096,1693,5484.4
4096,1694,5505.6
4096,1695,5166.5
4096,1696,5067.2
4096,1697,5892.6
4096,1698,5328.2
4096,1699,5081.7
4096,1700,5331.2
4096,1701,5021.7
4096,1702,5241.6
4096,1703,5150.7
4096,1704,5654.6
4096,1705,5196.8
4096,1706,5529.9
4096,1707,5736.4
4096,1708,5331.2
4096,1709,5512.3
4096,1710,5471.7
4096,1711,5351.2
4096,1712,5358.5
4096,1713,5445.7
4096,1714,6123.4
4096,1715,5614.0
4096,1716,6529.1
4096,1717,5552.3
4096,1718,5803.0
4096,1719,6133.0
4096,1720,5623.1
4096,1721,6004.7
4096,1722,5671.0
4096,1723,5889.6
4096,1724,5991.3
4096,1725,5353.0
4096,1726,5976.2
4096,1727,5595.9
4096,1728,5916.2
4096,1729,6127.6
4096,1730,5343.3
4096,1731,5485.0
4096,1732,5321.5
4096,1733,5509.3
4096,1734,5331.8
4096,1735,5362.7
4096,1736,5578.3
4096,1737,5495.3
4096,1738,6023.4
4096,1739,5408.7
4096,1740,5916.2
4096,1741,5354.2
4096,1742,5905.9
4096,1743,5723.6
4096,1744,6010.1
4096,1745,5228.9
4096,1746,5820.5
4096,1747,5132.0
4096,1748,5118.0
4096,1749,5070.8
4096,1750,5153.2
4096,1751,5165.9
4096,1752,5399.6
4096,1753,5401.5
4096,1754,5185.9
4096,1755,5335.4
4096,1756,5424.5
4096,1757,5144.1
4096,1758,5138.6
4096,1759,5098.7
4096,1760,5630.4
4096,1761,5854.5
4096,1762,5417.2
4096,1763,5072.0
4096,1764,5174.4
4096,1765,5393.6
4096,1766,5135.6
4096,1767,5126.5
4096,1768,5452.9
4096,1769,5439.0
4096,1770,5130.1
4096,1771,5356.6
4096,1772,5868.4
4096,1773,5677.6
4096,1774,5411.8
4096,1775,5892.6
4096,1776,5170.7
4096,1777,5489.3
4096,1778,5125.3
4096,1779,5102.9
4096,1780,5062.9
4096,1781,5421.4
4096,1782,5429.9
4096,1783,5345.1
4096,1784,5495.9
4096,1785,5135.0
4096,1786,5090.8
4096,1787,5409.3
4096,1788,5381.5
4096,1789,5781.8
4096,1790,5612.8
4096,1791,5350.6
4096,1792,5049.0
4096,1793,5407.5
4096,1794,5191.3
4096,1795,5432.3
4096,1796,5010.8
4096,1797,5770.3
4096,1798,5249.5
4096,1799,5431.1
4096,1800,5336.1
4096,1801,5203.4
4096,1802,5121.7
4096,1803,5113.2
4096,1804,5098.0
4096,1805,5145.3
4096,1806,5115.0
4096,1807,5558.9
4096,1808,5508.0
4096,1809,5163.5
4096,1810,5701.8
4096,1811,5108.9
4096,1812,5278.5
4096,1813,5680.0
4096,1814,5241.6
4096,1815,5295.5
4096,1816,5144.1
4096,1817,5429.9
4096,1818,5428.7
4096,1819,5507.4
4096,1820,5142.9
4096,1821,5102.9
4096,1822,5213.1
4096,1823,5132.6
4096,1824,5311.8
4096,1825,6034.3
4096,1826,5413.0
4096,1827,6031.9
4096,1828,5204.6
4096,1829,5620.1
4096,1830,6000.4
4096,1831,5715.8
4096,1832,5120.5
4096,1833,5228.3
4096,1834,5163.5
4096,1835,5589.2
4096,1836,5086.5
4096,1837,5122.9
4096,1838,5184.7
4096,1839,5137.4
4096,1840,5142.3
4096,1841,5715.2
4096,1842,5702.4
4096,1843,5442.0
4096,1844,5100.5
4096,1845,5945.9
4096,1846,6194.8
4096,1847,5425.7
4096,1848,5368.2
4096,1849,5446.3
4096,1850,5786.0
4096,1851,5839.3
4096,1852,5405.7
4096,1853,5077.5
4096,1854,5469.9
4096,1855,6057.3
4096,1856,5436.6
4096,1857,6046.4
4096,1858,5506.2
4096,1859,5168.3
4096,1860,5414.2
4096,1861,5686.1
4096,1862,5122.3
4096,1863,5428.1
4096,1864,5439.0
4096,1865,5136.8
4096,1866,5119.2
4096,1867,5454.8
4096,1868,5551.7
4096,1869,5286.4
4096,1870,5826.0
4096,1871,5380.9
4096,1872,6190.0
4096,1873,5433.0
4096,1874,5376.6
4096,1875,5173.7
4096,1876,5436.6
4096,1877,5680.6
4096,1878,6451.6
4096,1879,5799.3
4096,1880,5383.9
4096,1881,5493.5
4096,1882,5480.8
4096,1883,5399.0
4096,1884,5691.5
4096,1885,5414.2
4096,1886,5558.3
4096,1887,5556.5
4096,1888,6175.4
4096,1889,5353.0
4096,1890,5677.0
4096,1891,5413.0
4096,1892,5373.0
4096,1893,5340.3
4096,1894,5470.5
4096,1895,5718.8
4096,1896,5381.5
4096,1897,5443.9
4096,1898,5375.4
4096,1899,5345.1
4096,1900,5271.9
4096,1901,5338.5
4096,1902,5644.3
4096,1903,5288.2
4096,1904,5942.9
4096,1905,5658.2
4096,1906,5294.9
4096,1907,5958.6
4096,1908,5356.0
4096,1909,5360.9
4096,1910,6437.1
4096,1911,5818.7
4096,1912,5883.5
4096,1913,5484.4
4096,1914,5359.7
4096,1915,5737.6
4096,1916,5350.6
4096,1917,5503.2
4096,1918,5981.6
4096,1919,5416.6
4096,1920,5343.9
4096,1921,5810.9
4096,1922,5314.3
4096,1923,5433.6
4096,1924,6127.6
4096,1925,5974.4
4096,1926,5414.8
4096,1927,5308.8
4096,1928,5664.9
4096,1929,6401.9
4096,1930,5445.7
4096,1931,5094.4
4096,1932,5561.9
4096,1933,5111.4
4096,1934,5356.6
4096,1935,5289.4
4096,1936,5289.4
4096,1937,5181.0
4096,1938,5387.5
4096,1939,5193.7
4096,1940,5342.7
4096,1941,5379.1
4096,1942,5781.2
4096,1943,5528.6
4096,1944,5386.3
4096,1945,5489.3
4096,1946,5737.6
4096,1947,5525.6
4096,1948,5757.6
4096,1949,5367.5
4096,1950,6363.2
4096,1951,6344.4
4096,1952,5420.2
4096,1953,5399.0
4096,1954,5493.5
4096,1955,5585.0
4096,1956,5636.4
4096,1957,5811.5
4096,1958,5415.4
4096,1959,5615.8
4096,1960,5588.6
4096,1961,5471.7
4096,1962,5400.9
4096,1963,5589.2
4096,1964,5383.3
4096,1965,5429.3
4096,1966,5397.2
4096,1967,5313.0
4096,1968,5708.5
4096,1969,5476.0
4096,1970,5469.9
4096,1971,5405.1
4096,1972,5546.8
4096,1973,5407.5
4096,1974,5742.4
4096,1975,5686.1
4096,1976,5922.9
4096,1977,5394.8
4096,1978,5194.3
4096,1979,5697.0
4096,1980,6066.4
4096,1981,5228.9
4096,1982,5374.8
4096,1983,5726.7
4096,1984,5729.1
4096,1985,5178.0
4096,1986,6413.4
4096,1987,6163.3
4096,1988,5449.9
4096,1989,5403.9
4096,1990,5466.3
4096,1991,5555.9
4096,1992,5107.1
4096,1993,5484.4
4096,1994,5684.9
4096,1995,5128.3
4096,1996,5450.5
4096,1997,5194.3
4096,1998,5795.7
4096,1999,5148.3
16384,0,9930.2
16384,1,9515.4
16384,2,9622.6
16384,3,9374.3
16384,4,9431.2
16384,5,9399.7
16384,6,9509.9
16384,7,9387.0
16384,8,11457.6
16384,9,9494.2
16384,10,9498.4
16384,11,9673.5
16384,12,9459.1
16384,13,9359.7
16384,14,9491.2
16384,15,9348.8
16384,16,9490.6
16384,17,9443.3
16384,18,9144.1
16384,19,9327.6
16384,20,9444.5
16384,21,9440.9
16384,22,9605.0
16384,23,9343.4
16384,24,9208.9
16384,25,9451.8
16384,26,9526.9
16384,27,9429.4
16384,28,9416.7
16384,29,9552.9
16384,30,9195.0
16384,31,9294.3
16384,32,9473.0
16384,33,9638.3
16384,34,9244.7
16384,35,9364.6
16384,36,9472.4
16384,37,9275.0
16384,38,9507.5
16384,39,9652.9
16384,40,9625.0
16384,41,9591.7
16384,42,9437.9
16384,43,9373.7
16384,44,9270.7
16384,45,9441.5
16384,46,9285.9
16384,47,9371.3
16384,48,9612.9
16384,49,9543.9
16384,50,9478.4
16384,51,9445.7
16384,52,9580.8
16384,53,9578.4
16384,54,9367.6
16384,55,9617.1
16384,56,9382.8
16384,57,9370.0
16384,58,9993.2
16384,59,10007.1
16384,60,9916.3
16384,61,9845.4
16384,62,9717.1
16384,63,9812.7
16384,64,10328.1
16384,65,10108.3
16384,66,9964.8
16384,67,10085.9
16384,68,10065.9
16384,69,9716.5
16384,70,9854.5
16384,71,9861.2
16384,72,9737.0
16384,73,9905.4
16384,74,9647.4
16384,75,9841.8
16384,76,9500.9
16384,77,9350.1
16384,78,9383.4
16384,79,9228.9
16384,80,9475.4
16384,81,9318.0
16384,82,9181.7
16384,83,9334.3
16384,84,9253.2
16384,85,9502.7
16384,86,9486.3
16384,87,9496.0
16384,88,9582.0
16384,89,9442.7
16384,90,9312.5
16384,91,9248.3
16384,92,9336.1
16384,93,9454.8
16384,94,9245.9
16384,95,9321.0
16384,96,9449.4
16384,97,9637.1
16384,98,9179.9
16384,99,9317.4
16384,100,9424.5
16384,101,9424.5
16384,102,9741.9
16384,103,9465.1
16384,104,9250.1
16384,105,9614.1
16384,106,9803.1
16384,107,9780.0
16384,108,9306.5
16384,109,9861.2
16384,110,11255.9
16384,111,9253.8
16384,112,9841.2
16384,113,9491.2
16384,114,9560.8
16384,115,9457.9
16384,116,9387.6
16384,117,9390.0
16384,118,9532.3
16384,119,9295.6
16384,120,9251.3
16384,121,9334.9
16384,122,9423.9
16384,123,9795.2
16384,124,9506.3
16384,125,10082.2
16384,126,9672.8
16384,127,10020.5
16384,128,9942.3
16384,129,9923.0
16384,130,9793.4
16384,131,9964.1
16384,132,9832.7
16384,133,10088.3
16384,134,9705.6
16384,135,9966.6
16384,136,9806.1
16384,137,9818.2
16384,138,9687.4
16384,139,9860.6
16384,140,10078.0
16384,141,9753.4
16384,142,9826.1
16384,143,9862.4
16384,144,9936.9
16384,145,9720.1
16384,146,9219.8
16384,147,9293.7
16384,148,9311.3
16384,149,9332.5
16384,150,9509.9
16384,151,9494.8
16384,152,9453.0
16384,153,9525.1
16384,154,9242.3
16384,155,9506.3
16384,156,9561.4
16384,157,9393.1
16384,158,9388.2
16384,159,9363.4
16384,160,9669.8
16384,161,9792.2
16384,162,9700.1
16384,163,9548.1
16384,164,9259.8
16384,165,9394.3
16384,166,9193.8
16384,167,9380.3
16384,168,9686.2
16384,169,9474.2
16384,170,9302.8
16384,171,9476.0
16384,172,9453.0
16384,173,9327.0
16384,174,9310.7
16384,175,9697.7
16384,176,9313.1
16384,177,9313.7
16384,178,9620.8
16384,179,9885.4
16384,180,9482.7
16384,181,9431.2
16384,182,9420.9
16384,183,9466.3
16384,184,9517.2
16384,185,9495.4
16384,186,9568.7
16384,187,9457.2
16384,188,9889.1
16384,189,9333.1
16384,190,9280.4
16384,191,9568.7
16384,192,9597.1
16384,193,9355.5
16384,194,9368.2
16384,195,9607.4
16384,196,9291.3
16384,197,9547.5
16384,198,9228.9
16384,199,9600.2
16384,200,9304.6
16384,201,9442.1
16384,202,9324.0
16384,203,9291.3
16384,204,9278.6
16384,205,9385.2
16384,206,9253.8
16384,207,9462.7
16384,208,9290.1
16384,209,9481.5
16384,210,9910.9
16384,211,13315.6
16384,212,9912.7
16384,213,9904.2
16384,214,9808.5
16384,215,10176.7
16384,216,9809.1
16384,217,10201.5
16384,218,9734.0
16384,219,9995.6
16384,220,9850.9
16384,221,10075.6
16384,222,9778.8
16384,223,9956.9
16384,224,10038.0
16384,225,10094.4
16384,226,9802.4
16384,227,9770.4
16384,228,9991.4
16384,229,9806.7
16384,230,9987.2
16384,231,9850.9
16384,232,9748.5
16384,233,9728.0
16384,234,9321.0
16384,235,9890.9
16384,236,9351.3
16384,237,9434.2
16384,238,9645.6
16384,239,9371.9
16384,240,9638.9
16384,241,9494.8
16384,242,9530.5
16384,243,9299.8
16384,244,9275.0
16384,245,9334.9
16384,246,9285.9
16384,247,9471.8
16384,248,9368.8
16384,249,9415.5
16384,250,9202.3
16384,251,9371.9
16384,252,9437.9
16384,253,9583.2
16384,254,9341.6
16384,255,9650.4
16384,256,9332.5
16384,257,9508.7
16384,258,9201.7
16384,259,9611.1
16384,260,9630.5
16384,261,9328.9
16384,262,9357.3
16384,263,9425.2
16384,264,9429.4
16384,265,9519.0
16384,266,9205.3
16384,267,9354.9
16384,268,9265.3
16384,269,9296.8
16384,270,9207.7
16384,271,9391.2
16384,272,9236.2
16384,273,9428.2
16384,274,9462.7
16384,275,9466.3
16384,276,9344.6
16384,277,9463.9
16384,278,9181.7
16384,279,9615.3
16384,280,9374.9
16384,281,9505.7
16384,282,9457.9
16384,283,9615.3
16384,284,9692.2
16384,285,9265.3
16384,286,9423.9
16384,287,9396.7
16384,288,9293.7
16384,289,9292.5
16384,290,9272.5
16384,291,9268.3
16384,292,9345.2
16384,293,9540.8
16384,294,9215.6
16384,295,9318.0
16384,296,9608.0
16384,297,9512.4
16384,298,9224.7
16384,299,9437.9
16384,300,9757.6
16384,301,9435.4
16384,302,9347.6
16384,303,9543.9
16384,304,9333.7
16384,305,9605.6
16384,306,9270.1
16384,307,9619.6
16384,308,9551.7
16384,309,9560.8
16384,310,9721.9
16384,311,9439.7
16384,312,9310.1
16384,313,11352.8
16384,314,9410.6
16384,315,9374.9
16384,316,9572.3
16384,317,9592.3
16384,318,9289.5
16384,319,9513.0
16384,320,9775.2
16384,321,9596.5
16384,322,9540.2
16384,323,9618.3
16384,324,9351.9
16384,325,9578.4
16384,326,9195.6
16384,327,9375.5
16384,328,9375.5
16384,329,9310.7
16384,330,9268.9
16384,331,9620.2
16384,332,9399.7
16384,333,9658.3
16384,334,9451.8
16384,335,9450.0
16384,336,9457.9
16384,337,9425.2
16384,338,9405.2
16384,339,9502.1
16384,340,9285.3
16384,341,9350.7
16384,342,9284.0
16384,343,9577.2
16384,344,9481.5
16384,345,9737.6
16384,346,9418.5
16384,347,9643.2
16384,348,9318.6
16384,349,9626.8
16384,350,9462.1
16384,351,9614.1
16384,352,9448.2
16384,353,9267.1
16384,354,9474.2
16384,355,9671.6
16384,356,9336.1
16384,357,9645.6
16384,358,9459.1
16384,359,9385.2
16384,360,9488.1
16384,361,9665.0
16384,362,9361.6
16384,363,9415.5
16384,364,9476.0
16384,365,9393.7
16384,366,9263.5
16384,367,9382.2
16384,368,9620.2
16384,369,9519.0
16384,370,9292.5
16384,371,9778.8
16384,372,9982.9
16384,373,9861.8
16384,374,10187.6
16384,375,10028.9
16384,376,10248.8
16384,377,10204.6
16384,378,9850.9
16384,379,9870.9
16384,380,9996.8
16384,381,9926.6
16384,382,9745.5
16384,383,9749.2
16384,384,10314.8
16384,385,9902.4
16384,386,10173.7
16384,387,9887.8
16384,388,10148.3
16384,389,9878.8
16384,390,9915.1
16384,391,9945.4
16384,392,9731.6
16384,393,9676.5
16384,394,9672.8
16384,395,9746.1
16384,396,9344.0
16384,397,9605.6
16384,398,9516.0
16384,399,9398.5
16384,400,9554.1
16384,401,9567.5
16384,402,9379.7
16384,403,9338.5
16384,404,9467.5
16384,405,9316.7
16384,406,9425.2
16384,407,9481.5
16384,408,9791.5
16384,409,9410.6
16384,410,9311.3
16384,411,9350.1
16384,412,9471.2
16384,413,9976.9
16384,414,10813.8
16384,415,10048.9
16384,416,9842.4
16384,417,10255.4
16384,418,9680.1
16384,419,10042.9
16384,420,9814.6
16384,421,9874.5
16384,422,10021.1
16384,423,9881.2
16384,424,9906.6
16384,425,10157.3
16384,426,9897.5
16384,427,10058.0
16384,428,9853.9
16384,429,9860.0
16384,430,9789.7
16384,431,9825.5
16384,432,9830.3
16384,433,10392.3
16384,434,9541.4
16384,435,9416.1
16384,436,9574.7
16384,437,9473.6
16384,438,9464.5
16384,439,9889.1
16384,440,9770.4
16384,441,9520.8
16384,442,9410.6
16384,443,9511.8
16384,444,9483.3
16384,445,9532.3
16384,446,9287.1
16384,447,9635.3
16384,448,9916.3
16384,449,9479.1
16384,450,9563.8
16384,451,9584.4
16384,452,9374.3
16384,453,9448.8
16384,454,9377.9
16384,455,9572.3
16384,456,9548.1
16384,457,9457.2
16384,458,9257.4
16384,459,9615.9
16384,460,9435.4
16384,461,9668.0
16384,462,9397.3
16384,463,9575.3
16384,464,9454.8
16384,465,9310.1
16384,466,9611.7
16384,467,9506.9
16384,468,9389.4
16384,469,9543.2
16384,470,9712.8
16384,471,9463.3
16384,472,9599.0
16384,473,9473.0
16384,474,9296.8
16384,475,9689.2
16384,476,9425.8
16384,477,9333.1
16384,478,9563.8
16384,479,9497.8
16384,480,9409.4
16384,481,9714.0
16384,482,9239.2
16384,483,9476.6
16384,484,9526.3
16384,485,9420.3
16384,486,9923.0
16384,487,9502.1
16384,488,9356.1
16384,489,9390.0
16384,490,9232.6
16384,491,9715.2
16384,492,9566.9
16384,493,9684.4
16384,494,9259.2
16384,495,9373.7
16384,496,9448.8
16384,497,9506.3
16384,498,9283.4
16384,499,9537.8
16384,500,9349.4
16384,501,9394.3
16384,502,9492.4
16384,503,9341.6
16384,504,9551.7
16384,505,9757.0
16384,506,9324.6
16384,507,9559.6
16384,508,9522.0
16384,509,9493.6
16384,510,9434.8
16384,511,9675.3
16384,512,9562.0
16384,513,9922.4
16384,514,9497.2
16384,515,10627.9
16384,516,9500.9
16384,517,9385.8
16384,518,9569.9
16384,519,9756.4
16384,520,9367.0
16384,521,9376.7
16384,522,9533.0
16384,523,9530.5
16384,524,9657.7
16384,525,9380.3
16384,526,9267.1
16384,527,9431.2
16384,528,9367.6
16384,529,9479.7
16384,530,9337.9
16384,531,9601.4
16384,532,9480.3
16384,533,9669.8
16384,534,9678.9
16384,535,9330.1
16384,536,9671.6
16384,537,9286.5
16384,538,9395.5
16384,539,9592.9
16384,540,9506.3
16384,541,9674.7
16384,542,9341.6
16384,543,9422.1
16384,544,9585.0
16384,545,9600.2
16384,546,9343.4
16384,547,9701.3
16384,548,9579.0
16384,549,9296.8
16384,550,9526.3
16384,551,9374.3
16384,552,9384.0
16384,553,9391.2
16384,554,9327.6
16384,555,9305.8
16384,556,9673.5
16384,557,9564.4
16384,558,9631.1
16384,559,9414.9
16384,560,9268.9
16384,561,9470.6
16384,562,9199.9
16384,563,9196.8
16384,564,9436.7
16384,565,9226.5
16384,566,8984.9
16384,567,9020.0
16384,568,9470.0
16384,569,9106.0
16384,570,9093.3
16384,571,9271.3
16384,572,9052.1
16384,573,9090.9
16384,574,8880.1
16384,575,9067.8
16384,576,9565.0
16384,577,9082.4
16384,578,8954.6
16384,579,9066.6
16384,580,9114.5
16384,581,9568.7
16384,582,9039.4
16384,583,9173.2
16384,584,9225.9
16384,585,9084.8
16384,586,9278.0
16384,587,9055.1
16384,588,8937.6
16384,589,9235.6
16384,590,9307.1
16384,591,8961.9
16384,592,9253.8
16384,593,9376.7
16384,594,9084.8
16384,595,9453.6
16384,596,9305.8
16384,597,9341.6
16384,598,9235.0
16384,599,9557.8
16384,600,9591.7
16384,601,9672.2
16384,602,9702.5
16384,603,9746.7
16384,604,9667.4
16384,605,9680.7
16384,606,9763.1
16384,607,9496.0
16384,608,9508.7
16384,609,9734.0
16384,610,9499.6
16384,611,9849.7
16384,612,9650.4
16384,613,9460.9
16384,614,9725.5
16384,615,9768.5
16384,616,9497.8
16384,617,9541.4
16384,618,10499.5
16384,619,9488.1
16384,620,9876.3
16384,621,9908.4
16384,622,9618.9
16384,623,9887.2
16384,624,9516.6
16384,625,9127.8
16384,626,9277.4
16384,627,9303.4
16384,628,9239.8
16384,629,9011.5
16384,630,9718.3
16384,631,9656.5
16384,632,9479.7
16384,633,9599.0
16384,634,9445.1
16384,635,9498.4
16384,636,9546.9
16384,637,9787.9
16384,638,10124.6
16384,639,10283.9
16384,640,10231.8
16384,641,9836.4
16384,642,9513.0
16384,643,9583.8
16384,644,9741.3
16384,645,9611.7
16384,646,9496.6
16384,647,9847.9
16384,648,9551.7
16384,649,9820.6
16384,650,9493.6
16384,651,9450.0
16384,652,9823.0
16384,653,9979.3
16384,654,9731.0
16384,655,9826.1
16384,656,9638.3
16384,657,9573.5
16384,658,9122.3
16384,659,9185.9
16384,660,9458.5
16384,661,9391.2
16384,662,8985.5
16384,663,9709.8
16384,664,9232.6
16384,665,9261.6
16384,666,9071.5
16384,667,9095.7
16384,668,9469.4
16384,669,9260.4
16384,670,9066.0
16384,671,9098.1
16384,672,9067.8
16384,673,9090.9
16384,674,9136.9
16384,675,9287.1
16384,676,8979.4
16384,677,9192.0
16384,678,8969.7
16384,679,9202.3
16384,680,9020.6
16384,681,9363.4
16384,682,9023.0
16384,683,9368.2
16384,684,9503.9
16384,685,9560.2
16384,686,9150.2
16384,687,9037.0
16384,688,9157.5
16384,689,8982.4
16384,690,9053.9
16384,691,9067.2
16384,692,9135.1
16384,693,9319.8
16384,694,9330.7
16384,695,9110.2
16384,696,9268.9
16384,697,9144.1
16384,698,9178.1
16384,699,9323.4
16384,700,9535.4
16384,701,8798.3
16384,702,8924.3
16384,703,9591.1
16384,704,9295.6
16384,705,9159.9
16384,706,8955.8
16384,707,9082.4
16384,708,9171.4
16384,709,9364.6
16384,710,9172.0
16384,711,9219.2
16384,712,9209.6
16384,713,9207.1
16384,714,9196.8
16384,715,9181.7
16384,716,9136.9
16384,717,9095.7
16384,718,9096.3
16384,719,9067.8
16384,720,9029.7
16384,721,9221.7
16384,722,16362.4
16384,723,10009.6
16384,724,9366.4
16384,725,9265.3
16384,726,9088.4
16384,727,9100.5
16384,728,9075.1
16384,729,9626.2
16384,730,9365.8
16384,731,9123.0
16384,732,9196.2
16384,733,9377.3
16384,734,9584.4
16384,735,9752.8
16384,736,9687.4
16384,737,9566.3
16384,738,10131.9
16384,739,9804.9
16384,740,9592.3
16384,741,9532.3
16384,742,10076.2
16384,743,9872.1
16384,744,9457.2
16384,745,9907.2
16384,746,9500.9
16384,747,9519.6
16384,748,9755.8
16384,749,9626.2
16384,750,9053.9
16384,751,9319.2
16384,752,9281.6
16384,753,9210.2
16384,754,8983.1
16384,755,9098.1
16384,756,9072.1
16384,757,9232.6
16384,758,9056.9
16384,759,9134.5
16384,760,9043.6
16384,761,9474.8
16384,762,9176.9
16384,763,9242.9
16384,764,9202.9
16384,765,9262.2
16384,766,9035.7
16384,767,9332.5
16384,768,9038.2
16384,769,9162.3
16384,770,8983.1
16384,771,9184.7
16384,772,9069.1
16384,773,9110.8
16384,774,9533.6
16384,775,9112.0
16384,776,9135.7
16384,777,9492.4
16384,778,9067.2
16384,779,9124.8
16384,780,9337.3
16384,781,9004.9
16384,782,9142.3
16384,783,9083.6
16384,784,9046.0
16384,785,9132.0
16384,786,8986.1
16384,787,9132.6
16384,788,9662.6
16384,789,9093.9
16384,790,9196.8
16384,791,9433.0
16384,792,9300.4
16384,793,9137.5
16384,794,9064.8
16384,795,9582.6
16384,796,9087.8
16384,797,9296.2
16384,798,9028.5
16384,799,9121.7
16384,800,9225.9
16384,801,9033.9
16384,802,9152.6
16384,803,9476.6
16384,804,9728.6
16384,805,9582.6
16384,806,9557.2
16384,807,9701.9
16384,808,9841.8
16384,809,9560.8
16384,810,9441.5
16384,811,9568.1
16384,812,9605.0
16384,813,9627.4
16384,814,9472.4
16384,815,9794.6
16384,816,9524.5
16384,817,9765.5
16384,818,9548.7
16384,819,9832.7
16384,820,9709.2
16384,821,9739.5
16384,822,9592.3
16384,823,9724.9
16384,824,9679.5
16384,825,11232.3
16384,826,9630.5
16384,827,9692.2
16384,828,9949.0
16384,829,9585.0
16384,830,9044.8
16384,831,9258.0
16384,832,9191.4
16384,833,9091.5
16384,834,9684.4
16384,835,9717.7
16384,836,9820.0
16384,837,9812.1
16384,838,9699.5
16384,839,9579.6
16384,840,9829.7
16384,841,9588.7
16384,842,9630.5
16384,843,9424.5
16384,844,9066.6
16384,845,9124.2
16384,846,9049.1
16384,847,9267.7
16384,848,9362.8
16384,849,9849.1
16384,850,8908.6
16384,851,9116.3
16384,852,9184.7
16384,853,9227.7
16384,854,9190.2
16384,855,9047.2
16384,856,9103.0
16384,857,9073.9
16384,858,8951.0
16384,859,9203.5
16384,860,9388.2
16384,861,9138.1
16384,862,9018.8
16384,863,9484.5
16384,864,9035.1
16384,865,9096.9
16384,866,9271.9
16384,867,9319.2
16384,868,9287.1
16384,869,9039.4
16384,870,8989.1
16384,871,9188.4
16384,872,9146.6
16384,873,9215.0
16384,874,9134.5
16384,875,9241.7
16384,876,9121.7
16384,877,9252.6
16384,878,9000.6
16384,879,9110.2
16384,880,9123.0
16384,881,9404.6
16384,882,9110.2
16384,883,9878.1
16384,884,9251.9
16384,885,9390.0
16384,886,9079.3
16384,887,9043.6
16384,888,9229.5
16384,889,9632.9
16384,890,9448.8
16384,891,9130.8
16384,892,9285.3
16384,893,9123.6
16384,894,9310.7
16384,895,10007.8
16384,896,9634.7
16384,897,9539.0
16384,898,9490.6
16384,899,9786.7
16384,900,9720.7
16384,901,9646.8
16384,902,9489.3
16384,903,9578.4
16384,904,9583.8
16384,905,9729.8
16384,906,9437.9
16384,907,9757.6
16384,908,9610.5
16384,909,9534.2
16384,910,9597.8
16384,911,9531.1
16384,912,9569.9
16384,913,9687.4
16384,914,9420.9
16384,915,9251.9
16384,916,9195.0
16384,917,9059.4
16384,918,9273.1
16384,919,9208.3
16384,920,9185.9
16384,921,9175.6
16384,922,9110.8
16384,923,9133.9
16384,924,9086.6
16384,925,9104.8
16384,926,9251.3
16384,927,9172.0
16384,928,11092.4
16384,929,8918.9
16384,930,9211.4
16384,931,9168.4
16384,932,9139.3
16384,933,9169.6
16384,934,9265.9
16384,935,9434.8
16384,936,9160.5
16384,937,9448.2
16384,938,9040.6
16384,939,9334.3
16384,940,9289.5
16384,941,9167.2
16384,942,9241.0
16384,943,9114.5
16384,944,9037.0
16384,945,9258.6
16384,946,9175.6
16384,947,9347.0
16384,948,9231.4
16384,949,9281.6
16384,950,9309.5
16384,951,9705.6
16384,952,9364.0
16384,953,9292.5
16384,954,9066.0
16384,955,9212.6
16384,956,9606.2
16384,957,9256.2
16384,958,8955.2
16384,959,9459.1
16384,960,9352.5
16384,961,9236.2
16384,962,9250.1
16384,963,9390.0
16384,964,9452.4
16384,965,9241.0
16384,966,8990.9
16384,967,9238.6
16384,968,9006.7
16384,969,9141.7
16384,970,9079.3
16384,971,9081.2
16384,972,9162.9
16384,973,9280.4
16384,974,9017.6
16384,975,9034.5
16384,976,9058.2
16384,977,9325.2
16384,978,8938.8
16384,979,9498.4
16384,980,9189.0
16384,981,9035.1
16384,982,9322.8
16384,983,9199.9
16384,984,9099.9
16384,985,9237.4
16384,986,9058.2
16384,987,9135.1
16384,988,9127.2
16384,989,9113.3
16384,990,9087.8
16384,991,9138.1
16384,992,9327.0
16384,993,9050.3
16384,994,9192.0
16384,995,9141.1
16384,996,9084.8
16384,997,9227.7
16384,998,9137.5
16384,999,8974.0
16384,1000,9072.7
16384,1001,9097.5
16384,1002,8963.1
16384,1003,9278.0
16384,1004,9098.7
16384,1005,9071.5
16384,1006,9276.2
16384,1007,9081.8
16384,1008,9212.0
16384,1009,9106.0
16384,1010,9190.2
16384,1011,9765.5
16384,1012,8948.5
16384,1013,9284.0
16384,1014,9234.4
16384,1015,9227.7
16384,1016,9062.4
16384,1017,9152.0
16384,1018,8953.4
16384,1019,9249.5
16384,1020,9023.6
16384,1021,9496.6
16384,1022,9185.3
16384,1023,9038.8
16384,1024,9034.5
16384,1025,9253.8
16384,1026,9121.7
16384,1027,9298.6
16384,1028,9260.4
16384,1029,9136.3
16384,1030,8977.0
16384,1031,9368.8
16384,1032,10248.2
16384,1033,9995.0
16384,1034,11300.7
16384,1035,10236.1
16384,1036,10001.1
16384,1037,10165.2
16384,1038,9941.7
16384,1039,10216.7
16384,1040,9953.2
16384,1041,10395.3
16384,1042,10346.9
16384,1043,10023.5
16384,1044,10015.0
16384,1045,10219.1
16384,1046,10144.0
16384,1047,10076.8
16384,1048,10222.7
16384,1049,10267.0
16384,1050,10218.5
16384,1051,9706.8
16384,1052,9571.1
16384,1053,9563.2
16384,1054,9946.0
16384,1055,9411.2
16384,1056,9744.9
16384,1057,9666.8
16384,1058,9514.8
16384,1059,9544.5
16384,1060,9823.6
16384,1061,9862.4
16384,1062,9184.1
16384,1063,9594.7
16384,1064,9442.1
16384,1065,9256.2
16384,1066,9743.7
16384,1067,9989.0
16384,1068,10347.5
16384,1069,9766.1
16384,1070,10125.8
16384,1071,10025.3
16384,1072,9837.0
16384,1073,10159.2
16384,1074,9892.7
16384,1075,9758.2
16384,1076,10053.8
16384,1077,9685.0
16384,1078,9228.9
16384,1079,9561.4
16384,1080,9244.7
16384,1081,9522.7
16384,1082,9242.3
16384,1083,9244.7
16384,1084,9336.1
16384,1085,9752.8
16384,1086,9361.6
16384,1087,9485.1
16384,1088,9630.5
16384,1089,9261.6
16384,1090,9221.7
16384,1091,9350.1
16384,1092,9531.1
16384,1093,9326.4
16384,1094,9249.5
16384,1095,9586.2
16384,1096,9326.4
16384,1097,9365.8
16384,1098,9388.2
16384,1099,9399.7
16384,1100,9250.7
16384,1101,9251.9
16384,1102,9488.7
16384,1103,9473.6
16384,1104,9284.0
16384,1105,9285.3
16384,1106,9546.9
16384,1107,9207.7
16384,1108,9543.2
16384,1109,9189.6
16384,1110,9396.1
16384,1111,9571.7
16384,1112,9350.1
16384,1113,9245.9
16384,1114,9210.2
16384,1115,9589.3
16384,1116,9547.5
16384,1117,9470.0
16384,1118,9267.7
16384,1119,9439.1
16384,1120,9494.8
16384,1121,9529.9
16384,1122,9371.3
16384,1123,9533.6
16384,1124,9221.1
16384,1125,9804.9
16384,1126,9459.1
16384,1127,9275.0
16384,1128,9655.9
16384,1129,9295.6
16384,1130,9340.4
16384,1131,9606.8
16384,1132,9615.3
16384,1133,9564.4
16384,1134,12080.8
16384,1135,9442.1
16384,1136,9502.1
16384,1137,9468.1
16384,1138,9250.7
16384,1139,9677.1
16384,1140,9472.4
16384,1141,9543.2
16384,1142,9390.6
16384,1143,9539.6
16384,1144,9343.4
16384,1145,9496.0
16384,1146,9210.8
16384,1147,9227.7
16384,1148,9500.2
16384,1149,9459.1
16384,1150,9340.4
16384,1151,9368.2
16384,1152,9282.8
16384,1153,9301.6
16384,1154,9294.3
16384,1155,9454.2
16384,1156,9607.4
16384,1157,9247.7
16384,1158,9239.2
16384,1159,9209.6
16384,1160,9271.9
16384,1161,9322.8
16384,1162,9325.8
16384,1163,9258.6
16384,1164,9255.6
16384,1165,9413.0
16384,1166,9525.7
16384,1167,9236.2
16384,1168,9506.9
16384,1169,9276.2
16384,1170,9158.7
16384,1171,9537.2
16384,1172,9331.9
16384,1173,9698.9
16384,1174,9200.5
16384,1175,9465.7
16384,1176,9312.5
16384,1177,9590.5
16384,1178,9300.4
16384,1179,9236.2
16384,1180,9276.8
16384,1181,9354.3
16384,1182,9245.3
16384,1183,9385.8
16384,1184,9509.9
16384,1185,9220.5
16384,1186,9324.6
16384,1187,9244.1
16384,1188,9565.0
16384,1189,9539.0
16384,1190,9356.7
16384,1191,9238.0
16384,1192,9304.0
16384,1193,9376.1
16384,1194,9434.8
16384,1195,9278.6
16384,1196,9265.9
16384,1197,9330.7
16384,1198,9322.2
16384,1199,9387.0
16384,1200,9348.2
16384,1201,9519.6
16384,1202,9341.0
16384,1203,9409.4
16384,1204,9394.3
16384,1205,9311.9
16384,1206,9462.7
16384,1207,9423.3
16384,1208,9342.8
16384,1209,9478.4
16384,1210,9201.7
16384,1211,9656.5
16384,1212,9242.9
16384,1213,9285.3
16384,1214,9316.7
16384,1215,9454.2
16384,1216,9244.7
16384,1217,9288.3
16384,1218,9165.3
16384,1219,9437.9
16384,1220,9486.9
16384,1221,9243.5
16384,1222,9454.8
16384,1223,9520.2
16384,1224,9305.8
16384,1225,9328.3
16384,1226,9123.0
16384,1227,9488.7
16384,1228,9606.2
16384,1229,9675.3
16384,1230,9850.9
16384,1231,9399.7
16384,1232,9482.7
16384,1233,9311.3
16384,1234,9240.4
16384,1235,9279.2
16384,1236,9560.8
16384,1237,9752.2
16384,1238,11203.2
16384,1239,9985.3
16384,1240,9704.3
16384,1241,9798.2
16384,1242,10059.2
16384,1243,9716.5
16384,1244,9686.2
16384,1245,9939.9
16384,1246,9794.6
16384,1247,10056.2
16384,1248,9765.5
16384,1249,9800.0
16384,1250,9790.9
16384,1251,9864.2
16384,1252,9678.3
16384,1253,10036.8
16384,1254,9648.0
16384,1255,10084.7
16384,1256,10070.1
16384,1257,9804.9
16384,1258,10082.2
16384,1259,9264.7
16384,1260,9318.6
16384,1261,9675.9
16384,1262,9178.7
16384,1263,9496.0
16384,1264,9412.4
16384,1265,9461.5
16384,1266,9250.7
16384,1267,9210.2
16384,1268,9302.2
16384,1269,9399.7
16384,1270,9178.7
16384,1271,9216.2
16384,1272,9471.8
16384,1273,9439.1
16384,1274,9476.0
16384,1275,9567.5
16384,1276,9250.7
16384,1277,9609.9
16384,1278,9351.9
16384,1279,9501.5
16384,1280,9406.4
16384,1281,9578.4
16384,1282,9237.4
16384,1283,9281.6
16384,1284,9398.5
16384,1285,9321.0
16384,1286,9256.8
16384,1287,9553.5
16384,1288,9235.6
16384,1289,9347.0
16384,1290,9376.1
16384,1291,9231.4
16384,1292,9196.8
16384,1293,9490.0
16384,1294,9249.5
16384,1295,9473.6
16384,1296,9253.8
16384,1297,9621.4
16384,1298,9539.0
16384,1299,9405.8
16384,1300,9314.3
16384,1301,9261.6
16384,1302,9127.8
16384,1303,9551.1
16384,1304,9224.1
16384,1305,9346.4
16384,1306,9726.7
16384,1307,9889.1
16384,1308,9642.0
16384,1309,9866.0
16384,1310,9716.5
16384,1311,9758.2
16384,1312,9763.1
16384,1313,9770.4
16384,1314,10188.2
16384,1315,9898.1
16384,1316,9971.4
16384,1317,10052.6
16384,1318,9695.3
16384,1319,9738.3
16384,1320,10002.3
16384,1321,10187.0
16384,1322,9891.5
16384,1323,9923.6
16384,1324,9818.2
16384,1325,9196.2
16384,1326,9380.9
16384,1327,9500.2
16384,1328,9345.2
16384,1329,9331.9
16384,1330,9147.2
16384,1331,9384.0
16384,1332,9313.7
16384,1333,9247.7
16384,1334,9247.7
16384,1335,9322.8
16384,1336,9250.1
16384,1337,9605.6
16384,1338,9309.5
16384,1339,10058.0
16384,1340,9579.0
16384,1341,9500.9
16384,1342,9311.3
16384,1343,9448.2
16384,1344,9491.2
16384,1345,9562.0
16384,1346,9264.1
16384,1347,9256.8
16384,1348,9286.5
16384,1349,9184.7
16384,1350,9374.3
16384,1351,9494.8
16384,1352,9287.7
16384,1353,9389.4
16384,1354,9387.6
16384,1355,9291.9
16384,1356,9276.8
16384,1357,9357.9
16384,1358,9398.5
16384,1359,9293.7
16384,1360,10011.4
16384,1361,9410.6
16384,1362,9709.2
16384,1363,9410.0
16384,1364,9285.3
16384,1365,9449.4
16384,1366,9241.0
16384,1367,9261.0
16384,1368,9255.0
16384,1369,9334.3
16384,1370,9595.9
16384,1371,9861.8
16384,1372,9943.0
16384,1373,10243.9
16384,1374,9690.4
16384,1375,10030.8
16384,1376,9864.8
16384,1377,9910.9
16384,1378,9812.7
16384,1379,9817.0
16384,1380,10019.3
16384,1381,9815.8
16384,1382,10108.9
16384,1383,10105.3
16384,1384,9940.5
16384,1385,10132.5
16384,1386,9727.4
16384,1387,9924.2
16384,1388,9796.4
16384,1389,9979.3
16384,1390,9694.0
16384,1391,9470.6
16384,1392,9402.1
16384,1393,9618.9
16384,1394,9168.4
16384,1395,9298.6
16384,1396,9288.9
16384,1397,9212.0
16384,1398,9271.9
16384,1399,9328.9
16384,1400,9428.2
16384,1401,9300.4
16384,1402,9263.5
16384,1403,9228.9
16384,1404,9389.4
16384,1405,9385.8
16384,1406,9368.8
16384,1407,9294.9
16384,1408,9333.1
16384,1409,9271.3
16384,1410,9362.8
16384,1411,9370.0
16384,1412,9204.1
16384,1413,9219.8
16384,1414,9397.3
16384,1415,9531.1
16384,1416,9296.2
16384,1417,9318.6
16384,1418,9132.0
16384,1419,9848.5
16384,1420,9353.7
16384,1421,9351.3
16384,1422,9208.9
16384,1423,9669.2
16384,1424,9351.3
16384,1425,9476.0
16384,1426,9201.7
16384,1427,9557.2
16384,1428,9321.6
16384,1429,9281.6
16384,1430,9172.0
16384,1431,9275.6
16384,1432,9266.5
16384,1433,9275.6
16384,1434,9265.3
16384,1435,9582.6
16384,1436,9167.8
16384,1437,9487.5
16384,1438,9161.7
16384,1439,9348.2
16384,1440,9324.0
16384,1441,10593.4
16384,1442,9371.3
16384,1443,9326.4
16384,1444,9285.3
16384,1445,9449.4
16384,1446,9294.9
16384,1447,9295.6
16384,1448,9259.2
16384,1449,9209.6
16384,1450,9339.8
16384,1451,9205.9
16384,1452,9388.8
16384,1453,9677.1
16384,1454,9353.7
16384,1455,9407.0
16384,1456,9617.7
16384,1457,9385.2
16384,1458,9720.7
16384,1459,9298.6
16384,1460,9212.0
16384,1461,9638.3
16384,1462,9185.9
16384,1463,9287.7
16384,1464,9440.9
16384,1465,9297.4
16384,1466,9178.7
16384,1467,9528.7
16384,1468,9658.9
16384,1469,9615.9
16384,1470,9279.8
16384,1471,9611.7
16384,1472,9333.1
16384,1473,9536.0
16384,1474,9333.7
16384,1475,9257.4
16384,1476,9539.0
16384,1477,9575.3
16384,1478,9252.6
16384,1479,9347.0
16384,1480,9421.5
16384,1481,9291.3
16384,1482,9261.0
16384,1483,9442.1
16384,1484,9327.0
16384,1485,9674.1
16384,1486,9250.7
16384,1487,9439.1
16384,1488,9296.8
16384,1489,9602.6
16384,1490,9237.4
16384,1491,9359.1
16384,1492,9349.4
16384,1493,9411.2
16384,1494,9526.9
16384,1495,9865.4
16384,1496,9294.9
16384,1497,9697.7
16384,1498,9531.1
16384,1499,9485.1
16384,1500,9228.3
16384,1501,9771.0
16384,1502,9244.1
16384,1503,9609.3
16384,1504,9612.9
16384,1505,9552.9
16384,1506,9411.2
16384,1507,9364.6
16384,1508,9621.4
16384,1509,9451.2
16384,1510,9166.6
16384,1511,9414.3
16384,1512,9302.8
16384,1513,9410.6
16384,1514,9554.1
16384,1515,9404.0
16384,1516,9384.0
16384,1517,9730.4
16384,1518,9296.8
16384,1519,9372.5
16384,1520,9484.5
16384,1521,9390.6
16384,1522,9432.4
16384,1523,9469.4
16384,1524,9311.9
16384,1525,9620.2
16384,1526,9202.9
16384,1527,9472.4
16384,1528,9357.9
16384,1529,9614.1
16384,1530,9540.2
16384,1531,9496.6
16384,1532,9462.1
16384,1533,9432.4
16384,1534,9362.8
16384,1535,9465.1
16384,1536,9561.4
16384,1537,9534.8
16384,1538,9353.1
16384,1539,9497.2
16384,1540,9425.8
16384,1541,9542.6
16384,1542,9636.5
16384,1543,9499.0
16384,1544,10020.5
16384,1545,9422.7
16384,1546,9251.3
16384,1547,9376.7
16384,1548,9302.2
16384,1549,9649.8
16384,1550,9364.6
16384,1551,9381.5
16384,1552,9514.8
16384,1553,9573.5
16384,1554,9395.5
16384,1555,9582.0
16384,1556,9574.7
16384,1557,9772.8
16384,1558,9305.2
16384,1559,9370.6
16384,1560,9438.5
16384,1561,9393.7
16384,1562,9307.7
16384,1563,9321.6
16384,1564,9276.8
16384,1565,9490.6
16384,1566,9401.5
16384,1567,9544.5
16384,1568,9443.9
16384,1569,9388.8
16384,1570,9426.4
16384,1571,9474.2
16384,1572,9450.6
16384,1573,9377.9
16384,1574,9242.3
16384,1575,9417.3
16384,1576,9273.1
16384,1577,9779.4
16384,1578,9328.9
16384,1579,9459.7
16384,1580,9301.0
16384,1581,9360.4
16384,1582,9339.2
16384,1583,9496.0
16384,1584,9431.8
16384,1585,9312.5
16384,1586,9428.2
16384,1587,9365.8
16384,1588,9297.4
16384,1589,9563.8
16384,1590,9330.1
16384,1591,9321.6
16384,1592,9717.7
16384,1593,9347.6
16384,1594,9360.4
16384,1595,9547.5
16384,1596,9682.5
16384,1597,9694.0
16384,1598,9405.2
16384,1599,9733.4
16384,1600,9250.7
16384,1601,9685.6
16384,1602,9366.4
16384,1603,9411.8
16384,1604,9352.5
16384,1605,9442.7
16384,1606,9379.1
16384,1607,9331.3
16384,1608,9315.5
16384,1609,9605.0
16384,1610,9250.1
16384,1611,9587.5
16384,1612,9393.7
16384,1613,9491.2
16384,1614,9348.8
16384,1615,9338.5
16384,1616,9313.7
16384,1617,9418.5
16384,1618,9431.2
16384,1619,9505.7
16384,1620,9514.2
16384,1621,9326.4
16384,1622,9211.4
16384,1623,9530.5
16384,1624,9992.0
16384,1625,10189.4
16384,1626,9899.3
16384,1627,9829.7
16384,1628,9777.6
16384,1629,9897.5
16384,1630,9827.3
16384,1631,9839.4
16384,1632,9933.3
16384,1633,9848.5
16384,1634,9837.0
16384,1635,10164.0
16384,1636,9998.1
16384,1637,9789.1
16384,1638,9794.6
16384,1639,10066.5
16384,1640,9715.2
16384,1641,9734.6
16384,1642,9766.1
16384,1643,9919.9
16384,1644,9793.4
16384,1645,10078.0
16384,1646,10725.4
16384,1647,9364.0
16384,1648,9308.3
16384,1649,9708.0
16384,1650,9540.8
16384,1651,9904.8
16384,1652,9926.6
16384,1653,9777.0
16384,1654,9716.5
16384,1655,9914.5
16384,1656,9944.8
16384,1657,9817.0
16384,1658,10251.2
16384,1659,10147.6
16384,1660,10075.6
16384,1661,9874.5
16384,1662,9890.9
16384,1663,9756.4
16384,1664,9809.7
16384,1665,10137.4
16384,1666,9857.6
16384,1667,9784.9
16384,1668,9763.1
16384,1669,9560.2
16384,1670,9601.4
16384,1671,9312.5
16384,1672,9316.7
16384,1673,9480.3
16384,1674,9502.7
16384,1675,9324.6
16384,1676,9505.7
16384,1677,9399.7
16384,1678,9435.4
16384,1679,9497.2
16384,1680,9281.6
16384,1681,9426.4
16384,1682,9380.9
16384,1683,9569.3
16384,1684,9456.0
16384,1685,9435.4
16384,1686,9233.8
16384,1687,9681.9
16384,1688,9404.6
16384,1689,9485.7
16384,1690,9213.2
16384,1691,9544.5
16384,1692,9344.0
16384,1693,9647.4
16384,1694,9172.0
16384,1695,9475.4
16384,1696,9359.7
16384,1697,9287.7
16384,1698,9307.1
16384,1699,9708.0
16384,1700,9347.0
16384,1701,9419.7
16384,1702,9597.8
16384,1703,9560.2
16384,1704,9361.0
16384,1705,9648.6
16384,1706,9255.6
16384,1707,9613.5
16384,1708,9372.5
16384,1709,9252.6
16384,1710,9491.2
16384,1711,9495.4
16384,1712,9476.6
16384,1713,9223.5
16384,1714,9228.9
16384,1715,9304.0
16384,1716,9417.3
16384,1717,9574.1
16384,1718,9538.4
16384,1719,9518.4
16384,1720,9338.5
16384,1721,9525.7
16384,1722,9319.2
16384,1723,9377.3
16384,1724,9381.5
16384,1725,9393.1
16384,1726,9418.5
16384,1727,9379.7
16384,1728,9483.3
16384,1729,9313.7
16384,1730,9236.2
16384,1731,9502.7
16384,1732,9248.9
16384,1733,9406.4
16384,1734,9379.1
16384,1735,9330.7
16384,1736,9287.7
16384,1737,9490.6
16384,1738,9279.2
16384,1739,9496.0
16384,1740,9673.5
16384,1741,9374.3
16384,1742,9258.6
16384,1743,9520.8
16384,1744,9513.0
16384,1745,9390.6
16384,1746,9378.5
16384,1747,9333.1
16384,1748,10643.0
16384,1749,9262.2
16384,1750,9618.3
16384,1751,9611.7
16384,1752,9501.5
16384,1753,9225.3
16384,1754,9175.0
16384,1755,9419.1
16384,1756,9267.7
16384,1757,9726.1
16384,1758,9223.5
16384,1759,9519.0
16384,1760,9476.6
16384,1761,9430.0
16384,1762,9271.9
16384,1763,9273.7
16384,1764,9451.2
16384,1765,9316.7
16384,1766,9167.8
16384,1767,9502.1
16384,1768,9625.0
16384,1769,9428.8
16384,1770,9308.9
16384,1771,9255.6
16384,1772,9333.7
16384,1773,9434.8
16384,1774,9324.0
16384,1775,9589.3
16384,1776,9407.6
16384,1777,9322.2
16384,1778,9242.3
16384,1779,9403.3
16384,1780,9467.5
16384,1781,9657.7
16384,1782,9385.8
16384,1783,9425.8
16384,1784,9811.5
16384,1785,10205.8
16384,1786,10024.7
16384,1787,10411.7
16384,1788,10449.2
16384,1789,10738.7
16384,1790,10085.3
16384,1791,10376.0
16384,1792,10368.7
16384,1793,10267.6
16384,1794,10461.4
16384,1795,10475.3
16384,1796,10243.9
16384,1797,10666.7
16384,1798,10460.1
16384,1799,10427.4
16384,1800,10592.2
16384,1801,10179.7
16384,1802,9700.7
16384,1803,9841.2
16384,1804,9720.1
16384,1805,9731.0
16384,1806,9854.5
16384,1807,10105.9
16384,1808,9921.8
16384,1809,9866.6
16384,1810,9721.9
16384,1811,9998.1
16384,1812,9711.6
16384,1813,9893.9
16384,1814,9339.2
16384,1815,9550.5
16384,1816,9562.0
16384,1817,9999.9
16384,1818,10009.0
16384,1819,10082.8
16384,1820,10368.1
16384,1821,10136.7
16384,1822,9730.4
16384,1823,10075.0
16384,1824,9561.4
16384,1825,9564.4
16384,1826,9501.5
16384,1827,9328.9
16384,1828,9453.6
16384,1829,9339.8
16384,1830,9541.4
16384,1831,9415.5
16384,1832,9683.7
16384,1833,9369.4
16384,1834,9232.0
16384,1835,9544.5
16384,1836,9408.2
16384,1837,9276.8
16384,1838,9456.6
16384,1839,9426.4
16384,1840,9315.5
16384,1841,9532.3
16384,1842,9258.6
16384,1843,9339.8
16384,1844,9871.5
16384,1845,9361.0
16384,1846,9315.5
16384,1847,9341.0
16384,1848,10464.4
16384,1849,9631.1
16384,1850,10239.7
16384,1851,9790.3
16384,1852,10005.3
16384,1853,10202.8
16384,1854,9889.7
16384,1855,9931.4
16384,1856,9956.9
16384,1857,9754.0
16384,1858,9841.2
16384,1859,10236.7
16384,1860,9882.4
16384,1861,9825.5
16384,1862,9844.8
16384,1863,9771.6
16384,1864,9929.0
16384,1865,9711.6
16384,1866,10200.3
16384,1867,9963.5
16384,1868,9392.4
16384,1869,9627.4
16384,1870,9291.3
16384,1871,9476.6
16384,1872,9384.6
16384,1873,9303.4
16384,1874,9162.9
16384,1875,9657.7
16384,1876,9268.3
16384,1877,9364.0
16384,1878,9781.9
16384,1879,9273.1
16384,1880,9800.6
16384,1881,9310.7
16384,1882,9589.3
16384,1883,9300.4
16384,1884,9473.0
16384,1885,9802.4
16384,1886,9251.3
16384,1887,9586.2
16384,1888,9623.8
16384,1889,9422.7
16384,1890,9245.3
16384,1891,9488.7
16384,1892,9405.2
16384,1893,9713.4
16384,1894,9207.7
16384,1895,9639.5
16384,1896,9346.4
16384,1897,9531.7
16384,1898,9445.7
16384,1899,9731.6
16384,1900,9740.1
16384,1901,9578.4
16384,1902,9222.9
16384,1903,9415.5
16384,1904,9293.1
16384,1905,9371.3
16384,1906,9315.5
16384,1907,9369.4
16384,1908,9376.1
16384,1909,9523.3
16384,1910,9627.4
16384,1911,9608.0
16384,1912,9539.0
16384,1913,9336.7
16384,1914,10089.5
16384,1915,9746.7
16384,1916,9981.1
16384,1917,9799.4
16384,1918,9903.6
16384,1919,10204.0
16384,1920,9946.0
16384,1921,9893.9
16384,1922,9942.3
16384,1923,10025.9
16384,1924,9850.3
16384,1925,9794.0
16384,1926,9798.2
16384,1927,10147.6
16384,1928,10300.9
16384,1929,9859.4
16384,1930,9970.2
16384,1931,9893.9
16384,1932,9903.6
16384,1933,9311.3
16384,1934,9430.6
16384,1935,9649.8
16384,1936,9324.6
16384,1937,9297.4
16384,1938,9298.6
16384,1939,9466.3
16384,1940,9354.9
16384,1941,9942.3
16384,1942,9476.0
16384,1943,9374.9
16384,1944,9438.5
16384,1945,9667.4
16384,1946,9838.8
16384,1947,9973.8
16384,1948,10125.2
16384,1949,12575.5
16384,1950,9989.6
16384,1951,9773.4
16384,1952,9849.7
16384,1953,10087.7
16384,1954,10113.7
16384,1955,9806.7
16384,1956,10045.3
16384,1957,10000.5
16384,1958,9665.6
16384,1959,9821.8
16384,1960,9849.1
16384,1961,10144.6
16384,1962,9734.0
16384,1963,9986.6
16384,1964,9771.0
16384,1965,10420.8
16384,1966,9817.0
16384,1967,10346.9
16384,1968,10045.9
16384,1969,9868.5
16384,1970,9497.8
16384,1971,9446.3
16384,1972,9663.2
16384,1973,9726.1
16384,1974,9866.0
16384,1975,10144.6
16384,1976,10415.3
16384,1977,10354.2
16384,1978,10266.3
16384,1979,10399.0
16384,1980,10404.4
16384,1981,10703.0
16384,1982,10356.6
16384,1983,10198.5
16384,1984,9792.2
16384,1985,9985.9
16384,1986,9930.2
16384,1987,9812.7
16384,1988,9925.4
16384,1989,10015.0
16384,1990,9921.8
16384,1991,10103.4
16384,1992,9795.2
16384,1993,10296.6
16384,1994,9986.6
16384,1995,9506.9
16384,1996,9509.9
16384,1997,9611.7
16384,1998,9365.2
16384,1999,9400.9
65536,0,27330.1
65536,1,27592.9
65536,2,26717.8
65536,3,26402.3
65536,4,27603.8
65536,5,27696.5
65536,6,27701.9
65536,7,27636.5
65536,8,27282.9
65536,9,26071.0
65536,10,25979.6
65536,11,25940.2
65536,12,26273.3
65536,13,25997.7
65536,14,26121.3
65536,15,26176.4
65536,16,26157.6
65536,17,26187.3
65536,18,25954.1
65536,19,25932.9
65536,20,26008.6
65536,21,26232.1
65536,22,26184.9
65536,23,26035.9
65536,24,25903.9
65536,25,26140.7
65536,26,26363.5
65536,27,26237.0
65536,28,26227.9
65536,29,26089.8
65536,30,26152.2
65536,31,26040.7
65536,32,27290.7
65536,33,26239.4
65536,34,26055.3
65536,35,26259.4
65536,36,26032.3
65536,37,26046.8
65536,38,25880.9
65536,39,26253.3
65536,40,26446.5
65536,41,26084.3
65536,42,25936.6
65536,43,26026.8
65536,44,26367.2
65536,45,26061.3
65536,46,26138.9
65536,47,26132.8
65536,48,26446.5
65536,49,26078.3
65536,50,26349.0
65536,51,26195.2
65536,52,27453.6
65536,53,27387.6
65536,54,27677.7
65536,55,27524.5
65536,56,27387.6
65536,57,27571.1
65536,58,27839.4
65536,59,27318.0
65536,60,27416.7
65536,61,27018.2
65536,62,26293.3
65536,63,26449.5
65536,64,27275.0
65536,65,27748.0
65536,66,26978.2
65536,67,26321.1
65536,68,26004.4
65536,69,26809.3
65536,70,26113.4
65536,71,26109.2
65536,72,26264.8
65536,73,26026.2
65536,74,26135.2
65536,75,26504.0
65536,76,27890.9
65536,77,27749.8
65536,78,27426.4
65536,79,27672.3
65536,80,27781.9
65536,81,27810.9
65536,82,27498.5
65536,83,27597.2
65536,84,25960.2
65536,85,26123.1
65536,86,26473.2
65536,87,26126.7
65536,88,26205.5
65536,89,25969.9
65536,90,26269.7
65536,91,25947.5
65536,92,25961.4
65536,93,26006.8
65536,94,26018.3
65536,95,26249.1
65536,96,25928.7
65536,97,26055.3
65536,98,26122.5
65536,99,26244.2
65536,100,25925.1
65536,101,26036.5
65536,102,26232.1
65536,103,25919.0
65536,104,26341.1
65536,105,26032.9
65536,106,26948.0
65536,107,26770.5
65536,108,26480.4
65536,109,26089.8
65536,110,25963.2
65536,111,26194.6
65536,112,26012.3
65536,113,26117.7
65536,114,25985.0
65536,115,25856.0
65536,116,25859.7
65536,117,26062.5
65536,118,26387.2
65536,119,25980.8
65536,120,26092.2
65536,121,26248.5
65536,122,26347.8
65536,123,26091.6
65536,124,26117.7
65536,125,26078.9
65536,126,26061.3
65536,127,26180.0
65536,128,25948.1
65536,129,25868.1
65536,130,26058.3
65536,131,26269.1
65536,132,26111.6
65536,133,26025.6
65536,134,26121.9
65536,135,26070.4
65536,136,25516.9
65536,137,25455.1
65536,138,25383.0
65536,139,25382.4
65536,140,25498.1
65536,141,25559.9
65536,142,25408.5
65536,143,25396.4
65536,144,25451.5
65536,145,26814.7
65536,146,25835.4
65536,147,25456.3
65536,148,25424.2
65536,149,25300.7
65536,150,25757.3
65536,151,25351.0
65536,152,25616.8
65536,153,25491.5
65536,154,25728.9
65536,155,25426.7
65536,156,25535.1
65536,157,25561.1
65536,158,25420.0
65536,159,25769.4
65536,160,25476.9
65536,161,25435.7
65536,162,25604.1
65536,163,25607.7
65536,164,25403.6
65536,165,25449.7
65536,166,25456.3
65536,167,25436.3
65536,168,25740.4
65536,169,25558.1
65536,170,25621.1
65536,171,25558.1
65536,172,25697.4
65536,173,25458.7
65536,174,25380.0
65536,175,25512.6
65536,176,25980.8
65536,177,25662.2
65536,178,25403.0
65536,179,25626.5
65536,180,25733.1
65536,181,25585.3
65536,182,26633.0
65536,183,28575.2
65536,184,27403.4
65536,185,28331.2
65536,186,28635.8
65536,187,28415.4
65536,188,28399.0
65536,189,28609.8
65536,190,28383.9
65536,191,27830.3
65536,192,27060.0
65536,193,26990.3
65536,194,27010.9
65536,195,28628.5
65536,196,26289.0
65536,197,25610.2
65536,198,26979.4
65536,199,26995.8
65536,200,27088.5
65536,201,25526.6
65536,202,25387.9
65536,203,25346.1
65536,204,25357.6
65536,205,25728.2
65536,206,25534.5
65536,207,25566.5
65536,208,25436.9
65536,209,25631.3
65536,210,25397.6
65536,211,25382.4
65536,212,25458.1
65536,213,25279.5
65536,214,25661.0
65536,215,25411.5
65536,216,25586.5
65536,217,25442.4
65536,218,25893.0
65536,219,25694.3
65536,220,26550.7
65536,221,25508.4
65536,222,25583.5
65536,223,25691.9
65536,224,25530.8
65536,225,25583.5
65536,226,25628.9
65536,227,25685.9
65536,228,25562.3
65536,229,25601.1
65536,230,25673.7
65536,231,25753.7
65536,232,25816.1
65536,233,25764.0
65536,234,25436.3
65536,235,25329.8
65536,236,25626.5
65536,237,25618.6
65536,238,25483.0
65536,239,25573.8
65536,240,25578.7
65536,241,25671.3
65536,242,25641.6
65536,243,25616.2
65536,244,25526.6
65536,245,25526.6
65536,246,25830.0
65536,247,25422.4
65536,248,25435.1
65536,249,25458.1
65536,250,25578.7
65536,251,25496.3
65536,252,25307.3
65536,253,25473.9
65536,254,25682.8
65536,255,25854.2
65536,256,25531.4
65536,257,25479.3
65536,258,25527.2
65536,259,26593.7
65536,260,25548.4
65536,261,25516.9
65536,262,25564.1
65536,263,25370.9
65536,264,25693.1
65536,265,25506.6
65536,266,25653.8
65536,267,25591.4
65536,268,25589.6
65536,269,25618.0
65536,270,25478.7
65536,271,25420.6
65536,272,25438.2
65536,273,25784.6
65536,274,25567.8
65536,275,25545.4
65536,276,25503.0
65536,277,25479.3
65536,278,25554.4
65536,279,25489.6
65536,280,25595.0
65536,281,25506.0
65536,282,25595.0
65536,283,25535.1
65536,284,25536.9
65536,285,25419.4
65536,286,25466.0
65536,287,25685.9
65536,288,25423.0
65536,289,25532.0
65536,290,25403.0
65536,291,25543.5
65536,292,25544.1
65536,293,25610.8
65536,294,25622.9
65536,295,27007.9
65536,296,27327.1
65536,297,28579.5
65536,298,27123.6
65536,299,26943.1
65536,300,27269.5
65536,301,26990.9
65536,302,27165.4
65536,303,25812.4
65536,304,25486.0
65536,305,25625.9
65536,306,25537.5
65536,307,25638.6
65536,308,25556.3
65536,309,25559.9
65536,310,25584.7
65536,311,26085.0
65536,312,25945.7
65536,313,25894.8
65536,314,25974.1
65536,315,26008.0
65536,316,25941.4
65536,317,25961.4
65536,318,25899.0
65536,319,26108.0
65536,320,25671.9
65536,321,25876.6
65536,322,25876.6
65536,323,26107.4
65536,324,26031.7
65536,325,25933.5
65536,326,25855.4
65536,327,25823.3
65536,328,26119.5
65536,329,25990.5
65536,330,26028.6
65536,331,25913.0
65536,332,25767.6
65536,333,25984.4
65536,334,25979.0
65536,335,28541.9
65536,336,25868.1
65536,337,25899.0
65536,338,25874.2
65536,339,25844.5
65536,340,25876.0
65536,341,25988.7
65536,342,26094.6
65536,343,26022.6
65536,344,25781.5
65536,345,25891.2
65536,346,26087.4
65536,347,26015.3
65536,348,25865.7
65536,349,25729.5
65536,350,25996.5
65536,351,26020.2
65536,352,25913.6
65536,353,25868.7
65536,354,25940.2
65536,355,26084.3
65536,356,25838.5
65536,357,25795.5
65536,358,26081.3
65536,359,25990.5
65536,360,25981.4
65536,361,25862.7
65536,362,25906.3
65536,363,25793.0
65536,364,25974.7
65536,365,25815.5
65536,366,26006.8
65536,367,25982.6
65536,368,25710.7
65536,369,26057.1
65536,370,25988.1
65536,371,26144.9
65536,372,26577.3
65536,373,28965.2
65536,374,27457.9
65536,375,27398.5
65536,376,27299.8
65536,377,27280.4
65536,378,27706.8
65536,379,28263.9
65536,380,28859.3
65536,381,28260.9
65536,382,27502.7
65536,383,27939.9
65536,384,28920.4
65536,385,28896.8
65536,386,27280.4
65536,387,26022.6
65536,388,25840.3
65536,389,25875.4
65536,390,26002.6
65536,391,25776.7
65536,392,25990.5
65536,393,25969.3
65536,394,25787.0
65536,395,25919.0
65536,396,25933.5
65536,397,25816.7
65536,398,25838.5
65536,399,25816.7
65536,400,25760.9
65536,401,26022.0
65536,402,25893.0
65536,403,25850.6
65536,404,25879.0
65536,405,26003.2
65536,406,26000.8
65536,407,25742.2
65536,408,25908.7
65536,409,25971.1
65536,410,27244.1
65536,411,26075.3
65536,412,25981.4
65536,413,25897.2
65536,414,25946.9
65536,415,26063.2
65536,416,26169.1
65536,417,25891.8
65536,418,25917.2
65536,419,26021.4
65536,420,25895.4
65536,421,25822.1
65536,422,25851.2
65536,423,25846.9
65536,424,26175.8
65536,425,25821.5
65536,426,25978.4
65536,427,26124.9
65536,428,26015.9
65536,429,25936.0
65536,430,25949.9
65536,431,25795.5
65536,432,25711.3
65536,433,25976.5
65536,434,25845.1
65536,435,25819.1
65536,436,25869.4
65536,437,26063.2
65536,438,26304.2
65536,439,25903.9
65536,440,25923.9
65536,441,25970.5
65536,442,26160.7
65536,443,25753.1
65536,444,25908.1
65536,445,25923.3
65536,446,25795.5
65536,447,26197.0
65536,448,25871.2
65536,449,27913.9
65536,450,26054.7
65536,451,26140.1
65536,452,25958.4
65536,453,25851.2
65536,454,25863.9
65536,455,25822.7
65536,456,26030.4
65536,457,25741.6
65536,458,25877.8
65536,459,26101.3
65536,460,25982.6
65536,461,26188.5
65536,462,26247.9
65536,463,26048.6
65536,464,26039.5
65536,465,26213.3
65536,466,25870.0
65536,467,25877.8
65536,468,25948.7
65536,469,25949.3
65536,470,26063.2
65536,471,25834.8
65536,472,26126.7
65536,473,26023.2
65536,474,26350.8
65536,475,26150.4
65536,476,26004.4
65536,477,26046.8
65536,478,25979.6
65536,479,26035.9
65536,480,26029.8
65536,481,25897.2
65536,482,25793.0
65536,483,26025.0
65536,484,26066.8
65536,485,26143.7
65536,486,25936.6
65536,487,27787.3
65536,488,26242.4
65536,489,25909.3
65536,490,25925.1
65536,491,26042.6
65536,492,25848.2
65536,493,26155.2
65536,494,25913.6
65536,495,25986.2
65536,496,25947.5
65536,497,26057.7
65536,498,25917.8
65536,499,26207.3
65536,500,26217.0
65536,501,26128.0
65536,502,25950.5
65536,503,25969.3
65536,504,26074.7
65536,505,26039.5
65536,506,26203.7
65536,507,26032.9
65536,508,26125.5
65536,509,26014.7
65536,510,26135.8
65536,511,26261.2
65536,512,27186.0
65536,513,27358.0
65536,514,27467.0
65536,515,27536.0
65536,516,27499.7
65536,517,27381.0
65536,518,27615.3
65536,519,27637.7
65536,520,28057.4
65536,521,28239.7
65536,522,27650.5
65536,523,27797.0
65536,524,30731.2
65536,525,29259.0
65536,526,28649.7
65536,527,27441.5
65536,528,27559.6
65536,529,26944.3
65536,530,26127.3
65536,531,26377.5
65536,532,27450.6
65536,533,27750.4
65536,534,27593.5
65536,535,27577.8
65536,536,27504.5
65536,537,26669.4
65536,538,26058.9
65536,539,25903.3
65536,540,25924.5
65536,541,26002.6
65536,542,25922.0
65536,543,26126.7
65536,544,26162.5
65536,545,25960.2
65536,546,25990.5
65536,547,26063.2
65536,548,25874.2
65536,549,25809.4
65536,550,25874.2
65536,551,25913.6
65536,552,26105.5
65536,553,26049.2
65536,554,25912.4
65536,555,26235.8
65536,556,26156.4
65536,557,26160.0
65536,558,25751.3
65536,559,26051.0
65536,560,25755.5
65536,561,27105.4
65536,562,25919.0
65536,563,25949.3
65536,564,25868.7
65536,565,26001.4
65536,566,26091.0
65536,567,26127.3
65536,568,26135.8
65536,569,25919.6
65536,570,26191.5
65536,571,26065.6
65536,572,26021.4
65536,573,25962.0
65536,574,25983.8
65536,575,26042.6
65536,576,25882.7
65536,577,25902.1
65536,578,26009.3
65536,579,26327.8
65536,580,26166.1
65536,581,25987.4
65536,582,25916.0
65536,583,26114.0
65536,584,25973.5
65536,585,25883.9
65536,586,25964.4
65536,587,26085.0
65536,588,25999.0
65536,589,25904.5
65536,590,25946.9
65536,591,26052.2
65536,592,26246.0
65536,593,26992.2
65536,594,27435.5
65536,595,27358.6
65536,596,27417.3
65536,597,27531.8
65536,598,28719.4
65536,599,27559.6
65536,600,26482.2
65536,601,26072.2
65536,602,26240.6
65536,603,26007.4
65536,604,26087.4
65536,605,26048.6
65536,606,25910.5
65536,607,26076.5
65536,608,25970.5
65536,609,25858.5
65536,610,25985.0
65536,611,26147.3
65536,612,25930.5
65536,613,26051.0
65536,614,26121.9
65536,615,26310.8
65536,616,26227.9
65536,617,26064.4
65536,618,26062.5
65536,619,26014.1
65536,620,26104.9
65536,621,26115.2
65536,622,26053.5
65536,623,26179.4
65536,624,26209.7
65536,625,26290.3
65536,626,26057.7
65536,627,26236.4
65536,628,26015.9
65536,629,26199.4
65536,630,26250.3
65536,631,25905.7
65536,632,26034.1
65536,633,25942.0
65536,634,26154.0
65536,635,26009.9
65536,636,26895.9
65536,637,26234.5
65536,638,27399.7
65536,639,27860.6
65536,640,27495.4
65536,641,27543.3
65536,642,27520.9
65536,643,27747.4
65536,644,27540.8
65536,645,26565.8
65536,646,26012.9
65536,647,26040.1
65536,648,26217.6
65536,649,26060.7
65536,650,25982.0
65536,651,26140.1
65536,652,26227.3
65536,653,26252.7
65536,654,26018.9
65536,655,25941.4
65536,656,26201.2
65536,657,26062.5
65536,658,26038.3
65536,659,26048.0
65536,660,26274.5
65536,661,26177.0
65536,662,26189.1
65536,663,26054.1
65536,664,26025.0
65536,665,26104.9
65536,666,26298.7
65536,667,25941.4
65536,668,25958.4
65536,669,26009.3
65536,670,26054.7
65536,671,26178.8
65536,672,26173.4
65536,673,26144.9
65536,674,28282.1
65536,675,26297.5
65536,676,25999.6
65536,677,26012.3
65536,678,25946.3
65536,679,26008.0
65536,680,26335.7
65536,681,26030.4
65536,682,25983.8
65536,683,25974.7
65536,684,26418.6
65536,685,26304.2
65536,686,25983.2
65536,687,26068.0
65536,688,26008.6
65536,689,26132.8
65536,690,25971.1
65536,691,26013.5
65536,692,26095.9
65536,693,26092.8
65536,694,26200.0
65536,695,26168.5
65536,696,26006.8
65536,697,26534.3
65536,698,27814.6
65536,699,27575.4
65536,700,27552.4
65536,701,27514.2
65536,702,27644.4
65536,703,27682.6
65536,704,27709.8
65536,705,27783.7
65536,706,27222.9
65536,707,26735.4
65536,708,27556.0
65536,709,27661.4
65536,710,27453.0
65536,711,27746.1
65536,712,26148.5
65536,713,26028.0
65536,714,26042.6
65536,715,26063.8
65536,716,26121.3
65536,717,26224.8
65536,718,26161.3
65536,719,26055.9
65536,720,26086.8
65536,721,26233.3
65536,722,25911.1
65536,723,26048.0
65536,724,25656.2
65536,725,25610.2
65536,726,25567.8
65536,727,25478.7
65536,728,25506.6
65536,729,25550.2
65536,730,25983.8
65536,731,25390.3
65536,732,25403.0
65536,733,25446.0
65536,734,25551.4
65536,735,25479.3
65536,736,25421.2
65536,737,25338.2
65536,738,25455.1
65536,739,25764.6
65536,740,25561.1
65536,741,25611.4
65536,742,25458.1
65536,743,25474.5
65536,744,25643.5
65536,745,25512.0
65536,746,25402.4
65536,747,25429.7
65536,748,25611.4
65536,749,26424.1
65536,750,25400.0
65536,751,25524.2
65536,752,25685.9
65536,753,25870.0
65536,754,25439.4
65536,755,25454.5
65536,756,25437.6
65536,757,25524.2
65536,758,25707.1
65536,759,25605.9
65536,760,25498.1
65536,761,25378.8
65536,762,25737.3
65536,763,25453.3
65536,764,25523.5
65536,765,25604.7
65536,766,25547.8
65536,767,26748.1
65536,768,26987.9
65536,769,26973.4
65536,770,26928.6
65536,771,27139.9
65536,772,26971.0
65536,773,26865.0
65536,774,26875.3
65536,775,27017.0
65536,776,27075.7
65536,777,25842.7
65536,778,25593.8
65536,779,26883.8
65536,780,27095.7
65536,781,26363.5
65536,782,25417.0
65536,783,25405.5
65536,784,25377.6
65536,785,25675.6
65536,786,25381.8
65536,787,26839.5
65536,788,25665.9
65536,789,25713.7
65536,790,25595.0
65536,791,25314.6
65536,792,25399.4
65536,793,25544.1
65536,794,25478.1
65536,795,25565.9
65536,796,25456.3
65536,797,25411.5
65536,798,25459.4
65536,799,25555.6
65536,800,25339.4
65536,801,25584.1
65536,802,25565.9
65536,803,25670.1
65536,804,25440.6
65536,805,25444.2
65536,806,25482.4
65536,807,25409.1
65536,808,25646.5
65536,809,25444.8
65536,810,25509.0
65536,811,25655.0
65536,812,25542.9
65536,813,25655.6
65536,814,25470.3
65536,815,25501.1
65536,816,25441.2
65536,817,25751.9
65536,818,25533.8
65536,819,25363.7
65536,820,25647.1
65536,821,25472.7
65536,822,25803.3
65536,823,25443.6
65536,824,25355.2
65536,825,25713.7
65536,826,28978.6
65536,827,25542.9
65536,828,25483.6
65536,829,25399.4
65536,830,25466.6
65536,831,25549.6
65536,832,25366.1
65536,833,25374.6
65536,834,25389.1
65536,835,25503.0
65536,836,25370.9
65536,837,25412.7
65536,838,25507.2
65536,839,25431.5
65536,840,25655.6
65536,841,25438.2
65536,842,25311.0
65536,843,25278.3
65536,844,25466.0
65536,845,25762.2
65536,846,25517.5
65536,847,25355.8
65536,848,25382.4
65536,849,25701.6
65536,850,25433.9
65536,851,25421.8
65536,852,25449.1
65536,853,25580.5
65536,854,25678.0
65536,855,25331.0
65536,856,25420.6
65536,857,25530.8
65536,858,25758.5
65536,859,25476.9
65536,860,25460.0
65536,861,25468.4
65536,862,25492.7
65536,863,25674.3
65536,864,26217.6
65536,865,25518.7
65536,866,25427.3
65536,867,25706.4
65536,868,25455.7
65536,869,25443.0
65536,870,26857.1
65536,871,26921.9
65536,872,27279.8
65536,873,27104.2
65536,874,28135.0
65536,875,28323.9
65536,876,28561.3
65536,877,28472.9
65536,878,26978.8
65536,879,26806.2
65536,880,26683.9
65536,881,26884.4
65536,882,25572.0
65536,883,25433.9
65536,884,25371.5
65536,885,25717.3
65536,886,25539.9
65536,887,25512.0
65536,888,25455.7
65536,889,25463.0
65536,890,25533.8
65536,891,25408.5
65536,892,25504.2
65536,893,25538.7
65536,894,25790.6
65536,895,25478.7
65536,896,25361.2
65536,897,25571.4
65536,898,25549.0
65536,899,27109.6
65536,900,27003.1
65536,901,26805.0
65536,902,28217.9
65536,903,27011.5
65536,904,27117.5
65536,905,27106.0
65536,906,26275.1
65536,907,25464.8
65536,908,25556.3
65536,909,25578.7
65536,910,25369.1
65536,911,25556.3
65536,912,25424.2
65536,913,25699.2
65536,914,25518.1
65536,915,25575.6
65536,916,25859.7
65536,917,26085.0
65536,918,25971.1
65536,919,25836.7
65536,920,25846.3
65536,921,25891.8
65536,922,26260.6
65536,923,26194.6
65536,924,26085.0
65536,925,25863.9
65536,926,25748.2
65536,927,25903.3
65536,928,25908.1
65536,929,26047.4
65536,930,25800.3
65536,931,26014.1
65536,932,25806.4
65536,933,26025.6
65536,934,25889.9
65536,935,25903.3
65536,936,25985.0
65536,937,25962.0
65536,938,25833.0
65536,939,25842.7
65536,940,26673.0
65536,941,26039.5
65536,942,25870.6
65536,943,25749.4
65536,944,25893.6
65536,945,26209.7
65536,946,25925.1
65536,947,25719.8
65536,948,25866.9
65536,949,25857.2
65536,950,25894.2
65536,951,25980.2
65536,952,25879.7
65536,953,25947.5
65536,954,26185.5
65536,955,25946.3
65536,956,25777.9
65536,957,25982.6
65536,958,25943.8
65536,959,25919.0
65536,960,25919.6
65536,961,25848.2
65536,962,25903.9
65536,963,25927.5
65536,964,25840.3
65536,965,25926.9
65536,966,25823.3
65536,967,25790.0
65536,968,26164.3
65536,969,26009.3
65536,970,26009.3
65536,971,26034.7
65536,972,25790.6
65536,973,26014.1
65536,974,25954.7
65536,975,25831.8
65536,976,25840.9
65536,977,26295.1
65536,978,28222.2
65536,979,27491.8
65536,980,27298.0
65536,981,27597.2
65536,982,27470.6
65536,983,27387.6
65536,984,27436.1
65536,985,27427.0
65536,986,27797.0
65536,987,27050.9
65536,988,26045.6
65536,989,26418.6
65536,990,27514.2
65536,991,27420.9
65536,992,27525.7
65536,993,25970.5
65536,994,25828.2
65536,995,26184.3
65536,996,25985.0
65536,997,25819.7
65536,998,25798.5
65536,999,25953.5
65536,1000,26146.1
65536,1001,25918.4
65536,1002,25906.3
65536,1003,25771.2
65536,1004,26018.9
65536,1005,25887.5
65536,1006,25946.9
65536,1007,25824.5
65536,1008,25767.6
65536,1009,26093.4
65536,1010,26077.7
65536,1011,26013.5
65536,1012,25799.1
65536,1013,25986.8
65536,1014,25923.3
65536,1015,26550.7
65536,1016,26073.4
65536,1017,25855.4
65536,1018,25936.6
65536,1019,25800.3
65536,1020,26099.5
65536,1021,25708.3
65536,1022,25777.9
65536,1023,25995.3
65536,1024,25942.0
65536,1025,26051.6
65536,1026,25971.1
65536,1027,26024.4
65536,1028,26014.7
65536,1029,26058.9
65536,1030,25922.0
65536,1031,25865.1
65536,1032,25831.8
65536,1033,25880.3
65536,1034,25870.6
65536,1035,25862.7
65536,1036,26061.3
65536,1037,26028.0
65536,1038,25861.5
65536,1039,25782.1
65536,1040,25861.5
65536,1041,26078.3
65536,1042,25723.4
65536,1043,25855.4
65536,1044,25942.0
65536,1045,25972.3
65536,1046,25774.3
65536,1047,25925.7
65536,1048,25963.8
65536,1049,25868.7
65536,1050,26212.1
65536,1051,27296.2
65536,1052,27516.6
65536,1053,28452.9
65536,1054,27652.3
65536,1055,27350.1
65536,1056,27259.2
65536,1057,27371.9
65536,1058,26409.0
65536,1059,26048.0
65536,1060,25826.4
65536,1061,25980.8
65536,1062,25967.5
65536,1063,25911.1
65536,1064,26108.6
65536,1065,25851.8
65536,1066,25819.7
65536,1067,25948.7
65536,1068,26094.0
65536,1069,25856.6
65536,1070,25902.1
65536,1071,26006.2
65536,1072,25951.7
65536,1073,26089.8
65536,1074,26143.1
65536,1075,26037.1
65536,1076,26309.0
65536,1077,27672.3
65536,1078,27493.0
65536,1079,27398.5
65536,1080,27445.8
65536,1081,27493.0
65536,1082,27656.5
65536,1083,27539.6
65536,1084,27470.6
65536,1085,27239.3
65536,1086,26092.2
65536,1087,27525.1
65536,1088,27488.2
65536,1089,27846.1
65536,1090,27115.1
65536,1091,26061.3
65536,1092,25863.3
65536,1093,25757.9
65536,1094,25783.4
65536,1095,25862.1
65536,1096,26231.5
65536,1097,25845.7
65536,1098,25989.9
65536,1099,26138.2
65536,1100,25962.0
65536,1101,26057.7
65536,1102,25839.1
65536,1103,25974.1
65536,1104,25877.2
65536,1105,26100.1
65536,1106,25947.5
65536,1107,25940.8
65536,1108,26114.6
65536,1109,26015.9
65536,1110,25864.5
65536,1111,25771.9
65536,1112,26049.2
65536,1113,25945.7
65536,1114,26195.2
65536,1115,25847.6
65536,1116,26036.5
65536,1117,25997.1
65536,1118,25956.0
65536,1119,26242.4
65536,1120,25927.5
65536,1121,25923.3
65536,1122,25949.3
65536,1123,26094.6
65536,1124,26094.0
65536,1125,25936.0
65536,1126,25951.1
65536,1127,25857.8
65536,1128,26011.1
65536,1129,28455.3
65536,1130,26016.5
65536,1131,25853.0
65536,1132,25997.7
65536,1133,26072.8
65536,1134,25818.5
65536,1135,25988.7
65536,1136,26071.0
65536,1137,27546.9
65536,1138,27301.6
65536,1139,27361.0
65536,1140,27379.1
65536,1141,27591.7
65536,1142,27588.1
65536,1143,27570.5
65536,1144,27390.0
65536,1145,27387.6
65536,1146,27190.8
65536,1147,25974.1
65536,1148,26015.3
65536,1149,27595.4
65536,1150,27412.5
65536,1151,27477.3
65536,1152,27031.5
65536,1153,25860.9
65536,1154,26014.7
65536,1155,26195.2
65536,1156,25829.4
65536,1157,25931.7
65536,1158,26068.6
65536,1159,25942.6
65536,1160,26137.0
65536,1161,25912.4
65536,1162,25867.5
65536,1163,26061.9
65536,1164,25838.5
65536,1165,26080.7
65536,1166,28283.3
65536,1167,26278.7
65536,1168,26127.3
65536,1169,26166.7
65536,1170,25838.5
65536,1171,25961.4
65536,1172,26398.7
65536,1173,25977.8
65536,1174,26146.7
65536,1175,25925.7
65536,1176,25903.9
65536,1177,26002.0
65536,1178,26183.7
65536,1179,26100.1
65536,1180,25861.5
65536,1181,25965.6
65536,1182,25985.0
65536,1183,26144.3
65536,1184,25784.0
65536,1185,25899.6
65536,1186,26061.9
65536,1187,26151.6
65536,1188,25965.6
65536,1189,25952.3
65536,1190,26032.3
65536,1191,25999.0
65536,1192,26115.8
65536,1193,25748.2
65536,1194,26052.2
65536,1195,26262.4
65536,1196,26169.7
65536,1197,25987.4
65536,1198,25992.9
65536,1199,25899.0
65536,1200,26088.6
65536,1201,26128.0
65536,1202,26038.3
65536,1203,25969.3
65536,1204,27287.1
65536,1205,26002.0
65536,1206,26000.8
65536,1207,26120.7
65536,1208,25992.3
65536,1209,25957.2
65536,1210,26077.7
65536,1211,25846.3
65536,1212,25678.6
65536,1213,26180.0
65536,1214,26166.1
65536,1215,26845.6
65536,1216,27463.9
65536,1217,27583.2
65536,1218,27531.2
65536,1219,27994.4
65536,1220,27645.6
65536,1221,27587.5
65536,1222,27685.6
65536,1223,27609.9
65536,1224,27334.3
65536,1225,26195.8
65536,1226,27540.2
65536,1227,27565.7
65536,1228,27832.1
65536,1229,27496.6
65536,1230,26095.9
65536,1231,26197.6
65536,1232,26168.5
65536,1233,26110.4
65536,1234,25991.7
65536,1235,26112.2
65536,1236,26126.1
65536,1237,26418.6
65536,1238,26111.0
65536,1239,25941.4
65536,1240,26114.0
65536,1241,28589.2
65536,1242,26353.8
65536,1243,26072.8
65536,1244,26123.1
65536,1245,25919.0
65536,1246,26057.7
65536,1247,26123.1
65536,1248,26046.8
65536,1249,25914.8
65536,1250,26092.8
65536,1251,26213.3
65536,1252,25996.5
65536,1253,26024.4
65536,1254,26246.7
65536,1255,25972.3
65536,1256,26046.8
65536,1257,26090.4
65536,1258,26021.4
65536,1259,26082.5
65536,1260,26192.8
65536,1261,26129.2
65536,1262,25951.7
65536,1263,25924.5
65536,1264,26082.5
65536,1265,26121.9
65536,1266,26187.3
65536,1267,26089.2
65536,1268,25962.6
65536,1269,26366.6
65536,1270,26029.8
65536,1271,26027.4
65536,1272,26172.8
65536,1273,26020.2
65536,1274,26230.9
65536,1275,26088.0
65536,1276,25997.1
65536,1277,26104.9
65536,1278,28664.3
65536,1279,26225.5
65536,1280,26029.2
65536,1281,26076.5
65536,1282,26026.8
65536,1283,26441.1
65536,1284,26249.7
65536,1285,25970.5
65536,1286,25961.4
65536,1287,26049.2
65536,1288,26078.3
65536,1289,25948.7
65536,1290,26134.0
65536,1291,26082.5
65536,1292,26061.9
65536,1293,26200.6
65536,1294,25992.3
65536,1295,26077.1
65536,1296,26207.9
65536,1297,26341.7
65536,1298,25830.6
65536,1299,25954.7
65536,1300,25974.1
65536,1301,26305.4
65536,1302,26135.2
65536,1303,26101.9
65536,1304,25975.3
65536,1305,26045.6
65536,1306,26247.9
65536,1307,26055.9
65536,1308,26033.5
65536,1309,26099.5
65536,1310,26115.2
65536,1311,25998.4
65536,1312,26005.6
65536,1313,26002.0
65536,1314,26183.1
65536,1315,26404.1
65536,1316,26768.1
65536,1317,26035.9
65536,1318,25992.3
65536,1319,26212.1
65536,1320,26143.7
65536,1321,25957.8
65536,1322,25973.5
65536,1323,26097.1
65536,1324,26131.0
65536,1325,26243.6
65536,1326,26152.2
65536,1327,26058.9
65536,1328,25976.5
65536,1329,26317.5
65536,1330,26100.1
65536,1331,25929.3
65536,1332,25836.0
65536,1333,26175.2
65536,1334,26052.2
65536,1335,26080.7
65536,1336,26048.6
65536,1337,26104.3
65536,1338,26385.9
65536,1339,26006.8
65536,1340,26128.6
65536,1341,26084.3
65536,1342,26347.8
65536,1343,26184.3
65536,1344,26096.5
65536,1345,26060.7
65536,1346,26003.8
65536,1347,26373.2
65536,1348,26051.0
65536,1349,26186.7
65536,1350,26106.1
65536,1351,26101.3
65536,1352,25958.4
65536,1353,26008.0
65536,1354,26716.0
65536,1355,26122.5
65536,1356,26195.2
65536,1357,26222.4
65536,1358,25882.1
65536,1359,25946.9
65536,1360,25854.2
65536,1361,26306.6
65536,1362,26120.1
65536,1363,25948.7
65536,1364,26108.0
65536,1365,26177.6
65536,1366,26261.8
65536,1367,25957.8
65536,1368,25894.2
65536,1369,25991.7
65536,1370,26208.5
65536,1371,25915.4
65536,1372,25968.7
65536,1373,26173.4
65536,1374,26150.4
65536,1375,26210.9
65536,1376,26040.1
65536,1377,26052.9
65536,1378,25939.0
65536,1379,26197.0
65536,1380,25951.7
65536,1381,25881.5
65536,1382,25941.4
65536,1383,25996.5
65536,1384,26376.9
65536,1385,26212.7
65536,1386,26026.8
65536,1387,26036.5
65536,1388,26319.3
65536,1389,26218.2
65536,1390,26147.3
65536,1391,26085.0
65536,1392,26885.6
65536,1393,26371.4
65536,1394,25918.4
65536,1395,26082.5
65536,1396,26095.9
65536,1397,26114.0
65536,1398,26761.4
65536,1399,27574.8
65536,1400,27698.3
65536,1401,27510.0
65536,1402,27646.8
65536,1403,27647.4
65536,1404,27519.0
65536,1405,27553.0
65536,1406,27381.6
65536,1407,27592.9
65536,1408,26243.6
65536,1409,26095.9
65536,1410,27270.1
65536,1411,28041.1
65536,1412,28135.0
65536,1413,27537.2
65536,1414,27668.0
65536,1415,27603.2
65536,1416,27768.0
65536,1417,27490.6
65536,1418,27602.0
65536,1419,27706.2
65536,1420,27701.9
65536,1421,27563.9
65536,1422,26127.3
65536,1423,26147.9
65536,1424,27715.9
65536,1425,27653.5
65536,1426,27588.1
65536,1427,26557.9
65536,1428,26570.7
65536,1429,26082.5
65536,1430,26231.5
65536,1431,25943.8
65536,1432,25965.6
65536,1433,26090.4
65536,1434,26396.2
65536,1435,26037.1
65536,1436,25994.7
65536,1437,25979.6
65536,1438,26378.7
65536,1439,26507.7
65536,1440,26111.6
65536,1441,25970.5
65536,1442,25968.1
65536,1443,26250.9
65536,1444,25966.3
65536,1445,26062.5
65536,1446,26050.4
65536,1447,26082.5
65536,1448,26075.9
65536,1449,26093.4
65536,1450,26088.0
65536,1451,25857.2
65536,1452,26020.2
65536,1453,26094.0
65536,1454,26060.7
65536,1455,26198.8
65536,1456,25926.3
65536,1457,26349.6
65536,1458,26251.5
65536,1459,26172.8
65536,1460,26075.3
65536,1461,26124.3
65536,1462,26063.8
65536,1463,25865.1
65536,1464,25950.5
65536,1465,26047.4
65536,1466,28628.5
65536,1467,26536.1
65536,1468,26157.0
65536,1469,26072.8
65536,1470,26178.8
65536,1471,26167.9
65536,1472,25992.3
65536,1473,25974.7
65536,1474,26081.3
65536,1475,26167.9
65536,1476,25979.0
65536,1477,26100.7
65536,1478,26032.3
65536,1479,26124.3
65536,1480,26155.2
65536,1481,26042.6
65536,1482,25971.7
65536,1483,25957.2
65536,1484,26180.0
65536,1485,26125.5
65536,1486,26009.3
65536,1487,26117.1
65536,1488,26035.3
65536,1489,26257.6
65536,1490,26270.3
65536,1491,26266.6
65536,1492,26142.5
65536,1493,26522.8
65536,1494,27603.2
65536,1495,27662.0
65536,1496,27607.5
65536,1497,27636.5
65536,1498,27864.8
65536,1499,27569.9
65536,1500,27450.6
65536,1501,26476.8
65536,1502,26080.7
65536,1503,26184.3
65536,1504,27350.7
65536,1505,26262.4
65536,1506,26072.2
65536,1507,26147.3
65536,1508,25850.6
65536,1509,25825.1
65536,1510,26049.2
65536,1511,25986.2
65536,1512,26220.6
65536,1513,26179.4
65536,1514,26042.0
65536,1515,25887.5
65536,1516,26057.7
65536,1517,26379.3
65536,1518,26346.6
65536,1519,27556.0
65536,1520,27469.4
65536,1521,27732.8
65536,1522,27598.4
65536,1523,27557.2
65536,1524,27611.1
65536,1525,27847.9
65536,1526,27739.5
65536,1527,27501.5
65536,1528,27366.4
65536,1529,27632.9
65536,1530,27736.5
65536,1531,27354.3
65536,1532,27581.4
65536,1533,26198.2
65536,1534,25988.7
65536,1535,26213.9
65536,1536,26015.3
65536,1537,26161.3
65536,1538,26100.7
65536,1539,26246.7
65536,1540,26037.1
65536,1541,27370.7
65536,1542,25949.9
65536,1543,26121.9
65536,1544,26074.1
65536,1545,26063.2
65536,1546,25959.6
65536,1547,25847.6
65536,1548,26023.2
65536,1549,26054.1
65536,1550,26290.3
65536,1551,27213.2
65536,1552,27761.9
65536,1553,29327.4
65536,1554,29134.2
65536,1555,28967.7
65536,1556,29053.1
65536,1557,29079.1
65536,1558,29100.9
65536,1559,29030.7
65536,1560,28534.7
65536,1561,26769.9
65536,1562,26432.0
65536,1563,28004.7
65536,1564,29083.9
65536,1565,28941.6
65536,1566,28462.6
65536,1567,26214.6
65536,1568,25980.8
65536,1569,26176.4
65536,1570,26032.9
65536,1571,26273.9
65536,1572,26047.4
65536,1573,26223.6
65536,1574,26238.8
65536,1575,25964.4
65536,1576,25975.9
65536,1577,26488.9
65536,1578,26127.3
65536,1579,25917.8
65536,1580,26191.5
65536,1581,26134.0
65536,1582,26214.6
65536,1583,25947.5
65536,1584,25893.6
65536,1585,26426.5
65536,1586,26104.3
65536,1587,26009.3
65536,1588,25833.6
65536,1589,26037.1
65536,1590,26148.5
65536,1591,26070.4
65536,1592,26214.6
65536,1593,26006.2
65536,1594,26140.1
65536,1595,26142.5
65536,1596,26088.0
65536,1597,26187.3
65536,1598,25894.8
65536,1599,26163.1
65536,1600,26087.4
65536,1601,26114.0
65536,1602,25952.9
65536,1603,26372.0
65536,1604,25933.5
65536,1605,26083.7
65536,1606,25942.0
65536,1607,26092.8
65536,1608,26293.9
65536,1609,26309.0
65536,1610,27227.1
65536,1611,27519.0
65536,1612,27644.4
65536,1613,27653.5
65536,1614,27705.6
65536,1615,28877.4
65536,1616,27882.4
65536,1617,27807.3
65536,1618,27220.5
65536,1619,27026.7
65536,1620,25674.3
65536,1621,25913.0
65536,1622,27089.7
65536,1623,27035.8
65536,1624,27024.9
65536,1625,25510.8
65536,1626,25550.8
65536,1627,25398.2
65536,1628,25493.9
65536,1629,25435.1
65536,1630,25516.3
65536,1631,25719.2
65536,1632,25574.4
65536,1633,25654.4
65536,1634,25401.8
65536,1635,25515.1
65536,1636,25339.4
65536,1637,25536.3
65536,1638,25446.6
65536,1639,25530.8
65536,1640,25385.5
65536,1641,25390.9
65536,1642,25591.4
65536,1643,25484.2
65536,1644,25693.7
65536,1645,25563.5
65536,1646,25404.8
65536,1647,25383.7
65536,1648,25564.7
65536,1649,25698.6
65536,1650,25355.2
65536,1651,25435.1
65536,1652,25671.9
65536,1653,28368.7
65536,1654,25774.3
65536,1655,25655.6
65536,1656,25771.2
65536,1657,26438.6
65536,1658,27093.9
65536,1659,26897.7
65536,1660,26923.7
65536,1661,26960.1
65536,1662,26930.4
65536,1663,26921.9
65536,1664,26922.5
65536,1665,27023.7
65536,1666,26877.1
65536,1667,25644.7
65536,1668,25564.1
65536,1669,27024.9
65536,1670,27014.0
65536,1671,26995.8
65536,1672,25687.7
65536,1673,25279.5
65536,1674,25433.3
65536,1675,25320.1
65536,1676,25529.6
65536,1677,25637.4
65536,1678,25651.9
65536,1679,25650.7
65536,1680,25623.5
65536,1681,25420.0
65536,1682,25407.9
65536,1683,25548.4
65536,1684,25386.1
65536,1685,25518.7
65536,1686,25476.3
65536,1687,25400.6
65536,1688,25340.0
65536,1689,25441.8
65536,1690,25659.8
65536,1691,27354.9
65536,1692,25498.1
65536,1693,25504.2
65536,1694,25610.2
65536,1695,25581.7
65536,1696,25670.7
65536,1697,25409.1
65536,1698,25364.3
65536,1699,25571.4
65536,1700,25582.3
65536,1701,25547.2
65536,1702,25776.7
65536,1703,26612.4
65536,1704,27088.5
65536,1705,28468.6
65536,1706,28509.2
65536,1707,28420.8
65536,1708,28466.2
65536,1709,28654.0
65536,1710,28494.1
65536,1711,28517.7
65536,1712,25960.8
65536,1713,25656.2
65536,1714,25780.3
65536,1715,27155.1
65536,1716,27039.4
65536,1717,26856.5
65536,1718,25488.4
65536,1719,25410.3
65536,1720,25297.1
65536,1721,25505.4
65536,1722,25612.6
65536,1723,25443.6
65536,1724,25261.9
65536,1725,25548.4
65536,1726,25796.7
65536,1727,25554.4
65536,1728,26944.9
65536,1729,25734.9
65536,1730,25434.5
65536,1731,25618.0
65536,1732,25352.8
65536,1733,25369.7
65536,1734,25388.5
65536,1735,25577.4
65536,1736,25639.8
65536,1737,25519.9
65536,1738,25501.7
65536,1739,25640.4
65536,1740,25429.1
65536,1741,25518.7
65536,1742,25430.3
65536,1743,25495.1
65536,1744,25612.0
65536,1745,25530.2
65536,1746,25444.2
65536,1747,25558.1
65536,1748,25564.1
65536,1749,25628.9
65536,1750,25583.5
65536,1751,25589.6
65536,1752,25418.8
65536,1753,25438.8
65536,1754,25616.2
65536,1755,25313.4
65536,1756,25324.3
65536,1757,25382.4
65536,1758,25574.4
65536,1759,25585.3
65536,1760,25407.3
65536,1761,25393.9
65536,1762,25655.0
65536,1763,25562.3
65536,1764,25565.3
65536,1765,26072.2
65536,1766,27060.0
65536,1767,29719.2
65536,1768,26935.8
65536,1769,26975.2
65536,1770,26924.9
65536,1771,26953.4
65536,1772,26969.1
65536,1773,27031.5
65536,1774,26840.2
65536,1775,26504.6
65536,1776,25633.2
65536,1777,25647.1
65536,1778,27248.9
65536,1779,27522.7
65536,1780,26983.1
65536,1781,26026.2
65536,1782,26080.7
65536,1783,26075.3
65536,1784,26027.4
65536,1785,26060.7
65536,1786,26294.5
65536,1787,25941.4
65536,1788,25999.0
65536,1789,25957.8
65536,1790,26100.7
65536,1791,26198.8
65536,1792,25918.4
65536,1793,25926.9
65536,1794,26078.9
65536,1795,26229.1
65536,1796,26170.9
65536,1797,26026.8
65536,1798,26103.1
65536,1799,26276.3
65536,1800,26287.8
65536,1801,26131.6
65536,1802,26146.1
65536,1803,26025.6
65536,1804,26977.6
65536,1805,26218.2
65536,1806,26027.4
65536,1807,26155.2
65536,1808,26151.0
65536,1809,26059.5
65536,1810,25913.6
65536,1811,26226.7
65536,1812,26140.7
65536,1813,25972.3
65536,1814,25945.1
65536,1815,26193.4
65536,1816,26060.7
65536,1817,25972.9
65536,1818,26264.2
65536,1819,26289.6
65536,1820,25949.3
65536,1821,25922.0
65536,1822,26294.5
65536,1823,26201.8
65536,1824,26128.6
65536,1825,26024.4
65536,1826,26156.4
65536,1827,26086.8
65536,1828,25914.2
65536,1829,25839.7
65536,1830,25982.6
65536,1831,26222.4
65536,1832,26009.3
65536,1833,25942.0
65536,1834,25990.5
65536,1835,26066.2
65536,1836,26127.3
65536,1837,26077.1
65536,1838,26008.0
65536,1839,25944.5
65536,1840,26181.9
65536,1841,26006.2
65536,1842,27438.5
65536,1843,26008.6
65536,1844,25882.7
65536,1845,26085.0
65536,1846,26258.8
65536,1847,26031.7
65536,1848,26023.2
65536,1849,25977.2
65536,1850,26349.6
65536,1851,25943.2
65536,1852,25984.4
65536,1853,26119.5
65536,1854,26212.7
65536,1855,26164.3
65536,1856,25926.3
65536,1857,26107.4
65536,1858,26112.2
65536,1859,26339.3
65536,1860,26023.2
65536,1861,25951.1
65536,1862,25887.5
65536,1863,26159.4
65536,1864,26132.2
65536,1865,26125.5
65536,1866,26308.4
65536,1867,27498.5
65536,1868,27692.9
65536,1869,27565.1
65536,1870,27642.0
65536,1871,27633.5
65536,1872,27776.4
65536,1873,28862.3
65536,1874,27620.2
65536,1875,27535.4
65536,1876,27496.6
65536,1877,27712.8
65536,1878,27431.8
65536,1879,28420.8
65536,1880,27663.8
65536,1881,27499.1
65536,1882,26812.9
65536,1883,26138.2
65536,1884,27315.0
65536,1885,27331.3
65536,1886,27807.9
65536,1887,26851.7
65536,1888,25995.9
65536,1889,26042.6
65536,1890,26006.8
65536,1891,26270.3
65536,1892,25906.3
65536,1893,26064.4
65536,1894,26074.7
65536,1895,26228.5
65536,1896,26082.5
65536,1897,25917.2
65536,1898,26114.0
65536,1899,26027.4
65536,1900,26375.6
65536,1901,26192.8
65536,1902,25934.8
65536,1903,26038.9
65536,1904,26037.1
65536,1905,25996.5
65536,1906,25952.9
65536,1907,25999.6
65536,1908,25957.8
65536,1909,26187.3
65536,1910,26148.5
65536,1911,25925.1
65536,1912,26066.8
65536,1913,26034.1
65536,1914,26195.2
65536,1915,25897.8
65536,1916,25953.5
65536,1917,32620.7
65536,1918,26301.2
65536,1919,26287.8
65536,1920,26126.7
65536,1921,25968.1
65536,1922,26174.6
65536,1923,26647.6
65536,1924,26184.3
65536,1925,25834.2
65536,1926,25864.5
65536,1927,25936.0
65536,1928,26309.0
65536,1929,25992.9
65536,1930,25995.9
65536,1931,26336.3
65536,1932,26242.4
65536,1933,26074.1
65536,1934,25870.0
65536,1935,26080.1
65536,1936,26203.0
65536,1937,26063.2
65536,1938,26046.2
65536,1939,26064.4
65536,1940,26031.7
65536,1941,26223.6
65536,1942,26263.0
65536,1943,26189.7
65536,1944,25930.5
65536,1945,26034.7
65536,1946,26231.5
65536,1947,26034.1
65536,1948,25954.1
65536,1949,26042.6
65536,1950,26030.4
65536,1951,26033.5
65536,1952,26097.1
65536,1953,26238.8
65536,1954,29866.4
65536,1955,27457.3
65536,1956,27546.9
65536,1957,27582.6
65536,1958,27588.1
65536,1959,27687.4
65536,1960,27563.9
65536,1961,27422.1
65536,1962,26195.2
65536,1963,26106.8
65536,1964,26114.0
65536,1965,26409.0
65536,1966,25918.4
65536,1967,25852.4
65536,1968,25966.3
65536,1969,26269.7
65536,1970,26134.0
65536,1971,26124.9
65536,1972,25909.9
65536,1973,26006.2
65536,1974,26060.7
65536,1975,25962.6
65536,1976,26185.5
65536,1977,26109.2
65536,1978,26310.8
65536,1979,25891.2
65536,1980,25994.7
65536,1981,25997.1
65536,1982,26089.8
65536,1983,26084.3
65536,1984,25968.7
65536,1985,25866.3
65536,1986,26152.8
65536,1987,26309.6
65536,1988,26280.6
65536,1989,25899.6
65536,1990,26071.6
65536,1991,26101.9
65536,1992,27546.9
65536,1993,26146.1
65536,1994,26049.2
65536,1995,26035.3
65536,1996,26255.1
65536,1997,26257.6
65536,1998,26031.1
65536,1999,26000.2
262144,0,116421.2
262144,1,168520.2
262144,2,117456.2
262144,3,116412.7
262144,4,116936.6
262144,5,121576.2
262144,6,123399.1
262144,7,116781.5
262144,8,116410.9
262144,9,116828.8
262144,10,116685.2
262144,11,123122.9
262144,12,121819.0
262144,13,116387.9
262144,14,116217.7
262144,15,116025.1
262144,16,116977.1
262144,17,117256.3
262144,18,116076.6
262144,19,116362.4
262144,20,116616.8
262144,21,116507.8
262144,22,116633.8
262144,23,116863.3
262144,24,116676.1
262144,25,116739.7
262144,26,117500.4
262144,27,117022.6
262144,28,116057.2
262144,29,117088.0
262144,30,117837.1
262144,31,116249.2
262144,32,116582.9
262144,33,118130.8
262144,34,126918.3
262144,35,121568.3
262144,36,119969.5
262144,37,117612.4
262144,38,116444.2
262144,39,117031.0
262144,40,116656.2
262144,41,116995.3
262144,42,123382.1
262144,43,125632.6
262144,44,118473.0
262144,45,117565.2
262144,46,116007.5
262144,47,116401.8
262144,48,115991.2
262144,49,116709.5
262144,50,120513.9
262144,51,125162.0
262144,52,117309.6
262144,53,116831.2
262144,54,116536.2
262144,55,117031.0
262144,56,116673.7
262144,57,117056.5
262144,58,117268.4
262144,59,119065.3
262144,60,117014.1
262144,61,120573.3
262144,62,123612.8
262144,63,117044.4
262144,64,116282.5
262144,65,116054.2
262144,66,116330.3
262144,67,122144.2
262144,68,125002.1
262144,69,116551.4
262144,70,116329.1
262144,71,115823.4
262144,72,116478.7
262144,73,116209.8
262144,74,116222.5
262144,75,116249.2
262144,76,118116.9
262144,77,116216.5
262144,78,119085.3
262144,79,121884.4
262144,80,121226.7
262144,81,116900.8
262144,82,113805.5
262144,83,114090.2
262144,84,113921.8
262144,85,115060.4
262144,86,114810.9
262144,87,113915.2
262144,88,113884.3
262144,89,114211.9
262144,90,114092.6
262144,91,114313.6
262144,92,113934.5
262144,93,118568.1
262144,94,123492.9
262144,95,124450.4
262144,96,124898.5
262144,97,115629.6
262144,98,114985.3
262144,99,112439.3
262144,100,112617.3
262144,101,113013.4
262144,102,113786.2
262144,103,111752.5
262144,104,111516.3
262144,105,112891.1
262144,106,113046.7
262144,107,112584.6
262144,108,112689.4
262144,109,112961.9
262144,110,114224.0
262144,111,122374.4
262144,112,117504.0
262144,113,116409.1
262144,114,118216.8
262144,115,113509.4
262144,116,113158.7
262144,117,112971.6
262144,118,112224.9
262144,119,112745.7
262144,120,113102.4
262144,121,112616.1
262144,122,112868.0
262144,123,112686.4
262144,124,113127.9
262144,125,112900.1
262144,126,112703.9
262144,127,112591.9
262144,128,113563.3
262144,129,113401.6
262144,130,113083.6
262144,131,113214.5
262144,132,112590.7
262144,133,112923.2
262144,134,115419.5
262144,135,118832.7
262144,136,114669.1
262144,137,113903.6
262144,138,112668.2
262144,139,112831.7
262144,140,114674.0
262144,141,115088.2
262144,142,115073.1
262144,143,114990.7
262144,144,114796.3
262144,145,114935.0
262144,146,120430.3
262144,147,120020.9
262144,148,115434.6
262144,149,115045.8
262144,150,115594.5
262144,151,117216.3
262144,152,122010.4
262144,153,118599.0
262144,154,117023.2
262144,155,115699.3
262144,156,115664.8
262144,157,115629.0
262144,158,115698.7
262144,159,115484.9
262144,160,115357.7
262144,161,115564.8
262144,162,115652.7
262144,163,120573.9
262144,164,121476.8
262144,165,115392.2
262144,166,115515.8
262144,167,115509.1
262144,168,115251.7
262144,169,115458.9
262144,170,115591.5
262144,171,116454.5
262144,172,115456.4
262144,173,115596.9
262144,174,118870.3
262144,175,122525.8
262144,176,120683.5
262144,177,119291.8
262144,178,115990.6
262144,179,116345.5
262144,180,116756.1
262144,181,115862.2
262144,182,124538.2
262144,183,122356.8
262144,184,120259.6
262144,185,120667.1
262144,186,117165.5
262144,187,116660.4
262144,188,118027.3
262144,189,115673.2
262144,190,116670.1
262144,191,116173.5
262144,192,115760.5
262144,193,116168.0
262144,194,116101.4
262144,195,115773.2
262144,196,118494.2
262144,197,125015.4
262144,198,116044.5
262144,199,116341.8
262144,200,115783.5
262144,201,115372.3
262144,202,115661.1
262144,203,115549.7
262144,204,115458.3
262144,205,118904.8
262144,206,125354.0
262144,207,119916.2
262144,208,115714.4
262144,209,116216.5
262144,210,116342.5
262144,211,115928.8
262144,212,116298.2
262144,213,115828.3
262144,214,117370.2
262144,215,115582.4
262144,216,115853.1
262144,217,116299.5
262144,218,115689.0
262144,219,115958.5
262144,220,118575.3
262144,221,122400.4
262144,222,116653.1
262144,223,115994.2
262144,224,115535.2
262144,225,115813.1
262144,226,115991.8
262144,227,116080.8
262144,228,116169.9
262144,229,115595.7
262144,230,115629.0
262144,231,116851.8
262144,232,118161.1
262144,233,121909.2
262144,234,115858.0
262144,235,116183.2
262144,236,116158.9
262144,237,116004.5
262144,238,115528.5
262144,239,116312.8
262144,240,115813.1
262144,241,116244.9
262144,242,115758.6
262144,243,117272.7
262144,244,117386.5
262144,245,122804.9
262144,246,123272.5
262144,247,118502.7
262144,248,119830.8
262144,249,116619.8
262144,250,116580.5
262144,251,116496.9
262144,252,116287.3
262144,253,116816.0
262144,254,116347.9
262144,255,116117.8
262144,256,117576.1
262144,257,117068.0
262144,258,123302.2
262144,259,123359.1
262144,260,121986.8
262144,261,116511.4
262144,262,117244.2
262144,263,120330.4
262144,264,122497.9
262144,265,120637.5
262144,266,116618.6
262144,267,116651.9
262144,268,122715.9
262144,269,119283.3
262144,270,117011.0
262144,271,116241.9
262144,272,115944.6
262144,273,120397.0
262144,274,122890.3
262144,275,117723.2
262144,276,116779.7
262144,277,116558.0
262144,278,116383.0
262144,279,116427.2
262144,280,115873.7
262144,281,116661.0
262144,282,123367.6
262144,283,122797.7
262144,284,120839.7
262144,285,120990.5
262144,286,116179.5
262144,287,117038.3
262144,288,116100.8
262144,289,116209.2
262144,290,118111.4
262144,291,116286.1
262144,292,116839.1
262144,293,116416.3
262144,294,116523.5
262144,295,116403.0
262144,296,116082.0
262144,297,116378.2
262144,298,117711.7
262144,299,116897.2
262144,300,116639.2
262144,301,117035.3
262144,302,117049.2
262144,303,123228.3
262144,304,119870.1
262144,305,116359.4
262144,306,116726.4
262144,307,117550.0
262144,308,118310.7
262144,309,122602.7
262144,310,117175.8
262144,311,116330.9
262144,312,116057.8
262144,313,116274.0
262144,314,116343.7
262144,315,117541.0
262144,316,116426.0
262144,317,118845.4
262144,318,122803.1
262144,319,121455.0
262144,320,121820.2
262144,321,117158.2
262144,322,116753.7
262144,323,116695.5
262144,324,118060.6
262144,325,117232.1
262144,326,117645.1
262144,327,123466.3
262144,328,119254.8
262144,329,116116.0
262144,330,116236.5
262144,331,116800.3
262144,332,118823.6
262144,333,116438.7
262144,334,116496.3
262144,335,116183.8
262144,336,115896.1
262144,337,116552.6
262144,338,116452.1
262144,339,116327.3
262144,340,116830.6
262144,341,117735.4
262144,342,116541.1
262144,343,116389.1
262144,344,115623.0
262144,345,116766.4
262144,346,116438.1
262144,347,116674.3
262144,348,116708.8
262144,349,118694.0
262144,350,116403.0
262144,351,116329.1
262144,352,115824.0
262144,353,116488.4
262144,354,118497.8
262144,355,123219.2
262144,356,116598.0
262144,357,116569.6
262144,358,118146.6
262144,359,116628.9
262144,360,121855.9
262144,361,122793.4
262144,362,116482.3
262144,363,116743.4
262144,364,116535.6
262144,365,116478.1
262144,366,117737.8
262144,367,116204.4
262144,368,116268.6
262144,369,116420.0
262144,370,116517.5
262144,371,118352.5
262144,372,122368.3
262144,373,116551.4
262144,374,116237.7
262144,375,122490.6
262144,376,122519.1
262144,377,116375.2
262144,378,116321.9
262144,379,118113.3
262144,380,120853.7
262144,381,118288.3
262144,382,120120.9
262144,383,126797.7
262144,384,118611.1
262144,385,117293.9
262144,386,116119.6
262144,387,117264.8
262144,388,116619.2
262144,389,116624.7
262144,390,116702.8
262144,391,122730.5
262144,392,121714.8
262144,393,116163.8
262144,394,116610.1
262144,395,117209.7
262144,396,119405.6
262144,397,123508.7
262144,398,120949.3
262144,399,119170.1
262144,400,117458.0
262144,401,116498.7
262144,402,116341.8
262144,403,116668.9
262144,404,116565.9
262144,405,116082.0
262144,406,118397.9
262144,407,123068.4
262144,408,117792.9
262144,409,116842.1
262144,410,116587.7
262144,411,116829.4
262144,412,116329.1
262144,413,116787.6
262144,414,116420.6
262144,415,115973.6
262144,416,116161.4
262144,417,119477.7
262144,418,116764.6
262144,419,116281.9
262144,420,116704.6
262144,421,117975.2
262144,422,123261.6
262144,423,122802.5
262144,424,121546.5
262144,425,117792.3
262144,426,118971.4
262144,427,119494.1
262144,428,122002.5
262144,429,120960.2
262144,430,120561.8
262144,431,126416.8
262144,432,135236.4
262144,433,139171.6
262144,434,123125.9
262144,435,131277.5
262144,436,121196.4
262144,437,122702.0
262144,438,118493.0
262144,439,119564.9
262144,440,118168.4
262144,441,120880.9
262144,442,119565.5
262144,443,118929.6
262144,444,119412.3
262144,445,126173.4
262144,446,117314.5
262144,447,205422.6
262144,448,118928.4
262144,449,118342.2
262144,450,116785.8
262144,451,116407.9
262144,452,116018.4
262144,453,116311.0
262144,454,115772.6
262144,455,116183.8
262144,456,115771.4
262144,457,115699.9
262144,458,118595.3
262144,459,116251.6
262144,460,119021.7
262144,461,122835.2
262144,462,122440.4
262144,463,119559.5
262144,464,115365.0
262144,465,115761.1
262144,466,119081.6
262144,467,115872.5
262144,468,116019.1
262144,469,116645.9
262144,470,115560.6
262144,471,115811.9
262144,472,116263.7
262144,473,116461.2
262144,474,116841.5
262144,475,118803.1
262144,476,116076.6
262144,477,116469.0
262144,478,116902.6
262144,479,115988.8
262144,480,116493.9
262144,481,115564.2
262144,482,115655.1
262144,483,119013.8
262144,484,116502.3
262144,485,116357.6
262144,486,116538.1
262144,487,116134.1
262144,488,116550.8
262144,489,115936.1
262144,490,116511.4
262144,491,116439.3
262144,492,118943.0
262144,493,115668.4
262144,494,116217.7
262144,495,115895.5
262144,496,115987.6
262144,497,119168.2
262144,498,122356.8
262144,499,120207.5
262144,500,120433.4
262144,501,115732.0
262144,502,116520.5
262144,503,116451.5
262144,504,116066.9
262144,505,118460.3
262144,506,122588.1
262144,507,116509.0
262144,508,116932.3
262144,509,119801.1
262144,510,116475.7
262144,511,117503.4
262144,512,118548.1
262144,513,120178.4
262144,514,116467.2
262144,515,116491.4
262144,516,116922.6
262144,517,119884.7
262144,518,116797.9
262144,519,116598.0
262144,520,116192.9
262144,521,116005.1
262144,522,116635.0
262144,523,116367.9
262144,524,116411.5
262144,525,116435.7
262144,526,118520.8
262144,527,116525.3
262144,528,116258.3
262144,529,116650.7
262144,530,116481.7
262144,531,116771.8
262144,532,117046.2
262144,533,116215.9
262144,534,120317.7
262144,535,116991.7
262144,536,116050.5
262144,537,116530.8
262144,538,116716.7
262144,539,116299.5
262144,540,119503.7
262144,541,122751.7
262144,542,117641.5
262144,543,122269.0
262144,544,122817.7
262144,545,117892.2
262144,546,120555.1
262144,547,122815.2
262144,548,117138.2
262144,549,119509.2
262144,550,121914.1
262144,551,118896.9
262144,552,115914.9
262144,553,116259.5
262144,554,117059.5
262144,555,116551.4
262144,556,116507.2
262144,557,117118.2
262144,558,116145.6
262144,559,119410.5
262144,560,121247.9
262144,561,122648.7
262144,562,120607.2
262144,563,121247.9
262144,564,116991.1
262144,565,116367.9
262144,566,119566.7
262144,567,122571.2
262144,568,120917.2
262144,569,116451.5
262144,570,116596.8
262144,571,116617.4
262144,572,116747.6
262144,573,116804.5
262144,574,116736.1
262144,575,116123.2
262144,576,119606.7
262144,577,125373.3
262144,578,127373.7
262144,579,122117.0
262144,580,122439.2
262144,581,116565.9
262144,582,117022.6
262144,583,116328.5
262144,584,117849.8
262144,585,117077.1
262144,586,116375.8
262144,587,116175.9
262144,588,116909.3
262144,589,116321.9
262144,590,116443.0
262144,591,116486.0
262144,592,116435.1
262144,593,118662.6
262144,594,122614.8
262144,595,126336.3
262144,596,123769.1
262144,597,121954.1
262144,598,119493.5
262144,599,116387.9
262144,600,116114.7
262144,601,117643.9
262144,602,117117.6
262144,603,116455.7
262144,604,116274.6
262144,605,116398.2
262144,606,118462.7
262144,607,122677.2
262144,608,120438.2
262144,609,122517.9
262144,610,119551.0
262144,611,117047.4
262144,612,117021.9
262144,613,116644.7
262144,614,116318.8
262144,615,116409.1
262144,616,117041.3
262144,617,116366.1
262144,618,119660.6
262144,619,117170.3
262144,620,116715.5
262144,621,116693.1
262144,622,117089.2
262144,623,116378.8
262144,624,116020.9
262144,625,116860.9
262144,626,116808.8
262144,627,118749.8
262144,628,116829.4
262144,629,116932.3
262144,630,116515.1
262144,631,116934.1
262144,632,116066.3
262144,633,115950.0
262144,634,117029.2
262144,635,117957.0
262144,636,116539.3
262144,637,117051.6
262144,638,116371.5
262144,639,116717.9
262144,640,117966.7
262144,641,122868.5
262144,642,122084.3
262144,643,118625.0
262144,644,126319.3
262144,645,118966.6
262144,646,117183.0
262144,647,116437.5
262144,648,116338.8
262144,649,117661.5
262144,650,122766.8
262144,651,122529.4
262144,652,124415.3
262144,653,117227.9
262144,654,116740.3
262144,655,116896.0
262144,656,116068.7
262144,657,116344.9
262144,658,122685.6
262144,659,120621.1
262144,660,120619.3
262144,661,116400.6
262144,662,116566.5
262144,663,116891.1
262144,664,116330.3
262144,665,116807.0
262144,666,118427.0
262144,667,122871.0
262144,668,117878.3
262144,669,118416.1
262144,670,116796.1
262144,671,116670.1
262144,672,116620.4
262144,673,115989.4
262144,674,118415.5
262144,675,123422.7
262144,676,122318.0
262144,677,120082.7
262144,678,116937.8
262144,679,116739.7
262144,680,116382.4
262144,681,116186.2
262144,682,116197.7
262144,683,116857.8
262144,684,116126.9
262144,685,117121.9
262144,686,119295.4
262144,687,116654.9
262144,688,116397.6
262144,689,122920.6
262144,690,120538.7
262144,691,117117.0
262144,692,116760.9
262144,693,116379.4
262144,694,119338.4
262144,695,118699.5
262144,696,122823.1
262144,697,122127.3
262144,698,119303.3
262144,699,116330.9
262144,700,116737.3
262144,701,116622.2
262144,702,116494.5
262144,703,119868.9
262144,704,116256.5
262144,705,116334.6
262144,706,116876.0
262144,707,116567.7
262144,708,116644.0
262144,709,116523.5
262144,710,119743.0
262144,711,123878.7
262144,712,122669.3
262144,713,127327.1
262144,714,124733.2
262144,715,117431.3
262144,716,116386.1
262144,717,116733.1
262144,718,116951.1
262144,719,121914.1
262144,720,122282.9
262144,721,116847.5
262144,722,116932.3
262144,723,117109.2
262144,724,116519.9
262144,725,116432.1
262144,726,116893.6
262144,727,116840.3
262144,728,118715.8
262144,729,116163.2
262144,730,116268.6
262144,731,116444.8
262144,732,117888.0
262144,733,122751.0
262144,734,122527.6
262144,735,121018.4
262144,736,118720.7
262144,737,116274.6
262144,738,118723.7
262144,739,123230.7
262144,740,121843.2
262144,741,119233.0
262144,742,116295.2
262144,743,117095.8
262144,744,116284.9
262144,745,117877.1
262144,746,117132.8
262144,747,116481.1
262144,748,116360.6
262144,749,120245.0
262144,750,123159.8
262144,751,117663.3
262144,752,116701.6
262144,753,118162.9
262144,754,116476.3
262144,755,118825.5
262144,756,122794.0
262144,757,118068.4
262144,758,116605.9
262144,759,116146.8
262144,760,115827.7
262144,761,116545.9
262144,762,118404.6
262144,763,116381.8
262144,764,116843.9
262144,765,116651.9
262144,766,117224.8
262144,767,116734.9
262144,768,116709.5
262144,769,116487.8
262144,770,117269.6
262144,771,116548.4
262144,772,120257.1
262144,773,122769.2
262144,774,117429.5
262144,775,116874.8
262144,776,115861.0
262144,777,116980.2
262144,778,121699.1
262144,779,123047.8
262144,780,121850.5
262144,781,120875.5
262144,782,116283.1
262144,783,119213.1
262144,784,122551.2
262144,785,121897.1
262144,786,122320.5
262144,787,118536.6
262144,788,116897.8
262144,789,120943.9
262144,790,123152.6
262144,791,121069.9
262144,792,119801.1
262144,793,116515.7
262144,794,118080.0
262144,795,123795.1
262144,796,117124.9
262144,797,117166.7
262144,798,116361.2
262144,799,116558.0
262144,800,116783.3
262144,801,116735.5
262144,802,116611.9
262144,803,116561.1
262144,804,120933.6
262144,805,116537.5
262144,806,116513.8
262144,807,117177.0
262144,808,115996.0
262144,809,116454.5
262144,810,116837.2
262144,811,116850.6
262144,812,117775.3
262144,813,116666.5
262144,814,116409.7
262144,815,116552.0
262144,816,119678.2
262144,817,115956.1
262144,818,121040.2
262144,819,118516.6
262144,820,117145.5
262144,821,120134.2
262144,822,117054.7
262144,823,116090.5
262144,824,116282.5
262144,825,116327.3
262144,826,116384.2
262144,827,116842.7
262144,828,117027.4
262144,829,117776.5
262144,830,116800.3
262144,831,116605.9
262144,832,115829.5
262144,833,116533.2
262144,834,116871.8
262144,835,116593.2
262144,836,117488.3
262144,837,123223.4
262144,838,125708.3
262144,839,118484.5
262144,840,116864.5
262144,841,116462.4
262144,842,117012.3
262144,843,116483.0
262144,844,116211.6
262144,845,116702.2
262144,846,118823.0
262144,847,116006.9
262144,848,116228.0
262144,849,116624.1
262144,850,116544.1
262144,851,116338.8
262144,852,116830.6
262144,853,116514.4
262144,854,116309.7
262144,855,117321.1
262144,856,116298.8
262144,857,119368.1
262144,858,122944.2
262144,859,121610.1
262144,860,123615.3
262144,861,118118.7
262144,862,116831.2
262144,863,117227.9
262144,864,116591.4
262144,865,116537.5
262144,866,116496.9
262144,867,116707.6
262144,868,117674.8
262144,869,122996.3
262144,870,118934.5
262144,871,117463.4
262144,872,116432.1
262144,873,116434.5
262144,874,116572.0
262144,875,116236.5
262144,876,116788.8
262144,877,116146.8
262144,878,116446.6
262144,879,117344.7
262144,880,117484.6
262144,881,116033.6
262144,882,119663.6
262144,883,123040.5
262144,884,117128.5
262144,885,116938.4
262144,886,116556.2
262144,887,117106.1
262144,888,123122.9
262144,889,120863.3
262144,890,116579.9
262144,891,116965.0
262144,892,116822.7
262144,893,116889.9
262144,894,117032.2
262144,895,116347.3
262144,896,116220.1
262144,897,117122.5
262144,898,116384.8
262144,899,116585.9
262144,900,116690.1
262144,901,117193.9
262144,902,116588.3
262144,903,116428.4
262144,904,116218.9
262144,905,118715.8
262144,906,116541.1
262144,907,116776.1
262144,908,116504.1
262144,909,119061.0
262144,910,123499.0
262144,911,121819.6
262144,912,121495.6
262144,913,116568.9
262144,914,118827.9
262144,915,116753.7
262144,916,116198.9
262144,917,116683.4
262144,918,116572.6
262144,919,116489.6
262144,920,116524.1
262144,921,116192.3
262144,922,117685.1
262144,923,116714.3
262144,924,116335.2
262144,925,116480.5
262144,926,117178.2
262144,927,116548.4
262144,928,116886.3
262144,929,117109.8
262144,930,115981.5
262144,931,118501.5
262144,932,116671.3
262144,933,116101.4
262144,934,116212.8
262144,935,116795.4
262144,936,116561.1
262144,937,116349.7
262144,938,116599.8
262144,939,117304.2
262144,940,116882.7
262144,941,116978.3
262144,942,116364.3
262144,943,116466.6
262144,944,116788.2
262144,945,116056.6
262144,946,116463.6
262144,947,116553.8
262144,948,118076.9
262144,949,117321.1
262144,950,116444.2
262144,951,116855.4
262144,952,116547.1
262144,953,116271.6
262144,954,116823.9
262144,955,116577.4
262144,956,117224.2
262144,957,117078.3
262144,958,116433.9
262144,959,116560.5
262144,960,117018.3
262144,961,116370.9
262144,962,116404.2
262144,963,117018.3
262144,964,115919.1
262144,965,117740.8
262144,966,116450.9
262144,967,116710.1
262144,968,116407.9
262144,969,116079.0
262144,970,116520.5
262144,971,116740.3
262144,972,116657.4
262144,973,116670.7
262144,974,121978.3
262144,975,122338.6
262144,976,116556.8
262144,977,119152.5
262144,978,122613.0
262144,979,121788.7
262144,980,121955.3
262144,981,116518.1
262144,982,119811.4
262144,983,116232.8
262144,984,116405.4
262144,985,116641.0
262144,986,116535.0
262144,987,116596.8
262144,988,118610.5
262144,989,124276.0
262144,990,121332.7
262144,991,116953.5
262144,992,116233.4
262144,993,116582.9
262144,994,114131.4
262144,995,114080.5
262144,996,114019.9
262144,997,114138.6
262144,998,113907.3
262144,999,116916.6
262144,1000,120232.3
262144,1001,115381.9
262144,1002,114341.5
262144,1003,114299.1
262144,1004,113490.6
262144,1005,115440.7
262144,1006,120083.3
262144,1007,120422.5
262144,1008,115841.6
262144,1009,118557.8
262144,1010,119101.6
262144,1011,114090.8
262144,1012,113841.3
262144,1013,113382.8
262144,1014,114315.5
262144,1015,117297.5
262144,1016,122445.2
262144,1017,118847.9
262144,1018,119450.5
262144,1019,113655.3
262144,1020,114410.5
262144,1021,113929.7
262144,1022,113664.4
262144,1023,113545.7
262144,1024,113513.6
262144,1025,115894.3
262144,1026,113748.0
262144,1027,114179.2
262144,1028,113532.4
262144,1029,113953.9
262144,1030,113685.6
262144,1031,114090.8
262144,1032,113559.7
262144,1033,114980.4
262144,1034,113387.1
262144,1035,113834.6
262144,1036,114771.5
262144,1037,115579.4
262144,1038,120358.9
262144,1039,122705.6
262144,1040,120185.7
262144,1041,119034.4
262144,1042,119514.6
262144,1043,122310.2
262144,1044,121297.0
262144,1045,120357.1
262144,1046,116417.5
262144,1047,115617.5
262144,1048,116513.2
262144,1049,122184.8
262144,1050,121920.7
262144,1051,116245.6
262144,1052,115653.9
262144,1053,115785.9
262144,1054,115804.7
262144,1055,115623.0
262144,1056,115907.6
262144,1057,115950.6
262144,1058,115423.7
262144,1059,118370.6
262144,1060,114999.2
262144,1061,115477.0
262144,1062,119409.3
262144,1063,121142.5
262144,1064,115761.7
262144,1065,115738.0
262144,1066,115895.5
262144,1067,117568.8
262144,1068,116639.2
262144,1069,122470.0
262144,1070,122010.4
262144,1071,120584.8
262144,1072,116070.5
262144,1073,115760.5
262144,1074,116369.1
262144,1075,116139.0
262144,1076,117235.1
262144,1077,116272.2
262144,1078,116546.5
262144,1079,119919.2
262144,1080,129706.5
262144,1081,117448.9
262144,1082,116853.6
262144,1083,115633.3
262144,1084,118460.9
262144,1085,116570.8
262144,1086,115874.3
262144,1087,115974.2
262144,1088,116841.5
262144,1089,115568.5
262144,1090,115704.7
262144,1091,116358.2
262144,1092,116416.9
262144,1093,117834.7
262144,1094,116548.4
262144,1095,115859.8
262144,1096,116026.9
262144,1097,115861.6
262144,1098,115520.0
262144,1099,116581.1
262144,1100,115881.0
262144,1101,116820.3
262144,1102,116465.4
262144,1103,116124.4
262144,1104,116465.4
262144,1105,116776.7
262144,1106,116010.0
262144,1107,116287.9
262144,1108,117072.8
262144,1109,116501.1
262144,1110,117387.7
262144,1111,121899.6
262144,1112,120660.5
262144,1113,116745.2
262144,1114,116082.6
262144,1115,116492.0
262144,1116,119147.0
262144,1117,123042.3
262144,1118,121812.3
262144,1119,116297.0
262144,1120,116382.4
262144,1121,116714.3
262144,1122,116368.5
262144,1123,116386.1
262144,1124,116716.7
262144,1125,116250.4
262144,1126,116464.8
262144,1127,118995.0
262144,1128,116289.2
262144,1129,116169.2
262144,1130,119966.4
262144,1131,121850.5
262144,1132,116595.0
262144,1133,121872.9
262144,1134,122459.1
262144,1135,117936.4
262144,1136,116191.7
262144,1137,115928.2
262144,1138,117030.4
262144,1139,116757.3
262144,1140,116584.1
262144,1141,116571.4
262144,1142,116662.8
262144,1143,116241.9
262144,1144,117662.7
262144,1145,122336.8
262144,1146,122744.4
262144,1147,119953.7
262144,1148,116347.9
262144,1149,116505.4
262144,1150,118474.2
262144,1151,122777.7
262144,1152,119621.2
262144,1153,116488.4
262144,1154,116220.7
262144,1155,116934.7
262144,1156,116699.8
262144,1157,116531.4
262144,1158,116890.5
262144,1159,116685.8
262144,1160,116266.7
262144,1161,117576.1
262144,1162,116580.5
262144,1163,116572.0
262144,1164,116689.5
262144,1165,117015.3
262144,1166,116346.7
262144,1167,116350.3
262144,1168,116657.4
262144,1169,116640.4
262144,1170,116607.7
262144,1171,116405.4
262144,1172,116660.4
262144,1173,116517.5
262144,1174,116057.2
262144,1175,117007.4
262144,1176,116898.4
262144,1177,116359.4
262144,1178,119741.1
262144,1179,116997.1
262144,1180,116235.3
262144,1181,116596.2
262144,1182,116648.9
262144,1183,116484.2
262144,1184,116309.7
262144,1185,116069.9
262144,1186,117183.0
262144,1187,116891.7
262144,1188,116574.4
262144,1189,116435.1
262144,1190,116291.0
262144,1191,116758.5
262144,1192,116182.0
262144,1193,120104.5
262144,1194,122462.2
262144,1195,119360.8
262144,1196,116944.4
262144,1197,116502.3
262144,1198,116744.0
262144,1199,117098.9
262144,1200,116148.0
262144,1201,116322.5
262144,1202,116625.3
262144,1203,117431.3
262144,1204,118218.0
262144,1205,123109.0
262144,1206,122161.2
262144,1207,120633.8
262144,1208,116241.3
262144,1209,116116.6
262144,1210,116326.7
262144,1211,116332.8
262144,1212,117917.6
262144,1213,116645.9
262144,1214,116734.3
262144,1215,116392.1
262144,1216,116687.6
262144,1217,116124.4
262144,1218,116742.2
262144,1219,118526.3
262144,1220,124277.2
262144,1221,122232.6
262144,1222,121419.9
262144,1223,116679.8
262144,1224,116605.3
262144,1225,116545.9
262144,1226,122470.6
262144,1227,117273.9
262144,1228,116333.4
262144,1229,120245.6
262144,1230,120029.4
262144,1231,123641.3
262144,1232,120254.7
262144,1233,119402.6
262144,1234,116496.3
262144,1235,116753.7
262144,1236,116766.4
262144,1237,118006.7
262144,1238,116763.4
262144,1239,117226.6
262144,1240,116527.8
262144,1241,116192.9
262144,1242,119910.7
262144,1243,117946.7
262144,1244,118010.9
262144,1245,117891.0
262144,1246,116608.9
262144,1247,116244.9
262144,1248,116413.3
262144,1249,116433.9
262144,1250,118490.0
262144,1251,122860.7
262144,1252,123664.9
262144,1253,123134.4
262144,1254,120759.2
262144,1255,119547.4
262144,1256,117032.8
262144,1257,115994.2
262144,1258,116770.0
262144,1259,116704.0
262144,1260,116076.0
262144,1261,116554.4
262144,1262,117522.8
262144,1263,116706.4
262144,1264,116238.9
262144,1265,115982.1
262144,1266,116873.0
262144,1267,118125.4
262144,1268,122996.3
262144,1269,116870.5
262144,1270,116163.2
262144,1271,119012.6
262144,1272,116552.0
262144,1273,116128.7
262144,1274,116546.5
262144,1275,116488.4
262144,1276,116218.3
262144,1277,117269.6
262144,1278,123521.4
262144,1279,122068.5
262144,1280,116499.3
262144,1281,116335.2
262144,1282,116604.1
262144,1283,120573.9
262144,1284,123073.2
262144,1285,116595.6
262144,1286,116297.6
262144,1287,116894.8
262144,1288,120979.0
262144,1289,119445.0
262144,1290,122909.1
262144,1291,120659.9
262144,1292,119491.6
262144,1293,116457.5
262144,1294,116742.8
262144,1295,116581.1
262144,1296,117903.1
262144,1297,116322.5
262144,1298,116940.2
262144,1299,116252.8
262144,1300,117636.6
262144,1301,123128.9
262144,1302,123418.4
262144,1303,120123.3
262144,1304,118208.9
262144,1305,116624.1
262144,1306,116691.9
262144,1307,116536.9
262144,1308,116562.3
262144,1309,118360.4
262144,1310,122785.6
262144,1311,121175.8
262144,1312,118851.5
262144,1313,125445.4
262144,1314,114635.2
262144,1315,114041.1
262144,1316,114276.1
262144,1317,114438.4
262144,1318,113432.5
262144,1319,113645.7
262144,1320,113368.9
262144,1321,123623.7
262144,1322,119968.3
262144,1323,113817.7
262144,1324,113695.3
262144,1325,113869.1
262144,1326,113777.7
262144,1327,113524.5
262144,1328,113647.5
262144,1329,113586.3
262144,1330,114963.5
262144,1331,113613.0
262144,1332,113863.1
262144,1333,113438.5
262144,1334,113927.9
262144,1335,113780.1
262144,1336,113588.7
262144,1337,113294.4
262144,1338,113897.0
262144,1339,118330.1
262144,1340,120482.4
262144,1341,118473.6
262144,1342,113649.3
262144,1343,113561.5
262144,1344,115525.5
262144,1345,120326.2
262144,1346,118354.9
262144,1347,117407.7
262144,1348,114127.7
262144,1349,113919.4
262144,1350,114505.6
262144,1351,115891.9
262144,1352,113510.6
262144,1353,113078.8
262144,1354,113387.1
262144,1355,113407.7
262144,1356,114449.3
262144,1357,113439.1
262144,1358,113931.5
262144,1359,113519.1
262144,1360,113663.2
262144,1361,113421.6
262144,1362,115978.5
262144,1363,120021.5
262144,1364,115130.0
262144,1365,115070.7
262144,1366,113760.7
262144,1367,113580.3
262144,1368,114109.6
262144,1369,113590.5
262144,1370,113759.5
262144,1371,113885.5
262144,1372,117935.8
262144,1373,120625.3
262144,1374,118124.8
262144,1375,118809.7
262144,1376,113344.7
262144,1377,113759.5
262144,1378,113843.7
262144,1379,113752.2
262144,1380,116294.6
262144,1381,114159.8
262144,1382,114591.6
262144,1383,115951.2
262144,1384,121266.1
262144,1385,114237.9
262144,1386,114151.9
262144,1387,113399.8
262144,1388,113744.4
262144,1389,115567.9
262144,1390,119312.4
262144,1391,116988.6
262144,1392,113652.3
262144,1393,114134.4
262144,1394,115536.4
262144,1395,115558.2
262144,1396,115863.4
262144,1397,115720.5
262144,1398,117603.3
262144,1399,125533.8
262144,1400,116010.0
262144,1401,115699.9
262144,1402,115206.9
262144,1403,115920.3
262144,1404,115841.6
262144,1405,115603.6
262144,1406,115996.0
262144,1407,115901.0
262144,1408,120008.8
262144,1409,117517.9
262144,1410,122187.2
262144,1411,120684.1
262144,1412,119354.2
262144,1413,115415.9
262144,1414,115802.8
262144,1415,116087.5
262144,1416,117035.9
262144,1417,115358.3
262144,1418,115427.4
262144,1419,115200.3
262144,1420,116457.5
262144,1421,115303.2
262144,1422,115601.2
262144,1423,116244.9
262144,1424,118555.4
262144,1425,122257.5
262144,1426,115856.1
262144,1427,115586.0
262144,1428,116016.0
262144,1429,116023.9
262144,1430,116083.2
262144,1431,116027.5
262144,1432,115652.1
262144,1433,117184.9
262144,1434,115787.1
262144,1435,115919.7
262144,1436,116046.3
262144,1437,116237.7
262144,1438,116341.8
262144,1439,115971.2
262144,1440,116484.2
262144,1441,116021.5
262144,1442,117478.0
262144,1443,116155.9
262144,1444,116231.6
262144,1445,115964.5
262144,1446,116340.0
262144,1447,116116.0
262144,1448,116094.1
262144,1449,116326.1
262144,1450,116111.7
262144,1451,117290.8
262144,1452,116231.6
262144,1453,115724.7
262144,1454,116033.0
262144,1455,116206.2
262144,1456,115980.3
262144,1457,115906.4
262144,1458,115856.7
262144,1459,117369.0
262144,1460,115936.7
262144,1461,115893.1
262144,1462,116647.1
262144,1463,116499.9
262144,1464,116223.8
262144,1465,116166.2
262144,1466,116272.8
262144,1467,116321.9
262144,1468,118113.9
262144,1469,116183.2
262144,1470,116243.7
262144,1471,116521.7
262144,1472,115899.7
262144,1473,116874.2
262144,1474,120612.6
262144,1475,122860.7
262144,1476,122924.9
262144,1477,120100.9
262144,1478,116768.8
262144,1479,117349.0
262144,1480,116717.9
262144,1481,116060.2
262144,1482,117003.2
262144,1483,116250.4
262144,1484,117460.4
262144,1485,124934.3
262144,1486,120234.1
262144,1487,116905.7
262144,1488,116081.4
262144,1489,116462.4
262144,1490,116788.8
262144,1491,122905.5
262144,1492,122764.4
262144,1493,119335.4
262144,1494,118106.0
262144,1495,118112.7
262144,1496,122904.9
262144,1497,119474.1
262144,1498,116512.0
262144,1499,116552.6
262144,1500,116285.5
262144,1501,118849.7
262144,1502,116745.8
262144,1503,116727.0
262144,1504,116466.0
262144,1505,116252.2
262144,1506,117481.0
262144,1507,124833.1
262144,1508,126023.8
262144,1509,116443.6
262144,1510,119179.7
262144,1511,116625.3
262144,1512,116442.4
262144,1513,116639.2
262144,1514,116579.9
262144,1515,116791.2
262144,1516,116586.5
262144,1517,116478.7
262144,1518,117686.9
262144,1519,116345.5
262144,1520,116592.0
262144,1521,116187.4
262144,1522,116396.3
262144,1523,116216.5
262144,1524,116003.3
262144,1525,116816.0
262144,1526,117197.0
262144,1527,117329.6
262144,1528,116473.3
262144,1529,117162.5
262144,1530,123002.4
262144,1531,116629.5
262144,1532,116303.7
262144,1533,117189.7
262144,1534,116662.8
262144,1535,118055.1
262144,1536,116211.0
262144,1537,116578.6
262144,1538,116165.0
262144,1539,116452.1
262144,1540,116751.2
262144,1541,117014.1
262144,1542,116623.5
262144,1543,116644.0
262144,1544,116671.9
262144,1545,117024.4
262144,1546,123214.9
262144,1547,120760.4
262144,1548,116467.8
262144,1549,116848.1
262144,1550,116959.0
262144,1551,119434.1
262144,1552,128215.5
262144,1553,120056.7
262144,1554,116160.2
262144,1555,114002.4
262144,1556,113536.6
262144,1557,118221.7
262144,1558,119856.8
262144,1559,113721.4
262144,1560,113201.1
262144,1561,115315.9
262144,1562,113679.0
262144,1563,118890.3
262144,1564,118863.0
262144,1565,113563.9
262144,1566,113242.3
262144,1567,113515.5
262144,1568,116198.3
262144,1569,121141.9
262144,1570,116939.0
262144,1571,113086.1
262144,1572,113606.3
262144,1573,113970.9
262144,1574,113198.7
262144,1575,113639.0
262144,1576,113626.9
262144,1577,112955.9
262144,1578,114219.2
262144,1579,113774.0
262144,1580,113438.5
262144,1581,113381.6
262144,1582,118192.6
262144,1583,119575.8
262144,1584,113313.8
262144,1585,113160.0
262144,1586,113353.1
262144,1587,117865.0
262144,1588,113622.6
262144,1589,113600.2
262144,1590,115377.1
262144,1591,115656.3
262144,1592,115627.8
262144,1593,115641.8
262144,1594,115556.4
262144,1595,122436.1
262144,1596,122551.8
262144,1597,115836.8
262144,1598,115937.9
262144,1599,115844.0
262144,1600,121955.9
262144,1601,126386.5
262144,1602,123363.3
262144,1603,116229.2
262144,1604,116734.9
262144,1605,115828.9
262144,1606,115703.5
262144,1607,115775.0
262144,1608,115631.5
262144,1609,115262.6
262144,1610,115609.1
262144,1611,115561.8
262144,1612,116547.1
262144,1613,116039.6
262144,1614,115934.9
262144,1615,115721.1
262144,1616,115366.2
262144,1617,116264.9
262144,1618,115375.9
262144,1619,117000.1
262144,1620,122218.1
262144,1621,124702.3
262144,1622,118493.0
262144,1623,117908.6
262144,1624,115686.0
262144,1625,115971.2
262144,1626,115616.3
262144,1627,115830.1
262144,1628,116375.8
262144,1629,117772.9
262144,1630,116155.3
262144,1631,116536.9
262144,1632,115757.4
262144,1633,115799.8
262144,1634,115943.4
262144,1635,115767.7
262144,1636,118130.2
262144,1637,122781.9
262144,1638,122979.4
262144,1639,117885.6
262144,1640,117121.9
262144,1641,115555.8
262144,1642,116115.3
262144,1643,116220.7
262144,1644,116662.8
262144,1645,115842.2
262144,1646,118756.4
262144,1647,117072.8
262144,1648,122180.0
262144,1649,122638.4
262144,1650,116691.3
262144,1651,117021.9
262144,1652,116045.1
262144,1653,115798.6
262144,1654,115822.2
262144,1655,118986.0
262144,1656,116745.2
262144,1657,115901.6
262144,1658,116819.1
262144,1659,116788.2
262144,1660,116653.7
262144,1661,116962.0
262144,1662,116350.3
262144,1663,118115.7
262144,1664,116209.8
262144,1665,116237.7
262144,1666,116577.4
262144,1667,116156.5
262144,1668,121735.4
262144,1669,123044.2
262144,1670,116678.0
262144,1671,116744.0
262144,1672,119030.8
262144,1673,116407.3
262144,1674,116356.4
262144,1675,116495.1
262144,1676,116781.5
262144,1677,116385.4
262144,1678,116776.7
262144,1679,120099.7
262144,1680,125364.3
262144,1681,120854.3
262144,1682,121697.3
262144,1683,116225.0
262144,1684,120240.2
262144,1685,121794.8
262144,1686,116625.3
262144,1687,116587.1
262144,1688,116627.1
262144,1689,118861.2
262144,1690,120689.5
262144,1691,122990.3
262144,1692,116998.9
262144,1693,116623.5
262144,1694,116051.8
262144,1695,116798.5
262144,1696,116270.4
262144,1697,117078.3
262144,1698,116885.1
262144,1699,116334.6
262144,1700,116657.4
262144,1701,116581.7
262144,1702,116675.5
262144,1703,117238.2
262144,1704,116606.5
262144,1705,116206.8
262144,1706,117954.6
262144,1707,116260.7
262144,1708,116352.1
262144,1709,116874.2
262144,1710,123112.0
262144,1711,120225.6
262144,1712,116521.7
262144,1713,115963.3
262144,1714,117943.7
262144,1715,116334.6
262144,1716,116568.3
262144,1717,116782.7
262144,1718,116583.5
262144,1719,116836.6
262144,1720,116445.4
262144,1721,116195.9
262144,1722,116862.7
262144,1723,122078.2
262144,1724,123023.6
262144,1725,120311.0
262144,1726,122765.6
262144,1727,116410.3
262144,1728,116751.8
262144,1729,116316.4
262144,1730,116188.0
262144,1731,119179.7
262144,1732,117015.9
262144,1733,117034.1
262144,1734,116698.6
262144,1735,116665.8
262144,1736,116624.1
262144,1737,116509.6
262144,1738,119352.3
262144,1739,123487.5
262144,1740,125189.2
262144,1741,123248.9
262144,1742,116559.9
262144,1743,116415.7
262144,1744,116528.4
262144,1745,118415.5
262144,1746,123420.9
262144,1747,121640.4
262144,1748,122157.5
262144,1749,117144.9
262144,1750,116760.9
262144,1751,116333.4
262144,1752,116084.5
262144,1753,116359.4
262144,1754,116646.5
262144,1755,116468.4
262144,1756,117360.5
262144,1757,116668.3
262144,1758,116287.9
262144,1759,117089.8
262144,1760,115789.5
262144,1761,115927.6
262144,1762,117020.7
262144,1763,116516.9
262144,1764,116639.8
262144,1765,122729.8
262144,1766,122715.9
262144,1767,121167.4
262144,1768,121727.0
262144,1769,115951.2
262144,1770,116948.7
262144,1771,119423.2
262144,1772,122874.0
262144,1773,118767.9
262144,1774,116222.5
262144,1775,115479.5
262144,1776,118473.6
262144,1777,121914.7
262144,1778,120559.3
262144,1779,113321.0
262144,1780,113586.9
262144,1781,113888.5
262144,1782,116561.7
262144,1783,113716.5
262144,1784,113476.7
262144,1785,113378.0
262144,1786,113576.0
262144,1787,113517.3
262144,1788,113900.0
262144,1789,113818.9
262144,1790,114740.6
262144,1791,113706.2
262144,1792,113537.3
262144,1793,113983.6
262144,1794,113428.8
262144,1795,113489.4
262144,1796,113828.6
262144,1797,114236.1
262144,1798,113614.8
262144,1799,127910.3
262144,1800,128174.9
262144,1801,117018.3
262144,1802,121403.6
262144,1803,128176.7
262144,1804,126445.3
262144,1805,126161.9
262144,1806,130013.6
262144,1807,126478.6
262144,1808,123109.0
262144,1809,121494.4
262144,1810,118741.9
262144,1811,116046.9
262144,1812,114361.5
262144,1813,119825.3
262144,1814,119388.7
262144,1815,115512.8
262144,1816,114594.0
262144,1817,113227.8
262144,1818,113719.5
262144,1819,113434.9
262144,1820,112713.6
262144,1821,112991.6
262144,1822,112789.9
262144,1823,113012.8
262144,1824,114371.8
262144,1825,114150.7
262144,1826,119583.1
262144,1827,116526.0
262144,1828,112946.2
262144,1829,113569.3
262144,1830,112478.0
262144,1831,112906.2
262144,1832,113240.5
262144,1833,116073.0
262144,1834,112432.6
262144,1835,113134.5
262144,1836,112975.8
262144,1837,112351.5
262144,1838,113315.0
262144,1839,112979.5
262144,1840,112376.9
262144,1841,112954.0
262144,1842,114300.9
262144,1843,112814.2
262144,1844,114327.0
262144,1845,124268.1
262144,1846,125426.6
262144,1847,118632.3
262144,1848,115297.8
262144,1849,114990.1
262144,1850,116875.4
262144,1851,115211.8
262144,1852,114956.2
262144,1853,115339.6
262144,1854,115271.1
262144,1855,117236.9
262144,1856,121141.9
262144,1857,115956.1
262144,1858,115023.4
262144,1859,116013.6
262144,1860,115602.4
262144,1861,118011.5
262144,1862,122404.0
262144,1863,115933.1
262144,1864,115813.1
262144,1865,115549.1
262144,1866,120721.6
262144,1867,125573.8
262144,1868,119116.2
262144,1869,118354.9
262144,1870,115894.3
262144,1871,115669.6
262144,1872,115422.5
262144,1873,115451.6
262144,1874,115538.2
262144,1875,115907.6
262144,1876,119535.8
262144,1877,116277.0
262144,1878,115710.2
262144,1879,116636.8
262144,1880,115612.1
262144,1881,115524.9
262144,1882,116587.7
262144,1883,115726.5
262144,1884,118675.3
262144,1885,119219.7
262144,1886,122996.3
262144,1887,120788.9
262144,1888,121497.4
262144,1889,116074.8
262144,1890,116300.7
262144,1891,115603.0
262144,1892,116081.4
262144,1893,116848.7
262144,1894,116010.0
262144,1895,116355.8
262144,1896,116051.2
262144,1897,115318.4
262144,1898,116211.6
262144,1899,117944.3
262144,1900,122790.4
262144,1901,124577.6
262144,1902,124207.5
262144,1903,123085.3
262144,1904,117854.7
262144,1905,116535.0
262144,1906,118307.1
262144,1907,116111.7
262144,1908,115901.0
262144,1909,115985.1
262144,1910,119246.4
262144,1911,115855.5
262144,1912,116135.9
262144,1913,116529.0
262144,1914,119257.9
262144,1915,123640.7
262144,1916,121440.5
262144,1917,118740.1
262144,1918,119554.6
262144,1919,116532.6
262144,1920,116641.0
262144,1921,116156.5
262144,1922,116382.4
262144,1923,118230.1
262144,1924,123337.9
262144,1925,121806.3
262144,1926,121042.0
262144,1927,120359.5
262144,1928,122887.9
262144,1929,119987.0
262144,1930,122542.7
262144,1931,116765.8
262144,1932,117088.0
262144,1933,116037.2
262144,1934,116562.9
262144,1935,120022.8
262144,1936,116524.7
262144,1937,116154.7
262144,1938,116604.1
262144,1939,116215.9
262144,1940,116840.9
262144,1941,116422.4
262144,1942,116627.1
262144,1943,117407.1
262144,1944,116488.4
262144,1945,116883.3
262144,1946,120393.4
262144,1947,120163.3
262144,1948,116227.4
262144,1949,116856.0
262144,1950,116439.3
262144,1951,116875.4
262144,1952,119853.8
262144,1953,116185.0
262144,1954,116711.9
262144,1955,119908.3
262144,1956,122671.7
262144,1957,116718.5
262144,1958,116290.4
262144,1959,116658.6
262144,1960,118297.4
262144,1961,116295.2
262144,1962,118583.8
262144,1963,122895.8
262144,1964,117706.3
262144,1965,116777.9
262144,1966,116256.5
262144,1967,117327.8
262144,1968,116671.3
262144,1969,118505.7
262144,1970,116453.9
262144,1971,116671.3
262144,1972,116518.1
262144,1973,116317.6
262144,1974,116581.7
262144,1975,116785.2
262144,1976,116443.0
262144,1977,119444.4
262144,1978,115966.4
262144,1979,120111.2
262144,1980,121352.1
262144,1981,116483.6
262144,1982,116440.0
262144,1983,116420.0
262144,1984,116968.0
262144,1985,116166.8
262144,1986,118693.4
262144,1987,116994.7
262144,1988,116380.6
262144,1989,115950.6
262144,1990,116950.5
262144,1991,116283.1
262144,1992,116154.7
262144,1993,116816.6
262144,1994,119526.8
262144,1995,116581.7
262144,1996,116796.1
262144,1997,116690.7
262144,1998,116518.1
262144,1999,120892.4
524288,0,238157.8
524288,1,236767.9
524288,2,237167.6
524288,3,245315.0
524288,4,237928.3
524288,5,247390.4
524288,6,237397.8
524288,7,236554.2
524288,8,246334.2
524288,9,237182.8
524288,10,236603.2
524288,11,236671.0
524288,12,238194.2
524288,13,236462.1
524288,14,236495.4
524288,15,243911.8
524288,16,236307.7
524288,17,248752.4
524288,18,245302.2
524288,19,241562.0
524288,20,241039.3
524288,21,240746.2
524288,22,236201.1
524288,23,244607.0
524288,24,254546.9
524288,25,238440.0
524288,26,236514.8
524288,27,237325.7
524288,28,236400.3
524288,29,237386.3
524288,30,236595.3
524288,31,237106.5
524288,32,236385.8
524288,33,238615.1
524288,34,238046.4
524288,35,246919.2
524288,36,235884.4
524288,37,242977.3
524288,38,241556.5
524288,39,236076.9
524288,40,236411.8
524288,41,236600.2
524288,42,238519.4
524288,43,237210.6
524288,44,253604.0
524288,45,237288.2
524288,46,241818.1
524288,47,236648.0
524288,48,236975.1
524288,49,243221.4
524288,50,238187.5
524288,51,237125.9
524288,52,236187.8
524288,53,236127.2
524288,54,244884.4
524288,55,238176.6
524288,56,244459.8
524288,57,247817.3
524288,58,237679.4
524288,59,236998.7
524288,60,236529.3
524288,61,236493.0
524288,62,238438.8
524288,63,237050.8
524288,64,242159.7
524288,65,241826.0
524288,66,244773.5
524288,67,238340.1
524288,68,237502.6
524288,69,237686.7
524288,70,236886.6
524288,71,238593.3
524288,72,237925.3
524288,73,244953.4
524288,74,236364.6
524288,75,238341.3
524288,76,236572.9
524288,77,234745.2
524288,78,231465.8
524288,79,232172.6
524288,80,230897.1
524288,81,241080.5
524288,82,237496.5
524288,83,231645.1
524288,84,230070.5
524288,85,230530.1
524288,86,229962.7
524288,87,231359.8
524288,88,232098.1
524288,89,230279.4
524288,90,230750.0
524288,91,230422.3
524288,92,242719.9
524288,93,232068.4
524288,94,241256.1
524288,95,240596.6
524288,96,231915.8
524288,97,230308.5
524288,98,236697.1
524288,99,238812.5
524288,100,242512.8
524288,101,236321.6
524288,102,235011.7
524288,103,235244.2
524288,104,235344.1
524288,105,236982.3
524288,106,235515.5
524288,107,235117.0
524288,108,245909.7
524288,109,236259.2
524288,110,234843.9
524288,111,245218.7
524288,112,234112.9
524288,113,235760.2
524288,114,236222.3
524288,115,234866.3
524288,116,235184.9
524288,117,236604.4
524288,118,235580.3
524288,119,235737.8
524288,120,235930.4
524288,121,242087.6
524288,122,248031.1
524288,123,235320.5
524288,124,234952.9
524288,125,235334.5
524288,126,236964.2
524288,127,235441.7
524288,128,235264.2
524288,129,235615.5
524288,130,236650.5
524288,131,239975.3
524288,132,249821.9
524288,133,236382.8
524288,134,237474.1
524288,135,236611.1
524288,136,236293.7
524288,137,236388.8
524288,138,238945.7
524288,139,236623.8
524288,140,242306.3
524288,141,237088.9
524288,142,237571.0
524288,143,236916.9
524288,144,245635.9
524288,145,246530.4
524288,146,236286.5
524288,147,243694.3
524288,148,245017.0
524288,149,238504.8
524288,150,247205.7
524288,151,246981.0
524288,152,241554.7
524288,153,242353.5
524288,154,242075.5
524288,155,240196.9
524288,156,236941.8
524288,157,246909.5
524288,158,236749.2
524288,159,245278.0
524288,160,236838.2
524288,161,240197.5
524288,162,241955.6
524288,163,237388.1
524288,164,235961.3
524288,165,236961.1
524288,166,237787.2
524288,167,250067.8
524288,168,244134.0
524288,169,237763.6
524288,170,236672.9
524288,171,237689.1
524288,172,236635.3
524288,173,237468.6
524288,174,236772.8
524288,175,250464.5
524288,176,246299.7
524288,177,234294.0
524288,178,242255.4
524288,179,240487.0
524288,180,232427.5
524288,181,231264.1
524288,182,231122.4
524288,183,230800.8
524288,184,231992.1
524288,185,230587.7
524288,186,231133.9
524288,187,231084.9
524288,188,232720.6
524288,189,244081.9
524288,190,239249.1
524288,191,230189.2
524288,192,230184.3
524288,193,231790.4
524288,194,233308.1
524288,195,243819.7
524288,196,245167.2
524288,197,244631.8
524288,198,241799.4
524288,199,234103.9
524288,200,241148.9
524288,201,238970.6
524288,202,236438.5
524288,203,248676.7
524288,204,241157.4
524288,205,239227.9
524288,206,244056.5
524288,207,234315.2
524288,208,234914.8
524288,209,237644.9
524288,210,234997.1
524288,211,244315.1
524288,212,237070.1
524288,213,247497.0
524288,214,242398.3
524288,215,235524.6
524288,216,235787.5
524288,217,235560.4
524288,218,237157.4
524288,219,240824.9
524288,220,249330.2
524288,221,237062.9
524288,222,258590.0
524288,223,253454.4
524288,224,249131.5
524288,225,237259.7
524288,226,253791.7
524288,227,259256.2
524288,228,259606.2
524288,229,256614.5
524288,230,259076.9
524288,231,246564.9
524288,232,241144.7
524288,233,239159.5
524288,234,238846.4
524288,235,243370.9
524288,236,235407.7
524288,237,235428.9
524288,238,244625.2
524288,239,249985.4
524288,240,239249.1
524288,241,236458.5
524288,242,245044.2
524288,243,235606.4
524288,244,235719.0
524288,245,248671.9
524288,246,240142.4
524288,247,229596.9
524288,248,229181.4
524288,249,229963.3
524288,250,229457.0
524288,251,230165.6
524288,252,228782.9
524288,253,229996.6
524288,254,240527.0
524288,255,229929.4
524288,256,248625.2
524288,257,257810.6
524288,258,260870.7
524288,259,263054.6
524288,260,359689.2
524288,261,257920.2
524288,262,233719.9
524288,263,230247.9
524288,264,233636.3
524288,265,247246.3
524288,266,233942.8
524288,267,231588.1
524288,268,229056.1
524288,269,228857.4
524288,270,230668.8
524288,271,240147.3
524288,272,228260.3
524288,273,230709.4
524288,274,243464.2
524288,275,230594.3
524288,276,232182.2
524288,277,233182.1
524288,278,228819.3
524288,279,238448.5
524288,280,233664.8
524288,281,232241.6
524288,282,233461.9
524288,283,246792.6
524288,284,241125.9
524288,285,239981.3
524288,286,243590.2
524288,287,247365.6
524288,288,235608.2
524288,289,234382.4
524288,290,235038.3
524288,291,234437.5
524288,292,241991.4
524288,293,243371.5
524288,294,234240.1
524288,295,235551.9
524288,296,237800.5
524288,297,230264.3
524288,298,230207.9
524288,299,230267.3
524288,300,229534.5
524288,301,239565.3
524288,302,251967.0
524288,303,239127.4
524288,304,235461.6
524288,305,233421.3
524288,306,234883.3
524288,307,232505.6
524288,308,228828.4
524288,309,229636.2
524288,310,228496.5
524288,311,228801.7
524288,312,236337.4
524288,313,266518.1
524288,314,230458.7
524288,315,228010.2
524288,316,229162.7
524288,317,231084.9
524288,318,229538.1
524288,319,232998.6
524288,320,235051.0
524288,321,228089.5
524288,322,240327.1
524288,323,230335.1
524288,324,233458.3
524288,325,233163.9
524288,326,235360.5
524288,327,232449.9
524288,328,241526.2
524288,329,242977.3
524288,330,244445.3
524288,331,231055.8
524288,332,241957.4
524288,333,243840.3
524288,334,238103.9
524288,335,231244.1
524288,336,232459.0
524288,337,236382.2
524288,338,250023.6
524288,339,243390.3
524288,340,232880.5
524288,341,234152.9
524288,342,234581.7
524288,343,236124.2
524288,344,232796.3
524288,345,234105.1
524288,346,239332.7
524288,347,237135.5
524288,348,234467.8
524288,349,241320.9
524288,350,248249.1
524288,351,256394.6
524288,352,243891.2
524288,353,245714.1
524288,354,239268.5
524288,355,243571.4
524288,356,250651.0
524288,357,244972.8
524288,358,234618.6
524288,359,238188.1
524288,360,233969.4
524288,361,235004.4
524288,362,243004.5
524288,363,234455.1
524288,364,235963.7
524288,365,238553.9
524288,366,242176.1
524288,367,234425.4
524288,368,242567.9
524288,369,237581.9
524288,370,234570.8
524288,371,234082.7
524288,372,236123.6
524288,373,233970.0
524288,374,234615.0
524288,375,233577.6
524288,376,236510.6
524288,377,233577.0
524288,378,235451.3
524288,379,244366.6
524288,380,247598.1
524288,381,237191.3
524288,382,236367.6
524288,383,236629.9
524288,384,236446.4
524288,385,241793.3
524288,386,237183.4
524288,387,237081.0
524288,388,236659.5
524288,389,238684.7
524288,390,236431.2
524288,391,237369.9
524288,392,236508.1
524288,393,247054.9
524288,394,237237.9
524288,395,236894.5
524288,396,236242.3
524288,397,249909.1
524288,398,246853.8
524288,399,235964.3
524288,400,235738.4
524288,401,238798.6
524288,402,236801.9
524288,403,236999.3
524288,404,236416.7
524288,405,245118.7
524288,406,239508.9
524288,407,238770.1
524288,408,254471.2
524288,409,237432.9
524288,410,247099.1
524288,411,235442.3
524288,412,230113.5
524288,413,230714.8
524288,414,233560.0
524288,415,230733.0
524288,416,230980.7
524288,417,231539.7
524288,418,233864.6
524288,419,232660.7
524288,420,230355.7
524288,421,231310.8
524288,422,321731.2
524288,423,236149.0
524288,424,230446.0
524288,425,231247.2
524288,426,233421.3
524288,427,231247.2
524288,428,233286.9
524288,429,234800.9
524288,430,250234.3
524288,431,243477.5
524288,432,234891.1
524288,433,234195.3
524288,434,238137.2
524288,435,244955.8
524288,436,233931.9
524288,437,234818.5
524288,438,235129.8
524288,439,236807.9
524288,440,234007.6
524288,441,234018.5
524288,442,235452.6
524288,443,236181.7
524288,444,234407.9
524288,445,235585.2
524288,446,235480.4
524288,447,236675.9
524288,448,241152.6
524288,449,241079.9
524288,450,235543.4
524288,451,244486.5
524288,452,255659.4
524288,453,245328.3
524288,454,238778.6
524288,455,236060.6
524288,456,239243.7
524288,457,235413.8
524288,458,248968.0
524288,459,243177.1
524288,460,247800.4
524288,461,249152.1
524288,462,242452.8
524288,463,244359.9
524288,464,249657.8
524288,465,236984.1
524288,466,236815.2
524288,467,236324.0
524288,468,242788.3
524288,469,236538.4
524288,470,236347.6
524288,471,236713.4
524288,472,239000.2
524288,473,235778.4
524288,474,236245.3
524288,475,236620.8
524288,476,238659.9
524288,477,236890.3
524288,478,237491.6
524288,479,245551.7
524288,480,236922.4
524288,481,238131.2
524288,482,247214.8
524288,483,236777.6
524288,484,238118.5
524288,485,252790.6
524288,486,236507.5
524288,487,237429.9
524288,488,236946.0
524288,489,238968.7
524288,490,244532.5
524288,491,238747.7
524288,492,236721.9
524288,493,237310.0
524288,494,236576.6
524288,495,237147.1
524288,496,236784.9
524288,497,236958.7
524288,498,236496.6
524288,499,237455.3
524288,500,241955.6
524288,501,246420.8
524288,502,239115.9
524288,503,236205.3
524288,504,236679.5
524288,505,237171.9
524288,506,238752.5
524288,507,248923.2
524288,508,240516.7
524288,509,245706.2
524288,510,245850.3
524288,511,235992.2
524288,512,236465.1
524288,513,236202.9
524288,514,237916.8
524288,515,243999.0
524288,516,236834.0
524288,517,235372.6
524288,518,246561.9
524288,519,236333.1
524288,520,236374.9
524288,521,247523.0
524288,522,245697.7
524288,523,236462.7
524288,524,236863.6
524288,525,243381.8
524288,526,247488.5
524288,527,236712.2
524288,528,236267.1
524288,529,236125.4
524288,530,236852.7
524288,531,237457.1
524288,532,237603.7
524288,533,241528.7
524288,534,241429.9
524288,535,238364.3
524288,536,236778.2
524288,537,237065.3
524288,538,254155.1
524288,539,237244.0
524288,540,236592.9
524288,541,236567.5
524288,542,236663.8
524288,543,244477.4
524288,544,238414.6
524288,545,236310.1
524288,546,247187.5
524288,547,245639.0
524288,548,236821.8
524288,549,236807.9
524288,550,235906.2
524288,551,237700.0
524288,552,236943.0
524288,553,238056.7
524288,554,235890.4
524288,555,236921.2
524288,556,239141.3
524288,557,236017.0
524288,558,237397.8
524288,559,236962.3
524288,560,237547.4
524288,561,235593.7
524288,562,236559.6
524288,563,238779.8
524288,564,243062.7
524288,565,247113.0
524288,566,236745.5
524288,567,237036.8
524288,568,245083.6
524288,569,237011.4
524288,570,236399.7
524288,571,237233.7
524288,572,237068.9
524288,573,236603.8
524288,574,236651.1
524288,575,246788.4
524288,576,244728.1
524288,577,239151.6
524288,578,236047.3
524288,579,242924.0
524288,580,246769.6
524288,581,240361.6
524288,582,238197.2
524288,583,236268.9
524288,584,246803.6
524288,585,237513.5
524288,586,236732.8
524288,587,242681.8
524288,588,247251.1
524288,589,243183.2
524288,590,248684.0
524288,591,237016.8
524288,592,236703.7
524288,593,237337.2
524288,594,237420.8
524288,595,236087.8
524288,596,236384.6
524288,597,237174.9
524288,598,237003.5
524288,599,237121.6
524288,600,246244.0
524288,601,238467.3
524288,602,236273.8
524288,603,236635.3
524288,604,237254.9
524288,605,237365.1
524288,606,241365.8
524288,607,239050.5
524288,608,237568.6
524288,609,245879.4
524288,610,243151.1
524288,611,238067.0
524288,612,236348.3
524288,613,235768.7
524288,614,237723.0
524288,615,236909.0
524288,616,237034.4
524288,617,236035.8
524288,618,247176.6
524288,619,254267.7
524288,620,243149.3
524288,621,239981.9
524288,622,242022.2
524288,623,236365.2
524288,624,236971.4
524288,625,237266.4
524288,626,238143.3
524288,627,244230.3
524288,628,237258.5
524288,629,246755.7
524288,630,236884.2
524288,631,237455.3
524288,632,236569.3
524288,633,236247.1
524288,634,246649.1
524288,635,239584.6
524288,636,237397.2
524288,637,236318.0
524288,638,237298.5
524288,639,238524.2
524288,640,238127.5
524288,641,246639.4
524288,642,243800.3
524288,643,239105.6
524288,644,236921.8
524288,645,236083.0
524288,646,236228.3
524288,647,247145.7
524288,648,236889.1
524288,649,236286.5
524288,650,245527.5
524288,651,237306.3
524288,652,237287.0
524288,653,249614.2
524288,654,243876.6
524288,655,247983.9
524288,656,237306.9
524288,657,237314.8
524288,658,236081.2
524288,659,237091.9
524288,660,238439.4
524288,661,236490.6
524288,662,242845.3
524288,663,236779.4
524288,664,238211.7
524288,665,237357.8
524288,666,236855.2
524288,667,237784.8
524288,668,237813.8
524288,669,236506.3
524288,670,236444.5
524288,671,236375.5
524288,672,237589.8
524288,673,236498.4
524288,674,235477.4
524288,675,236138.7
524288,676,236933.3
524288,677,238018.5
524288,678,235971.0
524288,679,237066.5
524288,680,236003.1
524288,681,238412.8
524288,682,236708.6
524288,683,236709.2
524288,684,237359.6
524288,685,237342.7
524288,686,236441.5
524288,687,236083.0
524288,688,236372.5
524288,689,240203.0
524288,690,259942.9
524288,691,249716.5
524288,692,262562.2
524288,693,249317.4
524288,694,258808.6
524288,695,236876.3
524288,696,262180.1
524288,697,264472.3
524288,698,259509.9
524288,699,242832.5
524288,700,247276.5
524288,701,235114.6
524288,702,231060.6
524288,703,230928.6
524288,704,232380.3
524288,705,232737.0
524288,706,231723.8
524288,707,231299.3
524288,708,236759.5
524288,709,238326.8
524288,710,235342.9
524288,711,235356.9
524288,712,234867.5
524288,713,232105.3
524288,714,234303.1
524288,715,230515.0
524288,716,240967.9
524288,717,235396.2
524288,718,231147.9
524288,719,229750.7
524288,720,229905.1
524288,721,229006.4
524288,722,230226.7
524288,723,228921.0
524288,724,231067.3
524288,725,230731.2
524288,726,231111.5
524288,727,233309.9
524288,728,231256.9
524288,729,242154.3
524288,730,231907.3
524288,731,233593.9
524288,732,231473.1
524288,733,235355.7
524288,734,234622.9
524288,735,246024.1
524288,736,234805.2
524288,737,234507.2
524288,738,234522.3
524288,739,237010.8
524288,740,234400.0
524288,741,234476.9
524288,742,234159.0
524288,743,234933.5
524288,744,235636.1
524288,745,234550.8
524288,746,235483.4
524288,747,234640.4
524288,748,236305.9
524288,749,246455.3
524288,750,244895.3
524288,751,245550.5
524288,752,244977.0
524288,753,235382.3
524288,754,235643.3
524288,755,235280.6
524288,756,236826.7
524288,757,252180.2
524288,758,256513.9
524288,759,236825.5
524288,760,237212.5
524288,761,235493.7
524288,762,238372.8
524288,763,244346.0
524288,764,235393.8
524288,765,239062.0
524288,766,237111.9
524288,767,237521.9
524288,768,245622.0
524288,769,257291.6
524288,770,238729.5
524288,771,238109.4
524288,772,245385.2
524288,773,238068.8
524288,774,236611.1
524288,775,235993.4
524288,776,236366.4
524288,777,238847.6
524288,778,236929.6
524288,779,247541.8
524288,780,236285.9
524288,781,238114.2
524288,782,237198.5
524288,783,236786.7
524288,784,236112.7
524288,785,238703.5
524288,786,236352.5
524288,787,236404.6
524288,788,237193.7
524288,789,236233.8
524288,790,239380.6
524288,791,238164.5
524288,792,236996.3
524288,793,247206.9
524288,794,237902.9
524288,795,236234.4
524288,796,236298.0
524288,797,236687.4
524288,798,236511.8
524288,799,236625.6
524288,800,236766.7
524288,801,236445.2
524288,802,238152.4
524288,803,246306.9
524288,804,236936.3
524288,805,236406.4
524288,806,236979.3
524288,807,237668.5
524288,808,236017.6
524288,809,236544.5
524288,810,237373.6
524288,811,238432.8
524288,812,237093.2
524288,813,245286.5
524288,814,237104.1
524288,815,237975.5
524288,816,236788.5
524288,817,243741.0
524288,818,238943.3
524288,819,251333.5
524288,820,246219.7
524288,821,239949.8
524288,822,241450.5
524288,823,240764.4
524288,824,237681.8
524288,825,236670.4
524288,826,246772.1
524288,827,238142.7
524288,828,236930.9
524288,829,236159.3
524288,830,236990.2
524288,831,237408.7
524288,832,236821.8
524288,833,236504.5
524288,834,243676.8
524288,835,253717.8
524288,836,238227.5
524288,837,236701.3
524288,838,235454.4
524288,839,235996.4
524288,840,236747.4
524288,841,236904.8
524288,842,252952.3
524288,843,248189.8
524288,844,287476.5
524288,845,261438.2
524288,846,244221.8
524288,847,248352.7
524288,848,238615.1
524288,849,236870.9
524288,850,236553.6
524288,851,237767.2
524288,852,246850.8
524288,853,245531.8
524288,854,245067.9
524288,855,237354.2
524288,856,244616.1
524288,857,245182.3
524288,858,238929.4
524288,859,237131.9
524288,860,240828.6
524288,861,243819.7
524288,862,236364.6
524288,863,243232.9
524288,864,241637.1
524288,865,237176.7
524288,866,236316.2
524288,867,237124.0
524288,868,237498.3
524288,869,236745.5
524288,870,237620.6
524288,871,244894.1
524288,872,237075.0
524288,873,237165.2
524288,874,236370.7
524288,875,237015.0
524288,876,236949.0
524288,877,237604.3
524288,878,236601.4
524288,879,237018.1
524288,880,249901.3
524288,881,246915.6
524288,882,236741.9
524288,883,236815.2
524288,884,236611.7
524288,885,241703.7
524288,886,246234.3
524288,887,237195.5
524288,888,244690.0
524288,889,259140.5
524288,890,242547.9
524288,891,258750.5
524288,892,245815.8
524288,893,238552.1
524288,894,236401.5
524288,895,236443.3
524288,896,243653.8
524288,897,249577.3
524288,898,245066.0
524288,899,249183.6
524288,900,244263.6
524288,901,238405.5
524288,902,244609.4
524288,903,246070.2
524288,904,237001.1
524288,905,235898.9
524288,906,240662.0
524288,907,237405.7
524288,908,242287.5
524288,909,270208.7
524288,910,283784.1
524288,911,266753.0
524288,912,280543.4
524288,913,261484.2
524288,914,262736.0
524288,915,252653.2
524288,916,253442.9
524288,917,252382.5
524288,918,257008.7
524288,919,247698.6
524288,920,242589.1
524288,921,247611.4
524288,922,234409.1
524288,923,237522.5
524288,924,248998.9
524288,925,233524.9
524288,926,232952.6
524288,927,241473.6
524288,928,233277.8
524288,929,232190.7
524288,930,233280.2
524288,931,229834.3
524288,932,229646.5
524288,933,229541.2
524288,934,232542.0
524288,935,229538.1
524288,936,229176.6
524288,937,229520.0
524288,938,244604.6
524288,939,237762.4
524288,940,228698.2
524288,941,228729.0
524288,942,233483.1
524288,943,228892.6
524288,944,229284.4
524288,945,234794.2
524288,946,233335.9
524288,947,230342.4
524288,948,238519.4
524288,949,237910.1
524288,950,235438.6
524288,951,237922.2
524288,952,234370.3
524288,953,235098.9
524288,954,235065.0
524288,955,236121.1
524288,956,235048.6
524288,957,235400.5
524288,958,235615.5
524288,959,235881.9
524288,960,235488.9
524288,961,235105.5
524288,962,243188.0
524288,963,235433.8
524288,964,236081.8
524288,965,235496.8
524288,966,236451.2
524288,967,236706.2
524288,968,236580.8
524288,969,235251.5
524288,970,244195.8
524288,971,245218.7
524288,972,240148.5
524288,973,236198.1
524288,974,236179.3
524288,975,235915.2
524288,976,237105.3
524288,977,236377.3
524288,978,235610.6
524288,979,235156.4
524288,980,236947.8
524288,981,240964.2
524288,982,240531.2
524288,983,236580.2
524288,984,245895.7
524288,985,238480.0
524288,986,236019.4
524288,987,236703.1
524288,988,236767.9
524288,989,239151.6
524288,990,236661.4
524288,991,242443.7
524288,992,241167.7
524288,993,239748.8
524288,994,236717.7
524288,995,237319.0
524288,996,239689.4
524288,997,243742.2
524288,998,238904.5
524288,999,247309.2
524288,1000,236923.6
524288,1001,237105.9
524288,1002,244323.6
524288,1003,238040.9
524288,1004,237577.6
524288,1005,237839.3
524288,1006,238327.4
524288,1007,237008.4
524288,1008,237701.8
524288,1009,238681.1
524288,1010,248340.6
524288,1011,237092.6
524288,1012,236786.1
524288,1013,236589.9
524288,1014,237159.8
524288,1015,243983.2
524288,1016,246515.9
524288,1017,237120.4
524288,1018,237981.6
524288,1019,237099.8
524288,1020,236944.8
524288,1021,235744.5
524288,1022,237087.7
524288,1023,246618.2
524288,1024,237261.5
524288,1025,236877.6
524288,1026,236794.0
524288,1027,236872.7
524288,1028,235741.4
524288,1029,236913.3
524288,1030,236504.5
524288,1031,238701.7
524288,1032,230732.4
524288,1033,230535.0
524288,1034,230770.0
524288,1035,231906.1
524288,1036,238489.1
524288,1037,238785.2
524288,1038,230883.8
524288,1039,235203.0
524288,1040,234707.6
524288,1041,237184.0
524288,1042,244396.8
524288,1043,232358.5
524288,1044,237900.4
524288,1045,240809.8
524288,1046,236890.9
524288,1047,235872.8
524288,1048,231704.4
524288,1049,234103.9
524288,1050,234447.8
524288,1051,235298.7
524288,1052,236851.5
524288,1053,234452.7
524288,1054,236633.5
524288,1055,249846.1
524288,1056,240525.2
524288,1057,235091.0
524288,1058,234696.1
524288,1059,234252.8
524288,1060,238510.3
524288,1061,235155.8
524288,1062,236416.7
524288,1063,234959.6
524288,1064,236694.1
524288,1065,235066.8
524288,1066,235358.1
524288,1067,247953.6
524288,1068,245207.8
524288,1069,236066.6
524288,1070,235628.8
524288,1071,235224.2
524288,1072,235564.0
524288,1073,237557.1
524288,1074,236602.6
524288,1075,235416.8
524288,1076,235698.4
524288,1077,237881.1
524288,1078,235513.1
524288,1079,235059.5
524288,1080,235509.5
524288,1081,237401.4
524288,1082,236256.8
524288,1083,236574.8
524288,1084,236018.8
524288,1085,245837.0
524288,1086,246424.4
524288,1087,238844.6
524288,1088,236592.3
524288,1089,237195.5
524288,1090,239088.7
524288,1091,236840.0
524288,1092,237165.2
524288,1093,236456.7
524288,1094,237521.9
524288,1095,236911.5
524288,1096,238152.4
524288,1097,236893.3
524288,1098,238470.9
524288,1099,235546.4
524288,1100,237030.2
524288,1101,236424.0
524288,1102,237263.9
524288,1103,236922.4
524288,1104,247876.1
524288,1105,244106.2
524288,1106,237394.8
524288,1107,249008.6
524288,1108,241047.8
524288,1109,244960.1
524288,1110,238103.9
524288,1111,238389.2
524288,1112,236660.1
524288,1113,235977.0
524288,1114,236852.1
524288,1115,248950.4
524288,1116,245913.3
524288,1117,236597.2
524288,1118,247031.9
524288,1119,237690.3
524288,1120,236797.0
524288,1121,236048.5
524288,1122,237220.3
524288,1123,247917.3
524288,1124,236672.3
524288,1125,238692.0
524288,1126,247046.4
524288,1127,239655.5
524288,1128,238001.0
524288,1129,238382.5
524288,1130,238013.7
524288,1131,246280.9
524288,1132,235443.5
524288,1133,231237.5
524288,1134,239767.5
524288,1135,234995.9
524288,1136,231682.0
524288,1137,243742.2
524288,1138,235773.5
524288,1139,240940.0
524288,1140,242233.0
524288,1141,230710.0
524288,1142,230751.2
524288,1143,231633.0
524288,1144,231539.7
524288,1145,230988.6
524288,1146,231415.5
524288,1147,244339.9
524288,1148,240337.4
524288,1149,231031.6
524288,1150,234593.8
524288,1151,245122.4
524288,1152,245420.9
524288,1153,235922.5
524288,1154,235747.5
524288,1155,235008.6
524288,1156,236179.9
524288,1157,245811.6
524288,1158,235426.5
524288,1159,234951.1
524288,1160,235011.1
524288,1161,245554.2
524288,1162,242253.0
524288,1163,234932.9
524288,1164,234068.1
524288,1165,235077.7
524288,1166,234778.5
524288,1167,235770.5
524288,1168,236387.6
524288,1169,236348.3
524288,1170,235717.2
524288,1171,236001.2
524288,1172,238438.8
524288,1173,249129.1
524288,1174,235966.7
524288,1175,236053.9
524288,1176,235908.6
524288,1177,235280.0
524288,1178,237833.8
524288,1179,235630.6
524288,1180,235928.0
524288,1181,236097.5
524288,1182,237964.0
524288,1183,236100.0
524288,1184,236687.4
524288,1185,236223.5
524288,1186,248489.6
524288,1187,236714.0
524288,1188,236440.3
524288,1189,237027.7
524288,1190,237486.8
524288,1191,236869.1
524288,1192,244642.1
524288,1193,236571.7
524288,1194,237324.5
524288,1195,246550.4
524288,1196,244208.5
524288,1197,245035.2
524288,1198,238698.6
524288,1199,236945.4
524288,1200,236809.7
524288,1201,245617.2
524288,1202,246665.5
524288,1203,240030.4
524288,1204,238190.5
524288,1205,249838.9
524288,1206,245163.6
524288,1207,241094.4
524288,1208,236669.2
524288,1209,236628.7
524288,1210,237063.5
524288,1211,251111.3
524288,1212,237390.5
524288,1213,236421.5
524288,1214,236211.4
524288,1215,246927.7
524288,1216,248154.7
524288,1217,237042.9
524288,1218,236220.5
524288,1219,239289.1
524288,1220,237225.2
524288,1221,237104.1
524288,1222,249563.3
524288,1223,247007.0
524288,1224,236718.3
524288,1225,236526.9
524288,1226,236501.5
524288,1227,237153.1
524288,1228,236313.7
524288,1229,235917.7
524288,1230,236479.1
524288,1231,239555.6
524288,1232,244011.7
524288,1233,250492.3
524288,1234,243724.0
524288,1235,236372.5
524288,1236,236844.2
524288,1237,235860.7
524288,1238,244356.3
524288,1239,239262.5
524288,1240,249023.7
524288,1241,236609.3
524288,1242,236425.8
524288,1243,245691.6
524288,1244,237844.7
524288,1245,237576.4
524288,1246,236640.2
524288,1247,236132.7
524288,1248,237500.7
524288,1249,236347.0
524288,1250,247957.2
524288,1251,245124.2
524288,1252,237789.0
524288,1253,237137.4
524288,1254,236212.0
524288,1255,236397.3
524288,1256,236731.0
524288,1257,239481.1
524288,1258,239842.6
524288,1259,245908.5
524288,1260,246603.7
524288,1261,238256.5
524288,1262,236440.3
524288,1263,248246.7
524288,1264,245918.8
524288,1265,237714.5
524288,1266,236614.7
524288,1267,236941.8
524288,1268,236675.9
524288,1269,247767.1
524288,1270,237844.1
524288,1271,236877.6
524288,1272,241317.3
524288,1273,247925.1
524288,1274,238577.5
524288,1275,236365.2
524288,1276,236693.5
524288,1277,238899.7
524288,1278,236307.1
524288,1279,236873.3
524288,1280,237139.2
524288,1281,236599.0
524288,1282,256197.8
524288,1283,247071.2
524288,1284,236232.6
524288,1285,244252.7
524288,1286,248173.4
524288,1287,237763.0
524288,1288,236541.4
524288,1289,236924.2
524288,1290,238813.7
524288,1291,237121.6
524288,1292,237234.9
524288,1293,245487.6
524288,1294,237920.4
524288,1295,236354.3
524288,1296,250110.2
524288,1297,243692.5
524288,1298,239825.1
524288,1299,237624.9
524288,1300,236212.6
524288,1301,236552.9
524288,1302,237865.9
524288,1303,236183.5
524288,1304,236561.4
524288,1305,237441.4
524288,1306,236342.8
524288,1307,238427.3
524288,1308,243122.0
524288,1309,237526.8
524288,1310,236929.0
524288,1311,239557.4
524288,1312,236628.7
524288,1313,236411.2
524288,1314,236304.0
524288,1315,245996.9
524288,1316,239857.8
524288,1317,247782.8
524288,1318,240562.7
524288,1319,237536.5
524288,1320,236151.4
524288,1321,235976.4
524288,1322,236322.8
524288,1323,238404.9
524288,1324,244616.1
524288,1325,245462.7
524288,1326,236567.5
524288,1327,239059.0
524288,1328,236623.2
524288,1329,237094.4
524288,1330,236272.6
524288,1331,236494.2
524288,1332,237080.4
524288,1333,237033.8
524288,1334,236424.0
524288,1335,247494.6
524288,1336,238123.3
524288,1337,237994.9
524288,1338,244058.3
524288,1339,236462.7
524288,1340,238221.4
524288,1341,236480.3
524288,1342,237200.3
524288,1343,253526.5
524288,1344,238640.5
524288,1345,241482.0
524288,1346,241469.9
524288,1347,236584.4
524288,1348,237807.8
524288,1349,242794.4
524288,1350,240743.8
524288,1351,234807.6
524288,1352,241932.0
524288,1353,238804.0
524288,1354,241672.2
524288,1355,231825.5
524288,1356,231741.4
524288,1357,232896.3
524288,1358,240657.8
524288,1359,230878.4
524288,1360,230895.3
524288,1361,231887.9
524288,1362,243041.5
524288,1363,240002.5
524288,1364,230602.8
524288,1365,232524.4
524288,1366,230932.9
524288,1367,230860.8
524288,1368,230641.0
524288,1369,230769.3
524288,1370,236018.2
524288,1371,238730.1
524288,1372,234421.8
524288,1373,234802.7
524288,1374,235894.6
524288,1375,235359.9
524288,1376,245321.0
524288,1377,243876.6
524288,1378,236566.9
524288,1379,234891.8
524288,1380,238032.5
524288,1381,242157.3
524288,1382,236657.7
524288,1383,235070.4
524288,1384,234387.9
524288,1385,234238.3
524288,1386,235210.9
524288,1387,235518.6
524288,1388,235759.0
524288,1389,236407.6
524288,1390,247727.1
524288,1391,239161.9
524288,1392,239019.6
524288,1393,239624.6
524288,1394,241211.3
524288,1395,241426.9
524288,1396,236156.9
524288,1397,235315.7
524288,1398,235768.7
524288,1399,236692.2
524288,1400,249395.0
524288,1401,235649.4
524288,1402,235307.2
524288,1403,237053.8
524288,1404,235915.2
524288,1405,244702.1
524288,1406,241744.9
524288,1407,239085.6
524288,1408,236141.1
524288,1409,243676.8
524288,1410,238452.8
524288,1411,239715.5
524288,1412,247347.4
524288,1413,237682.4
524288,1414,235891.0
524288,1415,248609.5
524288,1416,242612.1
524288,1417,236909.7
524288,1418,236900.0
524288,1419,236362.2
524288,1420,243048.1
524288,1421,237075.6
524288,1422,245231.4
524288,1423,237314.8
524288,1424,238619.9
524288,1425,236881.8
524288,1426,237296.6
524288,1427,237182.2
524288,1428,239490.2
524288,1429,244935.2
524288,1430,244694.8
524288,1431,236728.6
524288,1432,237531.6
524288,1433,241644.9
524288,1434,240731.7
524288,1435,237122.8
524288,1436,248670.0
524288,1437,238353.4
524288,1438,237191.9
524288,1439,250305.8
524288,1440,240161.2
524288,1441,237574.6
524288,1442,236499.0
524288,1443,237561.3
524288,1444,236622.6
524288,1445,238782.2
524288,1446,238128.8
524288,1447,237369.9
524288,1448,237113.1
524288,1449,239143.8
524288,1450,237543.1
524288,1451,237851.4
524288,1452,236035.2
524288,1453,242403.2
524288,1454,246732.7
524288,1455,240335.0
524288,1456,234817.9
524288,1457,240965.4
524288,1458,230988.0
524288,1459,230240.6
524288,1460,231307.1
524288,1461,235270.3
524288,1462,246635.8
524288,1463,231983.6
524288,1464,231198.1
524288,1465,230807.5
524288,1466,231547.6
524288,1467,231200.5
524288,1468,230379.3
524288,1469,230988.6
524288,1470,232918.1
524288,1471,241285.8
524288,1472,231207.8
524288,1473,231289.6
524288,1474,246566.2
524288,1475,238515.7
524288,1476,235045.0
524288,1477,233982.7
524288,1478,234727.0
524288,1479,236912.7
524288,1480,235596.7
524288,1481,235292.1
524288,1482,241448.7
524288,1483,239139.5
524288,1484,235232.7
524288,1485,235296.3
524288,1486,234785.2
524288,1487,236844.9
524288,1488,235578.5
524288,1489,233636.9
524288,1490,243469.7
524288,1491,236301.0
524288,1492,237103.5
524288,1493,239060.2
524288,1494,232129.6
524288,1495,233676.9
524288,1496,231574.8
524288,1497,231465.8
524288,1498,240239.3
524288,1499,240743.2
524288,1500,238961.5
524288,1501,231284.1
524288,1502,230491.4
524288,1503,231259.3
524288,1504,232632.2
524288,1505,231037.0
524288,1506,240966.0
524288,1507,232819.3
524288,1508,231089.1
524288,1509,241567.4
524288,1510,235777.2
524288,1511,234909.3
524288,1512,235751.1
524288,1513,243753.1
524288,1514,242205.1
524288,1515,235080.7
524288,1516,235201.2
524288,1517,242387.4
524288,1518,237921.6
524288,1519,234221.3
524288,1520,234956.6
524288,1521,235716.6
524288,1522,235633.6
524288,1523,245583.8
524288,1524,254434.9
524288,1525,236795.2
524288,1526,235703.9
524288,1527,244966.7
524288,1528,235893.4
524288,1529,237277.3
524288,1530,244012.9
524288,1531,238632.0
524288,1532,236456.7
524288,1533,238558.1
524288,1534,235108.6
524288,1535,235353.2
524288,1536,255185.8
524288,1537,243990.5
524288,1538,236567.5
524288,1539,236672.9
524288,1540,236112.1
524288,1541,235810.5
524288,1542,236276.8
524288,1543,235947.3
524288,1544,236253.8
524288,1545,236181.7
524288,1546,237448.7
524288,1547,236837.0
524288,1548,236512.4
524288,1549,231305.3
524288,1550,231877.6
524288,1551,231040.7
524288,1552,229782.8
524288,1553,229260.2
524288,1554,230799.6
524288,1555,230845.0
524288,1556,230925.6
524288,1557,240226.0
524288,1558,237791.4
524288,1559,240899.4
524288,1560,229991.7
524288,1561,229977.2
524288,1562,229754.3
524288,1563,232549.2
524288,1564,229741.6
524288,1565,230847.5
524288,1566,229785.8
524288,1567,233702.9
524288,1568,230317.0
524288,1569,229733.7
524288,1570,230023.2
524288,1571,230413.2
524288,1572,231835.8
524288,1573,244382.9
524288,1574,242782.9
524288,1575,235736.6
524288,1576,236479.1
524288,1577,234408.5
524288,1578,234557.5
524288,1579,234893.0
524288,1580,235805.6
524288,1581,234891.1
524288,1582,242267.5
524288,1583,238761.6
524288,1584,235894.6
524288,1585,234445.4
524288,1586,234318.2
524288,1587,234915.4
524288,1588,234218.3
524288,1589,235706.9
524288,1590,235249.7
524288,1591,236311.9
524288,1592,245467.0
524288,1593,236777.0
524288,1594,235699.0
524288,1595,235085.5
524288,1596,235975.8
524288,1597,237142.8
524288,1598,240206.0
524288,1599,241387.6
524288,1600,236711.6
524288,1601,237472.3
524288,1602,235386.5
524288,1603,235699.6
524288,1604,236718.3
524288,1605,237600.7
524288,1606,236067.2
524288,1607,237747.2
524288,1608,252261.3
524288,1609,239971.0
524288,1610,243462.4
524288,1611,239115.9
524288,1612,236869.1
524288,1613,236048.5
524288,1614,239207.4
524288,1615,236703.7
524288,1616,236058.2
524288,1617,236450.6
524288,1618,237592.2
524288,1619,236609.9
524288,1620,242603.6
524288,1621,242174.2
524288,1622,238529.7
524288,1623,236944.8
524288,1624,236155.1
524288,1625,250791.5
524288,1626,247426.1
524288,1627,248132.9
524288,1628,248343.6
524288,1629,239840.8
524288,1630,237731.5
524288,1631,236578.4
524288,1632,236575.4
524288,1633,235940.1
524288,1634,244901.3
524288,1635,237282.7
524288,1636,236443.9
524288,1637,238596.3
524288,1638,246710.3
524288,1639,237634.6
524288,1640,239721.5
524288,1641,241395.4
524288,1642,236402.8
524288,1643,237117.4
524288,1644,247601.7
524288,1645,236458.5
524288,1646,236169.6
524288,1647,242245.7
524288,1648,236870.3
524288,1649,237205.8
524288,1650,236820.0
524288,1651,238064.6
524288,1652,242696.3
524288,1653,247007.0
524288,1654,237174.3
524288,1655,236818.8
524288,1656,236531.1
524288,1657,235899.5
524288,1658,236580.8
524288,1659,236520.2
524288,1660,237211.3
524288,1661,236740.1
524288,1662,236241.7
524288,1663,236814.6
524288,1664,246634.6
524288,1665,240816.5
524288,1666,241596.5
524288,1667,236320.4
524288,1668,237806.6
524288,1669,236454.8
524288,1670,236310.7
524288,1671,247170.6
524288,1672,238945.1
524288,1673,236402.8
524288,1674,236477.2
524288,1675,239692.4
524288,1676,243874.8
524288,1677,236617.7
524288,1678,235996.4
524288,1679,237634.6
524288,1680,238143.3
524288,1681,236247.7
524288,1682,237013.8
524288,1683,247326.2
524288,1684,237729.0
524288,1685,241263.4
524288,1686,245146.0
524288,1687,238068.2
524288,1688,236474.8
524288,1689,245881.8
524288,1690,237951.3
524288,1691,236604.4
524288,1692,242960.3
524288,1693,246588.0
524288,1694,235976.4
524288,1695,236863.0
524288,1696,240310.2
524288,1697,246629.7
524288,1698,236609.9
524288,1699,237567.4
524288,1700,236290.7
524288,1701,238382.5
524288,1702,244431.4
524288,1703,246485.0
524288,1704,237469.8
524288,1705,238910.6
524288,1706,237365.1
524288,1707,235958.8
524288,1708,236927.8
524288,1709,236334.3
524288,1710,237019.9
524288,1711,235838.3
524288,1712,243748.2
524288,1713,245737.7
524288,1714,237618.8
524288,1715,236576.6
524288,1716,247940.3
524288,1717,238289.2
524288,1718,251544.3
524288,1719,242560.6
524288,1720,235842.6
524288,1721,236870.9
524288,1722,237726.6
524288,1723,246745.4
524288,1724,246203.4
524288,1725,238123.3
524288,1726,246179.2
524288,1727,235849.8
524288,1728,237286.3
524288,1729,236573.5
524288,1730,239093.5
524288,1731,236096.9
524288,1732,244668.8
524288,1733,241277.9
524288,1734,258422.8
524288,1735,247709.5
524288,1736,242319.6
524288,1737,240696.6
524288,1738,230148.0
524288,1739,239496.8
524288,1740,234014.2
524288,1741,230376.9
524288,1742,233094.3
524288,1743,240751.7
524288,1744,230716.1
524288,1745,230470.2
524288,1746,230628.8
524288,1747,230855.3
524288,1748,242915.5
524288,1749,236173.2
524288,1750,231083.1
524288,1751,242031.3
524288,1752,233751.4
524288,1753,239933.5
524288,1754,247109.4
524288,1755,239085.6
524288,1756,236813.4
524288,1757,234503.0
524288,1758,234991.7
524288,1759,242212.4
524288,1760,239828.7
524288,1761,244380.5
524288,1762,235107.4
524288,1763,239687.0
524288,1764,242047.1
524288,1765,242610.9
524288,1766,243503.0
524288,1767,243834.2
524288,1768,235877.7
524288,1769,235077.1
524288,1770,235416.2
524288,1771,235617.3
524288,1772,237118.0
524288,1773,236374.9
524288,1774,235274.5
524288,1775,244768.1
524288,1776,238035.5
524288,1777,235178.2
524288,1778,235249.7
524288,1779,235553.7
524288,1780,236529.3
524288,1781,237303.9
524288,1782,235596.1
524288,1783,240178.1
524288,1784,243722.8
524288,1785,236073.3
524288,1786,235933.4
524288,1787,236409.4
524288,1788,235713.6
524288,1789,237800.5
524288,1790,236768.5
524288,1791,237040.5
524288,1792,237290.6
524288,1793,237389.9
524288,1794,236912.7
524288,1795,236603.8
524288,1796,236523.9
524288,1797,236314.3
524288,1798,239447.2
524288,1799,236964.8
524288,1800,236872.1
524288,1801,244493.1
524288,1802,240046.1
524288,1803,236916.9
524288,1804,236982.9
524288,1805,236207.8
524288,1806,237369.9
524288,1807,236723.7
524288,1808,248081.4
524288,1809,236605.6
524288,1810,237864.1
524288,1811,236550.5
524288,1812,237025.9
524288,1813,241651.6
524288,1814,247283.2
524288,1815,232674.6
524288,1816,230130.4
524288,1817,230614.9
524288,1818,230362.4
524288,1819,231842.5
524288,1820,230726.3
524288,1821,230583.4
524288,1822,230985.6
524288,1823,232459.0
524288,1824,231487.0
524288,1825,250845.4
524288,1826,231450.1
524288,1827,231529.4
524288,1828,230157.7
524288,1829,231021.3
524288,1830,230848.7
524288,1831,231861.3
524288,1832,230472.0
524288,1833,233536.4
524288,1834,235280.0
524288,1835,239605.2
524288,1836,236789.1
524288,1837,246310.0
524288,1838,234864.5
524288,1839,235109.8
524288,1840,245878.8
524288,1841,234060.2
524288,1842,234457.5
524288,1843,234776.7
524288,1844,235822.6
524288,1845,234650.1
524288,1846,245182.9
524288,1847,243976.6
524288,1848,237968.9
524288,1849,234906.9
524288,1850,236572.9
524288,1851,243598.0
524288,1852,238068.8
524288,1853,236723.1
524288,1854,236126.6
524288,1855,246355.4
524288,1856,234507.8
524288,1857,243126.3
524288,1858,236307.7
524288,1859,236108.4
524288,1860,235555.5
524288,1861,236586.9
524288,1862,235674.2
524288,1863,235639.1
524288,1864,234908.7
524288,1865,236751.0
524288,1866,245911.5
524288,1867,236108.4
524288,1868,237878.6
524288,1869,238021.0
524288,1870,236626.8
524288,1871,236137.5
524288,1872,244080.7
524288,1873,239420.5
524288,1874,230489.6
524288,1875,231812.2
524288,1876,230261.8
524288,1877,233101.0
524288,1878,239980.7
524288,1879,230318.8
524288,1880,230247.9
524288,1881,230009.9
524288,1882,232481.4
524288,1883,230972.2
524288,1884,230383.0
524288,1885,229308.6
524288,1886,231463.4
524288,1887,238203.2
524288,1888,239813.6
524288,1889,231761.3
524288,1890,228978.6
524288,1891,232062.9
524288,1892,230571.9
524288,1893,228830.8
524288,1894,230891.1
524288,1895,231428.9
524288,1896,232748.5
524288,1897,234928.7
524288,1898,234905.7
524288,1899,235543.4
524288,1900,237410.5
524288,1901,250056.3
524288,1902,247930.6
524288,1903,238242.0
524288,1904,234322.5
524288,1905,234409.7
524288,1906,234523.5
524288,1907,241947.7
524288,1908,243407.3
524288,1909,235295.7
524288,1910,236362.2
524288,1911,234119.0
524288,1912,236098.1
524288,1913,235398.7
524288,1914,235418.0
524288,1915,242245.7
524288,1916,240931.5
524288,1917,234716.7
524288,1918,242885.8
524288,1919,244812.9
524288,1920,237041.1
524288,1921,235364.7
524288,1922,235101.3
524288,1923,242030.1
524288,1924,249477.9
524288,1925,234896.0
524288,1926,235785.6
524288,1927,235620.9
524288,1928,237418.4
524288,1929,232904.1
524288,1930,230631.9
524288,1931,231411.3
524288,1932,230745.1
524288,1933,234264.3
524288,1934,239924.4
524288,1935,230333.3
524288,1936,235368.4
524288,1937,235325.4
524288,1938,230415.7
524288,1939,230405.4
524288,1940,231453.1
524288,1941,231671.7
524288,1942,241640.7
524288,1943,238966.9
524288,1944,231991.5
524288,1945,230355.1
524288,1946,231725.6
524288,1947,234647.1
524288,1948,235346.6
524288,1949,235226.7
524288,1950,235500.4
524288,1951,235711.8
524288,1952,234469.0
524288,1953,234463.6
524288,1954,237529.8
524288,1955,234314.6
524288,1956,234911.7
524288,1957,234698.6
524288,1958,235840.7
524288,1959,234800.3
524288,1960,235277.5
524288,1961,237402.6
524288,1962,240632.4
524288,1963,235779.6
524288,1964,235370.8
524288,1965,236223.5
524288,1966,246662.4
524288,1967,245688.0
524288,1968,235889.2
524288,1969,231272.0
524288,1970,231766.8
524288,1971,232032.1
524288,1972,230762.1
524288,1973,229566.0
524288,1974,231479.7
524288,1975,243203.2
524288,1976,237567.4
524288,1977,230645.8
524288,1978,231286.5
524288,1979,231304.1
524288,1980,232990.7
524288,1981,237736.9
524288,1982,231582.1
524288,1983,230182.5
524288,1984,231332.0
524288,1985,230833.5
524288,1986,231849.8
524288,1987,230494.4
524288,1988,232862.3
524288,1989,230828.1
524288,1990,234716.7
524288,1991,247917.3
524288,1992,254571.1
524288,1993,243258.9
524288,1994,234870.0
524288,1995,235315.1
524288,1996,235601.5
524288,1997,234626.5
524288,1998,234617.4
524288,1999,235127.3
