size_bytes,iteration,rtt_ns
4,0,2537.5
4,1,2396.4
4,2,4406.4
4,3,4246.0
4,4,4230.2
4,5,5079.9
4,6,4476.7
4,7,5156.2
4,8,8590.0
4,9,5239.8
4,10,8785.6
4,11,5286.4
4,12,8749.9
4,13,5182.2
4,14,8515.5
4,15,5079.3
4,16,8763.2
4,17,5274.3
4,18,8530.1
4,19,5106.5
4,20,8516.7
4,21,5234.3
4,22,8723.9
4,23,5406.9
4,24,8347.8
4,25,5100.5
4,26,8660.3
4,27,5181.0
4,28,8640.3
4,29,5128.3
4,30,8559.1
4,31,5290.6
4,32,8655.4
4,33,5057.5
4,34,11609.6
4,35,4566.9
4,36,5002.4
4,37,8927.3
4,38,3293.9
4,39,3149.2
4,40,3072.3
4,41,3089.8
4,42,3132.8
4,43,2990.5
4,44,2169.9
4,45,2211.1
4,46,2110.6
4,47,4006.7
4,48,7227.4
4,49,5312.4
4,50,3763.3
4,51,4011.6
4,52,3011.1
4,53,3120.1
4,54,3086.8
4,55,3063.8
4,56,2220.2
4,57,2239.6
4,58,2244.4
4,59,2063.3
4,60,3114.7
4,61,3098.3
4,62,3151.6
4,63,3132.8
4,64,3043.8
4,65,2978.4
4,66,2976.6
4,67,3089.2
4,68,3089.8
4,69,3780.8
4,70,3022.6
4,71,3050.5
4,72,3042.6
4,73,3049.3
4,74,3097.7
4,75,3023.8
4,76,2942.7
4,77,3112.8
4,78,3640.3
4,79,3977.1
4,80,3657.3
4,81,3960.7
4,82,3126.8
4,83,3101.9
4,84,2154.8
4,85,2137.2
4,86,2073.0
4,87,2072.4
4,88,2129.9
4,89,2114.8
4,90,2101.5
4,91,3087.4
4,92,2872.4
4,93,3059.6
4,94,3063.2
4,95,2823.4
4,96,3115.9
4,97,3173.4
4,98,2977.8
4,99,3697.9
4,100,3046.2
4,101,3093.5
4,102,2808.2
4,103,3112.2
4,104,3052.9
4,105,3078.9
4,106,3082.6
4,107,3060.8
4,108,3710.6
4,109,3093.5
4,110,2110.0
4,111,2194.7
4,112,2181.4
4,113,2082.1
4,114,2318.9
4,115,2256.5
4,116,2240.2
4,117,2279.5
4,118,3677.9
4,119,3684.5
4,120,3703.9
4,121,3148.6
4,122,3149.2
4,123,3150.4
4,124,3037.8
4,125,3120.7
4,126,2971.1
4,127,3099.5
4,128,3945.6
4,129,3947.4
4,130,3669.4
4,131,4022.5
4,132,3108.6
4,133,2849.4
4,134,2123.9
4,135,2260.1
4,136,2250.5
4,137,2136.6
4,138,2183.2
4,139,2118.4
4,140,2094.2
4,141,3028.7
4,142,3068.0
4,143,3073.5
4,144,3069.9
4,145,3088.6
4,146,3068.6
4,147,3097.1
4,148,3160.1
4,149,4021.9
4,150,3909.8
4,151,2180.2
4,152,2128.1
4,153,2195.3
4,154,2224.4
4,155,2068.2
4,156,2184.4
4,157,2205.0
4,158,3103.2
4,159,3126.8
4,160,3002.6
4,161,3093.5
4,162,3003.8
4,163,3055.3
4,164,3038.4
4,165,3078.3
4,166,3900.1
4,167,5670.4
4,168,4014.6
4,169,3399.3
4,170,2914.2
4,171,2104.5
4,172,2260.1
4,173,2172.9
4,174,2128.7
4,175,2126.9
4,176,2148.1
4,177,2187.5
4,178,3115.9
4,179,3114.1
4,180,3021.4
4,181,2935.4
4,182,3008.1
4,183,3016.0
4,184,2834.9
4,185,3046.8
4,186,3446.5
4,187,3045.0
4,188,2178.4
4,189,2176.0
4,190,2140.8
4,191,2068.8
4,192,2078.5
4,193,2116.6
4,194,2097.2
4,195,2051.2
4,196,3707.0
4,197,3989.8
4,198,3100.1
4,199,3051.7
4,200,3094.1
4,201,2995.4
4,202,3090.4
4,203,3128.6
4,204,2945.1
4,205,4174.5
4,206,3073.5
4,207,3094.7
4,208,2218.4
4,209,2148.7
4,210,2123.9
4,211,2176.6
4,212,2143.9
4,213,2205.0
4,214,2309.8
4,215,2750.7
4,216,3075.3
4,217,2860.3
4,218,2888.2
4,219,3028.7
4,220,3004.4
4,221,2817.3
4,222,2736.8
4,223,3443.5
4,224,2999.0
4,225,3012.9
4,226,3089.2
4,227,3063.2
4,228,3005.7
4,229,3019.0
4,230,3064.4
4,231,3021.4
4,232,3691.8
4,233,3031.7
4,234,2437.6
4,235,6070.7
4,236,2225.0
4,237,2170.5
4,238,2222.6
4,239,2165.7
4,240,4581.5
4,241,2139.0
4,242,2217.8
4,243,2266.8
4,244,2267.4
4,245,2209.9
4,246,3028.7
4,247,3068.0
4,248,3060.8
4,249,3043.8
4,250,3046.8
4,251,3008.7
4,252,3053.5
4,253,3144.3
4,254,4089.7
4,255,4105.4
4,256,2302.5
4,257,2257.1
4,258,2176.6
4,259,2235.3
4,260,2203.8
4,261,2317.7
4,262,2186.9
4,263,3349.0
4,264,3379.9
4,265,3407.2
4,266,3287.9
4,267,3294.5
4,268,3298.2
4,269,3306.0
4,270,3364.2
4,271,3817.2
4,272,3825.7
4,273,4057.6
4,274,4120.6
4,275,4151.5
4,276,3830.5
4,277,4125.4
4,278,4115.7
4,279,4085.5
4,280,4086.1
4,281,4090.9
4,282,3871.1
4,283,4101.8
4,284,4070.9
4,285,4100.6
4,286,4123.6
4,287,4123.0
4,288,4140.6
4,289,4107.3
4,290,4172.1
4,291,4113.9
4,292,4124.8
4,293,4163.0
4,294,4117.0
4,295,56544.9
4,296,4081.2
4,297,4118.8
4,298,4133.9
4,299,4115.1
4,300,4085.5
4,301,4102.4
4,302,4110.9
4,303,4084.3
4,304,3032.3
4,305,3071.7
4,306,2281.3
4,307,2217.8
4,308,2228.0
4,309,2146.3
4,310,2037.9
4,311,2219.0
4,312,2258.9
4,313,3039.0
4,314,3090.4
4,315,3088.6
4,316,3042.0
4,317,3054.7
4,318,3089.2
4,319,3067.4
4,320,3053.5
4,321,3718.5
4,322,3276.4
4,323,3312.7
4,324,3052.9
4,325,3211.6
4,326,3163.7
4,327,3180.7
4,328,3246.1
4,329,3077.1
4,330,3890.5
4,331,3097.1
4,332,2318.3
4,333,2297.1
4,334,2298.3
4,335,2268.0
4,336,2222.0
4,337,2225.0
4,338,2261.4
4,339,2315.9
4,340,3968.0
4,341,3142.5
4,342,2052.4
4,343,2134.8
4,344,2103.3
4,345,2105.7
4,346,2141.4
4,347,2123.9
4,348,2108.7
4,349,2157.8
4,350,3961.9
4,351,3711.8
4,352,3048.7
4,353,3122.5
4,354,3314.5
4,355,3011.7
4,356,3219.4
4,357,3096.5
4,358,3057.7
4,359,3971.0
4,360,4157.5
4,361,3782.7
4,362,3964.9
4,363,3934.1
4,364,4138.2
4,365,4086.7
4,366,3077.1
4,367,3061.4
4,368,2176.0
4,369,2312.2
4,370,2096.6
4,371,2168.1
4,372,2191.7
4,373,2109.3
4,374,2131.8
4,375,2926.9
4,376,2849.4
4,377,3012.9
4,378,3118.3
4,379,3074.1
4,380,2999.0
4,381,3115.9
4,382,3011.7
4,383,3682.1
4,384,3085.0
4,385,3072.9
4,386,2882.1
4,387,3040.8
4,388,2877.9
4,389,3137.7
4,390,2756.1
4,391,3028.7
4,392,3638.5
4,393,3013.5
4,394,3081.4
4,395,3114.7
4,396,3046.2
4,397,3122.5
4,398,2984.5
4,399,3161.9
4,400,3021.4
4,401,3985.5
4,402,3964.9
4,403,2281.3
4,404,2160.8
4,405,2146.9
4,406,2218.4
4,407,2111.2
4,408,2196.0
4,409,2137.8
4,410,3149.2
4,411,3160.1
4,412,3111.6
4,413,3096.5
4,414,3046.2
4,415,3070.5
4,416,3025.6
4,417,3006.3
4,418,3121.9
4,419,4034.0
4,420,3068.6
4,421,3171.6
4,422,2272.3
4,423,2245.6
4,424,2199.0
4,425,2200.8
4,426,2120.9
4,427,2059.1
4,428,2213.5
4,429,2904.5
4,430,3023.8
4,431,3072.9
4,432,3085.6
4,433,3059.6
4,434,2921.5
4,435,3120.1
4,436,3065.0
4,437,3730.6
4,438,2770.1
4,439,2991.7
4,440,2965.7
4,441,2812.5
4,442,3126.8
4,443,2753.1
4,444,3008.1
4,445,2894.8
4,446,4685.6
4,447,3873.5
4,448,2415.2
4,449,2144.5
4,450,2142.7
4,451,2153.6
4,452,2208.1
4,453,2174.2
4,454,3456.8
4,455,3151.6
4,456,3161.3
4,457,3068.0
4,458,3123.1
4,459,3168.6
4,460,3083.2
4,461,2996.0
4,462,3897.1
4,463,3983.1
4,464,3955.3
4,465,3105.0
4,466,3061.4
4,467,2047.6
4,468,2153.6
4,469,2125.1
4,470,1997.3
4,471,2208.7
4,472,2099.7
4,473,2107.5
4,474,3050.5
4,475,3075.9
4,476,3038.4
4,477,3154.0
4,478,3145.6
4,479,2841.5
4,480,3068.6
4,481,3064.4
4,482,3714.8
4,483,3117.1
4,484,2179.6
4,485,2251.7
4,486,2232.3
4,487,2298.3
4,488,2298.3
4,489,2166.3
4,490,2213.5
4,491,2179.6
4,492,3969.8
4,493,4017.6
4,494,2254.7
4,495,2139.6
4,496,2126.9
4,497,2188.7
4,498,2134.2
4,499,2128.7
4,500,2085.1
4,501,2157.8
4,502,3110.4
4,503,3714.8
4,504,3914.1
4,505,3050.5
4,506,3132.2
4,507,3085.0
4,508,3066.8
4,509,3080.1
4,510,3066.8
4,511,3009.9
4,512,3956.5
4,513,2772.5
4,514,2134.8
4,515,2206.9
4,516,2176.0
4,517,2156.0
4,518,2123.9
4,519,2220.8
4,520,2211.1
4,521,3079.5
4,522,3092.9
4,523,3076.5
4,524,2940.3
4,525,3016.0
4,526,2979.0
4,527,3104.4
4,528,3083.8
4,529,3710.0
4,530,3106.8
4,531,2167.5
4,532,2185.7
4,533,2209.9
4,534,2201.4
4,535,2136.6
4,536,2183.2
4,537,2008.8
4,538,2090.0
4,539,3982.5
4,540,3094.1
4,541,2157.8
4,542,2155.4
4,543,2086.3
4,544,2126.3
4,545,2065.1
4,546,2117.8
4,547,2212.9
4,548,2102.7
4,549,3971.0
4,550,3032.3
4,551,2058.5
4,552,2184.4
4,553,2055.4
4,554,2098.4
4,555,2179.0
4,556,2175.4
4,557,2166.3
4,558,1975.5
4,559,3710.0
4,560,3648.8
4,561,3423.5
4,562,3957.1
4,563,3684.5
4,564,3657.3
4,565,3098.3
4,566,3120.1
4,567,3049.3
4,568,3093.5
4,569,3034.7
4,570,3081.4
4,571,3068.0
4,572,3637.3
4,573,3946.2
4,574,3943.1
4,575,3125.0
4,576,3119.5
4,577,2157.8
4,578,2158.4
4,579,2159.0
4,580,2169.9
4,581,2201.4
4,582,2073.0
4,583,2202.6
4,584,2900.9
4,585,3051.7
4,586,3123.8
4,587,3049.9
4,588,2820.9
4,589,2744.0
4,590,2789.5
4,591,3060.2
4,592,3683.9
4,593,2721.0
4,594,2751.9
4,595,2818.5
4,596,3020.8
4,597,3026.9
4,598,2749.5
4,599,3005.1
4,600,3162.5
4,601,3926.2
4,602,3716.6
4,603,2278.9
4,604,2234.7
4,605,2152.3
4,606,2115.4
4,607,2198.4
4,608,2172.3
4,609,2082.1
4,610,3002.6
4,611,3094.7
4,612,3106.8
4,613,3172.8
4,614,3050.5
4,615,3070.5
4,616,3037.1
4,617,3080.1
4,618,3036.5
4,619,3699.1
4,620,3078.9
4,621,3054.1
4,622,3069.2
4,623,3117.7
4,624,3061.4
4,625,3117.1
4,626,3041.4
4,627,2957.2
4,628,3937.7
4,629,4024.3
4,630,3074.7
4,631,2939.0
4,632,2185.7
4,633,2139.6
4,634,2176.6
4,635,2110.0
4,636,2108.1
4,637,2123.9
4,638,2171.1
4,639,2284.4
4,640,2989.9
4,641,3080.8
4,642,3160.1
4,643,3998.3
4,644,3105.6
4,645,3117.7
4,646,2049.4
4,647,2097.2
4,648,2225.6
4,649,2030.6
4,650,2023.4
4,651,2217.8
4,652,2092.4
4,653,2060.3
4,654,2968.7
4,655,3177.0
4,656,3055.9
4,657,3051.7
4,658,3006.9
4,659,3011.7
4,660,3006.9
4,661,3042.6
4,662,3031.1
4,663,3948.0
4,664,3923.8
4,665,3656.1
4,666,3059.0
4,667,3001.4
4,668,3052.9
4,669,3077.1
4,670,2927.5
4,671,3032.3
4,672,2999.0
4,673,3079.5
4,674,4007.3
4,675,3088.0
4,676,3086.8
4,677,2290.4
4,678,2134.8
4,679,2159.0
4,680,2142.7
4,681,2134.2
4,682,2215.9
4,683,2096.0
4,684,2814.9
4,685,3050.5
4,686,3025.0
4,687,2915.4
4,688,3109.8
4,689,3085.0
4,690,3168.6
4,691,2736.8
4,692,3673.0
4,693,5535.3
4,694,3166.1
4,695,3186.1
4,696,2317.7
4,697,2143.9
4,698,2295.9
4,699,2240.8
4,700,2096.0
4,701,2182.0
4,702,2995.4
4,703,3100.7
4,704,3188.6
4,705,3052.3
4,706,2949.9
4,707,3074.1
4,708,2983.2
4,709,3117.1
4,710,3016.6
4,711,3716.6
4,712,3945.0
4,713,3937.1
4,714,4043.1
4,715,2799.1
4,716,2156.0
4,717,2220.8
4,718,2042.7
4,719,2224.4
4,720,2122.7
4,721,2145.7
4,722,2172.9
4,723,3009.3
4,724,2927.5
4,725,3160.7
4,726,3125.0
4,727,3015.3
4,728,3174.0
4,729,3016.0
4,730,3046.8
4,731,3960.7
4,732,3977.7
4,733,3088.6
4,734,2245.6
4,735,2312.2
4,736,2231.7
4,737,2234.1
4,738,2284.4
4,739,2308.6
4,740,2181.4
4,741,2936.0
4,742,3168.0
4,743,3178.9
4,744,3125.6
4,745,3125.0
4,746,3232.2
4,747,3203.7
4,748,3045.6
4,749,3094.1
4,750,4089.1
4,751,3367.8
4,752,3272.7
4,753,2314.7
4,754,2262.0
4,755,2275.3
4,756,2315.3
4,757,2280.1
4,758,2274.7
4,759,2186.9
4,760,3263.0
4,761,3230.9
4,762,3338.7
4,763,3323.6
4,764,3258.2
4,765,3229.7
4,766,3092.3
4,767,3234.6
4,768,3828.1
4,769,3234.6
4,770,3329.7
4,771,4856.4
4,772,2690.7
4,773,3978.9
4,774,3452.6
4,775,4707.4
4,776,4484.0
4,777,4441.0
4,778,4371.9
4,779,4419.2
4,780,7778.5
4,781,6196.0
4,782,3126.8
4,783,3203.1
4,784,3196.4
4,785,3180.1
4,786,2358.3
4,787,2305.0
4,788,2360.1
4,789,2365.5
4,790,3238.8
4,791,3183.1
4,792,3209.1
4,793,3131.0
4,794,3125.0
4,795,3084.4
4,796,3196.4
4,797,3224.3
4,798,3026.9
4,799,3865.6
4,800,3200.7
4,801,3097.1
4,802,3148.0
4,803,3157.7
4,804,3097.7
4,805,3263.6
4,806,3141.9
4,807,3188.6
4,808,3845.0
4,809,3126.2
4,810,3161.3
4,811,3131.6
4,812,3065.6
4,813,3163.7
4,814,2980.8
4,815,3057.7
4,816,3028.7
4,817,3972.8
4,818,3938.9
4,819,3633.7
4,820,3117.1
4,821,3109.2
4,822,2988.7
4,823,3053.5
4,824,3048.7
4,825,2959.0
4,826,2987.5
4,827,3026.2
4,828,3971.0
4,829,3931.0
4,830,3918.9
4,831,4171.5
4,832,2986.9
4,833,2158.4
4,834,2312.8
4,835,2286.8
4,836,2144.5
4,837,2258.9
4,838,2225.0
4,839,2212.9
4,840,3303.6
4,841,3109.2
4,842,3317.5
4,843,3250.9
4,844,3143.1
4,845,3246.7
4,846,3221.3
4,847,3262.4
4,848,3871.1
4,849,3242.5
4,850,3341.8
4,851,2999.0
4,852,3099.5
4,853,3305.4
4,854,3219.4
4,855,3172.8
4,856,3136.5
4,857,3873.5
4,858,3262.4
4,859,3187.3
4,860,3207.9
4,861,3247.3
4,862,3190.4
4,863,3125.6
4,864,3017.2
4,865,3187.3
4,866,4100.6
4,867,4097.6
4,868,3204.3
4,869,2329.8
4,870,2223.2
4,871,2273.5
4,872,2200.8
4,873,2240.2
4,874,2264.4
4,875,2191.1
4,876,3100.1
4,877,3138.9
4,878,2975.4
4,879,3097.7
4,880,3123.1
4,881,3187.9
4,882,3075.3
4,883,3065.6
4,884,3078.9
4,885,3976.5
4,886,3905.0
4,887,3667.6
4,888,3950.4
4,889,3928.0
4,890,3898.9
4,891,3928.0
4,892,3963.1
4,893,3929.2
4,894,3050.5
4,895,3122.5
4,896,2275.9
4,897,2191.7
4,898,2156.0
4,899,2203.8
4,900,2086.3
4,901,2234.7
4,902,2108.7
4,903,3056.5
4,904,2905.7
4,905,3072.3
4,906,2804.0
4,907,3023.8
4,908,2852.4
4,909,3168.0
4,910,3071.7
4,911,3581.6
4,912,3138.9
4,913,2323.1
4,914,2285.6
4,915,2238.3
4,916,2291.6
4,917,2292.2
4,918,2258.3
4,919,2342.5
4,920,2235.9
4,921,3857.1
4,922,3866.8
4,923,3399.9
4,924,3328.4
4,925,3379.9
4,926,3311.5
4,927,3289.7
4,928,3392.0
4,929,3275.8
4,930,3816.0
4,931,4100.6
4,932,3832.3
4,933,4178.1
4,934,3089.2
4,935,3191.6
4,936,3251.5
4,937,2228.7
4,938,2335.8
4,939,2243.2
4,940,2179.6
4,941,2255.9
4,942,2206.2
4,943,3161.9
4,944,3135.9
4,945,3214.0
4,946,3100.7
4,947,3151.0
4,948,3120.7
4,949,3170.4
4,950,3106.8
4,951,3829.9
4,952,3118.9
4,953,2218.4
4,954,2365.5
4,955,2366.7
4,956,2173.5
4,957,2273.5
4,958,2174.8
4,959,2247.4
4,960,2247.4
4,961,3912.9
4,962,3747.5
4,963,3029.9
4,964,3068.6
4,965,3117.7
4,966,3019.6
4,967,3003.8
4,968,2951.8
4,969,3071.7
4,970,3929.2
4,971,3951.0
4,972,2827.0
4,973,3171.6
4,974,2059.1
4,975,2285.6
4,976,2137.8
4,977,2073.6
4,978,2134.2
4,979,2154.2
4,980,2040.9
4,981,3081.4
4,982,2865.2
4,983,3067.4
4,984,2807.0
4,985,2989.3
4,986,3094.7
4,987,2978.4
4,988,3152.2
4,989,3667.6
4,990,3011.1
4,991,3146.2
4,992,3048.7
4,993,3036.5
4,994,3127.4
4,995,2765.2
4,996,3048.0
4,997,3103.2
4,998,3625.8
4,999,3007.5
4,1000,3025.0
4,1001,3055.3
4,1002,3037.1
4,1003,2974.2
4,1004,3046.8
4,1005,3112.2
4,1006,3083.8
4,1007,3966.2
4,1008,3679.7
4,1009,2228.0
4,1010,2317.1
4,1011,2172.9
4,1012,2263.2
4,1013,2227.4
4,1014,2176.6
4,1015,2097.8
4,1016,3039.0
4,1017,3120.7
4,1018,3099.5
4,1019,3137.1
4,1020,2991.1
4,1021,3069.9
4,1022,2997.2
4,1023,3000.2
4,1024,2954.8
4,1025,3679.1
4,1026,3049.9
4,1027,3011.1
4,1028,3032.9
4,1029,3046.8
4,1030,3032.3
4,1031,3034.1
4,1032,3176.4
4,1033,3003.2
4,1034,4034.0
4,1035,3164.3
4,1036,2817.3
4,1037,2240.2
4,1038,2280.7
4,1039,2193.5
4,1040,2218.4
4,1041,2305.6
4,1042,2214.1
4,1043,2266.2
4,1044,3278.2
4,1045,3342.4
4,1046,3221.3
4,1047,3060.8
4,1048,3246.1
4,1049,3244.9
4,1050,3231.6
4,1051,3246.1
4,1052,4118.2
4,1053,4161.8
4,1054,3112.8
4,1055,2424.3
4,1056,2349.2
4,1057,2176.6
4,1058,2280.7
4,1059,2293.5
4,1060,2235.3
4,1061,2291.0
4,1062,3170.4
4,1063,3277.0
4,1064,3213.4
4,1065,3187.9
4,1066,3089.8
4,1067,3158.9
4,1068,3107.4
4,1069,3147.4
4,1070,3098.9
4,1071,4115.1
4,1072,3343.6
4,1073,4084.3
4,1074,4534.8
4,1075,2212.3
4,1076,2278.9
4,1077,4711.7
4,1078,2349.2
4,1079,2169.3
4,1080,2279.5
4,1081,2445.5
4,1082,2420.6
4,1083,3137.7
4,1084,3177.7
4,1085,3236.4
4,1086,3161.9
4,1087,3104.4
4,1088,3101.3
4,1089,2997.8
4,1090,3080.8
4,1091,3080.1
4,1092,3661.5
4,1093,4015.8
4,1094,2730.1
4,1095,3105.0
4,1096,2202.0
4,1097,2242.0
4,1098,2251.7
4,1099,2119.6
4,1100,2050.6
4,1101,2145.1
4,1102,2189.3
4,1103,3154.6
4,1104,3114.7
4,1105,3043.2
4,1106,2845.8
4,1107,3008.1
4,1108,2998.4
4,1109,3043.8
4,1110,3114.1
4,1111,3941.3
4,1112,3931.6
4,1113,2197.2
4,1114,2111.8
4,1115,2050.6
4,1116,2160.2
4,1117,2225.0
4,1118,2170.5
4,1119,2070.6
4,1120,3051.7
4,1121,3112.8
4,1122,3072.3
4,1123,3055.9
4,1124,3031.7
4,1125,3110.4
4,1126,2992.9
4,1127,3071.7
4,1128,2981.4
4,1129,3931.0
4,1130,3679.7
4,1131,3665.8
4,1132,3079.5
4,1133,3055.9
4,1134,3060.2
4,1135,3037.1
4,1136,3109.2
4,1137,3017.8
4,1138,3107.4
4,1139,3071.1
4,1140,3954.0
4,1141,4032.8
4,1142,3065.6
4,1143,2837.3
4,1144,2149.9
4,1145,2160.8
4,1146,2235.3
4,1147,2102.1
4,1148,2126.3
4,1149,2005.2
4,1150,2140.8
4,1151,3101.9
4,1152,3100.7
4,1153,3117.1
4,1154,3121.3
4,1155,3025.0
4,1156,3056.5
4,1157,3114.1
4,1158,3199.5
4,1159,4126.6
4,1160,3825.1
4,1161,2298.9
4,1162,2245.0
4,1163,2340.7
4,1164,2165.7
4,1165,2299.5
4,1166,2151.7
4,1167,2280.7
4,1168,3194.0
4,1169,3227.3
4,1170,3200.7
4,1171,3249.7
4,1172,3192.2
4,1173,3181.9
4,1174,3129.8
4,1175,3130.4
4,1176,3238.8
4,1177,3796.6
4,1178,4108.5
4,1179,2960.2
4,1180,3257.0
4,1181,2348.0
4,1182,2295.9
4,1183,2166.3
4,1184,2231.7
4,1185,2199.6
4,1186,2203.8
4,1187,2309.2
4,1188,3137.7
4,1189,2960.8
4,1190,3204.9
4,1191,3215.2
4,1192,2885.1
4,1193,3168.6
4,1194,3264.9
4,1195,3174.6
4,1196,4100.6
4,1197,4144.8
4,1198,3144.3
4,1199,2363.1
4,1200,2344.3
4,1201,2265.0
4,1202,2326.2
4,1203,2154.2
4,1204,2180.8
4,1205,2197.8
4,1206,2986.9
4,1207,3263.0
4,1208,3302.4
4,1209,3201.3
4,1210,3229.1
4,1211,3195.2
4,1212,3144.9
4,1213,3230.3
4,1214,3160.7
4,1215,4164.8
4,1216,3255.8
4,1217,3042.6
4,1218,2258.3
4,1219,2300.1
4,1220,2180.8
4,1221,2217.1
4,1222,2159.0
4,1223,2225.0
4,1224,2119.6
4,1225,3212.8
4,1226,3249.7
4,1227,3170.4
4,1228,3191.0
4,1229,3006.9
4,1230,3189.8
4,1231,3211.6
4,1232,3154.6
4,1233,3639.1
4,1234,3206.7
4,1235,2354.0
4,1236,2231.7
4,1237,2379.5
4,1238,2300.1
4,1239,2344.9
4,1240,2297.7
4,1241,2295.3
4,1242,2264.4
4,1243,3802.0
4,1244,3555.6
4,1245,3847.5
4,1246,3076.5
4,1247,3220.6
4,1248,3264.3
4,1249,3290.9
4,1250,4044.9
4,1251,4290.2
4,1252,3501.7
4,1253,3234.6
4,1254,3488.9
4,1255,3149.2
4,1256,3427.8
4,1257,2469.1
4,1258,2432.7
4,1259,2331.0
4,1260,2354.0
4,1261,3524.1
4,1262,3400.5
4,1263,3366.6
4,1264,3373.3
4,1265,3218.2
4,1266,3233.4
4,1267,3309.7
4,1268,3118.3
4,1269,4049.7
4,1270,3678.5
4,1271,3416.9
4,1272,2404.3
4,1273,2297.7
4,1274,2389.7
4,1275,2357.7
4,1276,2325.6
4,1277,2315.9
4,1278,2418.2
4,1279,2308.0
4,1280,4355.6
4,1281,3378.1
4,1282,2318.3
4,1283,2372.2
4,1284,2323.1
4,1285,2470.3
4,1286,2411.6
4,1287,2333.4
4,1288,2333.4
4,1289,2374.0
4,1290,4081.2
4,1291,4001.3
4,1292,3330.3
4,1293,3048.7
4,1294,3319.4
4,1295,3322.4
4,1296,3251.5
4,1297,3290.3
4,1298,3221.3
4,1299,3958.3
4,1300,4305.3
4,1301,3479.9
4,1302,3452.6
4,1303,2473.3
4,1304,2341.9
4,1305,2357.7
4,1306,2360.7
4,1307,2287.4
4,1308,2314.0
4,1309,2426.7
4,1310,3148.0
4,1311,3404.1
4,1312,3367.2
4,1313,3401.7
4,1314,3386.6
4,1315,3251.5
4,1316,3181.3
4,1317,3419.3
4,1318,4308.9
4,1319,3974.6
4,1320,2384.9
4,1321,2355.8
4,1322,2401.9
4,1323,2395.8
4,1324,2408.5
4,1325,2430.9
4,1326,2349.8
4,1327,3316.3
4,1328,3068.0
4,1329,3234.6
4,1330,3321.8
4,1331,3250.9
4,1332,3266.7
4,1333,3267.3
4,1334,3191.0
4,1335,3205.5
4,1336,4308.9
4,1337,3267.9
4,1338,2991.1
4,1339,2239.0
4,1340,2308.0
4,1341,2302.5
4,1342,2264.4
4,1343,2172.3
4,1344,2378.2
4,1345,2315.9
4,1346,2973.6
4,1347,3229.1
4,1348,3259.4
4,1349,3353.3
4,1350,2976.6
4,1351,3450.2
4,1352,3206.1
4,1353,3221.9
4,1354,4022.5
4,1355,4233.8
4,1356,4003.7
4,1357,2329.2
4,1358,234306.8
4,1359,4005.5
4,1360,3895.3
4,1361,4358.0
4,1362,4201.1
4,1363,4093.3
4,1364,3277.6
4,1365,3264.3
4,1366,4069.1
4,1367,3204.9
4,1368,2288.0
4,1369,2328.0
4,1370,2328.0
4,1371,2301.3
4,1372,2412.2
4,1373,2374.6
4,1374,2281.3
4,1375,3502.3
4,1376,3486.5
4,1377,3505.9
4,1378,3502.9
4,1379,3436.2
4,1380,3405.4
4,1381,4344.7
4,1382,3398.1
4,1383,3293.9
4,1384,3017.8
4,1385,3056.5
4,1386,2982.6
4,1387,2372.8
4,1388,2500.0
4,1389,2531.5
4,1390,2301.9
4,1391,4239.3
4,1392,7433.3
4,1393,3781.4
4,1394,5285.8
4,1395,9760.7
4,1396,3358.1
4,1397,3409.6
4,1398,3481.1
4,1399,3371.4
4,1400,3968.6
4,1401,3278.8
4,1402,3281.8
4,1403,3329.7
4,1404,2421.2
4,1405,2394.6
4,1406,2291.0
4,1407,2377.0
4,1408,2273.5
4,1409,2327.4
4,1410,2390.4
4,1411,2295.3
4,1412,3387.2
4,1413,3584.0
4,1414,3416.3
4,1415,3474.4
4,1416,3398.1
4,1417,3469.6
4,1418,4022.5
4,1419,4256.2
4,1420,3272.1
4,1421,3373.9
4,1422,3057.7
4,1423,2489.1
4,1424,2421.8
4,1425,2428.5
4,1426,2399.4
4,1427,2406.1
4,1428,2308.0
4,1429,2348.0
4,1430,2117.8
4,1431,3009.3
4,1432,3257.6
4,1433,3134.0
4,1434,3173.4
4,1435,3182.5
4,1436,3120.1
4,1437,3191.0
4,1438,3148.0
4,1439,3094.1
4,1440,4042.5
4,1441,3169.8
4,1442,3066.8
4,1443,2255.9
4,1444,2186.3
4,1445,2254.1
4,1446,2172.3
4,1447,2111.2
4,1448,2127.5
4,1449,2317.7
4,1450,3206.7
4,1451,2900.3
4,1452,3171.0
4,1453,3220.6
4,1454,2819.1
4,1455,3267.9
4,1456,3209.1
4,1457,3154.0
4,1458,4051.5
4,1459,3810.5
4,1460,2346.7
4,1461,2283.2
4,1462,2186.3
4,1463,2258.9
4,1464,2202.6
4,1465,2246.2
4,1466,2211.1
4,1467,3115.9
4,1468,3128.6
4,1469,3172.2
4,1470,3125.6
4,1471,3211.6
4,1472,3137.1
4,1473,3076.5
4,1474,3203.1
4,1475,3060.2
4,1476,3792.3
4,1477,3908.0
4,1478,3154.0
4,1479,3141.3
4,1480,3037.1
4,1481,3077.1
4,1482,3109.8
4,1483,3153.4
4,1484,3118.9
4,1485,3201.3
4,1486,3730.0
4,1487,4032.2
4,1488,3222.5
4,1489,3221.3
4,1490,2280.1
4,1491,2309.8
4,1492,2116.6
4,1493,2204.4
4,1494,2108.7
4,1495,2211.7
4,1496,2151.7
4,1497,3136.5
4,1498,3211.0
4,1499,3155.8
4,1500,3171.0
4,1501,3229.7
4,1502,2867.6
4,1503,3169.8
4,1504,3027.5
4,1505,3560.4
4,1506,3152.8
4,1507,2252.3
4,1508,2270.4
4,1509,2337.1
4,1510,2292.9
4,1511,2194.7
4,1512,2226.2
4,1513,2209.9
4,1514,2154.8
4,1515,3522.2
4,1516,4130.9
4,1517,2403.1
4,1518,2144.5
4,1519,2151.1
4,1520,2212.9
4,1521,2137.2
4,1522,2245.0
4,1523,2168.1
4,1524,2127.5
4,1525,3146.8
4,1526,4068.5
4,1527,3143.1
4,1528,3199.5
4,1529,3157.1
4,1530,3217.6
4,1531,3042.0
4,1532,3204.3
4,1533,3116.5
4,1534,4031.0
4,1535,3237.6
4,1536,3281.2
4,1537,2260.1
4,1538,2262.0
4,1539,2202.6
4,1540,2136.0
4,1541,2248.6
4,1542,2096.0
4,1543,2257.7
4,1544,2234.7
4,1545,3107.4
4,1546,3149.8
4,1547,3154.0
4,1548,3245.5
4,1549,3120.7
4,1550,3065.6
4,1551,3220.6
4,1552,3043.2
4,1553,3045.0
4,1554,3828.7
4,1555,3800.2
4,1556,3766.9
4,1557,4102.4
4,1558,2972.3
4,1559,2919.1
4,1560,2285.0
4,1561,2319.5
4,1562,2354.6
4,1563,2235.9
4,1564,2237.1
4,1565,2340.1
4,1566,2174.2
4,1567,3265.5
4,1568,3175.8
4,1569,3129.8
4,1570,2982.0
4,1571,3178.3
4,1572,2833.7
4,1573,2890.0
4,1574,2867.6
4,1575,4109.1
4,1576,4067.3
4,1577,3238.8
4,1578,2383.1
4,1579,2347.4
4,1580,2403.7
4,1581,2410.9
4,1582,2335.2
4,1583,2335.8
4,1584,2286.2
4,1585,3000.8
4,1586,3155.2
4,1587,3017.8
4,1588,3313.9
4,1589,3258.2
4,1590,3185.5
4,1591,3184.9
4,1592,3169.2
4,1593,3330.3
4,1594,4315.6
4,1595,3430.2
4,1596,3208.5
4,1597,2375.2
4,1598,2401.9
4,1599,2364.3
4,1600,2435.2
4,1601,2364.9
4,1602,2417.0
4,1603,2332.2
4,1604,3283.0
4,1605,3465.9
4,1606,3162.5
4,1607,3422.3
4,1608,3281.8
4,1609,3182.5
4,1610,3415.1
4,1611,3381.7
4,1612,4237.5
4,1613,3995.2
4,1614,3260.0
4,1615,2569.0
4,1616,2308.6
4,1617,2402.5
4,1618,2392.2
4,1619,2466.7
4,1620,2256.5
4,1621,2336.5
4,1622,2357.7
4,1623,4570.6
4,1624,5879.9
4,1625,4675.9
4,1626,3771.2
4,1627,3523.5
4,1628,3913.5
4,1629,10927.7
4,1630,3330.9
4,1631,3425.3
4,1632,2933.6
4,1633,3120.7
4,1634,3173.4
4,1635,3114.1
4,1636,4100.0
4,1637,3842.0
4,1638,3241.2
4,1639,2127.5
4,1640,2357.0
4,1641,2246.2
4,1642,2257.7
4,1643,2280.7
4,1644,2134.8
4,1645,2219.6
4,1646,2081.5
4,1647,6005.3
4,1648,8473.7
4,1649,2305.0
4,1650,2381.3
4,1651,2307.4
4,1652,2251.1
4,1653,2283.8
4,1654,2195.3
4,1655,2206.9
4,1656,3315.7
4,1657,3473.8
4,1658,3561.0
4,1659,3800.2
4,1660,5845.4
4,1661,4017.0
4,1662,4505.8
4,1663,8126.7
4,1664,4771.0
4,1665,4385.8
4,1666,8404.1
4,1667,4553.0
4,1668,4434.9
4,1669,7890.5
4,1670,4892.1
4,1671,4372.5
4,1672,10490.4
4,1673,3321.8
4,1674,3261.2
4,1675,3144.9
4,1676,3084.4
4,1677,3184.3
4,1678,3081.4
4,1679,3538.6
4,1680,3051.7
4,1681,2298.9
4,1682,2326.2
4,1683,2379.5
4,1684,2215.9
4,1685,2328.0
4,1686,2212.9
4,1687,3267.9
4,1688,8654.2
4,1689,3101.3
4,1690,3556.8
4,1691,3776.0
4,1692,4620.8
4,1693,4107.3
4,1694,2924.5
4,1695,3232.8
4,1696,2922.7
4,1697,3160.7
4,1698,2240.2
4,1699,2214.1
4,1700,2231.1
4,1701,2209.3
4,1702,2178.4
4,1703,3154.0
4,1704,3039.6
4,1705,3077.1
4,1706,3203.1
4,1707,2978.4
4,1708,3178.9
4,1709,3160.1
4,1710,3081.4
4,1711,3799.6
4,1712,3148.0
4,1713,2111.2
4,1714,2340.7
4,1715,2243.8
4,1716,2184.4
4,1717,2257.7
4,1718,2172.9
4,1719,2296.5
4,1720,2149.3
4,1721,3494.4
4,1722,3826.9
4,1723,3136.5
4,1724,3231.6
4,1725,3175.8
4,1726,3147.4
4,1727,3141.3
4,1728,3086.2
4,1729,3089.8
4,1730,4078.2
4,1731,3205.5
4,1732,3243.1
4,1733,2300.7
4,1734,2239.0
4,1735,2227.4
4,1736,2183.2
4,1737,2329.8
4,1738,2348.0
4,1739,2245.6
4,1740,2931.2
4,1741,3079.5
4,1742,2952.4
4,1743,3220.0
4,1744,3243.7
4,1745,2934.8
4,1746,3241.8
4,1747,2892.4
4,1748,3940.7
4,1749,3277.0
4,1750,2311.0
4,1751,2483.0
4,1752,2520.0
4,1753,2367.3
4,1754,2287.4
4,1755,2379.5
4,1756,2369.2
4,1757,2321.9
4,1758,3938.9
4,1759,3992.8
4,1760,23227.7
4,1761,7064.5
4,1762,6265.1
4,1763,7051.2
4,1764,6096.7
4,1765,5985.9
4,1766,11950.0
4,1767,57746.4
4,1768,4674.7
4,1769,4193.9
4,1770,3670.0
4,1771,3714.2
4,1772,3557.4
4,1773,3627.6
4,1774,3458.7
4,1775,4151.5
4,1776,4543.3
4,1777,3382.3
4,1778,3447.1
4,1779,3450.8
4,1780,2395.2
4,1781,2394.0
4,1782,2318.3
4,1783,2265.0
4,1784,2378.8
4,1785,2427.9
4,1786,3554.9
4,1787,3464.7
4,1788,3429.6
4,1789,3484.7
4,1790,3373.9
4,1791,3114.1
4,1792,3275.8
4,1793,3128.0
4,1794,3764.5
4,1795,3404.8
4,1796,2383.7
4,1797,2380.7
4,1798,2434.6
4,1799,2364.9
4,1800,2387.9
4,1801,2446.1
4,1802,2350.4
4,1803,2409.1
4,1804,3962.5
4,1805,4027.3
4,1806,4236.9
4,1807,2363.1
4,1808,2371.0
4,1809,2283.2
4,1810,2380.7
4,1811,2339.5
4,1812,2345.5
4,1813,2394.0
4,1814,2372.8
4,1815,3180.1
4,1816,3961.9
4,1817,3051.7
4,1818,3306.0
4,1819,3226.1
4,1820,3307.3
4,1821,3237.0
4,1822,3172.8
4,1823,3180.7
4,1824,3795.4
4,1825,3762.7
4,1826,3822.6
4,1827,4049.1
4,1828,3249.1
4,1829,3288.5
4,1830,2397.0
4,1831,2366.7
4,1832,2283.8
4,1833,2355.8
4,1834,2308.6
4,1835,2208.1
4,1836,2165.7
4,1837,2343.7
4,1838,3067.4
4,1839,3194.0
4,1840,3132.2
4,1841,3190.4
4,1842,3098.9
4,1843,3088.6
4,1844,3198.8
4,1845,3136.5
4,1846,3189.8
4,1847,4244.7
4,1848,3112.2
4,1849,3320.6
4,1850,2358.9
4,1851,2327.4
4,1852,2377.6
4,1853,2416.4
4,1854,2335.8
4,1855,2278.3
4,1856,2264.4
4,1857,3422.9
4,1858,3390.8
4,1859,3364.8
4,1860,3195.2
4,1861,3438.1
4,1862,3173.4
4,1863,3426.0
4,1864,3313.9
4,1865,4267.1
4,1866,4328.3
4,1867,3132.2
4,1868,2390.4
4,1869,2371.0
4,1870,2295.9
4,1871,2348.0
4,1872,2311.0
4,1873,2144.5
4,1874,2252.3
4,1875,2992.3
4,1876,3144.3
4,1877,3080.8
4,1878,3202.5
4,1879,3108.6
4,1880,4222.9
4,1881,6818.6
4,1882,2535.1
4,1883,4231.4
4,1884,4249.0
4,1885,4037.6
4,1886,4304.7
4,1887,5061.7
4,1888,9055.7
4,1889,4819.5
4,1890,9741.3
4,1891,3565.8
4,1892,3235.2
4,1893,4146.0
4,1894,4138.2
4,1895,3849.9
4,1896,3766.3
4,1897,4014.6
4,1898,4061.8
4,1899,3253.4
4,1900,2217.8
4,1901,2249.9
4,1902,2153.6
4,1903,2249.2
4,1904,2396.4
4,1905,2295.9
4,1906,2381.3
4,1907,2396.4
4,1908,3697.9
4,1909,4080.6
4,1910,3524.7
4,1911,3849.3
4,1912,8479.8
4,1913,2793.1
4,1914,5377.2
4,1915,7996.5
4,1916,3440.5
4,1917,3406.6
4,1918,2991.1
4,1919,3269.1
4,1920,3177.7
4,1921,3226.7
4,1922,3574.3
4,1923,2361.9
4,1924,2249.9
4,1925,2536.3
4,1926,2427.9
4,1927,2324.9
4,1928,2491.5
4,1929,2311.0
4,1930,4338.0
4,1931,8843.8
4,1932,4196.3
4,1933,8369.0
4,1934,5060.5
4,1935,8038.9
4,1936,5340.3
4,1937,7865.1
4,1938,4831.0
4,1939,5268.8
4,1940,8224.8
4,1941,3457.4
4,1942,3172.8
4,1943,3213.4
4,1944,3198.2
4,1945,3127.4
4,1946,2925.7
4,1947,2072.4
4,1948,2215.9
4,1949,2298.9
4,1950,3138.9
4,1951,3229.7
4,1952,3181.9
4,1953,3082.0
4,1954,3171.6
4,1955,3168.6
4,1956,3194.6
4,1957,3263.0
4,1958,3819.6
4,1959,2783.4
4,1960,3221.3
4,1961,2867.0
4,1962,3222.5
4,1963,3138.9
4,1964,3112.2
4,1965,3126.8
4,1966,3195.8
4,1967,3867.4
4,1968,3111.0
4,1969,2189.9
4,1970,2352.2
4,1971,2174.2
4,1972,2271.0
4,1973,2223.8
4,1974,2280.7
4,1975,2288.0
4,1976,2344.9
4,1977,4977.5
4,1978,9408.2
4,1979,2384.3
4,1980,2177.8
4,1981,2251.1
4,1982,2170.5
4,1983,2207.5
4,1984,2149.3
4,1985,2154.2
4,1986,2162.0
4,1987,2963.9
4,1988,3523.5
4,1989,3844.4
4,1990,4066.1
4,1991,2393.4
4,1992,2146.3
4,1993,2090.6
4,1994,2216.5
4,1995,2174.2
4,1996,2242.6
4,1997,2275.9
4,1998,2151.1
4,1999,3071.1
16,0,3195.2
16,1,3257.0
16,2,2845.8
16,3,3189.2
16,4,3098.3
16,5,4069.7
16,6,4081.8
16,7,3145.6
16,8,2222.6
16,9,2359.5
16,10,2219.0
16,11,2207.5
16,12,2222.0
16,13,2136.0
16,14,2129.9
16,15,3131.6
16,16,3198.8
16,17,3221.9
16,18,3235.8
16,19,3121.3
16,20,3148.0
16,21,3162.5
16,22,3177.0
16,23,3078.3
16,24,3769.3
16,25,4070.3
16,26,3185.5
16,27,3278.2
16,28,2218.4
16,29,2280.7
16,30,2217.8
16,31,2262.6
16,32,2137.8
16,33,2196.0
16,34,2169.9
16,35,3177.7
16,36,3168.6
16,37,3166.1
16,38,3177.0
16,39,2908.2
16,40,3082.6
16,41,3144.3
16,42,3200.1
16,43,3556.2
16,44,2860.9
16,45,3168.0
16,46,3126.8
16,47,3214.6
16,48,3168.6
16,49,3133.4
16,50,2830.0
16,51,3183.7
16,52,3825.7
16,53,3188.6
16,54,2216.5
16,55,2312.8
16,56,2388.5
16,57,2292.2
16,58,2196.6
16,59,2135.4
16,60,2227.4
16,61,2308.6
16,62,4084.3
16,63,3246.7
16,64,2250.5
16,65,2186.3
16,66,2178.4
16,67,2255.3
16,68,2256.5
16,69,2241.4
16,70,2146.9
16,71,2114.8
16,72,3846.9
16,73,3879.0
16,74,3134.7
16,75,3229.1
16,76,3145.6
16,77,3120.1
16,78,3086.8
16,79,3085.0
16,80,3141.9
16,81,4120.6
16,82,3214.6
16,83,3029.9
16,84,2261.4
16,85,2348.0
16,86,2236.5
16,87,2261.4
16,88,2148.1
16,89,2305.0
16,90,2152.3
16,91,3158.9
16,92,3191.0
16,93,3197.6
16,94,2872.4
16,95,2951.8
16,96,3172.8
16,97,3186.7
16,98,3216.4
16,99,3801.4
16,100,3215.8
16,101,2190.5
16,102,2271.7
16,103,2248.0
16,104,2292.2
16,105,2276.5
16,106,2252.3
16,107,2154.2
16,108,2226.2
16,109,3495.0
16,110,3819.6
16,111,3496.8
16,112,3181.9
16,113,3202.5
16,114,3177.7
16,115,3168.0
16,116,3199.5
16,117,3187.9
16,118,3189.8
16,119,4198.7
16,120,3111.0
16,121,3252.7
16,122,2383.1
16,123,2383.7
16,124,2229.3
16,125,2441.8
16,126,2325.6
16,127,2343.7
16,128,2320.7
16,129,3132.8
16,130,3191.6
16,131,3355.1
16,132,3157.1
16,133,3343.6
16,134,2361.9
16,135,2326.2
16,136,2306.2
16,137,2277.1
16,138,2365.5
16,139,2348.0
16,140,2297.1
16,141,2312.8
16,142,4272.0
16,143,3375.1
16,144,2269.8
16,145,2487.9
16,146,2386.7
16,147,2326.2
16,148,2302.5
16,149,2344.3
16,150,2291.6
16,151,2358.9
16,152,4258.7
16,153,3164.3
16,154,4484.6
16,155,2536.9
16,156,2392.8
16,157,2472.7
16,158,2417.0
16,159,2456.4
16,160,2378.2
16,161,2409.7
16,162,3307.3
16,163,3306.0
16,164,3059.6
16,165,3255.2
16,166,3309.7
16,167,3215.2
16,168,3234.0
16,169,3205.5
16,170,3164.3
16,171,4241.1
16,172,3363.6
16,173,3117.1
16,174,2268.6
16,175,2363.1
16,176,2248.6
16,177,2245.0
16,178,2198.4
16,179,2134.8
16,180,2205.6
16,181,3173.4
16,182,2932.4
16,183,3215.8
16,184,3168.0
16,185,2903.9
16,186,3090.4
16,187,3180.1
16,188,3124.4
16,189,3800.8
16,190,3124.4
16,191,2196.0
16,192,2278.9
16,193,2341.9
16,194,2164.5
16,195,2149.9
16,196,2162.6
16,197,2173.5
16,198,2266.2
16,199,3518.0
16,200,3890.5
16,201,3163.7
16,202,3131.0
16,203,3175.2
16,204,3101.3
16,205,3106.8
16,206,3163.7
16,207,3127.4
16,208,3750.6
16,209,3838.4
16,210,4047.9
16,211,2959.6
16,212,2918.4
16,213,2319.5
16,214,2349.8
16,215,2223.8
16,216,2295.3
16,217,2337.1
16,218,2216.5
16,219,2257.1
16,220,2916.0
16,221,2949.3
16,222,3005.1
16,223,3233.4
16,224,2956.6
16,225,3227.3
16,226,3181.9
16,227,2965.1
16,228,4098.8
16,229,3796.0
16,230,2246.8
16,231,2134.2
16,232,2181.4
16,233,2208.7
16,234,2130.5
16,235,2254.7
16,236,2137.2
16,237,3086.2
16,238,3176.4
16,239,3109.2
16,240,3098.3
16,241,3235.2
16,242,3081.4
16,243,3183.1
16,244,3121.3
16,245,3109.2
16,246,4185.4
16,247,2991.1
16,248,2985.1
16,249,2326.2
16,250,2246.2
16,251,2295.3
16,252,2341.9
16,253,2292.9
16,254,2179.6
16,255,2327.4
16,256,2908.2
16,257,3086.8
16,258,2930.0
16,259,3227.3
16,260,2995.4
16,261,2918.4
16,262,2898.5
16,263,3126.2
16,264,3812.3
16,265,2968.7
16,266,2907.5
16,267,3268.5
16,268,2875.4
16,269,3165.5
16,270,3144.9
16,271,3183.7
16,272,2810.0
16,273,4136.3
16,274,4070.9
16,275,3197.0
16,276,2306.8
16,277,2205.6
16,278,2295.3
16,279,2234.7
16,280,2218.4
16,281,2121.5
16,282,2103.9
16,283,2981.4
16,284,3183.7
16,285,3191.6
16,286,3158.3
16,287,3204.3
16,288,3149.8
16,289,3184.3
16,290,3114.1
16,291,3060.8
16,292,3783.9
16,293,4160.0
16,294,3255.8
16,295,3246.1
16,296,2216.5
16,297,2343.1
16,298,2172.9
16,299,2189.3
16,300,2206.2
16,301,2189.9
16,302,2151.1
16,303,2902.7
16,304,2942.7
16,305,3361.8
16,306,2825.8
16,307,3163.1
16,308,3134.7
16,309,2830.6
16,310,2859.7
16,311,3788.7
16,312,3199.5
16,313,2322.5
16,314,2168.7
16,315,2222.6
16,316,2219.6
16,317,2218.4
16,318,2238.3
16,319,2275.3
16,320,2235.3
16,321,3920.1
16,322,4041.3
16,323,2258.3
16,324,2193.5
16,325,2231.7
16,326,2194.1
16,327,2348.0
16,328,2224.4
16,329,2381.3
16,330,2305.0
16,331,3037.8
16,332,3979.5
16,333,3009.9
16,334,3075.3
16,335,3224.9
16,336,3239.4
16,337,3301.8
16,338,3231.6
16,339,3191.0
16,340,4326.5
16,341,3399.9
16,342,3443.5
16,343,2460.0
16,344,2349.2
16,345,2476.4
16,346,2338.3
16,347,2324.9
16,348,2306.2
16,349,2317.1
16,350,3421.7
16,351,3252.7
16,352,3375.7
16,353,3457.4
16,354,3332.7
16,355,3249.7
16,356,3183.1
16,357,3040.2
16,358,4005.5
16,359,3533.8
16,360,2316.5
16,361,2402.5
16,362,2311.0
16,363,2260.8
16,364,2357.7
16,365,2340.7
16,366,2381.9
16,367,2338.9
16,368,3887.4
16,369,4035.2
16,370,3950.4
16,371,3244.9
16,372,3192.2
16,373,3218.2
16,374,3274.5
16,375,3206.7
16,376,3200.1
16,377,3243.7
16,378,3988.6
16,379,3948.6
16,380,3221.9
16,381,3218.2
16,382,3363.0
16,383,3236.4
16,384,3223.1
16,385,3283.6
16,386,3214.0
16,387,3234.0
16,388,4279.9
16,389,3094.1
16,390,2490.3
16,391,2481.2
16,392,2470.9
16,393,2301.9
16,394,2354.0
16,395,2168.1
16,396,2185.7
16,397,3191.6
16,398,3251.5
16,399,2878.5
16,400,3240.0
16,401,3212.8
16,402,3100.1
16,403,3110.4
16,404,3160.7
16,405,3859.6
16,406,2930.0
16,407,3118.9
16,408,2861.5
16,409,2829.4
16,410,3267.3
16,411,3212.2
16,412,2978.4
16,413,3237.6
16,414,3843.8
16,415,3131.6
16,416,2312.8
16,417,2318.3
16,418,2284.4
16,419,2222.6
16,420,2262.6
16,421,2208.7
16,422,2350.4
16,423,2261.4
16,424,3515.6
16,425,3851.1
16,426,4097.0
16,427,2258.3
16,428,2102.1
16,429,2194.1
16,430,2328.6
16,431,2152.3
16,432,2219.0
16,433,2372.8
16,434,2158.4
16,435,3025.6
16,436,4177.5
16,437,2270.4
16,438,2165.7
16,439,2221.4
16,440,2163.9
16,441,2170.5
16,442,2265.0
16,443,2162.6
16,444,2325.6
16,445,3177.0
16,446,4150.3
16,447,2192.3
16,448,2162.6
16,449,2280.7
16,450,2191.1
16,451,2180.8
16,452,2099.7
16,453,2174.8
16,454,2229.9
16,455,3129.8
16,456,3488.9
16,457,3888.0
16,458,3250.3
16,459,3192.8
16,460,3157.7
16,461,3170.4
16,462,3102.6
16,463,3091.0
16,464,3180.1
16,465,4163.6
16,466,2919.7
16,467,2975.4
16,468,2211.1
16,469,2346.1
16,470,2194.7
16,471,2203.8
16,472,2161.4
16,473,2288.6
16,474,2091.2
16,475,3190.4
16,476,5157.4
16,477,2267.4
16,478,3599.8
16,479,3331.5
16,480,3310.9
16,481,3060.8
16,482,3287.9
16,483,2842.7
16,484,2831.8
16,485,3177.7
16,486,3879.6
16,487,2848.2
16,488,3177.0
16,489,2960.8
16,490,2906.9
16,491,3126.8
16,492,3135.3
16,493,2837.9
16,494,3210.4
16,495,3849.3
16,496,3137.1
16,497,2305.0
16,498,2314.7
16,499,2240.8
16,500,2356.4
16,501,2232.9
16,502,2227.4
16,503,2240.2
16,504,2238.3
16,505,3613.1
16,506,3779.6
16,507,4126.6
16,508,2174.8
16,509,2223.8
16,510,2209.9
16,511,2112.4
16,512,2301.9
16,513,2312.2
16,514,2151.7
16,515,2152.3
16,516,3096.5
16,517,3519.8
16,518,3203.1
16,519,3214.6
16,520,3106.2
16,521,3112.2
16,522,3089.2
16,523,3220.0
16,524,3249.1
16,525,3835.3
16,526,3801.4
16,527,3228.5
16,528,3158.3
16,529,3206.1
16,530,3174.0
16,531,3182.5
16,532,3117.7
16,533,3211.0
16,534,3214.6
16,535,3836.6
16,536,4109.1
16,537,3270.3
16,538,3249.1
16,539,2257.7
16,540,2321.3
16,541,2215.9
16,542,2184.4
16,543,2196.6
16,544,2192.9
16,545,2280.7
16,546,2939.6
16,547,3260.0
16,548,3240.0
16,549,3260.0
16,550,3128.0
16,551,2888.8
16,552,3160.7
16,553,3204.9
16,554,4098.2
16,555,4144.2
16,556,3191.0
16,557,2275.9
16,558,2306.2
16,559,2296.5
16,560,2188.1
16,561,2212.9
16,562,2134.8
16,563,2225.0
16,564,3062.6
16,565,3184.9
16,566,3273.3
16,567,3194.0
16,568,3192.2
16,569,3224.3
16,570,3095.3
16,571,3132.8
16,572,3217.0
16,573,4101.8
16,574,3246.1
16,575,3247.3
16,576,2321.3
16,577,2229.9
16,578,2268.0
16,579,2219.6
16,580,2195.3
16,581,2182.0
16,582,2304.4
16,583,2875.4
16,584,2985.1
16,585,3207.3
16,586,2916.0
16,587,3137.1
16,588,2842.1
16,589,2828.8
16,590,3136.5
16,591,3931.6
16,592,2972.3
16,593,2225.0
16,594,2357.0
16,595,2236.5
16,596,2261.4
16,597,2172.3
16,598,2124.5
16,599,2172.3
16,600,2158.4
16,601,3883.2
16,602,3792.3
16,603,3169.8
16,604,3193.4
16,605,3215.8
16,606,3154.6
16,607,3151.6
16,608,3215.8
16,609,3164.3
16,610,3901.4
16,611,4047.9
16,612,3209.7
16,613,3000.8
16,614,2205.0
16,615,2366.1
16,616,2329.2
16,617,2351.0
16,618,2298.9
16,619,2298.3
16,620,2209.9
16,621,2885.1
16,622,4409.5
16,623,3306.6
16,624,4912.7
16,625,2280.7
16,626,10185.8
16,627,3386.0
16,628,3176.4
16,629,3089.8
16,630,2638.7
16,631,2434.0
16,632,2309.2
16,633,2202.0
16,634,2150.5
16,635,2131.2
16,636,3306.0
16,637,3180.7
16,638,3257.6
16,639,3260.0
16,640,3175.2
16,641,3303.6
16,642,3170.4
16,643,3207.3
16,644,3229.7
16,645,3788.7
16,646,4085.5
16,647,2950.5
16,648,3209.1
16,649,2466.7
16,650,2263.2
16,651,2305.6
16,652,2294.7
16,653,2288.6
16,654,2234.7
16,655,2183.2
16,656,3214.6
16,657,2988.7
16,658,3201.9
16,659,3207.9
16,660,3177.0
16,661,3218.8
16,662,3240.0
16,663,3129.8
16,664,3850.5
16,665,3273.9
16,666,2212.9
16,667,2298.3
16,668,2263.8
16,669,2300.7
16,670,2257.7
16,671,2204.4
16,672,2148.1
16,673,2152.3
16,674,3520.4
16,675,3802.6
16,676,3423.5
16,677,3203.7
16,678,3309.1
16,679,3132.8
16,680,3203.1
16,681,3207.3
16,682,3092.9
16,683,3903.8
16,684,4054.6
16,685,4056.4
16,686,3000.2
16,687,3206.7
16,688,2273.5
16,689,2358.3
16,690,2239.6
16,691,2213.5
16,692,2241.4
16,693,2105.1
16,694,2174.2
16,695,3166.1
16,696,3214.6
16,697,3256.4
16,698,3092.9
16,699,3135.9
16,700,3081.4
16,701,2862.1
16,702,3152.2
16,703,3802.6
16,704,3065.6
16,705,2321.3
16,706,2203.2
16,707,2285.0
16,708,2285.0
16,709,2240.2
16,710,2372.2
16,711,2331.0
16,712,2164.5
16,713,3902.0
16,714,3502.9
16,715,3820.2
16,716,3792.3
16,717,3204.9
16,718,3300.6
16,719,3181.9
16,720,3089.2
16,721,3304.8
16,722,3788.1
16,723,3809.3
16,724,3825.7
16,725,4100.6
16,726,3237.0
16,727,2959.6
16,728,2331.0
16,729,2365.5
16,730,2225.6
16,731,2203.2
16,732,2103.3
16,733,2163.9
16,734,2142.7
16,735,3123.1
16,736,3174.6
16,737,3091.0
16,738,3131.6
16,739,2869.4
16,740,2946.9
16,741,2977.8
16,742,3221.3
16,743,3794.2
16,744,3223.7
16,745,2299.5
16,746,2239.0
16,747,2349.2
16,748,2266.2
16,749,2231.1
16,750,2262.6
16,751,2157.8
16,752,2143.9
16,753,3567.7
16,754,3529.5
16,755,3769.9
16,756,3515.0
16,757,3215.8
16,758,3203.1
16,759,3211.0
16,760,3181.9
16,761,3118.3
16,762,3109.8
16,763,3259.4
16,764,4090.9
16,765,3230.3
16,766,3351.5
16,767,2263.8
16,768,2265.6
16,769,2292.9
16,770,2201.4
16,771,2269.8
16,772,2195.3
16,773,2231.1
16,774,3226.1
16,775,2887.0
16,776,3272.1
16,777,3208.5
16,778,3120.7
16,779,3121.9
16,780,3151.0
16,781,2908.8
16,782,3587.0
16,783,3182.5
16,784,2326.2
16,785,2378.2
16,786,2276.5
16,787,2236.5
16,788,2268.0
16,789,2170.5
16,790,2303.1
16,791,2209.9
16,792,4463.4
16,793,2658.6
16,794,4531.2
16,795,7967.4
16,796,2959.6
16,797,4086.7
16,798,10767.8
16,799,3397.5
16,800,3190.4
16,801,3002.6
16,802,3218.2
16,803,3290.3
16,804,2960.2
16,805,2244.4
16,806,2211.1
16,807,2183.8
16,808,2341.9
16,809,2309.2
16,810,2131.8
16,811,2240.8
16,812,3972.2
16,813,9084.2
16,814,2786.4
16,815,4735.3
16,816,9429.4
16,817,4382.2
16,818,10288.2
16,819,3459.9
16,820,2919.1
16,821,3234.6
16,822,3270.9
16,823,3063.2
16,824,3151.6
16,825,3256.4
16,826,3788.7
16,827,2238.3
16,828,2289.2
16,829,2307.4
16,830,2283.2
16,831,2197.2
16,832,2206.9
16,833,2205.6
16,834,2994.1
16,835,3177.7
16,836,3189.8
16,837,3109.2
16,838,3215.8
16,839,3103.8
16,840,3164.9
16,841,3241.2
16,842,3112.2
16,843,4129.7
16,844,3279.4
16,845,2952.4
16,846,2306.2
16,847,2321.3
16,848,2298.3
16,849,2177.8
16,850,2199.0
16,851,2117.2
16,852,2162.0
16,853,3112.2
16,854,3218.2
16,855,2946.9
16,856,3186.7
16,857,2951.8
16,858,2824.6
16,859,3197.6
16,860,3117.1
16,861,4118.8
16,862,4110.3
16,863,3189.8
16,864,2200.2
16,865,2237.7
16,866,2237.1
16,867,2202.0
16,868,2107.5
16,869,2097.2
16,870,2200.8
16,871,2958.4
16,872,3187.3
16,873,3162.5
16,874,3142.5
16,875,3196.4
16,876,3066.2
16,877,3142.5
16,878,3100.7
16,879,3098.3
16,880,4090.3
16,881,3031.7
16,882,2912.4
16,883,2286.2
16,884,2242.6
16,885,2240.8
16,886,2232.3
16,887,2239.6
16,888,2075.4
16,889,2235.3
16,890,3168.6
16,891,3230.3
16,892,2931.2
16,893,2949.9
16,894,3189.2
16,895,3167.4
16,896,2960.2
16,897,3306.6
16,898,3793.0
16,899,2889.4
16,900,3226.7
16,901,2942.1
16,902,3114.7
16,903,3229.1
16,904,3189.8
16,905,2977.8
16,906,3103.8
16,907,4057.6
16,908,4106.1
16,909,3220.6
16,910,2326.8
16,911,2252.9
16,912,2199.0
16,913,2311.0
16,914,2161.4
16,915,2423.1
16,916,2256.5
16,917,3177.0
16,918,3206.7
16,919,3152.2
16,920,3189.8
16,921,3217.0
16,922,3160.7
16,923,3209.1
16,924,3086.8
16,925,3159.5
16,926,3839.6
16,927,3796.0
16,928,3783.9
16,929,4127.3
16,930,3196.4
16,931,2968.1
16,932,2280.7
16,933,2308.6
16,934,2302.5
16,935,2224.4
16,936,2252.3
16,937,2312.2
16,938,2248.6
16,939,3228.5
16,940,2966.9
16,941,3154.6
16,942,2989.9
16,943,3129.8
16,944,3120.1
16,945,3207.9
16,946,3213.4
16,947,3484.1
16,948,3104.4
16,949,2187.5
16,950,2328.0
16,951,2219.0
16,952,2211.7
16,953,2269.2
16,954,2222.6
16,955,2146.3
16,956,2145.1
16,957,3536.2
16,958,3520.4
16,959,3802.0
16,960,3182.5
16,961,3239.4
16,962,3194.0
16,963,3116.5
16,964,3117.7
16,965,3129.2
16,966,3238.8
16,967,4064.3
16,968,3204.3
16,969,3341.8
16,970,2325.6
16,971,2271.0
16,972,2274.7
16,973,2262.6
16,974,2266.8
16,975,2248.0
16,976,2139.6
16,977,2965.1
16,978,2917.8
16,979,3310.9
16,980,2906.3
16,981,3175.8
16,982,3226.7
16,983,2893.0
16,984,2903.3
16,985,3812.9
16,986,3162.5
16,987,2253.5
16,988,2240.2
16,989,2192.3
16,990,2280.7
16,991,2245.0
16,992,2156.0
16,993,2350.4
16,994,2225.0
16,995,3800.2
16,996,4077.0
16,997,2294.1
16,998,2204.4
16,999,2211.7
16,1000,2223.2
16,1001,2209.3
16,1002,2114.2
16,1003,2318.3
16,1004,2228.7
16,1005,3109.8
16,1006,4103.6
16,1007,2294.7
16,1008,2171.1
16,1009,2281.3
16,1010,2246.8
16,1011,2144.5
16,1012,2230.5
16,1013,2197.2
16,1014,2248.0
16,1015,3075.3
16,1016,3125.0
16,1017,3273.9
16,1018,3152.2
16,1019,3209.7
16,1020,3228.5
16,1021,3142.5
16,1022,3211.6
16,1023,3167.4
16,1024,4118.8
16,1025,3807.5
16,1026,3776.6
16,1027,4080.0
16,1028,3231.6
16,1029,3169.2
16,1030,2205.0
16,1031,2335.8
16,1032,2288.6
16,1033,2283.2
16,1034,2118.4
16,1035,2228.0
16,1036,2337.7
16,1037,2120.9
16,1038,3207.3
16,1039,4140.6
16,1040,2299.5
16,1041,2280.7
16,1042,2409.7
16,1043,2553.9
16,1044,2398.8
16,1045,2300.1
16,1046,2444.9
16,1047,2315.9
16,1048,3375.1
16,1049,4295.0
16,1050,2349.2
16,1051,2346.1
16,1052,2240.8
16,1053,2294.7
16,1054,2398.2
16,1055,2270.4
16,1056,2412.2
16,1057,2403.1
16,1058,3247.9
16,1059,3433.2
16,1060,3416.3
16,1061,3383.6
16,1062,2404.9
16,1063,2280.1
16,1064,2397.6
16,1065,2343.7
16,1066,2329.2
16,1067,2317.1
16,1068,2312.2
16,1069,2289.2
16,1070,2324.3
16,1071,2331.0
16,1072,2271.7
16,1073,4097.0
16,1074,3941.3
16,1075,3434.4
16,1076,3327.8
16,1077,3381.1
16,1078,3429.0
16,1079,3480.5
16,1080,3346.6
16,1081,4013.4
16,1082,3989.8
16,1083,4301.7
16,1084,2963.9
16,1085,3415.7
16,1086,3009.9
16,1087,3279.4
16,1088,2378.2
16,1089,2351.6
16,1090,2281.3
16,1091,2294.7
16,1092,2360.1
16,1093,2288.6
16,1094,2344.3
16,1095,2324.3
16,1096,3340.0
16,1097,3429.0
16,1098,3399.9
16,1099,3458.7
16,1100,3419.3
16,1101,4983.0
16,1102,8509.5
16,1103,4017.6
16,1104,3259.4
16,1105,3465.3
16,1106,3244.3
16,1107,2385.5
16,1108,2467.9
16,1109,2340.7
16,1110,2371.6
16,1111,2346.7
16,1112,2317.7
16,1113,2320.1
16,1114,3268.5
16,1115,3376.9
16,1116,3277.0
16,1117,3250.3
16,1118,2946.9
16,1119,3198.2
16,1120,3235.8
16,1121,2999.0
16,1122,4393.7
16,1123,4221.1
16,1124,2352.8
16,1125,2346.1
16,1126,2412.2
16,1127,2353.4
16,1128,2564.2
16,1129,2530.3
16,1130,2345.5
16,1131,3440.5
16,1132,3471.4
16,1133,3372.1
16,1134,3461.1
16,1135,3428.4
16,1136,3120.7
16,1137,3865.6
16,1138,4061.2
16,1139,3192.8
16,1140,3310.3
16,1141,2880.9
16,1142,3224.9
16,1143,2255.9
16,1144,2334.0
16,1145,2243.8
16,1146,2236.5
16,1147,2340.1
16,1148,3201.3
16,1149,3312.7
16,1150,3310.3
16,1151,2934.2
16,1152,3200.7
16,1153,3279.4
16,1154,2880.9
16,1155,3241.8
16,1156,4229.0
16,1157,3654.9
16,1158,2243.8
16,1159,2349.2
16,1160,2331.6
16,1161,2387.3
16,1162,2297.1
16,1163,2356.4
16,1164,2276.5
16,1165,3379.9
16,1166,3481.1
16,1167,3445.3
16,1168,3384.8
16,1169,3397.5
16,1170,3350.9
16,1171,4278.7
16,1172,3223.1
16,1173,2975.4
16,1174,3002.0
16,1175,2350.4
16,1176,2292.9
16,1177,2362.5
16,1178,2244.4
16,1179,2153.6
16,1180,2160.8
16,1181,2877.9
16,1182,3174.6
16,1183,3213.4
16,1184,2967.5
16,1185,3244.9
16,1186,3218.2
16,1187,3157.1
16,1188,2864.5
16,1189,3794.8
16,1190,3166.1
16,1191,2228.7
16,1192,2339.5
16,1193,2312.8
16,1194,2340.1
16,1195,2136.0
16,1196,2262.6
16,1197,2150.5
16,1198,2263.2
16,1199,3825.7
16,1200,3880.8
16,1201,3877.1
16,1202,3253.4
16,1203,3180.1
16,1204,3256.4
16,1205,3120.7
16,1206,3141.9
16,1207,3144.3
16,1208,3183.1
16,1209,3856.5
16,1210,4093.3
16,1211,3258.2
16,1212,2934.2
16,1213,2274.7
16,1214,2311.0
16,1215,2268.6
16,1216,2272.3
16,1217,2315.9
16,1218,2240.8
16,1219,2223.8
16,1220,3005.7
16,1221,3166.1
16,1222,3241.8
16,1223,3208.5
16,1224,2954.2
16,1225,3235.8
16,1226,3244.3
16,1227,3410.8
16,1228,3974.6
16,1229,4284.7
16,1230,4276.8
16,1231,3352.1
16,1232,2423.7
16,1233,2406.1
16,1234,2406.1
16,1235,2412.2
16,1236,2340.7
16,1237,2278.3
16,1238,2430.9
16,1239,3217.0
16,1240,2362.5
16,1241,3123.8
16,1242,2423.1
16,1243,2351.6
16,1244,3192.2
16,1245,2372.8
16,1246,3315.1
16,1247,3069.2
16,1248,3210.4
16,1249,3275.2
16,1250,3220.6
16,1251,3211.6
16,1252,2301.3
16,1253,2376.4
16,1254,2417.0
16,1255,2401.9
16,1256,2400.6
16,1257,2382.5
16,1258,2354.0
16,1259,2373.4
16,1260,2341.9
16,1261,3454.4
16,1262,3403.5
16,1263,3277.6
16,1264,3257.0
16,1265,3445.3
16,1266,3344.8
16,1267,3229.1
16,1268,3261.2
16,1269,4272.0
16,1270,3751.8
16,1271,2466.1
16,1272,2291.0
16,1273,2501.8
16,1274,2348.6
16,1275,2354.6
16,1276,2409.1
16,1277,2484.2
16,1278,3354.5
16,1279,3006.9
16,1280,3240.6
16,1281,3175.2
16,1282,3237.0
16,1283,3306.6
16,1284,3289.7
16,1285,3125.0
16,1286,3488.9
16,1287,3166.7
16,1288,3409.0
16,1289,2429.1
16,1290,2263.8
16,1291,2341.3
16,1292,2357.7
16,1293,2309.8
16,1294,3434.4
16,1295,3386.0
16,1296,3390.2
16,1297,3381.7
16,1298,3248.5
16,1299,3353.3
16,1300,3187.3
16,1301,3356.9
16,1302,4350.7
16,1303,4347.7
16,1304,3069.2
16,1305,2518.1
16,1306,2251.7
16,1307,2260.1
16,1308,2254.1
16,1309,2288.6
16,1310,2356.4
16,1311,2300.1
16,1312,2182.6
16,1313,3148.0
16,1314,4121.2
16,1315,2229.9
16,1316,2215.9
16,1317,2282.6
16,1318,2359.5
16,1319,2285.6
16,1320,2358.9
16,1321,2426.7
16,1322,2349.8
16,1323,3258.2
16,1324,3671.2
16,1325,3199.5
16,1326,3115.3
16,1327,3290.9
16,1328,3244.3
16,1329,3267.3
16,1330,3234.0
16,1331,3321.2
16,1332,3980.7
16,1333,3958.3
16,1334,4027.3
16,1335,4009.8
16,1336,3980.7
16,1337,4060.0
16,1338,3389.0
16,1339,3409.0
16,1340,2467.3
16,1341,2526.0
16,1342,2349.8
16,1343,2314.0
16,1344,2253.5
16,1345,2309.2
16,1346,2192.9
16,1347,2888.8
16,1348,3055.3
16,1349,3198.2
16,1350,3212.2
16,1351,3015.3
16,1352,3172.8
16,1353,3182.5
16,1354,2837.9
16,1355,3874.1
16,1356,3148.6
16,1357,2254.7
16,1358,2262.0
16,1359,2274.7
16,1360,2151.1
16,1361,2320.7
16,1362,2186.3
16,1363,2258.3
16,1364,2225.6
16,1365,2906.9
16,1366,3184.9
16,1367,3191.6
16,1368,2947.5
16,1369,3253.4
16,1370,2951.2
16,1371,2906.3
16,1372,3106.8
16,1373,4147.8
16,1374,3865.0
16,1375,2341.9
16,1376,2224.4
16,1377,2319.5
16,1378,221432.6
16,1379,4972.1
16,1380,4861.9
16,1381,8553.1
16,1382,28305.1
16,1383,4858.8
16,1384,4489.4
16,1385,4602.1
16,1386,4842.5
16,1387,4344.1
16,1388,3944.4
16,1389,4465.2
16,1390,3096.5
16,1391,3370.2
16,1392,2277.7
16,1393,2547.2
16,1394,2292.2
16,1395,2290.4
16,1396,2229.3
16,1397,2349.8
16,1398,2355.2
16,1399,3885.0
16,1400,3599.2
16,1401,4199.3
16,1402,7604.7
16,1403,3853.5
16,1404,4077.0
16,1405,3963.7
16,1406,3404.8
16,1407,3355.7
16,1408,3257.0
16,1409,2583.5
16,1410,2496.3
16,1411,3256.4
16,1412,3340.6
16,1413,3280.6
16,1414,3278.2
16,1415,3206.1
16,1416,3340.0
16,1417,3256.4
16,1418,3237.0
16,1419,3369.6
16,1420,4342.2
16,1421,3130.4
16,1422,3286.1
16,1423,2429.1
16,1424,2421.8
16,1425,2384.3
16,1426,2326.2
16,1427,2427.9
16,1428,2427.9
16,1429,2364.9
16,1430,3251.5
16,1431,3422.9
16,1432,3404.1
16,1433,3467.1
16,1434,3320.6
16,1435,3285.4
16,1436,3416.9
16,1437,3141.9
16,1438,4061.2
16,1439,3982.5
16,1440,3401.7
16,1441,2364.9
16,1442,2434.0
16,1443,2360.7
16,1444,2387.9
16,1445,2339.5
16,1446,2308.6
16,1447,2414.0
16,1448,2431.5
16,1449,4336.8
16,1450,3392.6
16,1451,2332.8
16,1452,2366.7
16,1453,2197.2
16,1454,2412.8
16,1455,2398.2
16,1456,2453.3
16,1457,2480.6
16,1458,2314.7
16,1459,4024.9
16,1460,3382.3
16,1461,2365.5
16,1462,2410.3
16,1463,2151.7
16,1464,2201.4
16,1465,2244.4
16,1466,2187.5
16,1467,2203.8
16,1468,2265.6
16,1469,3855.9
16,1470,4167.2
16,1471,2232.3
16,1472,2222.0
16,1473,2285.6
16,1474,2127.5
16,1475,2194.7
16,1476,2161.4
16,1477,2230.5
16,1478,2185.1
16,1479,3135.9
16,1480,4143.6
16,1481,2278.3
16,1482,2118.4
16,1483,2386.7
16,1484,2120.3
16,1485,2125.7
16,1486,2180.2
16,1487,2270.4
16,1488,2321.3
16,1489,3022.0
16,1490,3535.0
16,1491,3844.4
16,1492,3197.0
16,1493,3239.4
16,1494,3226.7
16,1495,3234.0
16,1496,3161.3
16,1497,3132.2
16,1498,3110.4
16,1499,4221.1
16,1500,2958.4
16,1501,3230.3
16,1502,2333.4
16,1503,2374.6
16,1504,2268.0
16,1505,2300.1
16,1506,2172.9
16,1507,2192.9
16,1508,2213.5
16,1509,3197.6
16,1510,3278.2
16,1511,3252.7
16,1512,3228.5
16,1513,3340.0
16,1514,3204.3
16,1515,2906.9
16,1516,3192.2
16,1517,3696.7
16,1518,3198.2
16,1519,2294.7
16,1520,2162.6
16,1521,2484.2
16,1522,2315.3
16,1523,2248.6
16,1524,2204.4
16,1525,2200.2
16,1526,2231.7
16,1527,4141.2
16,1528,3225.5
16,1529,2221.4
16,1530,2135.4
16,1531,2177.8
16,1532,2147.5
16,1533,2275.9
16,1534,2171.1
16,1535,2332.8
16,1536,2188.1
16,1537,3880.2
16,1538,3776.0
16,1539,3200.1
16,1540,3099.5
16,1541,3187.3
16,1542,3366.6
16,1543,3281.2
16,1544,3130.4
16,1545,3152.2
16,1546,4064.3
16,1547,3051.7
16,1548,2952.4
16,1549,2309.8
16,1550,2300.7
16,1551,2331.6
16,1552,2136.6
16,1553,2283.8
16,1554,2237.1
16,1555,2311.6
16,1556,3569.5
16,1557,3094.7
16,1558,3304.2
16,1559,3217.6
16,1560,3240.0
16,1561,2940.9
16,1562,2879.1
16,1563,3221.9
16,1564,4136.9
16,1565,4142.4
16,1566,3250.3
16,1567,2245.0
16,1568,2337.7
16,1569,2410.3
16,1570,2309.8
16,1571,2151.7
16,1572,2255.3
16,1573,2182.0
16,1574,2332.8
16,1575,2211.1
16,1576,2996.6
16,1577,3244.3
16,1578,2906.9
16,1579,2968.1
16,1580,2992.9
16,1581,3227.3
16,1582,2900.3
16,1583,3275.8
16,1584,4113.3
16,1585,4165.4
16,1586,3139.5
16,1587,2323.1
16,1588,2258.9
16,1589,2338.3
16,1590,2274.1
16,1591,2312.8
16,1592,2439.4
16,1593,2273.5
16,1594,2205.6
16,1595,2348.0
16,1596,3263.6
16,1597,3188.6
16,1598,2939.0
16,1599,3221.9
16,1600,3156.5
16,1601,3059.6
16,1602,3080.8
16,1603,3147.4
16,1604,3822.6
16,1605,3222.5
16,1606,2341.3
16,1607,2265.6
16,1608,2364.3
16,1609,2285.6
16,1610,2249.2
16,1611,2168.1
16,1612,2212.3
16,1613,2271.0
16,1614,3610.7
16,1615,3588.3
16,1616,4107.9
16,1617,2272.3
16,1618,2190.5
16,1619,2149.9
16,1620,2144.5
16,1621,2179.6
16,1622,2186.9
16,1623,2123.3
16,1624,2125.1
16,1625,3147.4
16,1626,3796.6
16,1627,3141.9
16,1628,3207.9
16,1629,3227.3
16,1630,3187.3
16,1631,3182.5
16,1632,3241.2
16,1633,3252.1
16,1634,3802.0
16,1635,3845.6
16,1636,4123.0
16,1637,3246.7
16,1638,3058.3
16,1639,2348.6
16,1640,2180.2
16,1641,2246.8
16,1642,2176.0
16,1643,2249.2
16,1644,2326.8
16,1645,2230.5
16,1646,2306.8
16,1647,4738.9
16,1648,3799.6
16,1649,3830.5
16,1650,3779.6
16,1651,3803.2
16,1652,8749.3
16,1653,4708.0
16,1654,6284.4
16,1655,7054.8
16,1656,3206.1
16,1657,3297.6
16,1658,3220.6
16,1659,3257.0
16,1660,3146.2
16,1661,2315.3
16,1662,3282.4
16,1663,2284.4
16,1664,2276.5
16,1665,2329.2
16,1666,2247.4
16,1667,2172.9
16,1668,2142.7
16,1669,2321.9
16,1670,4063.1
16,1671,7275.2
16,1672,4074.0
16,1673,4781.9
16,1674,9650.4
16,1675,3301.8
16,1676,3178.3
16,1677,3205.5
16,1678,3197.6
16,1679,3179.5
16,1680,3234.0
16,1681,2380.1
16,1682,2983.2
16,1683,2340.1
16,1684,2324.9
16,1685,2222.0
16,1686,2185.7
16,1687,2160.8
16,1688,2156.6
16,1689,2200.2
16,1690,2902.1
16,1691,3230.9
16,1692,3229.7
16,1693,3210.4
16,1694,2943.3
16,1695,3237.0
16,1696,2952.4
16,1697,3184.3
16,1698,3561.6
16,1699,2934.2
16,1700,2982.0
16,1701,3272.7
16,1702,3187.3
16,1703,2925.7
16,1704,3023.8
16,1705,3324.2
16,1706,2874.8
16,1707,3880.2
16,1708,2899.1
16,1709,3229.1
16,1710,3126.2
16,1711,3170.4
16,1712,3181.9
16,1713,3368.4
16,1714,3176.4
16,1715,3155.2
16,1716,4133.3
16,1717,3806.9
16,1718,2298.9
16,1719,2331.6
16,1720,2212.3
16,1721,2345.5
16,1722,2203.8
16,1723,2242.6
16,1724,2263.2
16,1725,2968.1
16,1726,3175.2
16,1727,3202.5
16,1728,3206.1
16,1729,3269.1
16,1730,3134.7
16,1731,3097.1
16,1732,3149.2
16,1733,3123.1
16,1734,4133.3
16,1735,2991.1
16,1736,3005.1
16,1737,2305.6
16,1738,2202.6
16,1739,2336.5
16,1740,2196.6
16,1741,2189.9
16,1742,2288.6
16,1743,2199.6
16,1744,3243.1
16,1745,2984.5
16,1746,3258.8
16,1747,3255.8
16,1748,2951.2
16,1749,3136.5
16,1750,3206.7
16,1751,3094.7
16,1752,4110.3
16,1753,3591.9
16,1754,2345.5
16,1755,2401.9
16,1756,2242.6
16,1757,2270.4
16,1758,2227.4
16,1759,2169.9
16,1760,2188.7
16,1761,3062.0
16,1762,3115.3
16,1763,3187.9
16,1764,3137.1
16,1765,3195.8
16,1766,3255.2
16,1767,3246.7
16,1768,3399.3
16,1769,3088.6
16,1770,3344.8
16,1771,3406.6
16,1772,2398.8
16,1773,2391.6
16,1774,2382.5
16,1775,2343.1
16,1776,2381.3
16,1777,2439.4
16,1778,3054.7
16,1779,3224.3
16,1780,3302.4
16,1781,2955.4
16,1782,3217.0
16,1783,3304.2
16,1784,3043.2
16,1785,3944.4
16,1786,8234.5
16,1787,15469.2
16,1788,5443.2
16,1789,5192.5
16,1790,13079.4
16,1791,34837.9
16,1792,4690.5
16,1793,4617.2
16,1794,3538.0
16,1795,3435.6
16,1796,3494.4
16,1797,3344.8
16,1798,3418.7
16,1799,3409.0
16,1800,3335.7
16,1801,3017.8
16,1802,3052.3
16,1803,2398.2
16,1804,2445.5
16,1805,2332.8
16,1806,2360.1
16,1807,2412.2
16,1808,2348.6
16,1809,2519.3
16,1810,2443.6
16,1811,2335.8
16,1812,2329.2
16,1813,2374.0
16,1814,2338.9
16,1815,2398.2
16,1816,2288.6
16,1817,2363.1
16,1818,2398.8
16,1819,2386.1
16,1820,2342.5
16,1821,2374.0
16,1822,2448.5
16,1823,2363.7
16,1824,2285.0
16,1825,2458.8
16,1826,2323.7
16,1827,2262.0
16,1828,2383.1
16,1829,2338.3
16,1830,2392.8
16,1831,2352.8
16,1832,2386.7
16,1833,2245.6
16,1834,2142.7
16,1835,2232.9
16,1836,2264.4
16,1837,2219.6
16,1838,2999.0
16,1839,2992.9
16,1840,2946.9
16,1841,2975.4
16,1842,2899.7
16,1843,3221.3
16,1844,3181.9
16,1845,3145.6
16,1846,3702.7
16,1847,3256.4
16,1848,2450.9
16,1849,2424.3
16,1850,2341.3
16,1851,2394.6
16,1852,2441.8
16,1853,2384.3
16,1854,2355.8
16,1855,2392.8
16,1856,3375.7
16,1857,2988.1
16,1858,3349.0
16,1859,3225.5
16,1860,3400.5
16,1861,3081.4
16,1862,3417.5
16,1863,2939.0
16,1864,3980.7
16,1865,2986.9
16,1866,2978.4
16,1867,3005.7
16,1868,3025.6
16,1869,3218.2
16,1870,3253.4
16,1871,3313.3
16,1872,3220.0
16,1873,4025.5
16,1874,3243.7
16,1875,2350.4
16,1876,2360.7
16,1877,2430.3
16,1878,2493.3
16,1879,2377.0
16,1880,2274.7
16,1881,2422.5
16,1882,2301.3
16,1883,3020.2
16,1884,3321.8
16,1885,3313.3
16,1886,3387.2
16,1887,2968.1
16,1888,3200.1
16,1889,3121.3
16,1890,2939.6
16,1891,4277.4
16,1892,4339.2
16,1893,3448.4
16,1894,2414.6
16,1895,2384.9
16,1896,2361.9
16,1897,2387.3
16,1898,2321.9
16,1899,2349.2
16,1900,2307.4
16,1901,2329.2
16,1902,2229.9
16,1903,3703.9
16,1904,4151.5
16,1905,3273.3
16,1906,3216.4
16,1907,3259.4
16,1908,3311.5
16,1909,3238.8
16,1910,3295.1
16,1911,3095.3
16,1912,3776.0
16,1913,3848.1
16,1914,3771.8
16,1915,4093.3
16,1916,3149.2
16,1917,3122.5
16,1918,2181.4
16,1919,2343.7
16,1920,2202.0
16,1921,2276.5
16,1922,2217.1
16,1923,2268.0
16,1924,2159.6
16,1925,2931.8
16,1926,3031.7
16,1927,2885.1
16,1928,3197.6
16,1929,3017.2
16,1930,2817.9
16,1931,2931.2
16,1932,2811.9
16,1933,5732.7
16,1934,3926.8
16,1935,3257.6
16,1936,2233.5
16,1937,2308.0
16,1938,2156.0
16,1939,2219.0
16,1940,2172.9
16,1941,2198.4
16,1942,2228.7
16,1943,3242.5
16,1944,3171.6
16,1945,3249.7
16,1946,3151.6
16,1947,3358.1
16,1948,3181.3
16,1949,3077.7
16,1950,3209.7
16,1951,3115.3
16,1952,4136.3
16,1953,3046.8
16,1954,2964.5
16,1955,2366.1
16,1956,2391.6
16,1957,2255.3
16,1958,2252.3
16,1959,2211.7
16,1960,2172.9
16,1961,2209.3
16,1962,3204.9
16,1963,2992.3
16,1964,3306.6
16,1965,3213.4
16,1966,3242.5
16,1967,3173.4
16,1968,3137.1
16,1969,2969.3
16,1970,3492.6
16,1971,3257.0
16,1972,3215.2
16,1973,3009.3
16,1974,3240.0
16,1975,3223.1
16,1976,3109.2
16,1977,3195.8
16,1978,3152.2
16,1979,3857.8
16,1980,3201.9
16,1981,2346.7
16,1982,2288.0
16,1983,2315.9
16,1984,2252.9
16,1985,2324.9
16,1986,2163.9
16,1987,2247.4
16,1988,2216.5
16,1989,3860.8
16,1990,3854.7
16,1991,3229.1
16,1992,3112.8
16,1993,3210.4
16,1994,3237.0
16,1995,3189.8
16,1996,3273.9
16,1997,3237.6
16,1998,3984.9
16,1999,4015.8
64,0,3435.6
64,1,3452.6
64,2,3461.1
64,3,3416.9
64,4,3128.6
64,5,4354.4
64,6,4254.4
64,7,3262.4
64,8,2307.4
64,9,2445.5
64,10,2420.0
64,11,2426.1
64,12,2469.7
64,13,2434.6
64,14,2312.2
64,15,2999.0
64,16,3249.1
64,17,3121.3
64,18,3227.3
64,19,3202.5
64,20,3209.7
64,21,3344.8
64,22,3195.2
64,23,3342.4
64,24,4007.3
64,25,2983.2
64,26,2367.3
64,27,2162.6
64,28,2291.6
64,29,2277.1
64,30,2206.9
64,31,2148.7
64,32,2180.8
64,33,3198.2
64,34,3242.5
64,35,3256.4
64,36,3258.8
64,37,3001.4
64,38,2845.8
64,39,3273.3
64,40,2949.9
64,41,3553.1
64,42,3154.0
64,43,2377.6
64,44,2262.6
64,45,2329.2
64,46,2190.5
64,47,2152.3
64,48,2160.8
64,49,2178.4
64,50,2172.3
64,51,3539.2
64,52,3793.6
64,53,3273.3
64,54,3112.8
64,55,2297.7
64,56,3093.5
64,57,2235.9
64,58,3266.1
64,59,3151.6
64,60,3119.5
64,61,3287.3
64,62,3081.4
64,63,3243.1
64,64,3203.7
64,65,3249.1
64,66,3260.6
64,67,3259.4
64,68,3369.6
64,69,2363.1
64,70,2217.8
64,71,2182.6
64,72,2148.1
64,73,2266.8
64,74,2251.7
64,75,2188.1
64,76,2955.4
64,77,3245.5
64,78,3190.4
64,79,2948.1
64,80,2876.1
64,81,3257.0
64,82,2913.6
64,83,3258.8
64,84,3782.1
64,85,3204.3
64,86,2217.1
64,87,2243.2
64,88,2232.9
64,89,2225.0
64,90,2173.5
64,91,2133.0
64,92,2136.0
64,93,2252.9
64,94,4077.6
64,95,3234.0
64,96,2262.0
64,97,2086.9
64,98,2152.3
64,99,2130.5
64,100,2186.9
64,101,2290.4
64,102,2102.7
64,103,2215.9
64,104,3849.3
64,105,4148.4
64,106,2235.9
64,107,2177.8
64,108,2160.8
64,109,2203.2
64,110,2158.4
64,111,2164.5
64,112,2292.9
64,113,2180.8
64,114,3187.3
64,115,3808.1
64,116,3187.3
64,117,3092.9
64,118,3063.2
64,119,3134.7
64,120,4113.3
64,121,3251.5
64,122,3281.2
64,123,3123.1
64,124,3023.2
64,125,3239.4
64,126,2322.5
64,127,2230.5
64,128,2311.0
64,129,2242.6
64,130,3046.8
64,131,2900.3
64,132,3225.5
64,133,2938.4
64,134,2896.0
64,135,2939.6
64,136,3238.8
64,137,3349.6
64,138,4121.8
64,139,3794.2
64,140,2330.4
64,141,2424.9
64,142,2213.5
64,143,2381.9
64,144,2275.9
64,145,2194.7
64,146,2275.3
64,147,2939.6
64,148,2341.9
64,149,3228.5
64,150,3221.3
64,151,3252.7
64,152,3190.4
64,153,2242.6
64,154,2320.7
64,155,2339.5
64,156,2250.5
64,157,2344.3
64,158,2296.5
64,159,2348.0
64,160,2289.8
64,161,2253.5
64,162,3238.8
64,163,3236.4
64,164,2966.3
64,165,3290.3
64,166,2933.6
64,167,3238.2
64,168,3241.2
64,169,3108.6
64,170,3590.7
64,171,3111.6
64,172,2289.2
64,173,2347.4
64,174,2173.5
64,175,2291.0
64,176,2174.8
64,177,2270.4
64,178,2188.1
64,179,2251.7
64,180,3221.9
64,181,3250.3
64,182,2952.4
64,183,3209.1
64,184,2869.4
64,185,3204.3
64,186,3194.6
64,187,3298.8
64,188,3595.5
64,189,3275.8
64,190,2296.5
64,191,2285.0
64,192,2145.1
64,193,2349.8
64,194,2248.6
64,195,2143.9
64,196,2285.0
64,197,2215.3
64,198,3221.9
64,199,2939.0
64,200,3243.7
64,201,3272.1
64,202,3164.3
64,203,3192.8
64,204,3186.7
64,205,3278.2
64,206,3810.5
64,207,3222.5
64,208,2240.2
64,209,2245.6
64,210,2311.6
64,211,2206.9
64,212,2243.8
64,213,2213.5
64,214,2144.5
64,215,2153.6
64,216,4109.7
64,217,3188.6
64,218,2167.5
64,219,2149.9
64,220,2271.0
64,221,2317.1
64,222,2294.1
64,223,2166.9
64,224,2126.9
64,225,2137.8
64,226,3843.2
64,227,4120.0
64,228,2257.1
64,229,2310.4
64,230,2202.0
64,231,2214.7
64,232,2196.0
64,233,2186.9
64,234,2293.5
64,235,2265.0
64,236,2189.9
64,237,2963.3
64,238,3229.1
64,239,3212.2
64,240,6223.3
64,241,3518.6
64,242,3031.7
64,243,3284.8
64,244,3130.4
64,245,3951.0
64,246,2936.6
64,247,3147.4
64,248,2853.6
64,249,3234.6
64,250,3292.7
64,251,3249.1
64,252,3269.7
64,253,3005.7
64,254,3839.0
64,255,2974.8
64,256,3205.5
64,257,2834.3
64,258,3298.2
64,259,3217.0
64,260,3208.5
64,261,3226.7
64,262,3182.5
64,263,4001.3
64,264,3282.4
64,265,2414.6
64,266,2535.7
64,267,2413.4
64,268,2400.6
64,269,2515.7
64,270,2364.9
64,271,2376.4
64,272,2359.5
64,273,3417.5
64,274,4298.6
64,275,2322.5
64,276,2332.8
64,277,2366.7
64,278,2348.0
64,279,2339.5
64,280,2338.3
64,281,2380.7
64,282,2395.8
64,283,3394.5
64,284,3411.4
64,285,3403.5
64,286,3353.9
64,287,3376.9
64,288,4297.4
64,289,3064.4
64,290,3047.4
64,291,3336.9
64,292,3322.4
64,293,2391.0
64,294,2277.7
64,295,2245.0
64,296,2410.9
64,297,2272.3
64,298,2391.0
64,299,2334.0
64,300,2314.0
64,301,3444.7
64,302,3443.5
64,303,3411.4
64,304,3351.5
64,305,3366.6
64,306,3380.5
64,307,3370.2
64,308,4292.0
64,309,3365.4
64,310,3224.3
64,311,3409.0
64,312,2404.9
64,313,2379.5
64,314,2341.3
64,315,2301.9
64,316,2334.0
64,317,2379.5
64,318,3273.9
64,319,3327.8
64,320,3275.2
64,321,3354.5
64,322,3307.3
64,323,3237.0
64,324,2969.9
64,325,3199.5
64,326,3991.6
64,327,3335.7
64,328,2306.2
64,329,2399.4
64,330,2487.3
64,331,2504.2
64,332,2243.8
64,333,2391.6
64,334,2346.7
64,335,2339.5
64,336,4034.6
64,337,4255.6
64,338,2337.1
64,339,2391.0
64,340,2363.1
64,341,2407.9
64,342,2279.5
64,343,2373.4
64,344,2169.9
64,345,2209.3
64,346,3244.9
64,347,3117.7
64,348,3108.6
64,349,2999.0
64,350,3194.0
64,351,3200.7
64,352,3109.8
64,353,3129.8
64,354,3270.9
64,355,4154.5
64,356,2900.3
64,357,3373.9
64,358,2192.3
64,359,2355.2
64,360,2236.5
64,361,2311.0
64,362,2287.4
64,363,2290.4
64,364,2273.5
64,365,3284.8
64,366,3275.2
64,367,3093.5
64,368,3272.1
64,369,3327.8
64,370,3259.4
64,371,3279.4
64,372,2982.6
64,373,4057.6
64,374,3307.3
64,375,2450.3
64,376,2436.4
64,377,2434.6
64,378,2357.0
64,379,2407.9
64,380,2445.5
64,381,2354.0
64,382,2226.2
64,383,4123.6
64,384,3182.5
64,385,2155.4
64,386,2182.6
64,387,2200.2
64,388,2136.0
64,389,2195.3
64,390,2355.8
64,391,2309.8
64,392,2285.6
64,393,3608.8
64,394,4147.8
64,395,2279.5
64,396,2150.5
64,397,2262.6
64,398,2108.7
64,399,2202.0
64,400,2169.3
64,401,2257.7
64,402,2242.0
64,403,2968.7
64,404,3814.8
64,405,3214.0
64,406,3139.5
64,407,3217.6
64,408,3242.5
64,409,3430.8
64,410,3926.2
64,411,3856.5
64,412,4204.2
64,413,3083.2
64,414,3336.9
64,415,3225.5
64,416,3032.9
64,417,2265.6
64,418,2339.5
64,419,2129.3
64,420,2335.8
64,421,2254.1
64,422,3149.8
64,423,2984.5
64,424,2927.5
64,425,3233.4
64,426,3169.8
64,427,3260.6
64,428,3117.7
64,429,3258.2
64,430,3786.3
64,431,2916.6
64,432,3178.9
64,433,3208.5
64,434,3209.7
64,435,3106.2
64,436,3189.8
64,437,3219.4
64,438,3144.3
64,439,4187.2
64,440,4178.1
64,441,3191.6
64,442,2356.4
64,443,2406.7
64,444,2302.5
64,445,2369.2
64,446,2186.9
64,447,2240.2
64,448,2333.4
64,449,2968.7
64,450,3160.1
64,451,3156.5
64,452,3093.5
64,453,3127.4
64,454,3217.6
64,455,3185.5
64,456,3128.0
64,457,2289.2
64,458,4215.7
64,459,2229.3
64,460,2320.1
64,461,2443.0
64,462,2397.0
64,463,2250.5
64,464,2286.8
64,465,2281.9
64,466,2354.6
64,467,3119.5
64,468,3123.1
64,469,3232.2
64,470,2935.4
64,471,2356.4
64,472,3117.7
64,473,2292.9
64,474,3108.6
64,475,3259.4
64,476,2252.9
64,477,2400.0
64,478,2284.4
64,479,2286.8
64,480,2364.9
64,481,2228.0
64,482,2225.6
64,483,2182.0
64,484,2120.3
64,485,3051.7
64,486,2903.9
64,487,3238.2
64,488,3178.3
64,489,2942.7
64,490,3237.0
64,491,3155.2
64,492,3135.9
64,493,4153.9
64,494,3784.5
64,495,2286.2
64,496,2299.5
64,497,2263.8
64,498,2343.1
64,499,2378.2
64,500,2184.4
64,501,2235.9
64,502,2278.3
64,503,2277.1
64,504,2930.0
64,505,3131.6
64,506,3242.5
64,507,3212.2
64,508,3143.7
64,509,3280.0
64,510,3130.4
64,511,3250.3
64,512,3789.9
64,513,3181.3
64,514,2291.6
64,515,2320.1
64,516,2197.2
64,517,2306.2
64,518,2197.8
64,519,2242.6
64,520,2142.1
64,521,2290.4
64,522,3277.0
64,523,3224.3
64,524,3135.9
64,525,3246.7
64,526,3173.4
64,527,3128.6
64,528,3117.7
64,529,3304.2
64,530,4173.9
64,531,4113.3
64,532,3191.0
64,533,2388.5
64,534,2306.8
64,535,2326.2
64,536,2251.7
64,537,2316.5
64,538,2228.7
64,539,2168.7
64,540,3187.9
64,541,3180.7
64,542,3223.7
64,543,2974.2
64,544,3083.8
64,545,3244.9
64,546,3250.9
64,547,3097.1
64,548,3060.8
64,549,4163.0
64,550,3272.7
64,551,3344.8
64,552,2289.8
64,553,2281.9
64,554,2260.8
64,555,2315.3
64,556,2226.8
64,557,2344.9
64,558,2149.9
64,559,2922.7
64,560,3225.5
64,561,5281.5
64,562,3969.2
64,563,3485.3
64,564,3844.4
64,565,4055.8
64,566,3988.6
64,567,6668.4
64,568,6802.2
64,569,3285.4
64,570,3260.0
64,571,3220.6
64,572,3218.2
64,573,2419.4
64,574,2297.7
64,575,2320.1
64,576,2215.3
64,577,3355.7
64,578,3293.3
64,579,3208.5
64,580,3134.7
64,581,3143.7
64,582,3099.5
64,583,3167.4
64,584,3106.8
64,585,3138.3
64,586,4166.0
64,587,3197.6
64,588,3323.0
64,589,2395.8
64,590,2235.9
64,591,2275.9
64,592,2214.1
64,593,2133.6
64,594,2264.4
64,595,2245.6
64,596,3235.2
64,597,3082.6
64,598,3230.3
64,599,3204.3
64,600,3098.9
64,601,2938.4
64,602,2948.1
64,603,2893.6
64,604,3518.6
64,605,3252.1
64,606,2219.6
64,607,2346.1
64,608,2308.0
64,609,2185.7
64,610,2176.6
64,611,2200.2
64,612,2153.6
64,613,2177.2
64,614,3805.1
64,615,3543.4
64,616,3824.4
64,617,3157.7
64,618,3288.5
64,619,3270.9
64,620,3180.7
64,621,3186.7
64,622,3222.5
64,623,3143.1
64,624,4085.5
64,625,3243.1
64,626,3011.1
64,627,2271.7
64,628,2291.6
64,629,2329.8
64,630,2226.2
64,631,2232.9
64,632,2205.0
64,633,2180.2
64,634,3077.7
64,635,3186.7
64,636,2990.5
64,637,3008.1
64,638,3251.5
64,639,2858.5
64,640,3167.4
64,641,3155.8
64,642,3820.2
64,643,3192.2
64,644,2257.7
64,645,2295.3
64,646,2245.0
64,647,2240.8
64,648,2146.9
64,649,2194.1
64,650,2184.4
64,651,2175.4
64,652,4112.1
64,653,2976.6
64,654,2250.5
64,655,2136.0
64,656,2131.2
64,657,2215.9
64,658,2259.5
64,659,2256.5
64,660,2251.1
64,661,2243.8
64,662,3890.5
64,663,3574.9
64,664,3852.3
64,665,3516.2
64,666,3236.4
64,667,3205.5
64,668,3269.1
64,669,3236.4
64,670,3192.8
64,671,3250.3
64,672,3134.0
64,673,4086.7
64,674,3275.8
64,675,2934.8
64,676,2272.3
64,677,2391.6
64,678,2389.7
64,679,2165.7
64,680,2126.9
64,681,2286.8
64,682,2200.8
64,683,2964.5
64,684,3191.6
64,685,3080.1
64,686,2904.5
64,687,3229.1
64,688,3175.8
64,689,2907.5
64,690,3144.9
64,691,4092.7
64,692,3818.4
64,693,2354.0
64,694,2260.1
64,695,2280.1
64,696,2229.3
64,697,2202.6
64,698,2189.9
64,699,2251.1
64,700,3126.8
64,701,3215.2
64,702,2364.9
64,703,2259.5
64,704,2902.1
64,705,2270.4
64,706,2259.5
64,707,3225.5
64,708,3194.6
64,709,3126.2
64,710,3131.6
64,711,3095.9
64,712,3174.0
64,713,3137.1
64,714,3100.7
64,715,2236.5
64,716,3039.0
64,717,2304.4
64,718,2273.5
64,719,2257.1
64,720,2159.0
64,721,2175.4
64,722,2149.3
64,723,2197.2
64,724,3196.4
64,725,2914.2
64,726,3194.6
64,727,3180.1
64,728,3331.5
64,729,3200.1
64,730,2888.8
64,731,3168.6
64,732,3796.0
64,733,2896.6
64,734,2327.4
64,735,2199.6
64,736,2243.2
64,737,2228.7
64,738,2251.1
64,739,2110.0
64,740,2179.6
64,741,2315.3
64,742,2925.7
64,743,3234.0
64,744,3181.9
64,745,3038.4
64,746,3340.0
64,747,3093.5
64,748,3125.0
64,749,3204.3
64,750,3771.8
64,751,2879.7
64,752,3201.3
64,753,3126.8
64,754,2985.1
64,755,2911.8
64,756,2875.4
64,757,3129.2
64,758,3211.0
64,759,4144.8
64,760,3825.1
64,761,2332.2
64,762,2227.4
64,763,2424.3
64,764,2242.0
64,765,2314.0
64,766,2136.6
64,767,2319.5
64,768,2316.5
64,769,2243.2
64,770,2954.8
64,771,3200.7
64,772,3286.1
64,773,3263.0
64,774,2957.2
64,775,3243.7
64,776,3189.8
64,777,3236.4
64,778,3908.6
64,779,3224.3
64,780,2296.5
64,781,2272.9
64,782,2269.2
64,783,2335.2
64,784,2261.4
64,785,2367.9
64,786,2298.3
64,787,2301.9
64,788,2935.4
64,789,3280.6
64,790,3234.0
64,791,3238.2
64,792,3222.5
64,793,2956.6
64,794,3331.5
64,795,2873.0
64,796,4096.4
64,797,3840.2
64,798,2312.8
64,799,2236.5
64,800,2188.7
64,801,2271.0
64,802,2323.1
64,803,2231.1
64,804,2149.3
64,805,2289.8
64,806,2261.4
64,807,2982.6
64,808,3227.3
64,809,2962.7
64,810,2931.8
64,811,3239.4
64,812,3135.9
64,813,3194.0
64,814,3189.8
64,815,4126.6
64,816,3845.0
64,817,2248.6
64,818,2298.9
64,819,2366.7
64,820,2224.4
64,821,2183.8
64,822,2220.8
64,823,2271.0
64,824,2163.9
64,825,2339.5
64,826,3314.5
64,827,3223.1
64,828,3241.2
64,829,3286.7
64,830,2907.5
64,831,3012.3
64,832,3135.3
64,833,2855.5
64,834,4135.7
64,835,4104.2
64,836,3278.8
64,837,2300.7
64,838,2341.3
64,839,2247.4
64,840,2206.9
64,841,2248.0
64,842,2169.3
64,843,2200.8
64,844,2253.5
64,845,2297.1
64,846,3171.0
64,847,3111.0
64,848,2935.4
64,849,3226.1
64,850,2876.7
64,851,2882.7
64,852,3215.8
64,853,3130.4
64,854,3809.3
64,855,3270.9
64,856,2270.4
64,857,2243.8
64,858,2251.1
64,859,2214.7
64,860,2305.6
64,861,2251.1
64,862,2205.0
64,863,2231.7
64,864,4164.8
64,865,3225.5
64,866,2136.6
64,867,2263.8
64,868,2142.1
64,869,2364.3
64,870,2318.3
64,871,2188.1
64,872,2126.9
64,873,2177.2
64,874,3915.9
64,875,3847.5
64,876,4126.6
64,877,2361.3
64,878,2248.0
64,879,2212.9
64,880,2265.6
64,881,2308.6
64,882,2255.3
64,883,2327.4
64,884,2303.8
64,885,3010.5
64,886,4641.4
64,887,3992.2
64,888,4036.4
64,889,3424.7
64,890,3617.9
64,891,3658.5
64,892,4238.7
64,893,7281.9
64,894,3900.8
64,895,5221.0
64,896,9698.3
64,897,3204.9
64,898,3256.4
64,899,3285.4
64,900,3469.6
64,901,3230.9
64,902,2192.3
64,903,3020.2
64,904,3263.6
64,905,2281.3
64,906,2274.1
64,907,2274.7
64,908,2181.4
64,909,2309.2
64,910,2222.0
64,911,4149.7
64,912,7640.4
64,913,3022.6
64,914,5365.1
64,915,9422.7
64,916,2946.3
64,917,3310.3
64,918,3199.5
64,919,3219.4
64,920,4091.5
64,921,4108.5
64,922,3868.0
64,923,3872.3
64,924,2896.0
64,925,3039.6
64,926,2201.4
64,927,2299.5
64,928,2161.4
64,929,2173.5
64,930,2222.0
64,931,2214.1
64,932,2227.4
64,933,2982.6
64,934,2946.3
64,935,3246.7
64,936,3243.1
64,937,3131.6
64,938,2936.0
64,939,3129.2
64,940,3160.7
64,941,3590.7
64,942,3170.4
64,943,2246.2
64,944,2257.7
64,945,2276.5
64,946,2432.7
64,947,2219.0
64,948,2272.9
64,949,2190.5
64,950,2256.5
64,951,3831.1
64,952,3776.0
64,953,3282.4
64,954,3138.9
64,955,3254.0
64,956,3200.7
64,957,3264.9
64,958,3118.9
64,959,3207.3
64,960,4169.0
64,961,2976.6
64,962,3002.6
64,963,2375.8
64,964,2274.1
64,965,2435.2
64,966,2268.6
64,967,2230.5
64,968,2234.7
64,969,2323.7
64,970,3137.7
64,971,3115.9
64,972,2955.4
64,973,3273.9
64,974,2935.4
64,975,2942.1
64,976,3138.3
64,977,2885.7
64,978,4144.8
64,979,3515.6
64,980,2311.6
64,981,2295.3
64,982,2164.5
64,983,2298.9
64,984,2171.1
64,985,2139.0
64,986,2364.9
64,987,2977.8
64,988,3215.8
64,989,3158.3
64,990,3215.2
64,991,3197.6
64,992,3206.7
64,993,3125.6
64,994,3122.5
64,995,3238.2
64,996,3821.4
64,997,4143.6
64,998,3243.1
64,999,2957.2
64,1000,3241.2
64,1001,3244.3
64,1002,2343.1
64,1003,2249.2
64,1004,2209.9
64,1005,2238.3
64,1006,2242.6
64,1007,2956.6
64,1008,3187.3
64,1009,2910.0
64,1010,2891.2
64,1011,2858.5
64,1012,3174.0
64,1013,2990.5
64,1014,2870.6
64,1015,3797.8
64,1016,3267.3
64,1017,2225.0
64,1018,2244.4
64,1019,2400.0
64,1020,2309.2
64,1021,2299.5
64,1022,2220.2
64,1023,2263.2
64,1024,2272.3
64,1025,4107.9
64,1026,2971.7
64,1027,2150.5
64,1028,2169.3
64,1029,2273.5
64,1030,2219.6
64,1031,2164.5
64,1032,2227.4
64,1033,2312.8
64,1034,2300.7
64,1035,3842.6
64,1036,4167.2
64,1037,2278.3
64,1038,2251.1
64,1039,2249.2
64,1040,2222.0
64,1041,2188.1
64,1042,2174.8
64,1043,2212.3
64,1044,2177.2
64,1045,3204.3
64,1046,3524.1
64,1047,3177.7
64,1048,3111.6
64,1049,3290.3
64,1050,3234.0
64,1051,3218.2
64,1052,3098.9
64,1053,3334.5
64,1054,4129.1
64,1055,3308.5
64,1056,3003.2
64,1057,2315.3
64,1058,2287.4
64,1059,2252.3
64,1060,2159.0
64,1061,2170.5
64,1062,2256.5
64,1063,2263.2
64,1064,3169.2
64,1065,3192.2
64,1066,3219.4
64,1067,3245.5
64,1068,3192.8
64,1069,3293.9
64,1070,3148.6
64,1071,3194.0
64,1072,3828.1
64,1073,2910.6
64,1074,3204.3
64,1075,2914.8
64,1076,3203.1
64,1077,3265.5
64,1078,3179.5
64,1079,3238.8
64,1080,3180.7
64,1081,3814.8
64,1082,3225.5
64,1083,2251.7
64,1084,2240.8
64,1085,2328.0
64,1086,2250.5
64,1087,2214.7
64,1088,2331.6
64,1089,2226.8
64,1090,2267.4
64,1091,3243.1
64,1092,2895.4
64,1093,3306.6
64,1094,3260.0
64,1095,3240.6
64,1096,3231.6
64,1097,3103.2
64,1098,2944.5
64,1099,3872.9
64,1100,3241.8
64,1101,2372.8
64,1102,2331.6
64,1103,2240.8
64,1104,2347.4
64,1105,2120.9
64,1106,2167.5
64,1107,2213.5
64,1108,2230.5
64,1109,3241.2
64,1110,3194.6
64,1111,3005.7
64,1112,2975.4
64,1113,2904.5
64,1114,3129.2
64,1115,2841.5
64,1116,3209.7
64,1117,4136.9
64,1118,3782.7
64,1119,2273.5
64,1120,2343.1
64,1121,2297.1
64,1122,2285.6
64,1123,2270.4
64,1124,2129.3
64,1125,2268.6
64,1126,2393.4
64,1127,2212.9
64,1128,2917.8
64,1129,2905.1
64,1130,3282.4
64,1131,3149.8
64,1132,2858.5
64,1133,3540.4
64,1134,3109.8
64,1135,3108.0
64,1136,4196.3
64,1137,3654.3
64,1138,3262.4
64,1139,2434.6
64,1140,2341.3
64,1141,2395.2
64,1142,2140.2
64,1143,2332.8
64,1144,2240.8
64,1145,2235.9
64,1146,2438.8
64,1147,3170.4
64,1148,3229.1
64,1149,2993.5
64,1150,3172.2
64,1151,3203.7
64,1152,3173.4
64,1153,3118.9
64,1154,3251.5
64,1155,3788.7
64,1156,3105.6
64,1157,2307.4
64,1158,2278.9
64,1159,2357.7
64,1160,2214.7
64,1161,2252.9
64,1162,2170.5
64,1163,2163.2
64,1164,2145.7
64,1165,3259.4
64,1166,3191.6
64,1167,2877.3
64,1168,3180.7
64,1169,3177.0
64,1170,3295.1
64,1171,7212.8
64,1172,2940.3
64,1173,3197.0
64,1174,3144.9
64,1175,3233.4
64,1176,3176.4
64,1177,3005.7
64,1178,3250.9
64,1179,2928.1
64,1180,2317.7
64,1181,2325.6
64,1182,2265.6
64,1183,2212.9
64,1184,2252.3
64,1185,2226.2
64,1186,3251.5
64,1187,4043.7
64,1188,3352.1
64,1189,2405.5
64,1190,2358.3
64,1191,2395.2
64,1192,2367.9
64,1193,2358.9
64,1194,2394.0
64,1195,2258.9
64,1196,2318.3
64,1197,4103.0
64,1198,2968.1
64,1199,5763.6
64,1200,2267.4
64,1201,2305.0
64,1202,2311.0
64,1203,2125.1
64,1204,2172.3
64,1205,2308.6
64,1206,2076.0
64,1207,4282.3
64,1208,4290.2
64,1209,3819.6
64,1210,4075.8
64,1211,9340.4
64,1212,3970.4
64,1213,4907.3
64,1214,8914.0
64,1215,3402.3
64,1216,3664.0
64,1217,3097.7
64,1218,3223.7
64,1219,3276.4
64,1220,2303.8
64,1221,2298.3
64,1222,2169.9
64,1223,2552.7
64,1224,3247.3
64,1225,3179.5
64,1226,3229.1
64,1227,3134.7
64,1228,3109.2
64,1229,3353.9
64,1230,3109.8
64,1231,3155.8
64,1232,3804.5
64,1233,3085.0
64,1234,2276.5
64,1235,2268.0
64,1236,2229.3
64,1237,2306.2
64,1238,2243.2
64,1239,2177.2
64,1240,2133.6
64,1241,2225.0
64,1242,4649.3
64,1243,9354.9
64,1244,4090.9
64,1245,5091.4
64,1246,6671.4
64,1247,4861.9
64,1248,9201.7
64,1249,3373.3
64,1250,3200.1
64,1251,3194.0
64,1252,3021.4
64,1253,3232.8
64,1254,3118.3
64,1255,3192.2
64,1256,3150.4
64,1257,2378.2
64,1258,2314.0
64,1259,2403.1
64,1260,2331.6
64,1261,2298.9
64,1262,2212.3
64,1263,2287.4
64,1264,3554.9
64,1265,11503.0
64,1266,2575.7
64,1267,3189.2
64,1268,2878.5
64,1269,3281.8
64,1270,3180.7
64,1271,3149.8
64,1272,3226.7
64,1273,3911.0
64,1274,2945.1
64,1275,2353.4
64,1276,2419.4
64,1277,2330.4
64,1278,2171.1
64,1279,2229.3
64,1280,2333.4
64,1281,2357.7
64,1282,2182.6
64,1283,5147.7
64,1284,8828.6
64,1285,2634.4
64,1286,2301.3
64,1287,2228.7
64,1288,2160.2
64,1289,2264.4
64,1290,2185.1
64,1291,2197.2
64,1292,2134.2
64,1293,3743.9
64,1294,10726.0
64,1295,2523.6
64,1296,3204.9
64,1297,3182.5
64,1298,3185.5
64,1299,3231.6
64,1300,3150.4
64,1301,2963.3
64,1302,4134.5
64,1303,2416.4
64,1304,2222.0
64,1305,2235.9
64,1306,2120.3
64,1307,2179.0
64,1308,2271.0
64,1309,2303.8
64,1310,2188.7
64,1311,3441.7
64,1312,10732.1
64,1313,2498.2
64,1314,3327.2
64,1315,3242.5
64,1316,2899.1
64,1317,3273.3
64,1318,2882.7
64,1319,3140.1
64,1320,4113.3
64,1321,3214.0
64,1322,2967.5
64,1323,2398.8
64,1324,2363.1
64,1325,2357.7
64,1326,2157.8
64,1327,2158.4
64,1328,2219.6
64,1329,2166.3
64,1330,3904.4
64,1331,9025.4
64,1332,2748.3
64,1333,3934.1
64,1334,3836.6
64,1335,4155.1
64,1336,2996.6
64,1337,2948.7
64,1338,2916.0
64,1339,3206.7
64,1340,3201.3
64,1341,2299.5
64,1342,2232.9
64,1343,2251.7
64,1344,2149.9
64,1345,2957.8
64,1346,3260.6
64,1347,3200.7
64,1348,2850.6
64,1349,3267.9
64,1350,3195.2
64,1351,3184.9
64,1352,3087.4
64,1353,3799.6
64,1354,3214.0
64,1355,2223.8
64,1356,2233.5
64,1357,2308.6
64,1358,2235.9
64,1359,2214.1
64,1360,2387.3
64,1361,2300.7
64,1362,2234.7
64,1363,4086.1
64,1364,3177.7
64,1365,2274.1
64,1366,2194.7
64,1367,2158.4
64,1368,2278.9
64,1369,2407.9
64,1370,2311.0
64,1371,2247.4
64,1372,2266.8
64,1373,3852.9
64,1374,3823.8
64,1375,3220.0
64,1376,3270.9
64,1377,3172.8
64,1378,3232.2
64,1379,3223.7
64,1380,3085.6
64,1381,3146.8
64,1382,4055.8
64,1383,4153.3
64,1384,3020.2
64,1385,3239.4
64,1386,2380.1
64,1387,2262.6
64,1388,2149.3
64,1389,2254.1
64,1390,2234.1
64,1391,2295.3
64,1392,2182.0
64,1393,2925.1
64,1394,2971.1
64,1395,2963.3
64,1396,2921.5
64,1397,3324.2
64,1398,3126.8
64,1399,2931.2
64,1400,2880.3
64,1401,4120.0
64,1402,4102.4
64,1403,3157.7
64,1404,2435.8
64,1405,2385.5
64,1406,2310.4
64,1407,2173.5
64,1408,2219.6
64,1409,2133.6
64,1410,2244.4
64,1411,3198.2
64,1412,3176.4
64,1413,3233.4
64,1414,3191.6
64,1415,3221.9
64,1416,3237.6
64,1417,3203.1
64,1418,3199.5
64,1419,3204.9
64,1420,4103.6
64,1421,2998.4
64,1422,3189.2
64,1423,2346.7
64,1424,2336.5
64,1425,2267.4
64,1426,2251.7
64,1427,2166.9
64,1428,2183.2
64,1429,2189.9
64,1430,2864.5
64,1431,3255.2
64,1432,2899.1
64,1433,3251.5
64,1434,2956.6
64,1435,2881.5
64,1436,3206.7
64,1437,3278.2
64,1438,3812.3
64,1439,2862.1
64,1440,2242.0
64,1441,2299.5
64,1442,2209.3
64,1443,2258.9
64,1444,212526.5
64,1445,3956.5
64,1446,4024.9
64,1447,3660.3
64,1448,3113.5
64,1449,3253.4
64,1450,2267.4
64,1451,2237.7
64,1452,2165.7
64,1453,3769.3
64,1454,3384.2
64,1455,3648.2
64,1456,3446.5
64,1457,3260.6
64,1458,3539.8
64,1459,3510.1
64,1460,4676.5
64,1461,6785.9
64,1462,7137.8
64,1463,3289.1
64,1464,3243.7
64,1465,3388.4
64,1466,2428.5
64,1467,2398.8
64,1468,2333.4
64,1469,2404.9
64,1470,2362.5
64,1471,3194.0
64,1472,3452.6
64,1473,3424.7
64,1474,3320.0
64,1475,3262.4
64,1476,3357.5
64,1477,3288.5
64,1478,3275.8
64,1479,4350.1
64,1480,3417.5
64,1481,3234.0
64,1482,2480.0
64,1483,2519.3
64,1484,2473.3
64,1485,2499.4
64,1486,2304.4
64,1487,2389.7
64,1488,2261.4
64,1489,3313.9
64,1490,3417.5
64,1491,3155.2
64,1492,3325.4
64,1493,3418.1
64,1494,3442.3
64,1495,3400.5
64,1496,3266.1
64,1497,3979.5
64,1498,3186.1
64,1499,3409.6
64,1500,3466.5
64,1501,3419.3
64,1502,3326.6
64,1503,3343.0
64,1504,3026.9
64,1505,3355.1
64,1506,4044.3
64,1507,3381.7
64,1508,2382.5
64,1509,2605.3
64,1510,2416.4
64,1511,2495.1
64,1512,2328.6
64,1513,2298.3
64,1514,2415.8
64,1515,2355.2
64,1516,3976.5
64,1517,4061.8
64,1518,3369.6
64,1519,3351.5
64,1520,3384.8
64,1521,3373.9
64,1522,3366.0
64,1523,3292.7
64,1524,3465.3
64,1525,4009.8
64,1526,3974.0
64,1527,4012.2
64,1528,3993.4
64,1529,4295.0
64,1530,3444.7
64,1531,3479.9
64,1532,2427.9
64,1533,2480.0
64,1534,2163.2
64,1535,2278.9
64,1536,2234.1
64,1537,2165.1
64,1538,2227.4
64,1539,3324.8
64,1540,2905.7
64,1541,3179.5
64,1542,2270.4
64,1543,2160.8
64,1544,2175.4
64,1545,2143.3
64,1546,2222.6
64,1547,2110.0
64,1548,2334.6
64,1549,2251.1
64,1550,3440.5
64,1551,3990.4
64,1552,3335.7
64,1553,3078.3
64,1554,3068.0
64,1555,3349.0
64,1556,3335.1
64,1557,3325.4
64,1558,3844.4
64,1559,4156.3
64,1560,3210.4
64,1561,2970.5
64,1562,3251.5
64,1563,2248.6
64,1564,2221.4
64,1565,2324.9
64,1566,2212.3
64,1567,2208.1
64,1568,2309.2
64,1569,2802.2
64,1570,3187.9
64,1571,3109.8
64,1572,2836.7
64,1573,3007.5
64,1574,3022.6
64,1575,2843.4
64,1576,2909.4
64,1577,3737.2
64,1578,2989.3
64,1579,2137.2
64,1580,2157.2
64,1581,2226.8
64,1582,2083.9
64,1583,2133.6
64,1584,2021.5
64,1585,2076.6
64,1586,2136.0
64,1587,3998.9
64,1588,2816.1
64,1589,2913.6
64,1590,3118.9
64,1591,3143.1
64,1592,2968.1
64,1593,3092.9
64,1594,3074.1
64,1595,3705.1
64,1596,3083.8
64,1597,2116.0
64,1598,2121.5
64,1599,2202.0
64,1600,2040.9
64,1601,2088.2
64,1602,2246.8
64,1603,2125.7
64,1604,2114.8
64,1605,3743.3
64,1606,3413.2
64,1607,3970.4
64,1608,2182.0
64,1609,2162.6
64,1610,2129.9
64,1611,2135.4
64,1612,2082.7
64,1613,2200.2
64,1614,2142.7
64,1615,2077.9
64,1616,2971.1
64,1617,3693.0
64,1618,3722.1
64,1619,3079.5
64,1620,3068.0
64,1621,3197.6
64,1622,3065.0
64,1623,3116.5
64,1624,3060.8
64,1625,2979.0
64,1626,3668.2
64,1627,3969.8
64,1628,2872.4
64,1629,2326.8
64,1630,2205.0
64,1631,2147.5
64,1632,2096.6
64,1633,2085.7
64,1634,2186.3
64,1635,2146.3
64,1636,2852.4
64,1637,2928.1
64,1638,2837.3
64,1639,3091.7
64,1640,2819.1
64,1641,2913.0
64,1642,2854.9
64,1643,2830.6
64,1644,3434.4
64,1645,3149.2
64,1646,2766.4
64,1647,2804.6
64,1648,2873.6
64,1649,3075.3
64,1650,3207.9
64,1651,3045.0
64,1652,3086.2
64,1653,4011.0
64,1654,3984.3
64,1655,3094.7
64,1656,2295.9
64,1657,2226.2
64,1658,2192.9
64,1659,2235.9
64,1660,2069.4
64,1661,2085.7
64,1662,2146.3
64,1663,3054.7
64,1664,3077.7
64,1665,3109.8
64,1666,3082.6
64,1667,2951.2
64,1668,2993.5
64,1669,3037.1
64,1670,3098.3
64,1671,3032.3
64,1672,3665.8
64,1673,3665.2
64,1674,3115.3
64,1675,3009.3
64,1676,2954.2
64,1677,3011.7
64,1678,3062.0
64,1679,2950.5
64,1680,3007.5
64,1681,2965.7
64,1682,3843.2
64,1683,4133.3
64,1684,3178.9
64,1685,3309.1
64,1686,2265.6
64,1687,2236.5
64,1688,2234.1
64,1689,2215.9
64,1690,2265.6
64,1691,2239.0
64,1692,2221.4
64,1693,3143.7
64,1694,3345.4
64,1695,3292.7
64,1696,3317.5
64,1697,2942.1
64,1698,3321.2
64,1699,3315.7
64,1700,3260.6
64,1701,4046.1
64,1702,3862.0
64,1703,2235.9
64,1704,2191.7
64,1705,2160.8
64,1706,2247.4
64,1707,2206.9
64,1708,2226.8
64,1709,2366.7
64,1710,2919.7
64,1711,3169.8
64,1712,3002.0
64,1713,3137.7
64,1714,3103.8
64,1715,3120.1
64,1716,3229.1
64,1717,3129.2
64,1718,3072.9
64,1719,4308.3
64,1720,3046.2
64,1721,3152.8
64,1722,2371.0
64,1723,2296.5
64,1724,2318.9
64,1725,2290.4
64,1726,2295.3
64,1727,2346.1
64,1728,2180.2
64,1729,3266.1
64,1730,3348.4
64,1731,3121.3
64,1732,3321.2
64,1733,3302.4
64,1734,3265.5
64,1735,3138.9
64,1736,3203.7
64,1737,3863.2
64,1738,3241.8
64,1739,3158.9
64,1740,3211.0
64,1741,4769.8
64,1742,4187.2
64,1743,4001.9
64,1744,4396.1
64,1745,4149.1
64,1746,4497.3
64,1747,4187.2
64,1748,6020.4
64,1749,6997.9
64,1750,3179.5
64,1751,3071.7
64,1752,3043.8
64,1753,3023.8
64,1754,2285.0
64,1755,2242.0
64,1756,2185.1
64,1757,2085.7
64,1758,3290.9
64,1759,3149.8
64,1760,3072.9
64,1761,3096.5
64,1762,3086.8
64,1763,3071.1
64,1764,3068.0
64,1765,3035.3
64,1766,3089.2
64,1767,3968.0
64,1768,2917.2
64,1769,2962.1
64,1770,2274.7
64,1771,2257.7
64,1772,2167.5
64,1773,2242.6
64,1774,2124.5
64,1775,2101.5
64,1776,2127.5
64,1777,2982.6
64,1778,3164.9
64,1779,3168.6
64,1780,3026.2
64,1781,3100.7
64,1782,2960.2
64,1783,3062.6
64,1784,3092.9
64,1785,3688.8
64,1786,3166.7
64,1787,2186.9
64,1788,2159.0
64,1789,2133.6
64,1790,2172.9
64,1791,2090.0
64,1792,2154.8
64,1793,2077.3
64,1794,2099.1
64,1795,3752.4
64,1796,3742.7
64,1797,3124.4
64,1798,3121.9
64,1799,3117.7
64,1800,3016.6
64,1801,3022.6
64,1802,3195.2
64,1803,3028.7
64,1804,3694.8
64,1805,4146.6
64,1806,3061.4
64,1807,3132.2
64,1808,2197.8
64,1809,2276.5
64,1810,2194.7
64,1811,2142.7
64,1812,2116.0
64,1813,2174.8
64,1814,2085.1
64,1815,2065.1
64,1816,2977.2
64,1817,3109.8
64,1818,3090.4
64,1819,3110.4
64,1820,3020.2
64,1821,3017.2
64,1822,3032.9
64,1823,3115.3
64,1824,2992.9
64,1825,3697.3
64,1826,3961.9
64,1827,2828.2
64,1828,3135.3
64,1829,2261.4
64,1830,2169.3
64,1831,2204.4
64,1832,2173.5
64,1833,2148.1
64,1834,2208.7
64,1835,2142.7
64,1836,3131.6
64,1837,3166.1
64,1838,2903.9
64,1839,3146.8
64,1840,2847.6
64,1841,3130.4
64,1842,3179.5
64,1843,3163.1
64,1844,4116.4
64,1845,3888.0
64,1846,2276.5
64,1847,2270.4
64,1848,2276.5
64,1849,2296.5
64,1850,2267.4
64,1851,2329.2
64,1852,2478.8
64,1853,3337.5
64,1854,2994.8
64,1855,3303.6
64,1856,3259.4
64,1857,3268.5
64,1858,3331.5
64,1859,4148.4
64,1860,4183.0
64,1861,4130.3
64,1862,4107.3
64,1863,3855.3
64,1864,3868.7
64,1865,3831.1
64,1866,4153.3
64,1867,4548.8
64,1868,21732.4
64,1869,6443.7
64,1870,5508.7
64,1871,5426.9
64,1872,5742.4
64,1873,10362.0
64,1874,57309.1
64,1875,4086.1
64,1876,4246.0
64,1877,4137.5
64,1878,3336.9
64,1879,3211.6
64,1880,3082.6
64,1881,3679.7
64,1882,3961.9
64,1883,3123.8
64,1884,3092.3
64,1885,2314.0
64,1886,2192.3
64,1887,2057.9
64,1888,2143.9
64,1889,2479.4
64,1890,10102.2
64,1891,4022.5
64,1892,3756.6
64,1893,3556.2
64,1894,3117.7
64,1895,3392.6
64,1896,3637.9
64,1897,3406.0
64,1898,4295.6
64,1899,3441.1
64,1900,3315.7
64,1901,3427.2
64,1902,3188.6
64,1903,3235.8
64,1904,3233.4
64,1905,3098.9
64,1906,3139.5
64,1907,4218.1
64,1908,4404.6
64,1909,3158.9
64,1910,3295.7
64,1911,3363.6
64,1912,3300.6
64,1913,3559.2
64,1914,3375.1
64,1915,3502.9
64,1916,3312.1
64,1917,4318.0
64,1918,4302.3
64,1919,5738.8
64,1920,3932.2
64,1921,3902.0
64,1922,3635.5
64,1923,3004.4
64,1924,2245.6
64,1925,3222.5
64,1926,2759.2
64,1927,3192.2
64,1928,3343.6
64,1929,3059.6
64,1930,2823.4
64,1931,3101.3
64,1932,3043.2
64,1933,4028.5
64,1934,4000.1
64,1935,3132.2
64,1936,2283.2
64,1937,2274.7
64,1938,2202.0
64,1939,2182.0
64,1940,2116.6
64,1941,2088.8
64,1942,2045.8
64,1943,3252.7
64,1944,3062.0
64,1945,3090.4
64,1946,3118.3
64,1947,3024.4
64,1948,3034.1
64,1949,3043.8
64,1950,2930.6
64,1951,3005.7
64,1952,3691.2
64,1953,3944.4
64,1954,2901.5
64,1955,3141.9
64,1956,2151.1
64,1957,2159.6
64,1958,2173.5
64,1959,2107.5
64,1960,2100.3
64,1961,2112.4
64,1962,2123.3
64,1963,2993.5
64,1964,3065.0
64,1965,3184.3
64,1966,2890.0
64,1967,2758.6
64,1968,3039.6
64,1969,3034.7
64,1970,2782.8
64,1971,3657.9
64,1972,3039.0
64,1973,2174.2
64,1974,2198.4
64,1975,2144.5
64,1976,2171.7
64,1977,2010.6
64,1978,2137.8
64,1979,2084.5
64,1980,2683.5
64,1981,3599.8
64,1982,3654.9
64,1983,3977.7
64,1984,3042.0
64,1985,3087.4
64,1986,3043.2
64,1987,3083.2
64,1988,3106.8
64,1989,3047.4
64,1990,3080.8
64,1991,3952.2
64,1992,3911.0
64,1993,3996.4
64,1994,3978.9
64,1995,2897.9
64,1996,2251.1
64,1997,2263.2
64,1998,2207.5
64,1999,2389.7
256,0,3971.0
256,1,6844.0
256,2,6063.4
256,3,3469.0
256,4,3083.2
256,5,2191.7
256,6,2369.2
256,7,2357.0
256,8,2227.4
256,9,2192.3
256,10,2093.0
256,11,3020.2
256,12,3197.0
256,13,3060.8
256,14,3111.0
256,15,3143.1
256,16,3082.6
256,17,3163.7
256,18,3115.9
256,19,3118.9
256,20,3977.1
256,21,3183.1
256,22,2946.3
256,23,2386.7
256,24,2252.9
256,25,2269.8
256,26,2065.7
256,27,2137.8
256,28,2129.3
256,29,2045.2
256,30,3097.7
256,31,3115.3
256,32,2798.5
256,33,3115.9
256,34,3608.2
256,35,3220.6
256,36,2797.9
256,37,3080.1
256,38,3733.6
256,39,3131.0
256,40,2838.5
256,41,3240.6
256,42,3097.7
256,43,3137.1
256,44,3152.2
256,45,3105.0
256,46,2899.1
256,47,3733.6
256,48,3083.8
256,49,3125.0
256,50,2885.1
256,51,3218.8
256,52,3078.3
256,53,3054.1
256,54,3027.5
256,55,3204.9
256,56,4024.9
256,57,3721.5
256,58,2201.4
256,59,2288.6
256,60,2186.3
256,61,2219.0
256,62,2160.2
256,63,2197.8
256,64,2260.1
256,65,2969.3
256,66,3142.5
256,67,3107.4
256,68,3121.9
256,69,3148.6
256,70,3161.3
256,71,3131.0
256,72,3105.0
256,73,3164.3
256,74,4038.8
256,75,3086.2
256,76,3123.1
256,77,2271.7
256,78,2286.2
256,79,2176.6
256,80,2114.8
256,81,2224.4
256,82,2149.3
256,83,2231.1
256,84,2909.4
256,85,3211.6
256,86,3074.1
256,87,3144.3
256,88,2945.7
256,89,2809.4
256,90,3101.9
256,91,2870.0
256,92,3470.2
256,93,3077.7
256,94,2456.4
256,95,2180.2
256,96,2449.1
256,97,2402.5
256,98,2194.7
256,99,2206.2
256,100,2160.2
256,101,2068.2
256,102,3789.3
256,103,3518.6
256,104,3755.4
256,105,4021.9
256,106,2223.8
256,107,2185.1
256,108,2186.9
256,109,2239.0
256,110,2189.9
256,111,2126.9
256,112,2177.2
256,113,2194.7
256,114,2923.9
256,115,3763.9
256,116,3069.9
256,117,3108.0
256,118,3116.5
256,119,3109.8
256,120,3100.7
256,121,3142.5
256,122,3128.0
256,123,3944.4
256,124,3705.7
256,125,3093.5
256,126,3043.8
256,127,3072.9
256,128,3008.7
256,129,3149.8
256,130,3095.3
256,131,3174.6
256,132,3080.8
256,133,3955.9
256,134,3765.1
256,135,2979.6
256,136,3118.9
256,137,3181.9
256,138,3128.0
256,139,3140.7
256,140,3101.9
256,141,3171.6
256,142,3046.8
256,143,4000.7
256,144,3117.7
256,145,3187.3
256,146,2171.7
256,147,2248.0
256,148,2198.4
256,149,2120.3
256,150,2222.0
256,151,2170.5
256,152,2277.1
256,153,3169.8
256,154,2927.5
256,155,2934.2
256,156,2963.9
256,157,2948.7
256,158,3167.4
256,159,3062.6
256,160,3167.4
256,161,3748.7
256,162,3066.8
256,163,3084.4
256,164,3075.9
256,165,3094.1
256,166,3144.9
256,167,3109.8
256,168,3086.2
256,169,3174.6
256,170,3693.0
256,171,3247.3
256,172,2224.4
256,173,2230.5
256,174,2361.3
256,175,2195.3
256,176,2318.3
256,177,2239.0
256,178,2308.6
256,179,2278.3
256,180,4028.5
256,181,3123.8
256,182,2217.8
256,183,2157.8
256,184,2208.7
256,185,2297.1
256,186,2276.5
256,187,2240.2
256,188,2232.3
256,189,2402.5
256,190,4051.5
256,191,3275.2
256,192,2321.3
256,193,2412.8
256,194,2364.9
256,195,2309.2
256,196,2317.7
256,197,2275.9
256,198,2348.6
256,199,2284.4
256,200,3742.1
256,201,4208.4
256,202,3336.3
256,203,2356.4
256,204,2300.1
256,205,2306.2
256,206,2385.5
256,207,2414.0
256,208,2266.2
256,209,2406.1
256,210,2317.1
256,211,4039.4
256,212,3100.7
256,213,2281.3
256,214,2277.7
256,215,2216.5
256,216,2349.8
256,217,2333.4
256,218,2317.7
256,219,2258.3
256,220,2220.8
256,221,3936.5
256,222,4256.2
256,223,2409.1
256,224,2222.6
256,225,2328.0
256,226,2254.1
256,227,2430.3
256,228,2223.2
256,229,2300.7
256,230,2332.2
256,231,3142.5
256,232,3908.0
256,233,3893.5
256,234,3150.4
256,235,3196.4
256,236,3204.9
256,237,3164.3
256,238,3235.2
256,239,3109.2
256,240,3107.4
256,241,4198.7
256,242,3094.7
256,243,2360.7
256,244,2250.5
256,245,2163.9
256,246,2173.5
256,247,2240.8
256,248,2213.5
256,249,2094.8
256,250,3169.8
256,251,2851.2
256,252,3143.7
256,253,3071.1
256,254,3108.6
256,255,2783.4
256,256,3060.2
256,257,2873.6
256,258,3986.1
256,259,3720.9
256,260,3148.0
256,261,2201.4
256,262,2131.8
256,263,2165.1
256,264,2133.6
256,265,2249.9
256,266,2136.6
256,267,3157.7
256,268,3131.6
256,269,3143.7
256,270,3116.5
256,271,3083.8
256,272,3040.2
256,273,3199.5
256,274,3028.7
256,275,3019.6
256,276,3753.0
256,277,3720.9
256,278,3712.4
256,279,3089.8
256,280,3115.3
256,281,3240.0
256,282,3100.1
256,283,3097.7
256,284,3110.4
256,285,3067.4
256,286,3116.5
256,287,4282.9
256,288,2942.7
256,289,3190.4
256,290,2225.0
256,291,2368.6
256,292,2226.8
256,293,2234.1
256,294,2219.6
256,295,2278.9
256,296,2285.0
256,297,3139.5
256,298,3126.8
256,299,3171.0
256,300,2856.7
256,301,3017.8
256,302,3066.2
256,303,3070.5
256,304,2817.3
256,305,4040.6
256,306,3498.0
256,307,2343.1
256,308,2276.5
256,309,2194.1
256,310,2291.0
256,311,2128.1
256,312,2210.5
256,313,2221.4
256,314,5690.9
256,315,3124.4
256,316,3339.3
256,317,3908.6
256,318,3153.4
256,319,3015.3
256,320,3028.7
256,321,3743.3
256,322,4001.3
256,323,3178.9
256,324,3142.5
256,325,2190.5
256,326,2207.5
256,327,2148.7
256,328,2148.1
256,329,2245.6
256,330,2120.9
256,331,2115.4
256,332,2902.7
256,333,2884.5
256,334,3171.0
256,335,2890.0
256,336,3068.6
256,337,2955.4
256,338,2877.3
256,339,3028.1
256,340,3710.0
256,341,3028.7
256,342,3131.0
256,343,2880.9
256,344,3044.4
256,345,3184.3
256,346,2884.5
256,347,3036.5
256,348,3115.3
256,349,3722.1
256,350,3126.8
256,351,2298.9
256,352,2163.2
256,353,2286.2
256,354,2191.7
256,355,2203.8
256,356,2228.7
256,357,2179.0
256,358,2229.9
256,359,3737.2
256,360,3508.9
256,361,3755.4
256,362,3081.4
256,363,3159.5
256,364,3143.1
256,365,3192.8
256,366,3163.7
256,367,3072.9
256,368,3966.8
256,369,3756.0
256,370,3968.0
256,371,3217.6
256,372,3207.9
256,373,3228.5
256,374,2340.7
256,375,2328.0
256,376,2059.1
256,377,2351.0
256,378,2196.0
256,379,2351.6
256,380,3125.0
256,381,3073.5
256,382,3200.7
256,383,3101.3
256,384,3139.5
256,385,3175.8
256,386,3105.6
256,387,3135.3
256,388,3470.2
256,389,3131.6
256,390,2239.6
256,391,2225.0
256,392,2301.9
256,393,2243.2
256,394,2243.8
256,395,2228.0
256,396,2109.3
256,397,2097.8
256,398,4016.4
256,399,3120.1
256,400,2167.5
256,401,2287.4
256,402,2157.8
256,403,2191.1
256,404,2164.5
256,405,2100.9
256,406,2274.1
256,407,2246.2
256,408,3719.1
256,409,3742.1
256,410,3978.3
256,411,2226.2
256,412,2139.6
256,413,2169.9
256,414,2265.6
256,415,2129.3
256,416,2386.1
256,417,2289.2
256,418,2138.4
256,419,3003.8
256,420,3502.3
256,421,3729.4
256,422,3118.9
256,423,3109.8
256,424,3251.5
256,425,3222.5
256,426,3137.7
256,427,3050.5
256,428,3129.8
256,429,3761.5
256,430,3988.0
256,431,4069.1
256,432,3164.3
256,433,2910.0
256,434,2258.3
256,435,2290.4
256,436,2277.1
256,437,2172.3
256,438,2060.9
256,439,2151.7
256,440,2182.0
256,441,3138.9
256,442,3101.9
256,443,3120.1
256,444,3112.8
256,445,3209.1
256,446,3138.3
256,447,3197.6
256,448,3097.1
256,449,4094.5
256,450,3746.3
256,451,2228.7
256,452,2209.3
256,453,2296.5
256,454,2269.8
256,455,2092.4
256,456,2183.8
256,457,2291.6
256,458,3087.4
256,459,3237.6
256,460,3086.8
256,461,3118.3
256,462,3134.0
256,463,3149.8
256,464,3085.0
256,465,3159.5
256,466,3131.0
256,467,3780.2
256,468,3693.0
256,469,3010.5
256,470,3086.2
256,471,3121.9
256,472,3078.3
256,473,3083.8
256,474,3111.6
256,475,3125.0
256,476,3017.2
256,477,3726.3
256,478,3731.2
256,479,4043.1
256,480,3140.7
256,481,2886.4
256,482,2219.6
256,483,2305.0
256,484,2159.0
256,485,2216.5
256,486,2281.9
256,487,2265.0
256,488,2219.6
256,489,3158.3
256,490,2838.5
256,491,2938.4
256,492,3132.2
256,493,3090.4
256,494,3129.8
256,495,2898.5
256,496,3119.5
256,497,3750.6
256,498,3099.5
256,499,2258.9
256,500,2251.7
256,501,2190.5
256,502,2294.7
256,503,2160.2
256,504,2260.8
256,505,2223.2
256,506,2185.7
256,507,3742.1
256,508,3977.7
256,509,3092.9
256,510,3054.1
256,511,3122.5
256,512,3102.6
256,513,3129.2
256,514,3105.0
256,515,3051.1
256,516,4006.7
256,517,3136.5
256,518,3141.3
256,519,2269.8
256,520,2253.5
256,521,2208.7
256,522,2118.4
256,523,2194.1
256,524,2167.5
256,525,2174.8
256,526,3120.1
256,527,3153.4
256,528,2811.9
256,529,3186.1
256,530,3037.8
256,531,3075.9
256,532,2851.2
256,533,3122.5
256,534,3737.2
256,535,3148.0
256,536,2837.9
256,537,3086.8
256,538,3164.3
256,539,3049.9
256,540,3101.3
256,541,3052.9
256,542,3145.6
256,543,3748.1
256,544,3034.1
256,545,3160.1
256,546,3117.1
256,547,3181.3
256,548,3097.1
256,549,2822.8
256,550,2856.1
256,551,3080.1
256,552,3745.7
256,553,3153.4
256,554,2235.3
256,555,2240.8
256,556,2225.0
256,557,2109.3
256,558,2154.2
256,559,2125.7
256,560,2179.6
256,561,2317.7
256,562,3989.8
256,563,3789.3
256,564,3132.8
256,565,3192.2
256,566,3115.9
256,567,3155.2
256,568,3147.4
256,569,3184.3
256,570,3057.7
256,571,3963.1
256,572,3975.8
256,573,3178.3
256,574,2948.1
256,575,2236.5
256,576,2286.2
256,577,2203.2
256,578,2146.9
256,579,2281.3
256,580,2240.2
256,581,2231.1
256,582,3198.2
256,583,3135.3
256,584,3123.8
256,585,3203.1
256,586,3084.4
256,587,3049.9
256,588,3171.6
256,589,2810.0
256,590,3992.8
256,591,3977.1
256,592,3168.0
256,593,2264.4
256,594,2324.3
256,595,2284.4
256,596,2277.7
256,597,2185.7
256,598,2223.8
256,599,2255.9
256,600,3069.2
256,601,3098.3
256,602,3122.5
256,603,3108.0
256,604,3152.2
256,605,3137.7
256,606,3065.0
256,607,3018.4
256,608,3033.5
256,609,3979.5
256,610,3136.5
256,611,3197.0
256,612,2212.9
256,613,2230.5
256,614,2196.0
256,615,2229.9
256,616,2191.1
256,617,2190.5
256,618,2074.8
256,619,3172.2
256,620,2840.9
256,621,2861.5
256,622,3115.9
256,623,3171.0
256,624,3080.8
256,625,2945.7
256,626,3139.5
256,627,3755.4
256,628,2822.2
256,629,3056.5
256,630,2868.2
256,631,3029.3
256,632,3140.1
256,633,3244.9
256,634,2228.0
256,635,4032.8
256,636,4675.9
256,637,3887.4
256,638,3286.1
256,639,3661.5
256,640,7569.6
256,641,6131.2
256,642,3064.4
256,643,3121.9
256,644,3048.7
256,645,3053.5
256,646,3150.4
256,647,2300.1
256,648,2358.9
256,649,2381.3
256,650,3287.9
256,651,3126.2
256,652,2989.9
256,653,3055.9
256,654,3158.9
256,655,3088.6
256,656,3077.1
256,657,3102.6
256,658,3183.1
256,659,4008.6
256,660,3080.1
256,661,3187.3
256,662,2385.5
256,663,2275.9
256,664,2238.3
256,665,2277.1
256,666,2185.1
256,667,2218.4
256,668,2277.7
256,669,3101.3
256,670,2926.9
256,671,2974.8
256,672,3093.5
256,673,3186.1
256,674,2754.3
256,675,3142.5
256,676,2773.1
256,677,3994.6
256,678,4005.5
256,679,3101.3
256,680,2194.1
256,681,2300.1
256,682,2246.8
256,683,2189.9
256,684,2139.0
256,685,2169.9
256,686,2265.0
256,687,3102.6
256,688,3123.8
256,689,3139.5
256,690,3044.4
256,691,3092.9
256,692,3098.3
256,693,3066.2
256,694,3066.8
256,695,3036.5
256,696,3699.7
256,697,3132.2
256,698,2985.7
256,699,3109.2
256,700,3116.5
256,701,3078.9
256,702,3075.3
256,703,3076.5
256,704,3097.1
256,705,4017.6
256,706,3174.0
256,707,2916.0
256,708,2208.7
256,709,2340.7
256,710,2242.6
256,711,2179.0
256,712,2270.4
256,713,2299.5
256,714,2263.2
256,715,3297.0
256,716,3160.1
256,717,3140.1
256,718,3200.7
256,719,2920.3
256,720,3183.1
256,721,3268.5
256,722,3250.3
256,723,4087.3
256,724,3827.5
256,725,2261.4
256,726,2289.2
256,727,2199.0
256,728,2297.1
256,729,2302.5
256,730,2210.5
256,731,2212.3
256,732,3126.8
256,733,3210.4
256,734,3224.3
256,735,3133.4
256,736,3221.3
256,737,3249.7
256,738,3114.1
256,739,3269.7
256,740,3185.5
256,741,4081.2
256,742,2984.5
256,743,3194.6
256,744,2271.7
256,745,2275.3
256,746,2281.3
256,747,2274.1
256,748,2349.8
256,749,2260.1
256,750,2284.4
256,751,2962.7
256,752,3254.6
256,753,3325.4
256,754,3162.5
256,755,3025.0
256,756,3171.6
256,757,2931.2
256,758,2862.1
256,759,4073.4
256,760,3826.9
256,761,2410.9
256,762,2298.9
256,763,2315.9
256,764,2209.3
256,765,2189.9
256,766,2239.0
256,767,2220.2
256,768,3142.5
256,769,3241.8
256,770,3180.1
256,771,3140.1
256,772,3185.5
256,773,3255.8
256,774,3184.9
256,775,3206.1
256,776,3400.5
256,777,4127.3
256,778,2979.0
256,779,2973.6
256,780,2294.7
256,781,2321.3
256,782,2286.8
256,783,2311.0
256,784,2292.2
256,785,2273.5
256,786,2291.0
256,787,3220.0
256,788,3221.9
256,789,3211.6
256,790,3254.0
256,791,3206.1
256,792,3209.7
256,793,3287.3
256,794,2919.1
256,795,3842.6
256,796,3148.6
256,797,2319.5
256,798,2291.6
256,799,2229.3
256,800,2241.4
256,801,2324.3
256,802,2305.0
256,803,2276.5
256,804,2253.5
256,805,4100.6
256,806,2961.4
256,807,2311.6
256,808,2182.6
256,809,2317.7
256,810,2309.8
256,811,2227.4
256,812,2294.1
256,813,2139.6
256,814,2199.0
256,815,3863.2
256,816,4092.1
256,817,2352.8
256,818,2141.4
256,819,2245.6
256,820,2249.9
256,821,2272.3
256,822,2220.2
256,823,2265.6
256,824,2287.4
256,825,2984.5
256,826,3829.9
256,827,3142.5
256,828,3111.6
256,829,3212.2
256,830,3215.2
256,831,3183.7
256,832,3174.6
256,833,3272.1
256,834,3800.8
256,835,4130.3
256,836,2896.0
256,837,3281.8
256,838,2415.2
256,839,2341.3
256,840,2245.6
256,841,2419.4
256,842,2206.9
256,843,2163.2
256,844,2243.8
256,845,2857.9
256,846,3199.5
256,847,3209.7
256,848,2875.4
256,849,3178.3
256,850,2942.1
256,851,3212.2
256,852,3178.9
256,853,3498.0
256,854,2955.4
256,855,3151.0
256,856,3155.2
256,857,3309.7
256,858,3209.7
256,859,3104.4
256,860,3200.1
256,861,3178.9
256,862,4115.7
256,863,3832.9
256,864,2326.2
256,865,2335.2
256,866,2173.5
256,867,2241.4
256,868,2249.2
256,869,2234.7
256,870,2189.9
256,871,3043.2
256,872,3197.6
256,873,3262.4
256,874,3136.5
256,875,3217.6
256,876,3203.7
256,877,3149.8
256,878,3221.9
256,879,3072.9
256,880,4060.0
256,881,3017.2
256,882,2942.7
256,883,2406.7
256,884,2395.8
256,885,2334.6
256,886,2242.0
256,887,2350.4
256,888,2286.8
256,889,2340.7
256,890,3220.6
256,891,3297.6
256,892,2925.1
256,893,3224.3
256,894,3273.9
256,895,3190.4
256,896,3183.1
256,897,2907.5
256,898,3539.8
256,899,3239.4
256,900,2334.6
256,901,2355.2
256,902,2223.2
256,903,2295.3
256,904,2252.3
256,905,2274.1
256,906,2267.4
256,907,2335.2
256,908,3564.6
256,909,3883.8
256,910,3309.1
256,911,3277.0
256,912,3194.6
256,913,3244.9
256,914,3237.6
256,915,4145.4
256,916,2976.6
256,917,3248.5
256,918,3328.4
256,919,3264.3
256,920,2365.5
256,921,2196.6
256,922,2229.3
256,923,2242.6
256,924,2242.0
256,925,3252.1
256,926,3187.3
256,927,2982.0
256,928,3252.1
256,929,3301.2
256,930,2899.1
256,931,3278.2
256,932,2946.9
256,933,3590.1
256,934,3154.0
256,935,2257.7
256,936,2389.7
256,937,2279.5
256,938,2179.6
256,939,2190.5
256,940,2201.4
256,941,2188.1
256,942,2201.4
256,943,4100.0
256,944,3171.0
256,945,2163.9
256,946,2242.6
256,947,2303.1
256,948,2244.4
256,949,2170.5
256,950,2254.7
256,951,2159.6
256,952,2280.7
256,953,9946.0
256,954,3391.4
256,955,3538.0
256,956,4777.1
256,957,3710.0
256,958,4144.8
256,959,8671.2
256,960,4519.1
256,961,6297.2
256,962,6454.0
256,963,3369.0
256,964,3195.8
256,965,3301.8
256,966,3209.1
256,967,2260.8
256,968,2349.8
256,969,2383.1
256,970,2266.2
256,971,3204.9
256,972,3185.5
256,973,3209.7
256,974,3246.1
256,975,3195.8
256,976,3108.6
256,977,3261.2
256,978,3128.6
256,979,3191.6
256,980,4092.7
256,981,3280.6
256,982,3064.4
256,983,2263.8
256,984,2344.3
256,985,2341.9
256,986,2263.8
256,987,2364.9
256,988,2426.1
256,989,2283.2
256,990,3210.4
256,991,2883.3
256,992,3247.9
256,993,3257.0
256,994,2960.8
256,995,3288.5
256,996,3316.9
256,997,3216.4
256,998,4152.1
256,999,3573.7
256,1000,2270.4
256,1001,2274.1
256,1002,2248.6
256,1003,2334.6
256,1004,2229.9
256,1005,2309.2
256,1006,2349.2
256,1007,3042.6
256,1008,3221.9
256,1009,3189.2
256,1010,3147.4
256,1011,3252.1
256,1012,3191.0
256,1013,3230.3
256,1014,3328.4
256,1015,3198.8
256,1016,4287.1
256,1017,3538.0
256,1018,3375.7
256,1019,2457.0
256,1020,2395.8
256,1021,2414.6
256,1022,2353.4
256,1023,2379.5
256,1024,2331.6
256,1025,2357.7
256,1026,3406.0
256,1027,3093.5
256,1028,3488.3
256,1029,3246.7
256,1030,3371.4
256,1031,3520.4
256,1032,3229.1
256,1033,3280.0
256,1034,4326.5
256,1035,3970.4
256,1036,2415.2
256,1037,2303.1
256,1038,2391.6
256,1039,2440.6
256,1040,2323.7
256,1041,2386.7
256,1042,2395.2
256,1043,3011.1
256,1044,3239.4
256,1045,3208.5
256,1046,3264.3
256,1047,3327.2
256,1048,3257.0
256,1049,3352.7
256,1050,3233.4
256,1051,3216.4
256,1052,4292.6
256,1053,3474.4
256,1054,3442.9
256,1055,2467.3
256,1056,2382.5
256,1057,2473.9
256,1058,2341.9
256,1059,2407.3
256,1060,2387.3
256,1061,2332.8
256,1062,3241.8
256,1063,3234.6
256,1064,3275.2
256,1065,3440.5
256,1066,3399.9
256,1067,3423.5
256,1068,3073.5
256,1069,3348.4
256,1070,3843.2
256,1071,3383.6
256,1072,3376.3
256,1073,3467.7
256,1074,3329.7
256,1075,3443.5
256,1076,3418.7
256,1077,3297.6
256,1078,3385.4
256,1079,4345.3
256,1080,4282.3
256,1081,3230.9
256,1082,2585.4
256,1083,2639.3
256,1084,2479.4
256,1085,2249.9
256,1086,2538.7
256,1087,2398.2
256,1088,2391.6
256,1089,3153.4
256,1090,3402.3
256,1091,3122.5
256,1092,3077.7
256,1093,3178.9
256,1094,3267.3
256,1095,3247.9
256,1096,3126.8
256,1097,3238.8
256,1098,3838.4
256,1099,4090.9
256,1100,3019.0
256,1101,3263.0
256,1102,2418.8
256,1103,2309.2
256,1104,2314.0
256,1105,2321.9
256,1106,2335.8
256,1107,2283.8
256,1108,2237.1
256,1109,2909.4
256,1110,3262.4
256,1111,3204.9
256,1112,3171.0
256,1113,3228.5
256,1114,3201.9
256,1115,3037.8
256,1116,3498.0
256,1117,4295.0
256,1118,4080.0
256,1119,3043.2
256,1120,2422.5
256,1121,2428.5
256,1122,2384.3
256,1123,2486.0
256,1124,2408.5
256,1125,2229.9
256,1126,2344.9
256,1127,3004.4
256,1128,3036.5
256,1129,3093.5
256,1130,3177.7
256,1131,3287.9
256,1132,3272.7
256,1133,3287.9
256,1134,3256.4
256,1135,3343.6
256,1136,3971.6
256,1137,4341.0
256,1138,3410.2
256,1139,3193.4
256,1140,2397.0
256,1141,2372.2
256,1142,2337.7
256,1143,2363.7
256,1144,2390.4
256,1145,2394.6
256,1146,2145.7
256,1147,2935.4
256,1148,3221.9
256,1149,2996.6
256,1150,2914.2
256,1151,3203.7
256,1152,2962.1
256,1153,3120.1
256,1154,2935.4
256,1155,4117.6
256,1156,3839.0
256,1157,2409.7
256,1158,2274.1
256,1159,2352.8
256,1160,2178.4
256,1161,2249.9
256,1162,2205.6
256,1163,2183.2
256,1164,3140.7
256,1165,3221.9
256,1166,3267.9
256,1167,3161.9
256,1168,3194.0
256,1169,3241.8
256,1170,3150.4
256,1171,3163.1
256,1172,3232.2
256,1173,4079.4
256,1174,3253.4
256,1175,3323.6
256,1176,3246.7
256,1177,3010.5
256,1178,2321.9
256,1179,2246.2
256,1180,2312.2
256,1181,2254.1
256,1182,2214.7
256,1183,2228.7
256,1184,2916.6
256,1185,3258.2
256,1186,3168.0
256,1187,2949.3
256,1188,3214.0
256,1189,3167.4
256,1190,3037.8
256,1191,3171.6
256,1192,4120.6
256,1193,3832.3
256,1194,2314.7
256,1195,2207.5
256,1196,2252.3
256,1197,2280.1
256,1198,2279.5
256,1199,2199.6
256,1200,2242.0
256,1201,3164.3
256,1202,3191.0
256,1203,3200.1
256,1204,3243.7
256,1205,3211.0
256,1206,3265.5
256,1207,3235.8
256,1208,3180.7
256,1209,3264.3
256,1210,3806.3
256,1211,4077.0
256,1212,3051.1
256,1213,3298.8
256,1214,2292.2
256,1215,2309.2
256,1216,2246.8
256,1217,2278.9
256,1218,2149.9
256,1219,2229.9
256,1220,2279.5
256,1221,3037.8
256,1222,3253.4
256,1223,3153.4
256,1224,3038.4
256,1225,3242.5
256,1226,2870.6
256,1227,3250.3
256,1228,3248.5
256,1229,3567.1
256,1230,2922.7
256,1231,3223.7
256,1232,3112.8
256,1233,2942.1
256,1234,3184.9
256,1235,3092.9
256,1236,2833.1
256,1237,3088.0
256,1238,3536.2
256,1239,3115.3
256,1240,2405.5
256,1241,2337.1
256,1242,2271.0
256,1243,2215.3
256,1244,2268.6
256,1245,2217.1
256,1246,2163.2
256,1247,2126.9
256,1248,3535.0
256,1249,3866.2
256,1250,3187.3
256,1251,3170.4
256,1252,3195.2
256,1253,3148.0
256,1254,3230.3
256,1255,3173.4
256,1256,3159.5
256,1257,3657.3
256,1258,4321.7
256,1259,2417.0
256,1260,2401.3
256,1261,2330.4
256,1262,2448.5
256,1263,2199.0
256,1264,2139.6
256,1265,2364.9
256,1266,2262.0
256,1267,3207.3
256,1268,3894.1
256,1269,3135.9
256,1270,3164.9
256,1271,3217.6
256,1272,3236.4
256,1273,3242.5
256,1274,3205.5
256,1275,3339.3
256,1276,4133.3
256,1277,4121.2
256,1278,3012.9
256,1279,3266.7
256,1280,2336.5
256,1281,2370.4
256,1282,2295.9
256,1283,2211.7
256,1284,2352.8
256,1285,2232.3
256,1286,2314.7
256,1287,2992.9
256,1288,2937.8
256,1289,3293.3
256,1290,3221.3
256,1291,2937.2
256,1292,3287.3
256,1293,3220.6
256,1294,3146.8
256,1295,3800.8
256,1296,3127.4
256,1297,2358.3
256,1298,2254.1
256,1299,2266.8
256,1300,2389.1
256,1301,2344.9
256,1302,2292.2
256,1303,2204.4
256,1304,2375.8
256,1305,3898.3
256,1306,4132.7
256,1307,2367.3
256,1308,2220.2
256,1309,2222.0
256,1310,2192.3
256,1311,2310.4
256,1312,2277.7
256,1313,2227.4
256,1314,2286.8
256,1315,2990.5
256,1316,3832.9
256,1317,3194.0
256,1318,3139.5
256,1319,3214.0
256,1320,3230.9
256,1321,3238.2
256,1322,3243.7
256,1323,3248.5
256,1324,3837.2
256,1325,3831.7
256,1326,4154.5
256,1327,3260.6
256,1328,3268.5
256,1329,2293.5
256,1330,2277.7
256,1331,2330.4
256,1332,2274.7
256,1333,2372.8
256,1334,2141.4
256,1335,2248.6
256,1336,3277.6
256,1337,3281.8
256,1338,3209.1
256,1339,3223.7
256,1340,2926.9
256,1341,3206.7
256,1342,3133.4
256,1343,3224.3
256,1344,3531.3
256,1345,3249.7
256,1346,2266.2
256,1347,2336.5
256,1348,2243.8
256,1349,2251.7
256,1350,2246.8
256,1351,2243.8
256,1352,2128.1
256,1353,2337.7
256,1354,3550.7
256,1355,3832.3
256,1356,3175.2
256,1357,3256.4
256,1358,3243.7
256,1359,3217.0
256,1360,3219.4
256,1361,3252.1
256,1362,3159.5
256,1363,3855.9
256,1364,3803.2
256,1365,4050.9
256,1366,3247.9
256,1367,3289.1
256,1368,2294.1
256,1369,2314.0
256,1370,2280.1
256,1371,2283.2
256,1372,2254.7
256,1373,2249.9
256,1374,2417.6
256,1375,2962.7
256,1376,3162.5
256,1377,3260.6
256,1378,3229.1
256,1379,3180.7
256,1380,3197.6
256,1381,3199.5
256,1382,3235.2
256,1383,3854.1
256,1384,2996.6
256,1385,2270.4
256,1386,2376.4
256,1387,2341.9
256,1388,2276.5
256,1389,2250.5
256,1390,2181.4
256,1391,2224.4
256,1392,2268.0
256,1393,4201.1
256,1394,2924.5
256,1395,2260.1
256,1396,2212.9
256,1397,2250.5
256,1398,2260.1
256,1399,2259.5
256,1400,2254.1
256,1401,2268.6
256,1402,2285.0
256,1403,3840.2
256,1404,3558.0
256,1405,3155.2
256,1406,3220.0
256,1407,3239.4
256,1408,3172.8
256,1409,3260.0
256,1410,3109.2
256,1411,3237.0
256,1412,4098.8
256,1413,3246.1
256,1414,3070.5
256,1415,2345.5
256,1416,2344.3
256,1417,2375.2
256,1418,2254.1
256,1419,2251.7
256,1420,2235.9
256,1421,2145.1
256,1422,3224.9
256,1423,3210.4
256,1424,3222.5
256,1425,3270.9
256,1426,3206.1
256,1427,2932.4
256,1428,2923.9
256,1429,3177.0
256,1430,3556.2
256,1431,3211.6
256,1432,2197.8
256,1433,2329.8
256,1434,2285.0
256,1435,2224.4
256,1436,2250.5
256,1437,2162.6
256,1438,2185.7
256,1439,2215.3
256,1440,3903.8
256,1441,3851.1
256,1442,3123.1
256,1443,3171.0
256,1444,3174.0
256,1445,3306.6
256,1446,3297.6
256,1447,3106.2
256,1448,3208.5
256,1449,4140.6
256,1450,2948.7
256,1451,3276.4
256,1452,2305.0
256,1453,2291.6
256,1454,2245.0
256,1455,2197.8
256,1456,2268.6
256,1457,2213.5
256,1458,2124.5
256,1459,3016.0
256,1460,3218.2
256,1461,2976.6
256,1462,3235.2
256,1463,2928.1
256,1464,3210.4
256,1465,3242.5
256,1466,2803.4
256,1467,3799.6
256,1468,3213.4
256,1469,2234.1
256,1470,2337.7
256,1471,2344.3
256,1472,2219.0
256,1473,2262.0
256,1474,2199.0
256,1475,2294.1
256,1476,2319.5
256,1477,3839.6
256,1478,3608.2
256,1479,3863.8
256,1480,3204.9
256,1481,3227.3
256,1482,3237.6
256,1483,3243.7
256,1484,3202.5
256,1485,3135.3
256,1486,3172.8
256,1487,3908.6
256,1488,3834.7
256,1489,4134.5
256,1490,3299.4
256,1491,3276.4
256,1492,2328.0
256,1493,2277.1
256,1494,2245.6
256,1495,2354.6
256,1496,2221.4
256,1497,2228.0
256,1498,2268.0
256,1499,3184.9
256,1500,3218.2
256,1501,3003.2
256,1502,3337.5
256,1503,3133.4
256,1504,3163.7
256,1505,3192.8
256,1506,3186.7
256,1507,4141.8
256,1508,4083.0
256,1509,3120.7
256,1510,2327.4
256,1511,2259.5
256,1512,2335.2
256,1513,2511.5
256,1514,3699.7
256,1515,3596.7
256,1516,3997.0
256,1517,3442.3
256,1518,3613.7
256,1519,3280.6
256,1520,3325.4
256,1521,3882.0
256,1522,3834.1
256,1523,2364.3
256,1524,2258.3
256,1525,2289.2
256,1526,2266.8
256,1527,2239.0
256,1528,2415.2
256,1529,3216.4
256,1530,3160.1
256,1531,3278.8
256,1532,3247.9
256,1533,3438.7
256,1534,3497.4
256,1535,3433.2
256,1536,3386.6
256,1537,4017.0
256,1538,4263.5
256,1539,3338.7
256,1540,3267.9
256,1541,3258.2
256,1542,2684.1
256,1543,3375.7
256,1544,2455.2
256,1545,4928.5
256,1546,3516.8
256,1547,3270.3
256,1548,2411.6
256,1549,3068.0
256,1550,2679.2
256,1551,2560.5
256,1552,2602.3
256,1553,2536.3
256,1554,2417.0
256,1555,3939.5
256,1556,3997.0
256,1557,3383.6
256,1558,3477.4
256,1559,3083.2
256,1560,3436.2
256,1561,4366.5
256,1562,3238.8
256,1563,3048.0
256,1564,3049.3
256,1565,3025.6
256,1566,2380.1
256,1567,2443.0
256,1568,3898.9
256,1569,2362.5
256,1570,2294.7
256,1571,2348.0
256,1572,2337.7
256,1573,2326.8
256,1574,3416.9
256,1575,3389.0
256,1576,3443.5
256,1577,3513.2
256,1578,3400.5
256,1579,4016.4
256,1580,4279.3
256,1581,3389.6
256,1582,3386.0
256,1583,3026.9
256,1584,3000.8
256,1585,2472.1
256,1586,2321.9
256,1587,2366.1
256,1588,2374.6
256,1589,2311.0
256,1590,3288.5
256,1591,3306.6
256,1592,3310.9
256,1593,3392.6
256,1594,3255.2
256,1595,3221.3
256,1596,2968.1
256,1597,3048.7
256,1598,4075.8
256,1599,3245.5
256,1600,2368.6
256,1601,2463.0
256,1602,2391.0
256,1603,2491.5
256,1604,2395.2
256,1605,2486.6
256,1606,2406.1
256,1607,2397.6
256,1608,3458.0
256,1609,3528.9
256,1610,3243.1
256,1611,3165.5
256,1612,3098.9
256,1613,3145.6
256,1614,3101.9
256,1615,3206.1
256,1616,4103.6
256,1617,3005.1
256,1618,2954.8
256,1619,2334.6
256,1620,2416.4
256,1621,2223.8
256,1622,2440.6
256,1623,2214.7
256,1624,2289.8
256,1625,2308.6
256,1626,3227.3
256,1627,2974.8
256,1628,3252.1
256,1629,3377.5
256,1630,3098.3
256,1631,2974.2
256,1632,3262.4
256,1633,3350.3
256,1634,3937.1
256,1635,3287.9
256,1636,2474.5
256,1637,2451.5
256,1638,2392.8
256,1639,2550.8
256,1640,2441.2
256,1641,2395.8
256,1642,2442.4
256,1643,2378.8
256,1644,4100.6
256,1645,3680.3
256,1646,3451.4
256,1647,3372.1
256,1648,3392.6
256,1649,3237.0
256,1650,3149.8
256,1651,3132.8
256,1652,4103.0
256,1653,3261.8
256,1654,3262.4
256,1655,3254.6
256,1656,2263.8
256,1657,2334.6
256,1658,2375.8
256,1659,2257.7
256,1660,2139.0
256,1661,2180.8
256,1662,3028.7
256,1663,3272.7
256,1664,3200.1
256,1665,3282.4
256,1666,3123.8
256,1667,3176.4
256,1668,3170.4
256,1669,2972.3
256,1670,3790.5
256,1671,3210.4
256,1672,2200.2
256,1673,2380.7
256,1674,2117.8
256,1675,2332.8
256,1676,2178.4
256,1677,2268.0
256,1678,2300.7
256,1679,2262.0
256,1680,3561.0
256,1681,4175.1
256,1682,2253.5
256,1683,2245.0
256,1684,2165.1
256,1685,2203.8
256,1686,2286.8
256,1687,2223.2
256,1688,2317.7
256,1689,2256.5
256,1690,3035.3
256,1691,3141.9
256,1692,3148.0
256,1693,3134.0
256,1694,3103.2
256,1695,3194.0
256,1696,3215.2
256,1697,3244.3
256,1698,3203.1
256,1699,3827.5
256,1700,4096.4
256,1701,3212.2
256,1702,3273.9
256,1703,2287.4
256,1704,2312.2
256,1705,2326.2
256,1706,2166.9
256,1707,2182.0
256,1708,2151.7
256,1709,2156.0
256,1710,3031.7
256,1711,3014.7
256,1712,3257.0
256,1713,3012.3
256,1714,2857.3
256,1715,3178.3
256,1716,2965.1
256,1717,3332.7
256,1718,4140.0
256,1719,3789.3
256,1720,2474.5
256,1721,2263.8
256,1722,2247.4
256,1723,2169.9
256,1724,2274.1
256,1725,2248.6
256,1726,2334.6
256,1727,2974.8
256,1728,3197.6
256,1729,3298.8
256,1730,3218.2
256,1731,3144.3
256,1732,3137.1
256,1733,3203.7
256,1734,3272.7
256,1735,3277.0
256,1736,3817.8
256,1737,3889.9
256,1738,4127.9
256,1739,3217.6
256,1740,3302.4
256,1741,2207.5
256,1742,2300.1
256,1743,2251.1
256,1744,2337.7
256,1745,2369.8
256,1746,2219.0
256,1747,2296.5
256,1748,3201.3
256,1749,3250.3
256,1750,2966.9
256,1751,3198.2
256,1752,3186.1
256,1753,3079.5
256,1754,3223.1
256,1755,2934.2
256,1756,4302.9
256,1757,3995.8
256,1758,2527.2
256,1759,2378.8
256,1760,2381.9
256,1761,2400.0
256,1762,2324.9
256,1763,2332.2
256,1764,2332.8
256,1765,3125.0
256,1766,3226.7
256,1767,3097.1
256,1768,3214.6
256,1769,3289.7
256,1770,3287.9
256,1771,3302.4
256,1772,3197.0
256,1773,3235.8
256,1774,4040.0
256,1775,4033.4
256,1776,3989.2
256,1777,4313.8
256,1778,3409.0
256,1779,3452.6
256,1780,2457.0
256,1781,2387.9
256,1782,2281.3
256,1783,2302.5
256,1784,2411.6
256,1785,2404.9
256,1786,2421.2
256,1787,3430.2
256,1788,3331.5
256,1789,3210.4
256,1790,3306.6
256,1791,3220.6
256,1792,3211.0
256,1793,3389.0
256,1794,3192.2
256,1795,4328.9
256,1796,4003.7
256,1797,2381.9
256,1798,2355.2
256,1799,2317.7
256,1800,2442.4
256,1801,2353.4
256,1802,2306.2
256,1803,2308.6
256,1804,3284.2
256,1805,3223.1
256,1806,3389.6
256,1807,3201.9
256,1808,3216.4
256,1809,3264.9
256,1810,3303.6
256,1811,3238.8
256,1812,3218.8
256,1813,10287.5
256,1814,4611.1
256,1815,3370.8
256,1816,2582.9
256,1817,2627.8
256,1818,2526.0
256,1819,2367.9
256,1820,2232.9
256,1821,2136.6
256,1822,2999.0
256,1823,3182.5
256,1824,3012.3
256,1825,3220.0
256,1826,2926.9
256,1827,2966.9
256,1828,2918.4
256,1829,3214.0
256,1830,3849.3
256,1831,3210.4
256,1832,2343.1
256,1833,2369.2
256,1834,2227.4
256,1835,2298.9
256,1836,2193.5
256,1837,2235.3
256,1838,2306.2
256,1839,2367.9
256,1840,4129.7
256,1841,3278.2
256,1842,2269.8
256,1843,2361.3
256,1844,2331.0
256,1845,2199.6
256,1846,2154.8
256,1847,2321.9
256,1848,2188.7
256,1849,2295.9
256,1850,3516.2
256,1851,3534.4
256,1852,3845.0
256,1853,3190.4
256,1854,3180.1
256,1855,3226.7
256,1856,3200.7
256,1857,3232.2
256,1858,3103.8
256,1859,3216.4
256,1860,3786.3
256,1861,4119.4
256,1862,3310.3
256,1863,3340.6
256,1864,2314.0
256,1865,2340.1
256,1866,2295.9
256,1867,2162.6
256,1868,2198.4
256,1869,2148.1
256,1870,2146.9
256,1871,3246.1
256,1872,3295.1
256,1873,3089.8
256,1874,2844.0
256,1875,3203.1
256,1876,3064.4
256,1877,3184.9
256,1878,2985.7
256,1879,3860.2
256,1880,3136.5
256,1881,2373.4
256,1882,2292.9
256,1883,2255.9
256,1884,2315.9
256,1885,2157.8
256,1886,2223.2
256,1887,2148.1
256,1888,2265.0
256,1889,4195.7
256,1890,2891.2
256,1891,2202.6
256,1892,2191.7
256,1893,2280.1
256,1894,2271.0
256,1895,2250.5
256,1896,2171.1
256,1897,2235.9
256,1898,2219.6
256,1899,3595.5
256,1900,3765.7
256,1901,3869.9
256,1902,3263.0
256,1903,3233.4
256,1904,3173.4
256,1905,3229.1
256,1906,3181.3
256,1907,3262.4
256,1908,3188.6
256,1909,3790.5
256,1910,4115.7
256,1911,3264.3
256,1912,3020.2
256,1913,2380.7
256,1914,2344.3
256,1915,2344.3
256,1916,2220.8
256,1917,2280.1
256,1918,2214.7
256,1919,2274.1
256,1920,3209.1
256,1921,3056.5
256,1922,3019.6
256,1923,2991.1
256,1924,3266.7
256,1925,3255.8
256,1926,3047.4
256,1927,3332.7
256,1928,4100.6
256,1929,3329.7
256,1930,2681.7
256,1931,2449.1
256,1932,2384.3
256,1933,2426.7
256,1934,3977.7
256,1935,19633.4
256,1936,6185.1
256,1937,6158.5
256,1938,6334.7
256,1939,10998.5
256,1940,36510.6
256,1941,4151.5
256,1942,4151.5
256,1943,4493.6
256,1944,4400.4
256,1945,4471.2
256,1946,4393.7
256,1947,3467.1
256,1948,4299.2
256,1949,3389.0
256,1950,3452.6
256,1951,3359.3
256,1952,2498.8
256,1953,2470.3
256,1954,2362.5
256,1955,2404.3
256,1956,2402.5
256,1957,2338.3
256,1958,2402.5
256,1959,2423.1
256,1960,3557.4
256,1961,3509.5
256,1962,3544.0
256,1963,3430.8
256,1964,3478.6
256,1965,4343.5
256,1966,3031.7
256,1967,3084.4
256,1968,3392.6
256,1969,3124.4
256,1970,3238.2
256,1971,2349.8
256,1972,2309.2
256,1973,2398.8
256,1974,2415.8
256,1975,3073.5
256,1976,3304.2
256,1977,3369.6
256,1978,3320.6
256,1979,3095.3
256,1980,3236.4
256,1981,3155.8
256,1982,3245.5
256,1983,3891.1
256,1984,3241.2
256,1985,2379.5
256,1986,2432.7
256,1987,2450.9
256,1988,2371.0
256,1989,2335.2
256,1990,2266.8
256,1991,2266.2
256,1992,2222.0
256,1993,3975.8
256,1994,4037.6
256,1995,3508.9
256,1996,3536.8
256,1997,3548.9
256,1998,3434.4
256,1999,4376.2
1024,0,2676.2
1024,1,2618.7
1024,2,2833.7
1024,3,2754.9
1024,4,2650.2
1024,5,2800.4
1024,6,3755.4
1024,7,3609.5
1024,8,4614.2
1024,9,3652.5
1024,10,3364.8
1024,11,3592.5
1024,12,2800.4
1024,13,2660.5
1024,14,2518.1
1024,15,2512.1
1024,16,2618.7
1024,17,2528.4
1024,18,2571.4
1024,19,2470.9
1024,20,4405.8
1024,21,2671.4
1024,22,2465.4
1024,23,2558.7
1024,24,2520.6
1024,25,2593.8
1024,26,2672.6
1024,27,2511.5
1024,28,2531.5
1024,29,3259.4
1024,30,3559.2
1024,31,3613.1
1024,32,3527.1
1024,33,3445.9
1024,34,3455.0
1024,35,3588.9
1024,36,4386.5
1024,37,3676.7
1024,38,3248.5
1024,39,3583.4
1024,40,2615.0
1024,41,2561.7
1024,42,2637.4
1024,43,2565.4
1024,44,2579.3
1024,45,2572.0
1024,46,2524.2
1024,47,2515.7
1024,48,3527.1
1024,49,3352.7
1024,50,3367.8
1024,51,3248.5
1024,52,3558.6
1024,53,4487.0
1024,54,3588.3
1024,55,3305.4
1024,56,3588.9
1024,57,2506.6
1024,58,2675.0
1024,59,2661.7
1024,60,2592.6
1024,61,2573.9
1024,62,2580.5
1024,63,2667.7
1024,64,2521.2
1024,65,3250.3
1024,66,3578.0
1024,67,3368.4
1024,68,3915.9
1024,69,4166.6
1024,70,3453.2
1024,71,3585.8
1024,72,3443.5
1024,73,4175.7
1024,74,4468.8
1024,75,6848.9
1024,76,3318.2
1024,77,3746.9
1024,78,3230.9
1024,79,2579.3
1024,80,2666.5
1024,81,2702.2
1024,82,2690.1
1024,83,2538.1
1024,84,2515.7
1024,85,2552.7
1024,86,2420.0
1024,87,3233.4
1024,88,3370.8
1024,89,3523.5
1024,90,3403.5
1024,91,3515.0
1024,92,3556.8
1024,93,3554.3
1024,94,4095.8
1024,95,4462.8
1024,96,3554.3
1024,97,3339.3
1024,98,3641.5
1024,99,2744.0
1024,100,2553.9
1024,101,2658.0
1024,102,2548.4
1024,103,2665.9
1024,104,2586.0
1024,105,2670.8
1024,106,2581.7
1024,107,3209.1
1024,108,3353.9
1024,109,3337.5
1024,110,3500.4
1024,111,3608.8
1024,112,4398.0
1024,113,3489.5
1024,114,3620.4
1024,115,2709.5
1024,116,2679.8
1024,117,2781.6
1024,118,2626.5
1024,119,2683.5
1024,120,2685.9
1024,121,2668.3
1024,122,3696.7
1024,123,3455.6
1024,124,3572.5
1024,125,3531.3
1024,126,3710.0
1024,127,3703.3
1024,128,3792.3
1024,129,3799.6
1024,130,4669.9
1024,131,4446.4
1024,132,3389.6
1024,133,2887.6
1024,134,2785.2
1024,135,2670.8
1024,136,2737.4
1024,137,2620.5
1024,138,2749.5
1024,139,2706.5
1024,140,3680.9
1024,141,3522.2
1024,142,3443.5
1024,143,3363.6
1024,144,3610.1
1024,145,3682.7
1024,146,3683.3
1024,147,4376.8
1024,148,3804.5
1024,149,3513.2
1024,150,3770.5
1024,151,2748.3
1024,152,2789.5
1024,153,2667.7
1024,154,2880.9
1024,155,2707.7
1024,156,2746.5
1024,157,2807.6
1024,158,2695.0
1024,159,2832.5
1024,160,2681.0
1024,161,2658.0
1024,162,2659.9
1024,163,2721.6
1024,164,2665.3
1024,165,2737.4
1024,166,3264.9
1024,167,4336.8
1024,168,2618.7
1024,169,2666.5
1024,170,2638.7
1024,171,2699.8
1024,172,2694.4
1024,173,2697.4
1024,174,2631.4
1024,175,2714.4
1024,176,3311.5
1024,177,4033.4
1024,178,4081.2
1024,179,4027.3
1024,180,4319.8
1024,181,3547.1
1024,182,2736.2
1024,183,2708.3
1024,184,2662.3
1024,185,2667.1
1024,186,2771.9
1024,187,2679.8
1024,188,2664.7
1024,189,2660.5
1024,190,3339.3
1024,191,4046.1
1024,192,4285.9
1024,193,3773.6
1024,194,2710.1
1024,195,2736.8
1024,196,2708.9
1024,197,2872.4
1024,198,2692.6
1024,199,2701.6
1024,200,2646.5
1024,201,2634.4
1024,202,4619.0
1024,203,3467.1
1024,204,2686.5
1024,205,2569.6
1024,206,2605.3
1024,207,2569.6
1024,208,2478.2
1024,209,2558.7
1024,210,2538.1
1024,211,2583.5
1024,212,3522.8
1024,213,3623.4
1024,214,3324.2
1024,215,3332.1
1024,216,3588.9
1024,217,3630.6
1024,218,3581.6
1024,219,3538.6
1024,220,3538.6
1024,221,4358.6
1024,222,3741.5
1024,223,3824.4
1024,224,2696.8
1024,225,2680.4
1024,226,2685.9
1024,227,2692.6
1024,228,2685.3
1024,229,2849.4
1024,230,2632.0
1024,231,2719.2
1024,232,3254.0
1024,233,3449.6
1024,234,3466.5
1024,235,3544.7
1024,236,3610.1
1024,237,3607.0
1024,238,3543.4
1024,239,3602.8
1024,240,4533.0
1024,241,3497.4
1024,242,3769.9
1024,243,3329.7
1024,244,3560.4
1024,245,2529.0
1024,246,2479.4
1024,247,2668.9
1024,248,2507.8
1024,249,2461.8
1024,250,2520.0
1024,251,2655.0
1024,252,2558.7
1024,253,3166.1
1024,254,3516.2
1024,255,3604.6
1024,256,3370.2
1024,257,3438.7
1024,258,3534.4
1024,259,3444.7
1024,260,3532.5
1024,261,3490.1
1024,262,4470.6
1024,263,3660.3
1024,264,3561.0
1024,265,3241.2
1024,266,2730.1
1024,267,2498.8
1024,268,2527.8
1024,269,2692.6
1024,270,2477.6
1024,271,2420.6
1024,272,2441.2
1024,273,2574.5
1024,274,3188.6
1024,275,3510.1
1024,276,3404.8
1024,277,3369.6
1024,278,3513.8
1024,279,3496.8
1024,280,3479.9
1024,281,4181.2
1024,282,4423.4
1024,283,3250.9
1024,284,3537.4
1024,285,3633.7
1024,286,2538.7
1024,287,2636.8
1024,288,2604.1
1024,289,2566.0
1024,290,2444.3
1024,291,2595.1
1024,292,2480.6
1024,293,2699.8
1024,294,3350.9
1024,295,3541.6
1024,296,3539.2
1024,297,3319.4
1024,298,3468.3
1024,299,3518.0
1024,300,3485.9
1024,301,3525.3
1024,302,3479.2
1024,303,4449.4
1024,304,3576.7
1024,305,3547.7
1024,306,2691.3
1024,307,2647.1
1024,308,2411.6
1024,309,2587.8
1024,310,2508.4
1024,311,2602.3
1024,312,2568.4
1024,313,2438.2
1024,314,3575.5
1024,315,3358.1
1024,316,3562.2
1024,317,3273.3
1024,318,3425.3
1024,319,3473.2
1024,320,3405.4
1024,321,4386.5
1024,322,3571.3
1024,323,3607.0
1024,324,3292.1
1024,325,3346.6
1024,326,2733.7
1024,327,2478.2
1024,328,2529.6
1024,329,2542.4
1024,330,2527.2
1024,331,3301.8
1024,332,3538.0
1024,333,3550.7
1024,334,3193.4
1024,335,3531.9
1024,336,3507.7
1024,337,3186.7
1024,338,3528.9
1024,339,4147.2
1024,340,4450.0
1024,341,3332.7
1024,342,2623.5
1024,343,2684.1
1024,344,2506.0
1024,345,2616.2
1024,346,2632.6
1024,347,2589.6
1024,348,2586.6
1024,349,3602.2
1024,350,3332.1
1024,351,3540.4
1024,352,3611.9
1024,353,3402.3
1024,354,3443.5
1024,355,4477.3
1024,356,3217.6
1024,357,3608.8
1024,358,3594.3
1024,359,2672.6
1024,360,2605.3
1024,361,2530.3
1024,362,2554.5
1024,363,2603.5
1024,364,2447.3
1024,365,2501.2
1024,366,2563.6
1024,367,3184.3
1024,368,3527.7
1024,369,5252.5
1024,370,3809.9
1024,371,3620.4
1024,372,4126.0
1024,373,4477.3
1024,374,3529.5
1024,375,3533.1
1024,376,3294.5
1024,377,3332.1
1024,378,2583.5
1024,379,2690.1
1024,380,2469.1
1024,381,2550.2
1024,382,2512.1
1024,383,2501.8
1024,384,2532.7
1024,385,2619.3
1024,386,3496.8
1024,387,3355.7
1024,388,3558.6
1024,389,3613.1
1024,390,3483.5
1024,391,3536.8
1024,392,3451.4
1024,393,3482.3
1024,394,4425.8
1024,395,3553.1
1024,396,3637.9
1024,397,3312.7
1024,398,2480.0
1024,399,2559.3
1024,400,2549.0
1024,401,2489.1
1024,402,2680.4
1024,403,2520.0
1024,404,2455.8
1024,405,2547.2
1024,406,3217.6
1024,407,3533.1
1024,408,3384.2
1024,409,3438.1
1024,410,3422.3
1024,411,3518.0
1024,412,3528.3
1024,413,3521.6
1024,414,4120.0
1024,415,4438.5
1024,416,3561.6
1024,417,3528.9
1024,418,2592.6
1024,419,2610.8
1024,420,2538.1
1024,421,2539.3
1024,422,2584.8
1024,423,2486.0
1024,424,2545.4
1024,425,3236.4
1024,426,3248.5
1024,427,3259.4
1024,428,3330.3
1024,429,3456.2
1024,430,3382.3
1024,431,3459.3
1024,432,3352.1
1024,433,3892.3
1024,434,3141.3
1024,435,3482.3
1024,436,3189.2
1024,437,3582.8
1024,438,3429.0
1024,439,3445.9
1024,440,3457.4
1024,441,3419.3
1024,442,4212.6
1024,443,4392.5
1024,444,3274.5
1024,445,2699.2
1024,446,2521.2
1024,447,2554.5
1024,448,2528.4
1024,449,2595.7
1024,450,2552.1
1024,451,2601.1
1024,452,3261.8
1024,453,3484.7
1024,454,3488.3
1024,455,3338.7
1024,456,3407.8
1024,457,3496.2
1024,458,3492.0
1024,459,3409.0
1024,460,4121.2
1024,461,4632.3
1024,462,3292.7
1024,463,3400.5
1024,464,3580.4
1024,465,3271.5
1024,466,3561.6
1024,467,3422.3
1024,468,2641.7
1024,469,2650.8
1024,470,2598.7
1024,471,3227.3
1024,472,3576.7
1024,473,3553.1
1024,474,3445.3
1024,475,3574.9
1024,476,3498.6
1024,477,3519.8
1024,478,4011.0
1024,479,7337.0
1024,480,3427.2
1024,481,3469.6
1024,482,3163.1
1024,483,3559.8
1024,484,2608.4
1024,485,2631.4
1024,486,2595.7
1024,487,2625.9
1024,488,3391.4
1024,489,3522.2
1024,490,3353.3
1024,491,3490.8
1024,492,3445.9
1024,493,3464.1
1024,494,3570.1
1024,495,3485.3
1024,496,3449.6
1024,497,4388.3
1024,498,3862.6
1024,499,3407.8
1024,500,2576.9
1024,501,2762.2
1024,502,2691.3
1024,503,2667.7
1024,504,2736.2
1024,505,2678.0
1024,506,2687.1
1024,507,2673.8
1024,508,3629.4
1024,509,3407.2
1024,510,3653.7
1024,511,3556.2
1024,512,3524.7
1024,513,3596.1
1024,514,3689.4
1024,515,3531.3
1024,516,3552.5
1024,517,4626.9
1024,518,3442.3
1024,519,3450.2
1024,520,2698.6
1024,521,2788.8
1024,522,2608.4
1024,523,2676.8
1024,524,2700.4
1024,525,2748.3
1024,526,2676.8
1024,527,3519.8
1024,528,3745.1
1024,529,3722.1
1024,530,3448.4
1024,531,3496.8
1024,532,3822.0
1024,533,3789.3
1024,534,3410.8
1024,535,3996.4
1024,536,3664.6
1024,537,2672.0
1024,538,2726.5
1024,539,2686.5
1024,540,2612.0
1024,541,2742.8
1024,542,2618.7
1024,543,2705.3
1024,544,2652.0
1024,545,3238.8
1024,546,3410.2
1024,547,3250.3
1024,548,3603.4
1024,549,3674.9
1024,550,3539.2
1024,551,3582.2
1024,552,3585.2
1024,553,4319.8
1024,554,3754.8
1024,555,3733.6
1024,556,3559.8
1024,557,2650.2
1024,558,2685.9
1024,559,2603.5
1024,560,2622.3
1024,561,2401.9
1024,562,2466.1
1024,563,2512.1
1024,564,2581.7
1024,565,3393.2
1024,566,3362.4
1024,567,3400.5
1024,568,3445.9
1024,569,3391.4
1024,570,3452.6
1024,571,3470.8
1024,572,3521.0
1024,573,4155.7
1024,574,4361.0
1024,575,3604.0
1024,576,3291.5
1024,577,3268.5
1024,578,2581.7
1024,579,2661.7
1024,580,2520.6
1024,581,2633.2
1024,582,2601.1
1024,583,2581.7
1024,584,3214.0
1024,585,3573.1
1024,586,3513.2
1024,587,3245.5
1024,588,3488.9
1024,589,3587.7
1024,590,3545.9
1024,591,3338.7
1024,592,4105.4
1024,593,3545.3
1024,594,2525.4
1024,595,2563.0
1024,596,2639.3
1024,597,2781.6
1024,598,2668.3
1024,599,2681.7
1024,600,2691.3
1024,601,2691.3
1024,602,3628.8
1024,603,3742.1
1024,604,3550.1
1024,605,4618.4
1024,606,3319.4
1024,607,3352.1
1024,608,3403.5
1024,609,3616.7
1024,610,2708.3
1024,611,2655.0
1024,612,2676.8
1024,613,2662.9
1024,614,2675.6
1024,615,2715.6
1024,616,2707.7
1024,617,2615.0
1024,618,3733.6
1024,619,4336.8
1024,620,4520.9
1024,621,3679.1
1024,622,3624.0
1024,623,2704.1
1024,624,2666.5
1024,625,2604.1
1024,626,2801.0
1024,627,2777.9
1024,628,2650.8
1024,629,2730.1
1024,630,2622.3
1024,631,4570.6
1024,632,2788.2
1024,633,3568.3
1024,634,2716.8
1024,635,2733.1
1024,636,2673.2
1024,637,2757.4
1024,638,2745.2
1024,639,2718.6
1024,640,2644.1
1024,641,2687.7
1024,642,3622.8
1024,643,4059.4
1024,644,4574.8
1024,645,3731.2
1024,646,3398.7
1024,647,2643.5
1024,648,2652.0
1024,649,2724.0
1024,650,2725.9
1024,651,2612.0
1024,652,2739.2
1024,653,2713.8
1024,654,2718.6
1024,655,4603.3
1024,656,2695.0
1024,657,3754.2
1024,658,2678.6
1024,659,2709.5
1024,660,2618.1
1024,661,2535.7
1024,662,2470.3
1024,663,2467.3
1024,664,2486.0
1024,665,2654.4
1024,666,3458.7
1024,667,3389.0
1024,668,3584.6
1024,669,3584.0
1024,670,3401.1
1024,671,3445.9
1024,672,3497.4
1024,673,4410.1
1024,674,3542.8
1024,675,3317.5
1024,676,3570.1
1024,677,2643.5
1024,678,2512.7
1024,679,2577.5
1024,680,2556.9
1024,681,2645.3
1024,682,2788.2
1024,683,2593.2
1024,684,2543.6
1024,685,3205.5
1024,686,3550.7
1024,687,3335.1
1024,688,3171.0
1024,689,3526.5
1024,690,3442.9
1024,691,4138.2
1024,692,4139.4
1024,693,4160.6
1024,694,4401.0
1024,695,3297.6
1024,696,3589.5
1024,697,2646.5
1024,698,2645.3
1024,699,2539.3
1024,700,2440.0
1024,701,2525.4
1024,702,2497.5
1024,703,2426.1
1024,704,2569.0
1024,705,3442.3
1024,706,3545.3
1024,707,3369.0
1024,708,3393.9
1024,709,3527.7
1024,710,3391.4
1024,711,3491.4
1024,712,4130.3
1024,713,4401.6
1024,714,3235.8
1024,715,3575.5
1024,716,2566.0
1024,717,2606.6
1024,718,2572.0
1024,719,2558.1
1024,720,2559.3
1024,721,2540.5
1024,722,2444.9
1024,723,2583.5
1024,724,3312.7
1024,725,3589.5
1024,726,3488.9
1024,727,3323.6
1024,728,3515.6
1024,729,3502.9
1024,730,3447.1
1024,731,3421.7
1024,732,4428.8
1024,733,3610.1
1024,734,3498.6
1024,735,2582.9
1024,736,2593.2
1024,737,2570.2
1024,738,2492.1
1024,739,2451.5
1024,740,2462.4
1024,741,2533.9
1024,742,3495.0
1024,743,3234.0
1024,744,3515.0
1024,745,3187.9
1024,746,3227.9
1024,747,3224.3
1024,748,3515.6
1024,749,3262.4
1024,750,4133.9
1024,751,3241.8
1024,752,2559.9
1024,753,2518.7
1024,754,2556.9
1024,755,2718.6
1024,756,2528.4
1024,757,2596.9
1024,758,2544.8
1024,759,2434.6
1024,760,4146.6
1024,761,3834.7
1024,762,4148.4
1024,763,4172.1
1024,764,3474.4
1024,765,3532.5
1024,766,3478.6
1024,767,3534.4
1024,768,3464.7
1024,769,3457.4
1024,770,3548.3
1024,771,4389.5
1024,772,3311.5
1024,773,3301.8
1024,774,2639.9
1024,775,2732.5
1024,776,2457.6
1024,777,2560.5
1024,778,2596.9
1024,779,2440.0
1024,780,2487.3
1024,781,2462.4
1024,782,3408.4
1024,783,3372.7
1024,784,3496.2
1024,785,3278.2
1024,786,3465.9
1024,787,3388.4
1024,788,3444.1
1024,789,3498.0
1024,790,3453.2
1024,791,4400.4
1024,792,3286.7
1024,793,3526.5
1024,794,2670.1
1024,795,2538.7
1024,796,2529.6
1024,797,2561.1
1024,798,2453.9
1024,799,2538.1
1024,800,2662.3
1024,801,2423.1
1024,802,3165.5
1024,803,3550.7
1024,804,3179.5
1024,805,3488.3
1024,806,3476.2
1024,807,3498.6
1024,808,4449.4
1024,809,3524.7
1024,810,3268.5
1024,811,3246.1
1024,812,3290.3
1024,813,2717.4
1024,814,2613.2
1024,815,2512.7
1024,816,2500.6
1024,817,2417.0
1024,818,2396.4
1024,819,2503.6
1024,820,2549.0
1024,821,3456.2
1024,822,3531.9
1024,823,3333.3
1024,824,3518.0
1024,825,3470.2
1024,826,3450.8
1024,827,3542.8
1024,828,4080.6
1024,829,4145.4
1024,830,4120.6
1024,831,4484.6
1024,832,3610.7
1024,833,3310.9
1024,834,2655.6
1024,835,2643.5
1024,836,2632.0
1024,837,2539.3
1024,838,2550.8
1024,839,2508.4
1024,840,2496.3
1024,841,2434.0
1024,842,3357.5
1024,843,3347.2
1024,844,3381.1
1024,845,3201.3
1024,846,3484.1
1024,847,3433.2
1024,848,3414.4
1024,849,3438.1
1024,850,3412.0
1024,851,4122.4
1024,852,4139.4
1024,853,3593.1
1024,854,3536.2
1024,855,2641.7
1024,856,2667.1
1024,857,2628.4
1024,858,2600.5
1024,859,2591.4
1024,860,2554.5
1024,861,2658.0
1024,862,2535.7
1024,863,3473.8
1024,864,3400.5
1024,865,3352.1
1024,866,3137.1
1024,867,3414.4
1024,868,3513.8
1024,869,3559.8
1024,870,4391.9
1024,871,3587.7
1024,872,3587.7
1024,873,2542.4
1024,874,2703.5
1024,875,2561.7
1024,876,2463.6
1024,877,2543.6
1024,878,2520.6
1024,879,2552.7
1024,880,2437.6
1024,881,3198.2
1024,882,3570.1
1024,883,3350.3
1024,884,3195.2
1024,885,3478.6
1024,886,3389.0
1024,887,3404.1
1024,888,3551.9
1024,889,4090.9
1024,890,4090.3
1024,891,4107.3
1024,892,4138.2
1024,893,4186.0
1024,894,3286.1
1024,895,3313.9
1024,896,2618.1
1024,897,2583.5
1024,898,2563.0
1024,899,2410.3
1024,900,2485.4
1024,901,2486.0
1024,902,2461.2
1024,903,2438.8
1024,904,3356.9
1024,905,3338.1
1024,906,3545.9
1024,907,3177.7
1024,908,3459.3
1024,909,3450.8
1024,910,3490.1
1024,911,3435.0
1024,912,4103.6
1024,913,4080.0
1024,914,4195.7
1024,915,4344.7
1024,916,3427.8
1024,917,3328.4
1024,918,3526.5
1024,919,2651.4
1024,920,2582.9
1024,921,2489.1
1024,922,2547.8
1024,923,2495.7
1024,924,2488.5
1024,925,2549.6
1024,926,2432.7
1024,927,3162.5
1024,928,3621.6
1024,929,3287.9
1024,930,3757.2
1024,931,3539.8
1024,932,3493.2
1024,933,4738.9
1024,934,3581.0
1024,935,3507.7
1024,936,3566.5
1024,937,3557.4
1024,938,2636.8
1024,939,2500.6
1024,940,2538.7
1024,941,2768.3
1024,942,2533.9
1024,943,2865.8
1024,944,2840.9
1024,945,2458.8
1024,946,3557.4
1024,947,3788.1
1024,948,3654.9
1024,949,6648.4
1024,950,4539.7
1024,951,3611.9
1024,952,3249.1
1024,953,2601.1
1024,954,2570.8
1024,955,2785.2
1024,956,2524.8
1024,957,2571.4
1024,958,2609.0
1024,959,2586.0
1024,960,2604.7
1024,961,3565.8
1024,962,3535.0
1024,963,3547.7
1024,964,3147.4
1024,965,3635.5
1024,966,3627.6
1024,967,3553.1
1024,968,3576.1
1024,969,4584.5
1024,970,4071.5
1024,971,3476.8
1024,972,2678.0
1024,973,2742.2
1024,974,2704.7
1024,975,2768.9
1024,976,2650.8
1024,977,2627.8
1024,978,2612.6
1024,979,2645.9
1024,980,3267.3
1024,981,3630.6
1024,982,3632.5
1024,983,3498.6
1024,984,3554.3
1024,985,3538.0
1024,986,3568.3
1024,987,3837.8
1024,988,3820.8
1024,989,4600.8
1024,990,3859.0
1024,991,3493.8
1024,992,3932.2
1024,993,2790.1
1024,994,2681.7
1024,995,2741.6
1024,996,2739.2
1024,997,2719.2
1024,998,2879.7
1024,999,2650.2
1024,1000,2667.7
1024,1001,3806.3
1024,1002,3668.2
1024,1003,3373.9
1024,1004,3295.1
1024,1005,3674.9
1024,1006,3491.4
1024,1007,3542.8
1024,1008,3567.7
1024,1009,4517.9
1024,1010,3440.5
1024,1011,3720.3
1024,1012,2651.4
1024,1013,3152.2
1024,1014,2700.4
1024,1015,2817.3
1024,1016,2699.8
1024,1017,2659.2
1024,1018,2708.3
1024,1019,2702.2
1024,1020,3336.9
1024,1021,3741.5
1024,1022,3473.8
1024,1023,3542.8
1024,1024,3484.1
1024,1025,3398.1
1024,1026,3628.8
1024,1027,4382.2
1024,1028,4672.9
1024,1029,3323.6
1024,1030,3528.9
1024,1031,3584.0
1024,1032,2587.8
1024,1033,2631.4
1024,1034,2615.6
1024,1035,2524.8
1024,1036,2478.8
1024,1037,2923.9
1024,1038,2555.7
1024,1039,2448.5
1024,1040,3475.0
1024,1041,3602.2
1024,1042,3420.5
1024,1043,3380.5
1024,1044,3605.8
1024,1045,3559.2
1024,1046,4108.5
1024,1047,4123.6
1024,1048,4198.1
1024,1049,4382.2
1024,1050,3604.6
1024,1051,3527.1
1024,1052,2598.7
1024,1053,2751.9
1024,1054,2558.1
1024,1055,2774.3
1024,1056,2627.1
1024,1057,2546.0
1024,1058,2626.5
1024,1059,2609.0
1024,1060,3372.1
1024,1061,3767.5
1024,1062,3545.9
1024,1063,4070.3
1024,1064,3650.0
1024,1065,3768.7
1024,1066,4608.1
1024,1067,3677.3
1024,1068,3459.3
1024,1069,3697.3
1024,1070,3607.6
1024,1071,2685.9
1024,1072,2722.2
1024,1073,2705.3
1024,1074,2756.1
1024,1075,2723.4
1024,1076,2667.1
1024,1077,2627.8
1024,1078,2716.8
1024,1079,3559.2
1024,1080,4031.6
1024,1081,4038.2
1024,1082,4698.3
1024,1083,3610.7
1024,1084,3657.3
1024,1085,2711.9
1024,1086,2705.9
1024,1087,2652.6
1024,1088,2746.5
1024,1089,2698.6
1024,1090,2709.5
1024,1091,2740.4
1024,1092,2635.6
1024,1093,3809.9
1024,1094,4645.1
1024,1095,3558.0
1024,1096,3347.2
1024,1097,2649.6
1024,1098,2758.6
1024,1099,2720.4
1024,1100,2785.8
1024,1101,2662.9
1024,1102,2731.3
1024,1103,2665.3
1024,1104,2727.7
1024,1105,3744.5
1024,1106,4337.4
1024,1107,4685.0
1024,1108,3705.7
1024,1109,3736.6
1024,1110,2668.9
1024,1111,2667.1
1024,1112,2689.5
1024,1113,2714.4
1024,1114,2696.8
1024,1115,2740.4
1024,1116,2723.4
1024,1117,2631.4
1024,1118,3187.9
1024,1119,3350.9
1024,1120,3505.9
1024,1121,3395.7
1024,1122,3438.7
1024,1123,3576.1
1024,1124,3467.1
1024,1125,4468.8
1024,1126,3552.5
1024,1127,3353.3
1024,1128,3290.9
1024,1129,2621.1
1024,1130,2550.8
1024,1131,2572.0
1024,1132,2536.3
1024,1133,2573.2
1024,1134,2645.9
1024,1135,2554.5
1024,1136,2505.4
1024,1137,3191.6
1024,1138,3568.3
1024,1139,3528.3
1024,1140,3502.3
1024,1141,4463.4
1024,1142,3309.7
1024,1143,3565.2
1024,1144,3535.0
1024,1145,2635.0
1024,1146,2654.4
1024,1147,2638.0
1024,1148,2607.8
1024,1149,2678.6
1024,1150,2517.5
1024,1151,2685.9
1024,1152,2662.9
1024,1153,3475.0
1024,1154,3357.5
1024,1155,3553.7
1024,1156,3241.8
1024,1157,3542.2
1024,1158,3558.6
1024,1159,3642.2
1024,1160,4295.6
1024,1161,3515.6
1024,1162,3811.7
1024,1163,3473.2
1024,1164,2662.3
1024,1165,2776.7
1024,1166,2877.9
1024,1167,2728.3
1024,1168,2682.9
1024,1169,2690.1
1024,1170,3842.0
1024,1171,3688.8
1024,1172,3529.5
1024,1173,3838.4
1024,1174,3737.2
1024,1175,3769.3
1024,1176,3710.6
1024,1177,3765.7
1024,1178,4098.8
1024,1179,3449.6
1024,1180,3708.2
1024,1181,3709.4
1024,1182,3707.0
1024,1183,3511.3
1024,1184,3706.4
1024,1185,3418.7
1024,1186,3488.9
1024,1187,4289.0
1024,1188,4039.4
1024,1189,3815.4
1024,1190,2670.1
1024,1191,2877.3
1024,1192,2729.5
1024,1193,2875.4
1024,1194,2684.1
1024,1195,2694.4
1024,1196,2709.5
1024,1197,2792.5
1024,1198,4295.0
1024,1199,3468.3
1024,1200,3502.3
1024,1201,3481.7
1024,1202,3728.2
1024,1203,3696.1
1024,1204,3668.2
1024,1205,3763.9
1024,1206,4574.2
1024,1207,4632.9
1024,1208,3710.0
1024,1209,2685.9
1024,1210,2859.7
1024,1211,2767.7
1024,1212,2705.3
1024,1213,2762.8
1024,1214,2816.1
1024,1215,2666.5
1024,1216,3455.6
1024,1217,3779.6
1024,1218,3743.3
1024,1219,3362.4
1024,1220,3714.2
1024,1221,4746.2
1024,1222,3793.6
1024,1223,3495.0
1024,1224,3808.1
1024,1225,2707.7
1024,1226,2748.3
1024,1227,2722.2
1024,1228,2739.8
1024,1229,2778.6
1024,1230,2699.8
1024,1231,3746.9
1024,1232,3794.2
1024,1233,7286.1
1024,1234,4802.5
1024,1235,4654.7
1024,1236,4514.8
1024,1237,4840.7
1024,1238,4944.8
1024,1239,9919.3
1024,1240,4278.7
1024,1241,3525.9
1024,1242,3558.6
1024,1243,3450.8
1024,1244,2722.2
1024,1245,2631.4
1024,1246,2667.7
1024,1247,3581.6
1024,1248,3582.8
1024,1249,3549.5
1024,1250,3472.0
1024,1251,3569.5
1024,1252,3538.0
1024,1253,3610.7
1024,1254,3462.9
1024,1255,4523.9
1024,1256,3569.5
1024,1257,3518.6
1024,1258,3829.3
1024,1259,2867.6
1024,1260,2695.6
1024,1261,2839.7
1024,1262,2771.3
1024,1263,2755.5
1024,1264,2758.0
1024,1265,2727.1
1024,1266,2693.8
1024,1267,3265.5
1024,1268,3613.1
1024,1269,3384.2
1024,1270,3396.9
1024,1271,3551.9
1024,1272,3555.6
1024,1273,3566.5
1024,1274,3610.7
1024,1275,4594.2
1024,1276,3608.8
1024,1277,3574.3
1024,1278,2618.7
1024,1279,2664.1
1024,1280,2598.1
1024,1281,2483.6
1024,1282,2581.1
1024,1283,2642.3
1024,1284,2506.6
1024,1285,2526.6
1024,1286,3521.6
1024,1287,3614.9
1024,1288,3402.9
1024,1289,3180.7
1024,1290,3480.5
1024,1291,3483.5
1024,1292,3508.3
1024,1293,4274.4
1024,1294,3603.4
1024,1295,3298.8
1024,1296,3582.8
1024,1297,2655.6
1024,1298,2659.9
1024,1299,2561.1
1024,1300,2633.2
1024,1301,2675.0
1024,1302,2646.5
1024,1303,2555.1
1024,1304,2447.3
1024,1305,3230.3
1024,1306,3558.0
1024,1307,3409.0
1024,1308,3476.8
1024,1309,3519.2
1024,1310,3475.0
1024,1311,4508.8
1024,1312,3536.8
1024,1313,3593.7
1024,1314,3336.9
1024,1315,3331.5
1024,1316,2589.6
1024,1317,2559.9
1024,1318,2554.5
1024,1319,2521.8
1024,1320,2553.9
1024,1321,2464.8
1024,1322,2622.3
1024,1323,2450.3
1024,1324,3488.3
1024,1325,3374.5
1024,1326,3355.1
1024,1327,3595.5
1024,1328,3540.4
1024,1329,3429.6
1024,1330,4442.2
1024,1331,3450.2
1024,1332,3529.5
1024,1333,3415.7
1024,1334,2605.3
1024,1335,2579.3
1024,1336,2626.5
1024,1337,2592.6
1024,1338,2594.4
1024,1339,2584.1
1024,1340,3551.3
1024,1341,3554.9
1024,1342,3501.0
1024,1343,3264.3
1024,1344,3267.9
1024,1345,3468.3
1024,1346,3564.0
1024,1347,3188.6
1024,1348,4416.7
1024,1349,4511.8
1024,1350,3301.8
1024,1351,2601.7
1024,1352,2583.5
1024,1353,2627.1
1024,1354,2669.5
1024,1355,2535.1
1024,1356,2475.7
1024,1357,2622.9
1024,1358,3363.0
1024,1359,3379.3
1024,1360,3339.3
1024,1361,3353.9
1024,1362,3549.5
1024,1363,3428.4
1024,1364,3567.7
1024,1365,4446.4
1024,1366,3363.6
1024,1367,3542.2
1024,1368,3278.2
1024,1369,2667.1
1024,1370,2535.1
1024,1371,2541.2
1024,1372,2489.1
1024,1373,2638.0
1024,1374,2526.6
1024,1375,2636.8
1024,1376,2587.8
1024,1377,3390.2
1024,1378,3577.4
1024,1379,3438.1
1024,1380,3791.1
1024,1381,3704.5
1024,1382,4581.5
1024,1383,3363.6
1024,1384,3639.7
1024,1385,3610.1
1024,1386,3703.3
1024,1387,2704.7
1024,1388,2726.5
1024,1389,2763.4
1024,1390,2660.5
1024,1391,2750.7
1024,1392,2710.1
1024,1393,2693.8
1024,1394,2760.4
1024,1395,4636.0
1024,1396,2725.9
1024,1397,3614.3
1024,1398,2693.2
1024,1399,2761.6
1024,1400,2764.6
1024,1401,2679.2
1024,1402,2733.7
1024,1403,2661.7
1024,1404,2630.8
1024,1405,2697.4
1024,1406,3553.1
1024,1407,4305.3
1024,1408,4374.9
1024,1409,4080.0
1024,1410,4397.4
1024,1411,4607.5
1024,1412,3665.8
1024,1413,3751.2
1024,1414,2774.3
1024,1415,2629.6
1024,1416,2711.9
1024,1417,2696.2
1024,1418,2767.0
1024,1419,2690.7
1024,1420,2746.5
1024,1421,2772.5
1024,1422,3752.4
1024,1423,3633.7
1024,1424,4349.5
1024,1425,4313.8
1024,1426,4638.4
1024,1427,3669.4
1024,1428,3666.4
1024,1429,3377.5
1024,1430,2639.9
1024,1431,2661.7
1024,1432,2702.2
1024,1433,2722.8
1024,1434,2679.2
1024,1435,2705.3
1024,1436,2641.7
1024,1437,2741.6
1024,1438,4436.7
1024,1439,2685.9
1024,1440,2542.4
1024,1441,2597.5
1024,1442,2553.3
1024,1443,2572.0
1024,1444,2567.8
1024,1445,2551.4
1024,1446,2484.8
1024,1447,3452.0
1024,1448,3367.8
1024,1449,3377.5
1024,1450,3575.5
1024,1451,3568.9
1024,1452,3541.0
1024,1453,3585.2
1024,1454,235920.7
1024,1455,8138.8
1024,1456,3917.1
1024,1457,3735.4
1024,1458,3758.4
1024,1459,3776.0
1024,1460,4137.5
1024,1461,4214.5
1024,1462,4148.4
1024,1463,4467.6
1024,1464,2711.9
1024,1465,2638.0
1024,1466,2648.3
1024,1467,2707.1
1024,1468,2555.1
1024,1469,2609.0
1024,1470,2609.0
1024,1471,2656.8
1024,1472,3204.3
1024,1473,3657.9
1024,1474,3594.3
1024,1475,3171.6
1024,1476,3550.7
1024,1477,3626.4
1024,1478,3516.8
1024,1479,4109.7
1024,1480,4127.3
1024,1481,4433.1
1024,1482,3318.8
1024,1483,3299.4
1024,1484,3622.2
1024,1485,2754.9
1024,1486,2685.9
1024,1487,2715.0
1024,1488,2601.7
1024,1489,2709.5
1024,1490,2705.3
1024,1491,2616.2
1024,1492,2602.9
1024,1493,3267.3
1024,1494,3354.5
1024,1495,3374.5
1024,1496,3424.1
1024,1497,3581.6
1024,1498,3531.9
1024,1499,3529.5
1024,1500,3520.4
1024,1501,3445.9
1024,1502,4482.7
1024,1503,3332.1
1024,1504,3627.6
1024,1505,2672.0
1024,1506,2695.0
1024,1507,2610.2
1024,1508,2627.1
1024,1509,2553.9
1024,1510,2512.7
1024,1511,2503.0
1024,1512,2558.1
1024,1513,3441.7
1024,1514,3582.2
1024,1515,3350.9
1024,1516,3461.7
1024,1517,3496.2
1024,1518,3525.3
1024,1519,3507.1
1024,1520,4417.3
1024,1521,3266.1
1024,1522,3297.0
1024,1523,3469.6
1024,1524,2649.6
1024,1525,2708.9
1024,1526,2630.2
1024,1527,2621.7
1024,1528,2537.5
1024,1529,2504.2
1024,1530,2526.6
1024,1531,2524.2
1024,1532,3507.7
1024,1533,3413.8
1024,1534,3333.9
1024,1535,3191.0
1024,1536,3476.8
1024,1537,3501.7
1024,1538,3446.5
1024,1539,4186.6
1024,1540,3585.8
1024,1541,3548.3
1024,1542,3544.0
1024,1543,2574.5
1024,1544,2638.0
1024,1545,2642.3
1024,1546,2607.8
1024,1547,2548.4
1024,1548,2539.3
1024,1549,2631.4
1024,1550,2621.1
1024,1551,3272.1
1024,1552,3569.5
1024,1553,3361.8
1024,1554,3682.7
1024,1555,3699.1
1024,1556,4603.3
1024,1557,3416.9
1024,1558,3453.2
1024,1559,3668.8
1024,1560,2716.8
1024,1561,2690.1
1024,1562,2704.7
1024,1563,2686.5
1024,1564,2714.4
1024,1565,2695.6
1024,1566,2641.7
1024,1567,2703.5
1024,1568,3558.6
1024,1569,4630.5
1024,1570,3548.9
1024,1571,3401.1
1024,1572,2707.1
1024,1573,2776.1
1024,1574,2618.7
1024,1575,2797.3
1024,1576,2709.5
1024,1577,2732.5
1024,1578,2819.1
1024,1579,2876.1
1024,1580,4080.0
1024,1581,3820.8
1024,1582,3640.3
1024,1583,4342.8
1024,1584,4530.0
1024,1585,3974.0
1024,1586,3596.7
1024,1587,2844.0
1024,1588,2841.5
1024,1589,2857.3
1024,1590,2690.1
1024,1591,2868.2
1024,1592,2782.2
1024,1593,2839.7
1024,1594,2797.9
1024,1595,3501.7
1024,1596,4783.1
1024,1597,3809.9
1024,1598,3819.6
1024,1599,2892.4
1024,1600,2811.9
1024,1601,2867.6
1024,1602,2799.7
1024,1603,2906.9
1024,1604,2763.4
1024,1605,2826.4
1024,1606,2755.5
1024,1607,3467.7
1024,1608,3626.4
1024,1609,3866.8
1024,1610,3885.0
1024,1611,4507.0
1024,1612,3527.1
1024,1613,3827.5
1024,1614,2783.4
1024,1615,2760.4
1024,1616,2718.0
1024,1617,2764.6
1024,1618,2668.9
1024,1619,2809.4
1024,1620,2667.7
1024,1621,3776.0
1024,1622,3448.4
1024,1623,3504.1
1024,1624,3722.7
1024,1625,3662.7
1024,1626,3828.7
1024,1627,3495.6
1024,1628,3825.1
1024,1629,4394.9
1024,1630,4660.2
1024,1631,3375.1
1024,1632,2742.8
1024,1633,2749.5
1024,1634,2774.9
1024,1635,2777.9
1024,1636,2710.7
1024,1637,2863.9
1024,1638,2702.9
1024,1639,3696.1
1024,1640,3456.8
1024,1641,3383.6
1024,1642,3328.4
1024,1643,3592.5
1024,1644,3444.1
1024,1645,3547.1
1024,1646,3551.3
1024,1647,4471.8
1024,1648,3570.7
1024,1649,3310.3
1024,1650,2624.7
1024,1651,2639.3
1024,1652,2553.9
1024,1653,2606.6
1024,1654,2633.2
1024,1655,2617.5
1024,1656,2530.3
1024,1657,2550.8
1024,1658,3269.7
1024,1659,3359.9
1024,1660,3380.5
1024,1661,3637.9
1024,1662,3451.4
1024,1663,3527.1
1024,1664,3472.6
1024,1665,3481.1
1024,1666,4139.4
1024,1667,4457.9
1024,1668,3254.0
1024,1669,3664.0
1024,1670,2529.0
1024,1671,2653.8
1024,1672,2450.3
1024,1673,2547.8
1024,1674,2547.2
1024,1675,2496.9
1024,1676,2466.7
1024,1677,3328.4
1024,1678,3490.8
1024,1679,3543.4
1024,1680,3559.2
1024,1681,3535.6
1024,1682,3252.7
1024,1683,3547.1
1024,1684,3556.8
1024,1685,4199.3
1024,1686,3880.2
1024,1687,3590.7
1024,1688,2512.7
1024,1689,2555.1
1024,1690,2563.0
1024,1691,2593.8
1024,1692,2416.4
1024,1693,2493.3
1024,1694,2487.3
1024,1695,2466.1
1024,1696,3230.3
1024,1697,3418.1
1024,1698,3375.7
1024,1699,3549.5
1024,1700,3548.3
1024,1701,4510.6
1024,1702,3604.6
1024,1703,3357.5
1024,1704,3522.2
1024,1705,3214.6
1024,1706,3188.6
1024,1707,2701.6
1024,1708,2665.9
1024,1709,2597.5
1024,1710,2549.0
1024,1711,2475.1
1024,1712,2484.8
1024,1713,2470.3
1024,1714,2480.6
1024,1715,3527.7
1024,1716,3284.8
1024,1717,3601.6
1024,1718,3470.8
1024,1719,3530.1
1024,1720,3430.8
1024,1721,3442.9
1024,1722,4168.4
1024,1723,4146.0
1024,1724,4193.3
1024,1725,4454.3
1024,1726,3272.1
1024,1727,3618.5
1024,1728,2752.5
1024,1729,2698.0
1024,1730,2676.2
1024,1731,2661.1
1024,1732,2652.0
1024,1733,2579.9
1024,1734,2582.9
1024,1735,2577.5
1024,1736,3554.9
1024,1737,3378.1
1024,1738,4988.4
1024,1739,7337.0
1024,1740,2803.4
1024,1741,3467.1
1024,1742,2575.7
1024,1743,2924.5
1024,1744,2489.7
1024,1745,2739.8
1024,1746,2673.8
1024,1747,2658.0
1024,1748,2579.3
1024,1749,2637.4
1024,1750,3336.3
1024,1751,3373.3
1024,1752,3351.5
1024,1753,3221.3
1024,1754,3512.6
1024,1755,3511.3
1024,1756,4452.5
1024,1757,3608.2
1024,1758,3610.1
1024,1759,2642.3
1024,1760,2559.9
1024,1761,2613.8
1024,1762,2564.2
1024,1763,2473.9
1024,1764,2718.0
1024,1765,2684.1
1024,1766,3292.1
1024,1767,3306.0
1024,1768,3562.8
1024,1769,3212.8
1024,1770,3612.5
1024,1771,3338.1
1024,1772,3242.5
1024,1773,3270.9
1024,1774,4467.0
1024,1775,4170.9
1024,1776,2654.4
1024,1777,2618.7
1024,1778,2580.5
1024,1779,2532.1
1024,1780,2463.0
1024,1781,2546.6
1024,1782,2454.5
1024,1783,3574.3
1024,1784,3540.4
1024,1785,3588.9
1024,1786,3199.5
1024,1787,3544.0
1024,1788,3438.7
1024,1789,4479.7
1024,1790,3553.1
1024,1791,3614.3
1024,1792,3624.6
1024,1793,3574.3
1024,1794,2759.8
1024,1795,2681.0
1024,1796,2613.2
1024,1797,2566.6
1024,1798,2528.4
1024,1799,2550.8
1024,1800,2537.5
1024,1801,2577.5
1024,1802,3611.3
1024,1803,3387.8
1024,1804,3345.4
1024,1805,3410.8
1024,1806,3476.2
1024,1807,3566.5
1024,1808,4418.6
1024,1809,3545.9
1024,1810,3531.9
1024,1811,3594.3
1024,1812,2659.2
1024,1813,2620.5
1024,1814,2617.5
1024,1815,2551.4
1024,1816,2545.4
1024,1817,2527.8
1024,1818,2625.9
1024,1819,2639.9
1024,1820,3207.3
1024,1821,3410.8
1024,1822,3574.3
1024,1823,3301.2
1024,1824,3470.8
1024,1825,3502.9
1024,1826,4466.4
1024,1827,3278.2
1024,1828,3584.6
1024,1829,3436.2
1024,1830,3328.4
1024,1831,2694.4
1024,1832,2595.1
1024,1833,2642.3
1024,1834,2486.0
1024,1835,2642.9
1024,1836,2436.4
1024,1837,2598.7
1024,1838,2443.6
1024,1839,3217.0
1024,1840,3582.2
1024,1841,3578.0
1024,1842,3187.3
1024,1843,3591.3
1024,1844,3493.8
1024,1845,4088.5
1024,1846,7985.6
1024,1847,16650.1
1024,1848,6260.8
1024,1849,5956.2
1024,1850,6270.5
1024,1851,5949.5
1024,1852,8841.9
1024,1853,55488.1
1024,1854,3808.7
1024,1855,3535.6
1024,1856,3628.2
1024,1857,3517.4
1024,1858,3533.1
1024,1859,3543.4
1024,1860,4408.3
1024,1861,4490.0
1024,1862,3637.3
1024,1863,3650.0
1024,1864,2618.1
1024,1865,2564.2
1024,1866,2548.4
1024,1867,2532.1
1024,1868,2561.7
1024,1869,2630.2
1024,1870,2585.4
1024,1871,54335.6
1024,1872,4148.4
1024,1873,4450.0
1024,1874,3550.7
1024,1875,3638.5
1024,1876,3280.6
1024,1877,3556.2
1024,1878,3184.9
1024,1879,3580.4
1024,1880,2624.1
1024,1881,2545.4
1024,1882,2676.8
1024,1883,2530.9
1024,1884,2561.1
1024,1885,2597.5
1024,1886,2570.2
1024,1887,2743.4
1024,1888,3816.0
1024,1889,3821.4
1024,1890,6770.8
1024,1891,4760.1
1024,1892,3974.0
1024,1893,4115.1
1024,1894,3679.7
1024,1895,3701.5
1024,1896,4654.7
1024,1897,5302.7
1024,1898,5313.6
1024,1899,4727.4
1024,1900,4099.4
1024,1901,2828.2
1024,1902,3797.8
1024,1903,3370.8
1024,1904,3732.4
1024,1905,2651.4
1024,1906,2755.5
1024,1907,2710.7
1024,1908,2700.4
1024,1909,2790.1
1024,1910,2723.4
1024,1911,2749.5
1024,1912,2678.0
1024,1913,4381.0
1024,1914,3725.7
1024,1915,4376.8
1024,1916,4401.0
1024,1917,4659.0
1024,1918,3591.9
1024,1919,3818.4
1024,1920,2777.9
1024,1921,2779.2
1024,1922,3712.4
1024,1923,2988.1
1024,1924,2802.8
1024,1925,2790.1
1024,1926,2694.4
1024,1927,2715.6
1024,1928,2781.0
1024,1929,2638.7
1024,1930,2781.6
1024,1931,4717.1
1024,1932,2776.7
1024,1933,3437.5
1024,1934,2650.8
1024,1935,2724.0
1024,1936,2663.5
1024,1937,2674.4
1024,1938,2761.0
1024,1939,3413.8
1024,1940,3303.6
1024,1941,2874.8
1024,1942,2652.0
1024,1943,3605.2
1024,1944,2670.1
1024,1945,2645.9
1024,1946,2592.0
1024,1947,2530.3
1024,1948,2583.5
1024,1949,2546.0
1024,1950,2466.7
1024,1951,2570.8
1024,1952,3200.7
1024,1953,3479.2
1024,1954,3432.6
1024,1955,3360.5
1024,1956,3572.5
1024,1957,3487.1
1024,1958,3553.1
1024,1959,4405.2
1024,1960,3286.1
1024,1961,3585.2
1024,1962,3593.1
1024,1963,2559.3
1024,1964,2595.7
1024,1965,2510.9
1024,1966,2626.5
1024,1967,2660.5
1024,1968,2475.1
1024,1969,2607.2
1024,1970,2589.0
1024,1971,3654.9
1024,1972,3339.3
1024,1973,3375.7
1024,1974,3308.5
1024,1975,3404.1
1024,1976,3544.7
1024,1977,3523.5
1024,1978,4444.6
1024,1979,3591.3
1024,1980,3648.8
1024,1981,3677.3
1024,1982,2694.4
1024,1983,2732.5
1024,1984,2530.3
1024,1985,2489.1
1024,1986,3304.2
1024,1987,2791.9
1024,1988,2857.3
1024,1989,2660.5
1024,1990,2516.9
1024,1991,2553.3
1024,1992,2544.2
1024,1993,2475.1
1024,1994,2543.6
1024,1995,3333.9
1024,1996,3320.6
1024,1997,3628.2
1024,1998,3232.2
1024,1999,3475.0
4096,0,5545.6
4096,1,5442.6
4096,2,5565.6
4096,3,5825.4
4096,4,5311.2
4096,5,5385.1
4096,6,5394.2
4096,7,5496.5
4096,8,5358.5
4096,9,5155.6
4096,10,5619.5
4096,11,6175.4
4096,12,5242.8
4096,13,5528.0
4096,14,5168.9
4096,15,5505.0
4096,16,5959.2
4096,17,5443.2
4096,18,5176.2
4096,19,5165.3
4096,20,5492.3
4096,21,5257.3
4096,22,5504.4
4096,23,5423.3
4096,24,5302.7
4096,25,5454.1
4096,26,5706.7
4096,27,5373.0
4096,28,5454.1
4096,29,5782.4
4096,30,5944.1
4096,31,5413.0
4096,32,5726.1
4096,33,6179.7
4096,34,5382.7
4096,35,5412.4
4096,36,6456.4
4096,37,6033.7
4096,38,5377.2
4096,39,5370.0
4096,40,5508.7
4096,41,5408.1
4096,42,5419.0
4096,43,5647.3
4096,44,5490.5
4096,45,5541.4
4096,46,6171.8
4096,47,5359.7
4096,48,5477.8
4096,49,5786.0
4096,50,5413.6
4096,51,5381.5
4096,52,5545.6
4096,53,5925.3
4096,54,5816.3
4096,55,5404.5
4096,56,5317.3
4096,57,5558.9
4096,58,6002.2
4096,59,5600.1
4096,60,5877.5
4096,61,6084.6
4096,62,5780.0
4096,63,5879.9
4096,64,5485.0
4096,65,5400.2
4096,66,5839.3
4096,67,5472.9
4096,68,5803.6
4096,69,5659.5
4096,70,6034.9
4096,71,6296.6
4096,72,5574.7
4096,73,6137.3
4096,74,6231.8
4096,75,5642.5
4096,76,5611.0
4096,77,5705.5
4096,78,5752.7
4096,79,5485.6
4096,80,5495.9
4096,81,5469.3
4096,82,5742.4
4096,83,5701.8
4096,84,5853.2
4096,85,5569.8
4096,86,5908.4
4096,87,5429.9
4096,88,5546.8
4096,89,6031.3
4096,90,5695.8
4096,91,5664.9
4096,92,5422.1
4096,93,5436.0
4096,94,5468.7
4096,95,5423.9
4096,96,5609.8
4096,97,6206.9
4096,98,5397.8
4096,99,5671.6
4096,100,5413.0
4096,101,5406.3
4096,102,5507.4
4096,103,5402.7
4096,104,5408.7
4096,105,5550.4
4096,106,5479.0
4096,107,5491.7
4096,108,5374.8
4096,109,5360.9
4096,110,5721.2
4096,111,5211.9
4096,112,5485.6
4096,113,5170.1
4096,114,5439.6
4096,115,5518.3
4096,116,5359.7
4096,117,5423.3
4096,118,5658.8
4096,119,5778.8
4096,120,5653.4
4096,121,5525.6
4096,122,5476.0
4096,123,5812.1
4096,124,5340.9
4096,125,5396.0
4096,126,5416.6
4096,127,5748.5
4096,128,5802.4
4096,129,5988.3
4096,130,5882.9
4096,131,5641.9
4096,132,5643.1
4096,133,5635.2
4096,134,6191.2
4096,135,5642.5
4096,136,5628.6
4096,137,5749.1
4096,138,5647.3
4096,139,6237.2
4096,140,5615.2
4096,141,5948.3
4096,142,9099.9
4096,143,5819.3
4096,144,5819.9
4096,145,6356.5
4096,146,5680.0
4096,147,5971.3
4096,148,6288.1
4096,149,5902.9
4096,150,5761.2
4096,151,5874.4
4096,152,6089.4
4096,153,5459.0
4096,154,5348.8
4096,155,5164.1
4096,156,5458.4
4096,157,5400.9
4096,158,5557.7
4096,159,5196.8
4096,160,5399.0
4096,161,5875.7
4096,162,5169.5
4096,163,5444.5
4096,164,5568.6
4096,165,6036.1
4096,166,5844.8
4096,167,5197.4
4096,168,5488.1
4096,169,5153.2
4096,170,5617.1
4096,171,5169.5
4096,172,5223.4
4096,173,5306.4
4096,174,5145.9
4096,175,5146.5
4096,176,5663.7
4096,177,5158.6
4096,178,5402.1
4096,179,5508.7
4096,180,5644.3
4096,181,5348.8
4096,182,5111.4
4096,183,5469.9
4096,184,5512.9
4096,185,5439.6
4096,186,5414.2
4096,187,5263.4
4096,188,5454.8
4096,189,5975.6
4096,190,5801.2
4096,191,5265.8
4096,192,5330.0
4096,193,5464.4
4096,194,5307.0
4096,195,5119.2
4096,196,5816.9
4096,197,5227.6
4096,198,5649.8
4096,199,5280.9
4096,200,5175.0
4096,201,5278.5
4096,202,5551.7
4096,203,5832.1
4096,204,5191.3
4096,205,5488.7
4096,206,5640.7
4096,207,5253.1
4096,208,5241.0
4096,209,5247.6
4096,210,5608.6
4096,211,5439.0
4096,212,5237.3
4096,213,5607.4
4096,214,5488.7
4096,215,5367.5
4096,216,5189.5
4096,217,5263.4
4096,218,5434.8
4096,219,5904.1
4096,220,5517.1
4096,221,5564.4
4096,222,5740.0
4096,223,5236.7
4096,224,5097.4
4096,225,5487.5
4096,226,5420.2
4096,227,5205.8
4096,228,5400.9
4096,229,5165.9
4096,230,5400.9
4096,231,5189.5
4096,232,5426.3
4096,233,5173.1
4096,234,5221.6
4096,235,5190.1
4096,236,5205.8
4096,237,5302.7
4096,238,5564.4
4096,239,5283.4
4096,240,5493.5
4096,241,5406.9
4096,242,5351.8
4096,243,5735.8
4096,244,5460.2
4096,245,5187.1
4096,246,5164.7
4096,247,5586.8
4096,248,5116.8
4096,249,5481.4
4096,250,5628.6
4096,251,5235.5
4096,252,5725.5
4096,253,5335.4
4096,254,5388.1
4096,255,5592.8
4096,256,5600.7
4096,257,6021.6
4096,258,5242.8
4096,259,5181.0
4096,260,5930.2
4096,261,5321.5
4096,262,5520.8
4096,263,5597.1
4096,264,5439.0
4096,265,5213.7
4096,266,5500.2
4096,267,6120.9
4096,268,5419.0
4096,269,5165.3
4096,270,5615.8
4096,271,5403.9
4096,272,5280.9
4096,273,5244.6
4096,274,5198.6
4096,275,5544.4
4096,276,5466.3
4096,277,5689.7
4096,278,6056.1
4096,279,5990.7
4096,280,5995.0
4096,281,5698.2
4096,282,6574.5
4096,283,5918.0
4096,284,5807.2
4096,285,6311.7
4096,286,5708.5
4096,287,6191.2
4096,288,6398.9
4096,289,5725.5
4096,290,5642.5
4096,291,5621.3
4096,292,5684.3
4096,293,5592.8
4096,294,6108.8
4096,295,5692.2
4096,296,5400.2
4096,297,5614.0
4096,298,5430.5
4096,299,5676.4
4096,300,5393.0
4096,301,5678.8
4096,302,5437.8
4096,303,5221.6
4096,304,5493.5
4096,305,5601.3
4096,306,5503.2
4096,307,5186.5
4096,308,5580.1
4096,309,5803.0
4096,310,5509.3
4096,311,5440.2
4096,312,5856.3
4096,313,5567.4
4096,314,7422.4
4096,315,5794.5
4096,316,5402.7
4096,317,5635.8
4096,318,5262.2
4096,319,5540.1
4096,320,5565.0
4096,321,5370.0
4096,322,5436.6
4096,323,5811.5
4096,324,5118.0
4096,325,5237.3
4096,326,5592.2
4096,327,5708.5
4096,328,5916.2
4096,329,5388.1
4096,330,5164.1
4096,331,5583.1
4096,332,5437.2
4096,333,5528.6
4096,334,5483.8
4096,335,5217.4
4096,336,5139.8
4096,337,5207.7
4096,338,5500.8
4096,339,5636.4
4096,340,5085.3
4096,341,5523.2
4096,342,5673.4
4096,343,5315.5
4096,344,5360.9
4096,345,5669.1
4096,346,5605.6
4096,347,5887.2
4096,348,5139.8
4096,349,5214.9
4096,350,5695.2
4096,351,5246.4
4096,352,5376.6
4096,353,5353.6
4096,354,5494.7
4096,355,5143.5
4096,356,5333.6
4096,357,5125.9
4096,358,5229.5
4096,359,5275.5
4096,360,5376.6
4096,361,5459.6
4096,362,5328.8
4096,363,5213.7
4096,364,5535.9
4096,365,5617.1
4096,366,5511.1
4096,367,5352.4
4096,368,5298.5
4096,369,6301.4
4096,370,5535.9
4096,371,5251.3
4096,372,5161.0
4096,373,5838.1
4096,374,5256.7
4096,375,5738.2
4096,376,5571.6
4096,377,5531.1
4096,378,5612.2
4096,379,5440.2
4096,380,5530.5
4096,381,5408.7
4096,382,5171.3
4096,383,5426.9
4096,384,5761.2
4096,385,5612.2
4096,386,6069.5
4096,387,5102.3
4096,388,5190.7
4096,389,5684.3
4096,390,5589.2
4096,391,5274.3
4096,392,5582.5
4096,393,5250.1
4096,394,5438.4
4096,395,5117.4
4096,396,5643.7
4096,397,5608.0
4096,398,5161.6
4096,399,5551.7
4096,400,5561.3
4096,401,5177.4
4096,402,5359.1
4096,403,5112.6
4096,404,5142.3
4096,405,5592.2
4096,406,5453.5
4096,407,5179.2
4096,408,5211.3
4096,409,5517.7
4096,410,5191.9
4096,411,5171.3
4096,412,5895.0
4096,413,6109.4
4096,414,5173.1
4096,415,5164.1
4096,416,5395.4
4096,417,5486.9
4096,418,5176.2
4096,419,5276.7
4096,420,5193.7
4096,421,5965.9
4096,422,5819.3
4096,423,5476.0
4096,424,5429.3
4096,425,5873.2
4096,426,5717.6
4096,427,5431.1
4096,428,6346.2
4096,429,5632.2
4096,430,5360.9
4096,431,5998.6
4096,432,5516.5
4096,433,6337.1
4096,434,5393.6
4096,435,5376.0
4096,436,5433.0
4096,437,5756.3
4096,438,5439.0
4096,439,5451.7
4096,440,5385.7
4096,441,5700.6
4096,442,5311.2
4096,443,5472.9
4096,444,5388.7
4096,445,5399.0
4096,446,5727.9
4096,447,5595.3
4096,448,5638.3
4096,449,5265.8
4096,450,5151.9
4096,451,5413.6
4096,452,6479.5
4096,453,5254.9
4096,454,6278.4
4096,455,5181.6
4096,456,5246.4
4096,457,5268.8
4096,458,5302.7
4096,459,6394.7
4096,460,5796.9
4096,461,5112.0
4096,462,5196.8
4096,463,5585.6
4096,464,5434.2
4096,465,5480.2
4096,466,5325.2
4096,467,5170.7
4096,468,5706.7
4096,469,5571.6
4096,470,5353.6
4096,471,5661.9
4096,472,5962.3
4096,473,5230.7
4096,474,5236.7
4096,475,5491.1
4096,476,5166.5
4096,477,5113.8
4096,478,5346.4
4096,479,5210.7
4096,480,5135.6
4096,481,5265.8
4096,482,5159.2
4096,483,5936.8
4096,484,5441.4
4096,485,5144.7
4096,486,5069.0
4096,487,5460.8
4096,488,7810.6
4096,489,5136.8
4096,490,5351.2
4096,491,5638.3
4096,492,5227.6
4096,493,5145.9
4096,494,5462.0
4096,495,5160.4
4096,496,6075.5
4096,497,5514.7
4096,498,5237.3
4096,499,5618.9
4096,500,5609.8
4096,501,5229.5
4096,502,5698.2
4096,503,5263.4
4096,504,5922.9
4096,505,5621.9
4096,506,5609.2
4096,507,5770.3
4096,508,5938.0
4096,509,5194.9
4096,510,5489.3
4096,511,5374.2
4096,512,5388.7
4096,513,5254.3
4096,514,5392.4
4096,515,5701.8
4096,516,5680.6
4096,517,5501.4
4096,518,5131.4
4096,519,5617.7
4096,520,5663.1
4096,521,5210.7
4096,522,5494.7
4096,523,5681.3
4096,524,5508.0
4096,525,5925.9
4096,526,5308.2
4096,527,5157.4
4096,528,5190.7
4096,529,5451.7
4096,530,5462.6
4096,531,5342.1
4096,532,5379.7
4096,533,5792.1
4096,534,5559.5
4096,535,5699.4
4096,536,5542.0
4096,537,5563.2
4096,538,5422.1
4096,539,5689.1
4096,540,5720.6
4096,541,5696.4
4096,542,5503.2
4096,543,5773.9
4096,544,5428.7
4096,545,5497.1
4096,546,5398.4
4096,547,5783.0
4096,548,5433.0
4096,549,5631.0
4096,550,5759.4
4096,551,5877.5
4096,552,6075.5
4096,553,6024.6
4096,554,5941.1
4096,555,5447.5
4096,556,5420.2
4096,557,5382.7
4096,558,5155.6
4096,559,5206.5
4096,560,5289.4
4096,561,5483.2
4096,562,5296.7
4096,563,5135.6
4096,564,5517.1
4096,565,5316.1
4096,566,5434.8
4096,567,5155.6
4096,568,5607.4
4096,569,5296.7
4096,570,5171.9
4096,571,5794.5
4096,572,5286.4
4096,573,6086.4
4096,574,5866.0
4096,575,5731.5
4096,576,5125.9
4096,577,5274.3
4096,578,5214.3
4096,579,5220.4
4096,580,5513.5
4096,581,5244.6
4096,582,5410.5
4096,583,5487.5
4096,584,5881.1
4096,585,5847.2
4096,586,5232.5
4096,587,6248.7
4096,588,5594.7
4096,589,5440.8
4096,590,5313.0
4096,591,5202.8
4096,592,5253.7
4096,593,5264.6
4096,594,6248.7
4096,595,5167.1
4096,596,5184.0
4096,597,5455.4
4096,598,5211.9
4096,599,5486.9
4096,600,5512.3
4096,601,5213.1
4096,602,5266.4
4096,603,5449.9
4096,604,5417.8
4096,605,5434.2
4096,606,5601.3
4096,607,5179.8
4096,608,5148.9
4096,609,6113.7
4096,610,5815.7
4096,611,5604.3
4096,612,5537.1
4096,613,5185.9
4096,614,5203.4
4096,615,5503.8
4096,616,5285.8
4096,617,5247.6
4096,618,5266.4
4096,619,5277.9
4096,620,5313.6
4096,621,5305.8
4096,622,5774.5
4096,623,5697.0
4096,624,5363.9
4096,625,5909.6
4096,626,5362.1
4096,627,5141.7
4096,628,5758.2
4096,629,5156.2
4096,630,5736.4
4096,631,5536.5
4096,632,5572.8
4096,633,6077.9
4096,634,5612.8
4096,635,6004.0
4096,636,5183.4
4096,637,5400.9
4096,638,5456.6
4096,639,5580.7
4096,640,5854.5
4096,641,5611.6
4096,642,5366.9
4096,643,5526.2
4096,644,5137.4
4096,645,5866.0
4096,646,5495.9
4096,647,5170.7
4096,648,5906.5
4096,649,5389.3
4096,650,5406.9
4096,651,6116.1
4096,652,5865.4
4096,653,5715.2
4096,654,6132.4
4096,655,5409.9
4096,656,5641.3
4096,657,5481.4
4096,658,5836.9
4096,659,5405.1
4096,660,5382.1
4096,661,8236.3
4096,662,5374.8
4096,663,5642.5
4096,664,5414.2
4096,665,5703.7
4096,666,5399.0
4096,667,5803.6
4096,668,6462.5
4096,669,5151.9
4096,670,5205.8
4096,671,5388.1
4096,672,5302.1
4096,673,5237.9
4096,674,5657.6
4096,675,5397.2
4096,676,5403.9
4096,677,5293.7
4096,678,5951.4
4096,679,5402.1
4096,680,5655.8
4096,681,5535.9
4096,682,5387.5
4096,683,5448.7
4096,684,5365.1
4096,685,5407.5
4096,686,5446.3
4096,687,5720.0
4096,688,5392.4
4096,689,5766.6
4096,690,5835.7
4096,691,5324.5
4096,692,5951.4
4096,693,5445.1
4096,694,5464.4
4096,695,5635.2
4096,696,5819.3
4096,697,5565.6
4096,698,5501.4
4096,699,5950.8
4096,700,6143.3
4096,701,5703.1
4096,702,5128.9
4096,703,5316.7
4096,704,5099.3
4096,705,5792.1
4096,706,5431.7
4096,707,5775.7
4096,708,5812.7
4096,709,5420.2
4096,710,5641.3
4096,711,5456.0
4096,712,5210.1
4096,713,5654.6
4096,714,5503.2
4096,715,5835.1
4096,716,5150.7
4096,717,5413.0
4096,718,5408.7
4096,719,5182.8
4096,720,5181.0
4096,721,5466.9
4096,722,5537.1
4096,723,5347.0
4096,724,5790.9
4096,725,5402.1
4096,726,5210.1
4096,727,5396.6
4096,728,5831.4
4096,729,5227.0
4096,730,5221.0
4096,731,5236.1
4096,732,5464.4
4096,733,5157.4
4096,734,5244.6
4096,735,5221.6
4096,736,5268.2
4096,737,6051.9
4096,738,5489.9
4096,739,5134.4
4096,740,5525.0
4096,741,5193.7
4096,742,5639.5
4096,743,5145.9
4096,744,5598.9
4096,745,6236.0
4096,746,5513.5
4096,747,5173.8
4096,748,5343.3
4096,749,5510.5
4096,750,5585.6
4096,751,5451.1
4096,752,5221.6
4096,753,5214.3
4096,754,5144.7
4096,755,5396.0
4096,756,5257.9
4096,757,5198.0
4096,758,5582.5
4096,759,5829.6
4096,760,5221.0
4096,761,5236.1
4096,762,6428.6
4096,763,5229.5
4096,764,6381.3
4096,765,5396.6
4096,766,5451.7
4096,767,5337.9
4096,768,5440.2
4096,769,5300.9
4096,770,5894.4
4096,771,5334.8
4096,772,5164.1
4096,773,5162.2
4096,774,5208.3
4096,775,5184.7
4096,776,5144.7
4096,777,5554.1
4096,778,5242.8
4096,779,5188.3
4096,780,5347.6
4096,781,5775.1
4096,782,5715.2
4096,783,5411.8
4096,784,5484.4
4096,785,6150.0
4096,786,5652.8
4096,787,5515.9
4096,788,5248.8
4096,789,224988.2
4096,790,5437.8
4096,791,5497.1
4096,792,5968.3
4096,793,5313.6
4096,794,5229.5
4096,795,7306.1
4096,796,4646.9
4096,797,5178.6
4096,798,5251.3
4096,799,5496.5
4096,800,6876.7
4096,801,5879.3
4096,802,5086.5
4096,803,5557.1
4096,804,5226.4
4096,805,5127.7
4096,806,5795.7
4096,807,5339.7
4096,808,5407.5
4096,809,5230.1
4096,810,5474.7
4096,811,5797.5
4096,812,5669.7
4096,813,5442.0
4096,814,5660.1
4096,815,5671.6
4096,816,5668.5
4096,817,5411.8
4096,818,5391.8
4096,819,5431.7
4096,820,5619.5
4096,821,5346.4
4096,822,5694.6
4096,823,5418.4
4096,824,5786.0
4096,825,5975.6
4096,826,5661.9
4096,827,5390.0
4096,828,5449.9
4096,829,5826.0
4096,830,5721.8
4096,831,5677.0
4096,832,5614.0
4096,833,5415.4
4096,834,5343.3
4096,835,5489.9
4096,836,5393.0
4096,837,5423.3
4096,838,5787.8
4096,839,5349.4
4096,840,5453.5
4096,841,5604.9
4096,842,5842.3
4096,843,5446.3
4096,844,5413.6
4096,845,5745.4
4096,846,5386.9
4096,847,5412.4
4096,848,5368.8
4096,849,5469.9
4096,850,5465.7
4096,851,6101.5
4096,852,5694.0
4096,853,5565.0
4096,854,5537.7
4096,855,5217.4
4096,856,5176.2
4096,857,5715.8
4096,858,5449.3
4096,859,5319.1
4096,860,5469.9
4096,861,5288.2
4096,862,5205.2
4096,863,5185.3
4096,864,5490.5
4096,865,5357.3
4096,866,5198.0
4096,867,6197.8
4096,868,5223.4
4096,869,5175.6
4096,870,5280.9
4096,871,5208.3
4096,872,5100.5
4096,873,5809.0
4096,874,5598.3
4096,875,5523.2
4096,876,6009.5
4096,877,5970.1
4096,878,5202.2
4096,879,6164.5
4096,880,5153.8
4096,881,5548.0
4096,882,5339.7
4096,883,5159.2
4096,884,5363.9
4096,885,5271.9
4096,886,5177.4
4096,887,5689.1
4096,888,5233.1
4096,889,5254.9
4096,890,5148.9
4096,891,5197.4
4096,892,5534.1
4096,893,5288.8
4096,894,5450.5
4096,895,5152.6
4096,896,5671.0
4096,897,5169.5
4096,898,5128.9
4096,899,5540.1
4096,900,5311.2
4096,901,5112.0
4096,902,5467.5
4096,903,5601.3
4096,904,5152.6
4096,905,5545.6
4096,906,5383.9
4096,907,5520.2
4096,908,5420.8
4096,909,5207.1
4096,910,5155.6
4096,911,5188.3
4096,912,5408.1
4096,913,5537.7
4096,914,6283.8
4096,915,5122.9
4096,916,5566.8
4096,917,5500.8
4096,918,5463.8
4096,919,5508.7
4096,920,5707.3
4096,921,5200.4
4096,922,5753.3
4096,923,5408.1
4096,924,5185.3
4096,925,5497.1
4096,926,5210.7
4096,927,5452.9
4096,928,5106.5
4096,929,5558.9
4096,930,5362.1
4096,931,5168.3
4096,932,5347.0
4096,933,5482.0
4096,934,5846.6
4096,935,6091.3
4096,936,5098.0
4096,937,5421.4
4096,938,5398.4
4096,939,5207.7
4096,940,5614.6
4096,941,5421.4
4096,942,5362.7
4096,943,5147.7
4096,944,5402.7
4096,945,5405.7
4096,946,5708.5
4096,947,5394.8
4096,948,5163.5
4096,949,5854.5
4096,950,5168.9
4096,951,5516.5
4096,952,5141.0
4096,953,5873.8
4096,954,5459.0
4096,955,5340.3
4096,956,5873.8
4096,957,5532.9
4096,958,5225.2
4096,959,5775.7
4096,960,5455.4
4096,961,5496.5
4096,962,5107.1
4096,963,5175.0
4096,964,5416.0
4096,965,5486.2
4096,966,5839.3
4096,967,5122.9
4096,968,5711.5
4096,969,7456.9
4096,970,5758.8
4096,971,5207.1
4096,972,5577.7
4096,973,5687.3
4096,974,5433.0
4096,975,5885.3
4096,976,5126.5
4096,977,5482.6
4096,978,5219.8
4096,979,5182.8
4096,980,5417.8
4096,981,5730.9
4096,982,5239.2
4096,983,6123.4
4096,984,5614.0
4096,985,5821.8
4096,986,5684.9
4096,987,5173.8
4096,988,5175.6
4096,989,5262.2
4096,990,5216.1
4096,991,5177.4
4096,992,5447.5
4096,993,5188.3
4096,994,5207.7
4096,995,5382.1
4096,996,5758.8
4096,997,5157.4
4096,998,5415.4
4096,999,5500.8
4096,1000,5783.6
4096,1001,6440.1
4096,1002,5089.0
4096,1003,5231.3
4096,1004,5391.8
4096,1005,5520.8
4096,1006,5984.1
4096,1007,5156.2
4096,1008,5367.5
4096,1009,5249.5
4096,1010,5146.5
4096,1011,5431.7
4096,1012,6125.2
4096,1013,5227.6
4096,1014,5230.1
4096,1015,5559.5
4096,1016,5469.9
4096,1017,5457.2
4096,1018,5878.1
4096,1019,5429.9
4096,1020,5506.8
4096,1021,5420.8
4096,1022,5143.5
4096,1023,5396.0
4096,1024,5548.6
4096,1025,5193.1
4096,1026,5171.3
4096,1027,5393.0
4096,1028,5141.0
4096,1029,21844.5
4096,1030,6984.5
4096,1031,6595.7
4096,1032,6303.2
4096,1033,12464.1
4096,1034,53694.2
4096,1035,5899.3
4096,1036,5248.2
4096,1037,5658.8
4096,1038,5374.8
4096,1039,5563.2
4096,1040,5403.9
4096,1041,5248.8
4096,1042,5427.5
4096,1043,5127.7
4096,1044,5956.8
4096,1045,5527.4
4096,1046,5440.2
4096,1047,5377.8
4096,1048,5194.9
4096,1049,5851.4
4096,1050,5445.1
4096,1051,5780.0
4096,1052,5542.0
4096,1053,5542.0
4096,1054,5304.0
4096,1055,5403.9
4096,1056,5916.8
4096,1057,5909.0
4096,1058,5804.8
4096,1059,5624.9
4096,1060,5707.3
4096,1061,6481.9
4096,1062,5407.5
4096,1063,5913.8
4096,1064,5455.4
4096,1065,5741.2
4096,1066,6151.8
4096,1067,5717.0
4096,1068,5831.4
4096,1069,5665.5
4096,1070,5991.3
4096,1071,5667.3
4096,1072,5712.7
4096,1073,6668.4
4096,1074,6182.1
4096,1075,6210.0
4096,1076,6108.2
4096,1077,5661.3
4096,1078,5647.3
4096,1079,6328.0
4096,1080,6307.5
4096,1081,6354.7
4096,1082,6160.9
4096,1083,5907.1
4096,1084,5607.4
4096,1085,5651.0
4096,1086,5886.6
4096,1087,5593.4
4096,1088,5637.6
4096,1089,6197.8
4096,1090,6820.4
4096,1091,5664.9
4096,1092,5919.9
4096,1093,5672.2
4096,1094,6005.9
4096,1095,5818.7
4096,1096,5469.3
4096,1097,5707.3
4096,1098,5272.5
4096,1099,5459.0
4096,1100,5443.2
4096,1101,5813.9
4096,1102,5544.4
4096,1103,6048.9
4096,1104,5181.6
4096,1105,5221.6
4096,1106,5433.0
4096,1107,5406.3
4096,1108,5277.9
4096,1109,5819.9
4096,1110,5131.4
4096,1111,5194.3
4096,1112,5294.9
4096,1113,5577.7
4096,1114,5690.3
4096,1115,5191.3
4096,1116,5287.0
4096,1117,5205.2
4096,1118,5478.4
4096,1119,5347.6
4096,1120,5294.3
4096,1121,6136.7
4096,1122,5139.2
4096,1123,5875.7
4096,1124,5188.9
4096,1125,5878.1
4096,1126,5387.5
4096,1127,8058.3
4096,1128,5748.5
4096,1129,4809.8
4096,1130,5436.6
4096,1131,5415.4
4096,1132,5585.6
4096,1133,6151.2
4096,1134,5429.3
4096,1135,5815.7
4096,1136,5769.1
4096,1137,6104.0
4096,1138,6263.9
4096,1139,5656.4
4096,1140,5187.1
4096,1141,5156.2
4096,1142,6148.2
4096,1143,5833.9
4096,1144,5276.7
4096,1145,5813.9
4096,1146,5134.4
4096,1147,5592.8
4096,1148,5144.1
4096,1149,5462.6
4096,1150,5409.9
4096,1151,5895.0
4096,1152,5233.1
4096,1153,5704.3
4096,1154,5192.5
4096,1155,5742.4
4096,1156,5161.0
4096,1157,5761.8
4096,1158,5374.2
4096,1159,5520.8
4096,1160,5226.4
4096,1161,5254.3
4096,1162,5487.5
4096,1163,6270.5
4096,1164,5177.4
4096,1165,5185.9
4096,1166,5245.2
4096,1167,5387.5
4096,1168,5216.7
4096,1169,5858.1
4096,1170,5310.6
4096,1171,5198.6
4096,1172,6114.9
4096,1173,5128.9
4096,1174,5238.6
4096,1175,5430.5
4096,1176,5384.5
4096,1177,5409.3
4096,1178,5202.2
4096,1179,5215.5
4096,1180,5113.8
4096,1181,5088.4
4096,1182,5776.9
4096,1183,5836.9
4096,1184,5379.1
4096,1185,5534.1
4096,1186,5196.8
4096,1187,5571.0
4096,1188,5886.6
4096,1189,5450.5
4096,1190,5151.3
4096,1191,5090.8
4096,1192,5649.2
4096,1193,6650.8
4096,1194,5465.1
4096,1195,5982.8
4096,1196,5552.9
4096,1197,5268.8
4096,1198,5246.4
4096,1199,5185.3
4096,1200,5218.0
4096,1201,6077.3
4096,1202,5456.0
4096,1203,5425.7
4096,1204,5199.8
4096,1205,5190.7
4096,1206,5778.2
4096,1207,5854.5
4096,1208,5215.5
4096,1209,5239.2
4096,1210,6346.2
4096,1211,5843.0
4096,1212,5202.8
4096,1213,5173.1
4096,1214,5495.3
4096,1215,5489.9
4096,1216,5502.0
4096,1217,5469.9
4096,1218,6225.7
4096,1219,5202.2
4096,1220,5371.8
4096,1221,5132.6
4096,1222,5476.0
4096,1223,5664.9
4096,1224,5143.5
4096,1225,5232.5
4096,1226,5682.5
4096,1227,5594.0
4096,1228,6152.4
4096,1229,5443.9
4096,1230,5262.2
4096,1231,5417.8
4096,1232,6003.4
4096,1233,5227.6
4096,1234,5474.7
4096,1235,5235.5
4096,1236,5231.9
4096,1237,5445.1
4096,1238,5494.1
4096,1239,5217.4
4096,1240,5125.9
4096,1241,5979.2
4096,1242,5175.6
4096,1243,5205.8
4096,1244,5512.3
4096,1245,5260.4
4096,1246,5406.9
4096,1247,5165.3
4096,1248,5341.5
4096,1249,5157.4
4096,1250,5142.3
4096,1251,5762.4
4096,1252,5142.3
4096,1253,5387.5
4096,1254,5311.2
4096,1255,5973.2
4096,1256,5144.1
4096,1257,5756.3
4096,1258,5394.8
4096,1259,5335.4
4096,1260,5181.6
4096,1261,5335.4
4096,1262,5374.2
4096,1263,5121.7
4096,1264,5162.8
4096,1265,5348.2
4096,1266,5519.6
4096,1267,5276.7
4096,1268,5715.8
4096,1269,5982.2
4096,1270,5243.4
4096,1271,5363.3
4096,1272,5161.0
4096,1273,6141.5
4096,1274,5050.8
4096,1275,5775.1
4096,1276,5466.9
4096,1277,5035.7
4096,1278,5493.5
4096,1279,5159.8
4096,1280,5651.0
4096,1281,5198.6
4096,1282,5502.0
4096,1283,5777.5
4096,1284,5829.0
4096,1285,5242.8
4096,1286,6218.4
4096,1287,27878.2
4096,1288,5143.5
4096,1289,6831.9
4096,1290,5098.7
4096,1291,5177.4
4096,1292,5154.4
4096,1293,5597.7
4096,1294,5141.7
4096,1295,5126.5
4096,1296,5062.3
4096,1297,8278.1
4096,1298,6388.0
4096,1299,6117.3
4096,1300,5502.6
4096,1301,5477.2
4096,1302,5510.5
4096,1303,6203.3
4096,1304,5816.3
4096,1305,5210.7
4096,1306,5345.1
4096,1307,5202.2
4096,1308,5479.0
4096,1309,5384.5
4096,1310,5129.5
4096,1311,5706.1
4096,1312,5385.1
4096,1313,6183.9
4096,1314,5684.3
4096,1315,5847.8
4096,1316,5435.4
4096,1317,5133.2
4096,1318,5956.2
4096,1319,5320.9
4096,1320,5396.6
4096,1321,5307.0
4096,1322,5560.1
4096,1323,5749.1
4096,1324,5274.3
4096,1325,5603.7
4096,1326,5368.2
4096,1327,5598.9
4096,1328,5781.2
4096,1329,5649.8
4096,1330,5234.3
4096,1331,6328.0
4096,1332,5287.6
4096,1333,5111.4
4096,1334,5328.8
4096,1335,5548.0
4096,1336,5171.3
4096,1337,5454.1
4096,1338,6005.9
4096,1339,5173.8
4096,1340,5821.8
4096,1341,5308.2
4096,1342,5217.4
4096,1343,5832.1
4096,1344,5162.8
4096,1345,5191.9
4096,1346,5476.0
4096,1347,5515.9
4096,1348,5607.4
4096,1349,5839.3
4096,1350,5411.2
4096,1351,5235.5
4096,1352,5241.6
4096,1353,6110.6
4096,1354,5938.6
4096,1355,5620.7
4096,1356,5368.8
4096,1357,5800.6
4096,1358,5641.3
4096,1359,5707.9
4096,1360,5336.1
4096,1361,7004.5
4096,1362,5619.5
4096,1363,5208.9
4096,1364,5606.2
4096,1365,5755.7
4096,1366,5179.8
4096,1367,5261.0
4096,1368,5170.7
4096,1369,5155.0
4096,1370,5623.7
4096,1371,5591.0
4096,1372,5160.4
4096,1373,5777.5
4096,1374,5254.3
4096,1375,5139.8
4096,1376,5354.8
4096,1377,5209.5
4096,1378,5464.4
4096,1379,5738.8
4096,1380,5476.0
4096,1381,5321.5
4096,1382,6150.0
4096,1383,5511.1
4096,1384,5222.8
4096,1385,5176.8
4096,1386,5859.3
4096,1387,5496.5
4096,1388,5145.9
4096,1389,5469.3
4096,1390,5878.7
4096,1391,5187.1
4096,1392,5249.5
4096,1393,5746.7
4096,1394,5119.9
4096,1395,5767.9
4096,1396,5108.9
4096,1397,6543.6
4096,1398,5765.4
4096,1399,5757.6
4096,1400,5495.3
4096,1401,5443.2
4096,1402,5806.0
4096,1403,5379.1
4096,1404,7066.3
4096,1405,5987.1
4096,1406,5773.3
4096,1407,5578.3
4096,1408,5744.8
4096,1409,5990.7
4096,1410,5364.5
4096,1411,5509.9
4096,1412,5711.5
4096,1413,5734.5
4096,1414,5442.0
4096,1415,5368.2
4096,1416,5436.0
4096,1417,5481.4
4096,1418,5836.9
4096,1419,5425.7
4096,1420,5669.1
4096,1421,5674.0
4096,1422,5592.2
4096,1423,5463.2
4096,1424,5780.0
4096,1425,5379.1
4096,1426,5775.7
4096,1427,5709.1
4096,1428,5428.7
4096,1429,5463.2
4096,1430,5647.9
4096,1431,6199.1
4096,1432,5376.6
4096,1433,5830.8
4096,1434,5591.0
4096,1435,5814.5
4096,1436,5477.8
4096,1437,5689.1
4096,1438,5358.5
4096,1439,5360.3
4096,1440,5574.1
4096,1441,5738.8
4096,1442,5299.7
4096,1443,5801.2
4096,1444,5115.0
4096,1445,5684.3
4096,1446,5550.4
4096,1447,5443.9
4096,1448,5341.5
4096,1449,5172.5
4096,1450,5766.6
4096,1451,5910.8
4096,1452,5431.7
4096,1453,5941.7
4096,1454,5420.8
4096,1455,5465.7
4096,1456,5372.4
4096,1457,5502.0
4096,1458,5792.1
4096,1459,5167.7
4096,1460,5202.8
4096,1461,5443.9
4096,1462,5925.3
4096,1463,5336.1
4096,1464,5163.5
4096,1465,5491.7
4096,1466,5189.5
4096,1467,5588.0
4096,1468,7123.8
4096,1469,5542.6
4096,1470,5205.8
4096,1471,6119.7
4096,1472,5201.0
4096,1473,5525.6
4096,1474,5187.7
4096,1475,5265.8
4096,1476,4465.8
4096,1477,5078.7
4096,1478,5559.5
4096,1479,5495.3
4096,1480,5215.5
4096,1481,5204.6
4096,1482,5414.8
4096,1483,5343.9
4096,1484,5545.0
4096,1485,5196.8
4096,1486,5199.8
4096,1487,5184.0
4096,1488,5437.2
4096,1489,5248.2
4096,1490,5282.8
4096,1491,5518.3
4096,1492,5210.1
4096,1493,6129.4
4096,1494,5647.9
4096,1495,5177.4
4096,1496,5216.7
4096,1497,5536.5
4096,1498,5154.4
4096,1499,5940.5
4096,1500,5707.3
4096,1501,5440.2
4096,1502,5640.1
4096,1503,6523.1
4096,1504,5784.2
4096,1505,5468.1
4096,1506,5750.9
4096,1507,5595.9
4096,1508,5812.7
4096,1509,5742.4
4096,1510,5469.3
4096,1511,6788.9
4096,1512,5907.8
4096,1513,5793.9
4096,1514,6098.5
4096,1515,5714.0
4096,1516,6073.7
4096,1517,6504.3
4096,1518,6038.6
4096,1519,5703.1
4096,1520,5394.8
4096,1521,5743.6
4096,1522,5592.8
4096,1523,5706.7
4096,1524,5614.6
4096,1525,5423.9
4096,1526,5542.0
4096,1527,5812.1
4096,1528,5909.0
4096,1529,5540.8
4096,1530,6116.7
4096,1531,5717.6
4096,1532,5407.5
4096,1533,5445.7
4096,1534,5369.4
4096,1535,5560.1
4096,1536,6059.2
4096,1537,5847.2
4096,1538,5651.6
4096,1539,6016.8
4096,1540,5695.2
4096,1541,5725.5
4096,1542,5729.1
4096,1543,5394.8
4096,1544,5399.0
4096,1545,5548.6
4096,1546,5822.4
4096,1547,6057.3
4096,1548,5231.9
4096,1549,5420.2
4096,1550,6053.7
4096,1551,5449.3
4096,1552,5319.1
4096,1553,5280.9
4096,1554,5476.6
4096,1555,5304.0
4096,1556,5177.4
4096,1557,5146.5
4096,1558,5273.7
4096,1559,5891.4
4096,1560,5931.4
4096,1561,5304.6
4096,1562,5210.7
4096,1563,5505.0
4096,1564,5632.8
4096,1565,5570.4
4096,1566,6178.5
4096,1567,5546.8
4096,1568,5376.6
4096,1569,6483.1
4096,1570,5562.6
4096,1571,5502.6
4096,1572,5325.2
4096,1573,5392.4
4096,1574,5649.2
4096,1575,5759.4
4096,1576,5296.1
4096,1577,5502.0
4096,1578,5676.4
4096,1579,5749.1
4096,1580,5760.6
4096,1581,5705.5
4096,1582,5428.1
4096,1583,5628.0
4096,1584,5850.8
4096,1585,5453.5
4096,1586,5687.9
4096,1587,5413.0
4096,1588,5467.5
4096,1589,5443.9
4096,1590,5460.2
4096,1591,5462.0
4096,1592,5420.2
4096,1593,5486.2
4096,1594,5598.9
4096,1595,5262.8
4096,1596,5907.1
4096,1597,5164.1
4096,1598,5599.5
4096,1599,5075.6
4096,1600,5385.1
4096,1601,5488.7
4096,1602,5554.1
4096,1603,5518.3
4096,1604,5147.1
4096,1605,5127.1
4096,1606,5146.5
4096,1607,5786.0
4096,1608,5145.3
4096,1609,5167.7
4096,1610,5129.5
4096,1611,5525.6
4096,1612,6037.4
4096,1613,5207.7
4096,1614,5543.2
4096,1615,5501.4
4096,1616,5113.8
4096,1617,5712.7
4096,1618,5142.9
4096,1619,5305.8
4096,1620,5493.5
4096,1621,5783.0
4096,1622,5138.0
4096,1623,5448.1
4096,1624,5202.2
4096,1625,5240.4
4096,1626,6432.8
4096,1627,5237.9
4096,1628,5490.5
4096,1629,5763.0
4096,1630,5187.1
4096,1631,5264.0
4096,1632,5231.3
4096,1633,5563.2
4096,1634,5784.8
4096,1635,5485.0
4096,1636,6127.6
4096,1637,5175.6
4096,1638,5613.4
4096,1639,7639.2
4096,1640,5345.1
4096,1641,5456.0
4096,1642,5279.7
4096,1643,5618.9
4096,1644,5160.4
4096,1645,5177.4
4096,1646,5215.5
4096,1647,5452.3
4096,1648,5377.8
4096,1649,5471.7
4096,1650,5101.1
4096,1651,6352.3
4096,1652,5236.7
4096,1653,5366.3
4096,1654,5171.9
4096,1655,5727.3
4096,1656,5678.2
4096,1657,5680.6
4096,1658,5422.7
4096,1659,5889.0
4096,1660,5199.2
4096,1661,5156.2
4096,1662,5184.0
4096,1663,5105.3
4096,1664,6001.6
4096,1665,5660.1
4096,1666,5295.5
4096,1667,5155.6
4096,1668,5443.9
4096,1669,5639.5
4096,1670,5731.5
4096,1671,5268.2
4096,1672,5857.5
4096,1673,5990.1
4096,1674,5162.8
4096,1675,5439.0
4096,1676,5128.3
4096,1677,5225.8
4096,1678,5443.2
4096,1679,5333.6
4096,1680,5360.3
4096,1681,6130.0
4096,1682,5397.8
4096,1683,5415.4
4096,1684,5452.9
4096,1685,5533.5
4096,1686,5187.1
4096,1687,5614.6
4096,1688,5455.4
4096,1689,5134.4
4096,1690,5110.2
4096,1691,5546.8
4096,1692,5362.1
4096,1693,5218.6
4096,1694,5222.8
4096,1695,5854.5
4096,1696,5928.3
4096,1697,5887.2
4096,1698,5375.4
4096,1699,5551.0
4096,1700,5198.0
4096,1701,5157.4
4096,1702,5477.8
4096,1703,5453.5
4096,1704,5363.3
4096,1705,5747.3
4096,1706,5515.3
4096,1707,5305.2
4096,1708,5268.2
4096,1709,5561.3
4096,1710,5720.6
4096,1711,5213.1
4096,1712,5961.0
4096,1713,5488.7
4096,1714,5459.6
4096,1715,5773.9
4096,1716,5167.7
4096,1717,5187.7
4096,1718,5732.7
4096,1719,5362.1
4096,1720,5556.5
4096,1721,6088.8
4096,1722,5578.3
4096,1723,5674.6
4096,1724,6097.9
4096,1725,6064.6
4096,1726,5586.8
4096,1727,5394.8
4096,1728,5485.0
4096,1729,5768.5
4096,1730,6272.3
4096,1731,5457.8
4096,1732,6180.9
4096,1733,5386.3
4096,1734,5451.1
4096,1735,5428.7
4096,1736,6062.8
4096,1737,5929.6
4096,1738,5955.6
4096,1739,5944.7
4096,1740,5885.3
4096,1741,5467.5
4096,1742,5582.5
4096,1743,5785.4
4096,1744,5443.2
4096,1745,5628.6
4096,1746,6196.0
4096,1747,5495.9
4096,1748,5522.6
4096,1749,5584.4
4096,1750,5656.4
4096,1751,6753.8
4096,1752,5445.7
4096,1753,5464.4
4096,1754,5730.9
4096,1755,6051.9
4096,1756,5367.5
4096,1757,6091.3
4096,1758,5447.5
4096,1759,6269.3
4096,1760,5632.2
4096,1761,5952.0
4096,1762,5903.5
4096,1763,6186.3
4096,1764,5406.3
4096,1765,5331.8
4096,1766,5387.5
4096,1767,5407.5
4096,1768,5634.0
4096,1769,6023.4
4096,1770,5873.8
4096,1771,5677.0
4096,1772,5362.1
4096,1773,5391.2
4096,1774,5469.9
4096,1775,5751.5
4096,1776,5561.3
4096,1777,6142.1
4096,1778,5431.7
4096,1779,5597.1
4096,1780,5416.6
4096,1781,5144.1
4096,1782,5964.1
4096,1783,5367.5
4096,1784,5199.8
4096,1785,5730.9
4096,1786,5207.1
4096,1787,5318.5
4096,1788,5108.3
4096,1789,5201.6
4096,1790,5449.3
4096,1791,5643.1
4096,1792,5291.8
4096,1793,5272.5
4096,1794,5448.1
4096,1795,5149.5
4096,1796,5188.9
4096,1797,5112.6
4096,1798,5327.6
4096,1799,5200.4
4096,1800,5837.5
4096,1801,5788.4
4096,1802,5210.1
4096,1803,5245.8
4096,1804,5142.3
4096,1805,5360.3
4096,1806,5407.5
4096,1807,5170.7
4096,1808,5168.9
4096,1809,5511.7
4096,1810,5447.5
4096,1811,7404.2
4096,1812,4569.3
4096,1813,5147.7
4096,1814,5477.8
4096,1815,5723.6
4096,1816,5211.9
4096,1817,5471.7
4096,1818,5153.2
4096,1819,5159.2
4096,1820,5951.4
4096,1821,5394.2
4096,1822,5543.8
4096,1823,5707.9
4096,1824,5423.9
4096,1825,5213.1
4096,1826,5351.2
4096,1827,5362.1
4096,1828,5472.9
4096,1829,5287.0
4096,1830,5233.1
4096,1831,5153.2
4096,1832,5147.7
4096,1833,5218.0
4096,1834,6063.4
4096,1835,5282.8
4096,1836,5153.2
4096,1837,5103.5
4096,1838,5217.4
4096,1839,5360.9
4096,1840,5456.6
4096,1841,5921.7
4096,1842,5667.9
4096,1843,5156.8
4096,1844,5255.5
4096,1845,5386.9
4096,1846,5159.8
4096,1847,5175.6
4096,1848,5173.8
4096,1849,5456.6
4096,1850,5677.6
4096,1851,5516.5
4096,1852,5256.7
4096,1853,5417.8
4096,1854,5678.2
4096,1855,5507.4
4096,1856,5425.7
4096,1857,5382.7
4096,1858,5566.2
4096,1859,5486.9
4096,1860,5703.7
4096,1861,5390.6
4096,1862,5549.8
4096,1863,5276.1
4096,1864,7646.5
4096,1865,5681.9
4096,1866,6274.8
4096,1867,5679.4
4096,1868,5543.2
4096,1869,5701.8
4096,1870,5571.6
4096,1871,5722.4
4096,1872,5870.8
4096,1873,6244.5
4096,1874,5995.6
4096,1875,5615.2
4096,1876,6145.2
4096,1877,5842.3
4096,1878,5598.9
4096,1879,5919.9
4096,1880,5874.4
4096,1881,5929.6
4096,1882,5517.7
4096,1883,5718.2
4096,1884,5765.4
4096,1885,5434.8
4096,1886,5777.5
4096,1887,6001.6
4096,1888,6331.7
4096,1889,5540.1
4096,1890,5715.2
4096,1891,5820.5
4096,1892,5482.6
4096,1893,5960.4
4096,1894,5631.6
4096,1895,5461.4
4096,1896,5734.5
4096,1897,5543.2
4096,1898,5454.1
4096,1899,5796.9
4096,1900,5421.4
4096,1901,5706.1
4096,1902,6105.8
4096,1903,6402.5
4096,1904,5716.4
4096,1905,5698.8
4096,1906,5418.4
4096,1907,5349.4
4096,1908,5381.5
4096,1909,5445.1
4096,1910,5589.8
4096,1911,5429.9
4096,1912,5879.3
4096,1913,5532.3
4096,1914,5357.9
4096,1915,5369.4
4096,1916,5193.1
4096,1917,5577.1
4096,1918,5435.4
4096,1919,5471.1
4096,1920,5460.8
4096,1921,5446.3
4096,1922,5718.8
4096,1923,5227.0
4096,1924,5265.2
4096,1925,5470.5
4096,1926,5763.6
4096,1927,5400.9
4096,1928,5210.1
4096,1929,5899.9
4096,1930,324592.7
4096,1931,26107.4
4096,1932,43318.9
4096,1933,43484.2
4096,1934,42332.9
4096,1935,6874.3
4096,1936,6061.6
4096,1937,5625.5
4096,1938,5270.6
4096,1939,5543.2
4096,1940,5326.4
4096,1941,5851.4
4096,1942,6145.8
4096,1943,5221.6
4096,1944,5338.5
4096,1945,5512.9
4096,1946,5420.2
4096,1947,5729.7
4096,1948,5948.3
4096,1949,5479.6
4096,1950,5390.0
4096,1951,5391.8
4096,1952,5428.1
4096,1953,6091.3
4096,1954,5769.1
4096,1955,5396.0
4096,1956,5496.5
4096,1957,5975.0
4096,1958,5408.1
4096,1959,6158.5
4096,1960,5409.9
4096,1961,5437.8
4096,1962,5270.6
4096,1963,5389.3
4096,1964,5747.3
4096,1965,5812.7
4096,1966,6044.6
4096,1967,6011.3
4096,1968,5718.2
4096,1969,5738.2
4096,1970,5941.7
4096,1971,6197.2
4096,1972,5370.0
4096,1973,5753.3
4096,1974,5490.5
4096,1975,5674.0
4096,1976,5865.4
4096,1977,5415.4
4096,1978,5357.9
4096,1979,5432.3
4096,1980,5657.0
4096,1981,6150.6
4096,1982,5730.3
4096,1983,5399.0
4096,1984,5531.7
4096,1985,5417.8
4096,1986,5378.4
4096,1987,6134.3
4096,1988,5395.4
4096,1989,5334.2
4096,1990,5471.7
4096,1991,5835.7
4096,1992,5423.3
4096,1993,5360.9
4096,1994,5321.5
4096,1995,5646.7
4096,1996,5184.0
4096,1997,5207.1
4096,1998,5697.6
4096,1999,5139.2
16384,0,9777.6
16384,1,9891.5
16384,2,9785.5
16384,3,9872.7
16384,4,9803.7
16384,5,9774.0
16384,6,9850.9
16384,7,9835.2
16384,8,9809.1
16384,9,9594.1
16384,10,9638.9
16384,11,9638.3
16384,12,9778.2
16384,13,9499.6
16384,14,9367.6
16384,15,9913.3
16384,16,9690.4
16384,17,10196.1
16384,18,10119.8
16384,19,9858.8
16384,20,9589.9
16384,21,10962.2
16384,22,9552.3
16384,23,9410.0
16384,24,9562.0
16384,25,9323.4
16384,26,10023.5
16384,27,9691.6
16384,28,9390.6
16384,29,9658.9
16384,30,9666.8
16384,31,9377.9
16384,32,9370.6
16384,33,9323.4
16384,34,9396.7
16384,35,9531.1
16384,36,9562.0
16384,37,9655.9
16384,38,9371.9
16384,39,9480.9
16384,40,9347.0
16384,41,9393.1
16384,42,9262.2
16384,43,9433.0
16384,44,9472.4
16384,45,10041.7
16384,46,10173.7
16384,47,9882.4
16384,48,10015.6
16384,49,9867.2
16384,50,10088.9
16384,51,9889.7
16384,52,9726.1
16384,53,9801.2
16384,54,10178.5
16384,55,9966.0
16384,56,9939.3
16384,57,9929.0
16384,58,9799.4
16384,59,10050.1
16384,60,10170.7
16384,61,9864.2
16384,62,9789.1
16384,63,10190.0
16384,64,10047.1
16384,65,9858.2
16384,66,10018.7
16384,67,10198.5
16384,68,9930.8
16384,69,9932.1
16384,70,9315.5
16384,71,9592.3
16384,72,9243.5
16384,73,9695.9
16384,74,9738.9
16384,75,10012.6
16384,76,9989.6
16384,77,10096.2
16384,78,10342.7
16384,79,9853.9
16384,80,10008.4
16384,81,9991.4
16384,82,9944.8
16384,83,14708.5
16384,84,23109.0
16384,85,45463.4
16384,86,9808.5
16384,87,9618.9
16384,88,9678.3
16384,89,9375.5
16384,90,9929.6
16384,91,9407.6
16384,92,9488.7
16384,93,9723.7
16384,94,9324.0
16384,95,9816.4
16384,96,9370.6
16384,97,9365.8
16384,98,9483.3
16384,99,9344.6
16384,100,9403.4
16384,101,9543.9
16384,102,9257.4
16384,103,9655.3
16384,104,9438.5
16384,105,9336.1
16384,106,9379.1
16384,107,9888.4
16384,108,9354.3
16384,109,9760.7
16384,110,9569.3
16384,111,9393.7
16384,112,9577.8
16384,113,9970.8
16384,114,9311.3
16384,115,9657.7
16384,116,11314.7
16384,117,9336.1
16384,118,9395.5
16384,119,9595.3
16384,120,9572.3
16384,121,9674.7
16384,122,9605.6
16384,123,9322.8
16384,124,9369.4
16384,125,9493.6
16384,126,9375.5
16384,127,9534.2
16384,128,9408.2
16384,129,9754.6
16384,130,9330.7
16384,131,9603.2
16384,132,9569.9
16384,133,9621.4
16384,134,9255.0
16384,135,9524.5
16384,136,9717.7
16384,137,9354.9
16384,138,9557.8
16384,139,9355.5
16384,140,9440.9
16384,141,9395.5
16384,142,9791.5
16384,143,9352.5
16384,144,9596.5
16384,145,9577.8
16384,146,9407.6
16384,147,9527.5
16384,148,9875.7
16384,149,9391.2
16384,150,9702.5
16384,151,9382.8
16384,152,9437.9
16384,153,9486.9
16384,154,9330.1
16384,155,9384.6
16384,156,9598.4
16384,157,9459.7
16384,158,9413.6
16384,159,9323.4
16384,160,9595.9
16384,161,9379.7
16384,162,9602.0
16384,163,9321.6
16384,164,9704.9
16384,165,9795.8
16384,166,9448.2
16384,167,9444.5
16384,168,9744.9
16384,169,9373.1
16384,170,9630.5
16384,171,9390.0
16384,172,10027.1
16384,173,9960.5
16384,174,10027.7
16384,175,9942.3
16384,176,10066.5
16384,177,10079.8
16384,178,10005.3
16384,179,10024.1
16384,180,9923.0
16384,181,10197.9
16384,182,10281.5
16384,183,9844.8
16384,184,10082.8
16384,185,10113.7
16384,186,9817.6
16384,187,9838.2
16384,188,9880.6
16384,189,10392.3
16384,190,10003.5
16384,191,10001.1
16384,192,10114.9
16384,193,9946.0
16384,194,9846.1
16384,195,10243.9
16384,196,9858.8
16384,197,10176.7
16384,198,9876.9
16384,199,9847.9
16384,200,9935.1
16384,201,9812.7
16384,202,9888.4
16384,203,9923.6
16384,204,9803.1
16384,205,10038.6
16384,206,10182.2
16384,207,9998.1
16384,208,10027.1
16384,209,9867.9
16384,210,10365.7
16384,211,9958.1
16384,212,9943.0
16384,213,10256.1
16384,214,9771.0
16384,215,12399.3
16384,216,9955.1
16384,217,9959.9
16384,218,9288.9
16384,219,9413.6
16384,220,9585.6
16384,221,9525.7
16384,222,9385.2
16384,223,9812.7
16384,224,10084.1
16384,225,9888.4
16384,226,9918.7
16384,227,10120.4
16384,228,10115.6
16384,229,9941.7
16384,230,10076.2
16384,231,9430.6
16384,232,9348.2
16384,233,9559.0
16384,234,9442.1
16384,235,9301.6
16384,236,9604.4
16384,237,9849.1
16384,238,9270.1
16384,239,9364.6
16384,240,9523.3
16384,241,9368.2
16384,242,9710.4
16384,243,9335.5
16384,244,9334.3
16384,245,9362.2
16384,246,9288.3
16384,247,9499.6
16384,248,9362.8
16384,249,9584.4
16384,250,9468.2
16384,251,9552.9
16384,252,9448.2
16384,253,9480.3
16384,254,9290.7
16384,255,9520.2
16384,256,9396.7
16384,257,9531.7
16384,258,9331.9
16384,259,9497.2
16384,260,9803.7
16384,261,9686.8
16384,262,9686.2
16384,263,9783.7
16384,264,9497.8
16384,265,9460.9
16384,266,9331.3
16384,267,9666.8
16384,268,9702.5
16384,269,9474.8
16384,270,9678.9
16384,271,9427.6
16384,272,9378.5
16384,273,9380.9
16384,274,9444.5
16384,275,9632.3
16384,276,9678.3
16384,277,9377.9
16384,278,9322.2
16384,279,9528.1
16384,280,9744.9
16384,281,9623.8
16384,282,9614.1
16384,283,9439.1
16384,284,9262.2
16384,285,9790.3
16384,286,9361.0
16384,287,9580.2
16384,288,9333.7
16384,289,9742.5
16384,290,9271.9
16384,291,9731.0
16384,292,9331.3
16384,293,9664.4
16384,294,9483.9
16384,295,9338.5
16384,296,9371.3
16384,297,9430.0
16384,298,9324.0
16384,299,9551.1
16384,300,9413.0
16384,301,9500.2
16384,302,9758.2
16384,303,9709.2
16384,304,9454.2
16384,305,9719.5
16384,306,9566.9
16384,307,9383.4
16384,308,9382.2
16384,309,9437.9
16384,310,9342.8
16384,311,9935.7
16384,312,9471.8
16384,313,9694.7
16384,314,9349.5
16384,315,9308.3
16384,316,9503.3
16384,317,11982.7
16384,318,9288.3
16384,319,9722.5
16384,320,9648.6
16384,321,9520.8
16384,322,9394.9
16384,323,9351.3
16384,324,9558.4
16384,325,9572.9
16384,326,9604.4
16384,327,9324.6
16384,328,9318.6
16384,329,14041.7
16384,330,12256.4
16384,331,11776.1
16384,332,11492.1
16384,333,10970.1
16384,334,11486.1
16384,335,10686.6
16384,336,10953.1
16384,337,10748.4
16384,338,10704.2
16384,339,10644.9
16384,340,10670.9
16384,341,10892.6
16384,342,10520.7
16384,343,10686.0
16384,344,11124.5
16384,345,10726.6
16384,346,11199.0
16384,347,10630.3
16384,348,11024.6
16384,349,11469.1
16384,350,10985.2
16384,351,11047.0
16384,352,10792.0
16384,353,10689.7
16384,354,11107.5
16384,355,11872.4
16384,356,10994.9
16384,357,11010.0
16384,358,10211.2
16384,359,10677.0
16384,360,10459.5
16384,361,10174.3
16384,362,10371.7
16384,363,10081.0
16384,364,10179.1
16384,365,10448.6
16384,366,10870.1
16384,367,14879.9
16384,368,56958.5
16384,369,10493.5
16384,370,10302.7
16384,371,11865.2
16384,372,12901.4
16384,373,11284.4
16384,374,10896.2
16384,375,8502.8
16384,376,8702.7
16384,377,8479.8
16384,378,9164.7
16384,379,9158.1
16384,380,9291.3
16384,381,9178.7
16384,382,9182.9
16384,383,9200.5
16384,384,9167.8
16384,385,9564.4
16384,386,9129.0
16384,387,9095.7
16384,388,9128.4
16384,389,9345.8
16384,390,9155.7
16384,391,9037.0
16384,392,9368.2
16384,393,9129.6
16384,394,9158.1
16384,395,9138.1
16384,396,9144.1
16384,397,9166.6
16384,398,9204.1
16384,399,9222.9
16384,400,9451.2
16384,401,9577.2
16384,402,9546.9
16384,403,9589.3
16384,404,9666.2
16384,405,9560.2
16384,406,9422.1
16384,407,12352.1
16384,408,9606.8
16384,409,9643.2
16384,410,9474.8
16384,411,9826.1
16384,412,9982.3
16384,413,9614.7
16384,414,9891.5
16384,415,9552.9
16384,416,9396.7
16384,417,9474.8
16384,418,9255.6
16384,419,9248.9
16384,420,9216.8
16384,421,8981.8
16384,422,9016.4
16384,423,9344.6
16384,424,9305.2
16384,425,9024.2
16384,426,9620.8
16384,427,9049.7
16384,428,9075.1
16384,429,9150.8
16384,430,9122.3
16384,431,9481.5
16384,432,9059.4
16384,433,9369.4
16384,434,9063.0
16384,435,9343.4
16384,436,9007.9
16384,437,9226.5
16384,438,9303.4
16384,439,9189.0
16384,440,9440.3
16384,441,9258.0
16384,442,9420.9
16384,443,9100.5
16384,444,9069.7
16384,445,9362.8
16384,446,9034.5
16384,447,9173.8
16384,448,9179.3
16384,449,9153.8
16384,450,9325.8
16384,451,9321.6
16384,452,9429.4
16384,453,9103.0
16384,454,9107.2
16384,455,9299.8
16384,456,9096.3
16384,457,9215.0
16384,458,8929.8
16384,459,9054.5
16384,460,9495.4
16384,461,9136.3
16384,462,9098.1
16384,463,9259.8
16384,464,9004.9
16384,465,9085.4
16384,466,9301.0
16384,467,9055.1
16384,468,9476.6
16384,469,9230.1
16384,470,9022.4
16384,471,9124.8
16384,472,9173.8
16384,473,9144.1
16384,474,9051.5
16384,475,9337.9
16384,476,9103.6
16384,477,9142.3
16384,478,9132.0
16384,479,9207.7
16384,480,9484.5
16384,481,9480.9
16384,482,9125.4
16384,483,9295.6
16384,484,9216.2
16384,485,9072.7
16384,486,9110.8
16384,487,9123.6
16384,488,9030.3
16384,489,9251.9
16384,490,9213.8
16384,491,9112.1
16384,492,9038.8
16384,493,9555.4
16384,494,9146.0
16384,495,9465.7
16384,496,9402.7
16384,497,9184.1
16384,498,9333.7
16384,499,9087.2
16384,500,9013.3
16384,501,9069.1
16384,502,8973.4
16384,503,9241.7
16384,504,9457.2
16384,505,9089.0
16384,506,9017.0
16384,507,9068.4
16384,508,8980.0
16384,509,8989.1
16384,510,9098.7
16384,511,9152.0
16384,512,13163.6
16384,513,9106.0
16384,514,9235.0
16384,515,9486.3
16384,516,9315.5
16384,517,9152.0
16384,518,9139.9
16384,519,9117.5
16384,520,9202.3
16384,521,9322.2
16384,522,9201.7
16384,523,9226.5
16384,524,9253.8
16384,525,9249.5
16384,526,9321.0
16384,527,9084.2
16384,528,9273.1
16384,529,9072.1
16384,530,8908.6
16384,531,9026.7
16384,532,9536.6
16384,533,9163.5
16384,534,8973.4
16384,535,9209.6
16384,536,9375.5
16384,537,9060.0
16384,538,9152.0
16384,539,9024.2
16384,540,9374.9
16384,541,9417.9
16384,542,9490.0
16384,543,9385.8
16384,544,9061.8
16384,545,9430.0
16384,546,9007.9
16384,547,9116.9
16384,548,9280.4
16384,549,9119.3
16384,550,8979.4
16384,551,9068.4
16384,552,9043.6
16384,553,9132.0
16384,554,9172.6
16384,555,9579.6
16384,556,9210.8
16384,557,9219.2
16384,558,9055.1
16384,559,9457.9
16384,560,9072.7
16384,561,9263.5
16384,562,9064.8
16384,563,9117.5
16384,564,9027.9
16384,565,9075.1
16384,566,9059.4
16384,567,9079.3
16384,568,9314.9
16384,569,9106.0
16384,570,9077.5
16384,571,9341.0
16384,572,9341.6
16384,573,9273.7
16384,574,9398.5
16384,575,9176.9
16384,576,9459.7
16384,577,9148.4
16384,578,9055.1
16384,579,9206.5
16384,580,9371.9
16384,581,217596.7
16384,582,9274.4
16384,583,9277.4
16384,584,9271.3
16384,585,9046.6
16384,586,9924.2
16384,587,9384.0
16384,588,9622.0
16384,589,9606.8
16384,590,9447.6
16384,591,9450.0
16384,592,9640.1
16384,593,9491.2
16384,594,9803.1
16384,595,11410.4
16384,596,9561.4
16384,597,9574.7
16384,598,9676.5
16384,599,9791.5
16384,600,10117.4
16384,601,9490.0
16384,602,9419.7
16384,603,9491.2
16384,604,9564.4
16384,605,9713.4
16384,606,9478.4
16384,607,9696.5
16384,608,9502.7
16384,609,9431.2
16384,610,10000.5
16384,611,10177.9
16384,612,9516.0
16384,613,9394.9
16384,614,9225.9
16384,615,9030.9
16384,616,9177.5
16384,617,9106.0
16384,618,9448.2
16384,619,9614.7
16384,620,9484.5
16384,621,9781.3
16384,622,9789.7
16384,623,9561.4
16384,624,9129.6
16384,625,8995.8
16384,626,9001.8
16384,627,9472.4
16384,628,9092.1
16384,629,9192.6
16384,630,9027.9
16384,631,9056.3
16384,632,9430.6
16384,633,9256.2
16384,634,9291.9
16384,635,9032.7
16384,636,9204.7
16384,637,9215.0
16384,638,9283.4
16384,639,9110.8
16384,640,9058.8
16384,641,9064.8
16384,642,8947.9
16384,643,9097.5
16384,644,9050.9
16384,645,9143.5
16384,646,9047.2
16384,647,9087.8
16384,648,9169.0
16384,649,9208.9
16384,650,9150.8
16384,651,9055.1
16384,652,9228.9
16384,653,9755.2
16384,654,9099.9
16384,655,9212.6
16384,656,9061.2
16384,657,9161.1
16384,658,9533.6
16384,659,8995.2
16384,660,9060.0
16384,661,9167.8
16384,662,9050.3
16384,663,8999.4
16384,664,9368.2
16384,665,9024.2
16384,666,9131.4
16384,667,8969.1
16384,668,9344.0
16384,669,9414.3
16384,670,9097.5
16384,671,9150.8
16384,672,9158.1
16384,673,8947.3
16384,674,9150.2
16384,675,9017.0
16384,676,9142.9
16384,677,9085.4
16384,678,9387.0
16384,679,9116.3
16384,680,9073.9
16384,681,9017.6
16384,682,9119.9
16384,683,9090.2
16384,684,9076.9
16384,685,8941.3
16384,686,8938.2
16384,687,9227.7
16384,688,9115.1
16384,689,8949.1
16384,690,9497.2
16384,691,9180.5
16384,692,9381.5
16384,693,9303.4
16384,694,9107.8
16384,695,9531.1
16384,696,9138.7
16384,697,9095.7
16384,698,8979.4
16384,699,11083.9
16384,700,9109.6
16384,701,9170.8
16384,702,9146.0
16384,703,9161.1
16384,704,9126.6
16384,705,9202.3
16384,706,8933.4
16384,707,9011.5
16384,708,9115.1
16384,709,9158.1
16384,710,8968.5
16384,711,9095.7
16384,712,9121.7
16384,713,9098.1
16384,714,8936.4
16384,715,9136.3
16384,716,9282.8
16384,717,9233.2
16384,718,9026.7
16384,719,9095.7
16384,720,9536.0
16384,721,9265.3
16384,722,8964.9
16384,723,9027.9
16384,724,9037.0
16384,725,9046.0
16384,726,21875.9
16384,727,11206.9
16384,728,41712.2
16384,729,9406.4
16384,730,9339.8
16384,731,9393.1
16384,732,9276.2
16384,733,9196.2
16384,734,9273.7
16384,735,11080.3
16384,736,9864.2
16384,737,9598.4
16384,738,9371.3
16384,739,9510.5
16384,740,9204.1
16384,741,10207.0
16384,742,9194.4
16384,743,9080.6
16384,744,9158.7
16384,745,9161.7
16384,746,9077.5
16384,747,9427.6
16384,748,9098.7
16384,749,9043.0
16384,750,9197.4
16384,751,9424.5
16384,752,9103.6
16384,753,9259.2
16384,754,9026.7
16384,755,9036.3
16384,756,9038.2
16384,757,9419.7
16384,758,9151.4
16384,759,9058.8
16384,760,9215.0
16384,761,9060.6
16384,762,9050.3
16384,763,9165.3
16384,764,9256.8
16384,765,9503.9
16384,766,9157.5
16384,767,9086.0
16384,768,9250.1
16384,769,9107.2
16384,770,8977.0
16384,771,9561.4
16384,772,9072.7
16384,773,9297.4
16384,774,9166.6
16384,775,9288.3
16384,776,9112.1
16384,777,9167.2
16384,778,9173.8
16384,779,9190.8
16384,780,9259.8
16384,781,9075.7
16384,782,9099.9
16384,783,9331.9
16384,784,9101.1
16384,785,9107.8
16384,786,9026.1
16384,787,9080.6
16384,788,9181.7
16384,789,9041.2
16384,790,8977.6
16384,791,9397.3
16384,792,9447.6
16384,793,9153.2
16384,794,9264.1
16384,795,9237.4
16384,796,9102.4
16384,797,9255.6
16384,798,9295.6
16384,799,11642.3
16384,800,9246.5
16384,801,9980.5
16384,802,9337.9
16384,803,9399.1
16384,804,9158.7
16384,805,9097.5
16384,806,9292.5
16384,807,9192.6
16384,808,9208.3
16384,809,9275.6
16384,810,9241.7
16384,811,9397.9
16384,812,9396.1
16384,813,9195.6
16384,814,9199.3
16384,815,9473.6
16384,816,9055.1
16384,817,9195.6
16384,818,9081.8
16384,819,9125.4
16384,820,9082.4
16384,821,9440.3
16384,822,9020.0
16384,823,9276.8
16384,824,9060.0
16384,825,9110.2
16384,826,9258.6
16384,827,9324.6
16384,828,9089.0
16384,829,9337.3
16384,830,9187.1
16384,831,9308.9
16384,832,9528.7
16384,833,9449.4
16384,834,9179.9
16384,835,9440.3
16384,836,9502.7
16384,837,9216.2
16384,838,9233.2
16384,839,9332.5
16384,840,9391.2
16384,841,9257.4
16384,842,9527.5
16384,843,9235.0
16384,844,9551.7
16384,845,9321.0
16384,846,9322.8
16384,847,9203.5
16384,848,9266.5
16384,849,9345.2
16384,850,9170.8
16384,851,9304.0
16384,852,9526.9
16384,853,9672.8
16384,854,9280.4
16384,855,9287.1
16384,856,9321.6
16384,857,9425.8
16384,858,9213.8
16384,859,9241.0
16384,860,9310.7
16384,861,9397.9
16384,862,9213.2
16384,863,9470.0
16384,864,9622.0
16384,865,9317.4
16384,866,9423.9
16384,867,9760.7
16384,868,9276.2
16384,869,9284.0
16384,870,9307.7
16384,871,9833.9
16384,872,9461.5
16384,873,9206.5
16384,874,9501.5
16384,875,9384.0
16384,876,9294.3
16384,877,9334.9
16384,878,9502.7
16384,879,9417.9
16384,880,9166.0
16384,881,9460.3
16384,882,9609.9
16384,883,9510.5
16384,884,9413.6
16384,885,9227.1
16384,886,9325.2
16384,887,9258.0
16384,888,9497.2
16384,889,9701.3
16384,890,9226.5
16384,891,9491.2
16384,892,9417.9
16384,893,9856.3
16384,894,9589.3
16384,895,9502.7
16384,896,9281.6
16384,897,9334.9
16384,898,9910.9
16384,899,9436.7
16384,900,9319.8
16384,901,9333.7
16384,902,9262.2
16384,903,10942.8
16384,904,9371.3
16384,905,9380.9
16384,906,9235.0
16384,907,9258.6
16384,908,9351.3
16384,909,9364.6
16384,910,9278.6
16384,911,9301.0
16384,912,9284.7
16384,913,9306.5
16384,914,9319.8
16384,915,9612.9
16384,916,9398.5
16384,917,9586.2
16384,918,9415.5
16384,919,9289.5
16384,920,9852.1
16384,921,9244.1
16384,922,9405.8
16384,923,9442.1
16384,924,9422.7
16384,925,9534.8
16384,926,9410.6
16384,927,9333.7
16384,928,9265.3
16384,929,9336.7
16384,930,9333.1
16384,931,9228.3
16384,932,9408.8
16384,933,9233.2
16384,934,9241.0
16384,935,9232.6
16384,936,9517.8
16384,937,9309.5
16384,938,9243.5
16384,939,9292.5
16384,940,9286.5
16384,941,9274.4
16384,942,9410.6
16384,943,9612.9
16384,944,9508.1
16384,945,9519.0
16384,946,9308.9
16384,947,9705.6
16384,948,9431.2
16384,949,9620.2
16384,950,9203.5
16384,951,9289.5
16384,952,9333.7
16384,953,9245.9
16384,954,9261.6
16384,955,9700.1
16384,956,9260.4
16384,957,9337.3
16384,958,9305.2
16384,959,9912.1
16384,960,9457.9
16384,961,9304.6
16384,962,9317.4
16384,963,9488.7
16384,964,9452.4
16384,965,9367.0
16384,966,9298.0
16384,967,9519.0
16384,968,9474.8
16384,969,9241.0
16384,970,9155.0
16384,971,9522.7
16384,972,9508.7
16384,973,9254.4
16384,974,9180.5
16384,975,9379.7
16384,976,9287.7
16384,977,9649.2
16384,978,9387.0
16384,979,9245.3
16384,980,9393.1
16384,981,9563.8
16384,982,9315.5
16384,983,9191.4
16384,984,9313.1
16384,985,9285.3
16384,986,9170.8
16384,987,9700.1
16384,988,9226.5
16384,989,9525.7
16384,990,9264.7
16384,991,9391.8
16384,992,9245.3
16384,993,9220.5
16384,994,9543.9
16384,995,9206.5
16384,996,9293.7
16384,997,9333.7
16384,998,9470.0
16384,999,9233.8
16384,1000,9311.3
16384,1001,9399.7
16384,1002,9225.9
16384,1003,9399.1
16384,1004,9396.7
16384,1005,9781.3
16384,1006,12035.9
16384,1007,9940.5
16384,1008,9920.5
16384,1009,9798.2
16384,1010,9707.4
16384,1011,9744.9
16384,1012,9732.2
16384,1013,10154.9
16384,1014,9702.5
16384,1015,9706.8
16384,1016,10204.0
16384,1017,9771.6
16384,1018,9810.9
16384,1019,10111.3
16384,1020,10012.0
16384,1021,10153.1
16384,1022,9176.2
16384,1023,9485.7
16384,1024,9307.7
16384,1025,9824.9
16384,1026,9210.2
16384,1027,9462.7
16384,1028,9229.5
16384,1029,9306.5
16384,1030,9131.4
16384,1031,9270.7
16384,1032,9314.9
16384,1033,9377.9
16384,1034,9269.5
16384,1035,9267.7
16384,1036,9331.3
16384,1037,9317.4
16384,1038,9219.2
16384,1039,9255.6
16384,1040,9334.3
16384,1041,9574.7
16384,1042,9572.3
16384,1043,9490.6
16384,1044,9219.2
16384,1045,9586.2
16384,1046,9265.3
16384,1047,9485.7
16384,1048,9329.5
16384,1049,9325.2
16384,1050,9280.4
16384,1051,9292.5
16384,1052,9261.6
16384,1053,9312.5
16384,1054,9239.2
16384,1055,9643.8
16384,1056,9370.6
16384,1057,9347.0
16384,1058,9245.9
16384,1059,9306.5
16384,1060,9305.8
16384,1061,9271.3
16384,1062,9342.8
16384,1063,9205.3
16384,1064,9339.2
16384,1065,9265.9
16384,1066,9201.7
16384,1067,9450.6
16384,1068,9503.9
16384,1069,9553.5
16384,1070,9540.2
16384,1071,9516.6
16384,1072,9551.7
16384,1073,9275.0
16384,1074,9281.0
16384,1075,9286.5
16384,1076,9263.5
16384,1077,9388.8
16384,1078,9311.9
16384,1079,9302.2
16384,1080,9356.7
16384,1081,9414.9
16384,1082,9222.3
16384,1083,9349.5
16384,1084,9353.1
16384,1085,9744.9
16384,1086,9306.5
16384,1087,9205.9
16384,1088,9330.1
16384,1089,9275.6
16384,1090,9334.9
16384,1091,9282.8
16384,1092,9290.7
16384,1093,9523.9
16384,1094,9428.8
16384,1095,9343.4
16384,1096,9242.3
16384,1097,9321.0
16384,1098,9258.6
16384,1099,9384.0
16384,1100,9385.8
16384,1101,9433.0
16384,1102,9370.6
16384,1103,9337.3
16384,1104,9322.2
16384,1105,9258.6
16384,1106,9247.1
16384,1107,9496.6
16384,1108,9278.0
16384,1109,11199.6
16384,1110,9266.5
16384,1111,9298.6
16384,1112,9415.5
16384,1113,9314.9
16384,1114,9399.1
16384,1115,9394.3
16384,1116,9680.1
16384,1117,9327.0
16384,1118,9237.4
16384,1119,9497.8
16384,1120,9197.4
16384,1121,9286.5
16384,1122,9443.9
16384,1123,9557.8
16384,1124,9302.8
16384,1125,9352.5
16384,1126,9221.1
16384,1127,9347.0
16384,1128,9227.7
16384,1129,9294.9
16384,1130,9231.4
16384,1131,9551.7
16384,1132,9315.5
16384,1133,9333.1
16384,1134,9425.8
16384,1135,9330.1
16384,1136,9452.4
16384,1137,9363.4
16384,1138,9545.1
16384,1139,9491.2
16384,1140,9697.7
16384,1141,10246.4
16384,1142,9770.4
16384,1143,9930.8
16384,1144,10065.9
16384,1145,9870.3
16384,1146,10133.7
16384,1147,9848.5
16384,1148,9984.1
16384,1149,9763.1
16384,1150,9658.9
16384,1151,9854.5
16384,1152,9769.7
16384,1153,9661.3
16384,1154,9754.0
16384,1155,9884.8
16384,1156,12708.2
16384,1157,11883.3
16384,1158,10953.1
16384,1159,11346.8
16384,1160,11052.4
16384,1161,12146.8
16384,1162,12045.6
16384,1163,10827.1
16384,1164,10585.5
16384,1165,10436.5
16384,1166,11160.8
16384,1167,10449.2
16384,1168,10779.3
16384,1169,10124.0
16384,1170,10748.4
16384,1171,10375.4
16384,1172,12579.8
16384,1173,10686.0
16384,1174,10341.4
16384,1175,10587.9
16384,1176,11167.5
16384,1177,8696.0
16384,1178,8791.7
16384,1179,9548.1
16384,1180,9584.4
16384,1181,9565.0
16384,1182,9362.2
16384,1183,9218.6
16384,1184,9331.3
16384,1185,9712.2
16384,1186,9599.0
16384,1187,9393.7
16384,1188,9288.9
16384,1189,9379.1
16384,1190,9228.3
16384,1191,9507.5
16384,1192,9324.6
16384,1193,9196.2
16384,1194,9196.8
16384,1195,9248.3
16384,1196,9265.3
16384,1197,9316.7
16384,1198,9339.8
16384,1199,9334.3
16384,1200,9285.3
16384,1201,9288.3
16384,1202,9299.8
16384,1203,9414.9
16384,1204,9451.2
16384,1205,9407.0
16384,1206,9286.5
16384,1207,9330.1
16384,1208,10456.5
16384,1209,9433.6
16384,1210,9253.2
16384,1211,9353.1
16384,1212,9556.0
16384,1213,9609.9
16384,1214,9407.6
16384,1215,9446.3
16384,1216,9531.7
16384,1217,9324.0
16384,1218,9514.8
16384,1219,9474.8
16384,1220,9637.1
16384,1221,9815.8
16384,1222,9119.3
16384,1223,9462.7
16384,1224,9814.0
16384,1225,9345.8
16384,1226,9168.4
16384,1227,9271.9
16384,1228,9322.8
16384,1229,9262.8
16384,1230,9364.0
16384,1231,9486.9
16384,1232,9904.2
16384,1233,9714.0
16384,1234,9371.9
16384,1235,9465.7
16384,1236,9581.4
16384,1237,9284.0
16384,1238,9436.1
16384,1239,10185.2
16384,1240,10310.0
16384,1241,9993.8
16384,1242,10162.8
16384,1243,9906.0
16384,1244,9904.2
16384,1245,9752.2
16384,1246,10262.7
16384,1247,10010.2
16384,1248,9766.7
16384,1249,9847.9
16384,1250,10035.6
16384,1251,9873.9
16384,1252,9777.0
16384,1253,10154.9
16384,1254,9678.9
16384,1255,10136.7
16384,1256,9717.7
16384,1257,9328.3
16384,1258,9601.4
16384,1259,9420.9
16384,1260,9397.9
16384,1261,9365.2
16384,1262,9385.8
16384,1263,9695.3
16384,1264,10062.3
16384,1265,9572.9
16384,1266,9492.4
16384,1267,9353.7
16384,1268,9870.3
16384,1269,9229.5
16384,1270,9634.7
16384,1271,244860.8
16384,1272,27792.2
16384,1273,43441.2
16384,1274,43576.9
16384,1275,44696.6
16384,1276,9678.9
16384,1277,9564.4
16384,1278,9538.4
16384,1279,9700.7
16384,1280,9384.0
16384,1281,9375.5
16384,1282,9280.4
16384,1283,9318.0
16384,1284,9416.1
16384,1285,9474.2
16384,1286,9482.1
16384,1287,9293.1
16384,1288,9466.9
16384,1289,9506.3
16384,1290,9380.9
16384,1291,9442.1
16384,1292,9284.7
16384,1293,9319.8
16384,1294,9726.7
16384,1295,9529.3
16384,1296,9361.0
16384,1297,9494.8
16384,1298,9256.2
16384,1299,9781.9
16384,1300,9380.9
16384,1301,9321.0
16384,1302,9384.0
16384,1303,9416.1
16384,1304,10025.3
16384,1305,9312.5
16384,1306,9225.9
16384,1307,9649.8
16384,1308,9738.3
16384,1309,9646.8
16384,1310,9505.7
16384,1311,9384.0
16384,1312,9305.2
16384,1313,9500.9
16384,1314,9215.6
16384,1315,9569.3
16384,1316,9309.5
16384,1317,9358.5
16384,1318,9191.4
16384,1319,9319.2
16384,1320,9608.7
16384,1321,9364.6
16384,1322,9470.6
16384,1323,9524.5
16384,1324,9548.7
16384,1325,9581.4
16384,1326,9536.6
16384,1327,9407.0
16384,1328,9348.2
16384,1329,9205.3
16384,1330,9273.1
16384,1331,9830.9
16384,1332,9854.5
16384,1333,10121.6
16384,1334,9771.0
16384,1335,10076.2
16384,1336,9873.9
16384,1337,9907.2
16384,1338,9963.5
16384,1339,10435.3
16384,1340,9753.4
16384,1341,9864.8
16384,1342,9887.2
16384,1343,9901.8
16384,1344,9967.2
16384,1345,10069.5
16384,1346,10637.6
16384,1347,10517.7
16384,1348,10548.0
16384,1349,10316.0
16384,1350,10492.2
16384,1351,10449.2
16384,1352,10286.9
16384,1353,10598.2
16384,1354,10623.7
16384,1355,10512.2
16384,1356,10076.8
16384,1357,9982.9
16384,1358,9728.0
16384,1359,10009.6
16384,1360,10034.4
16384,1361,10121.6
16384,1362,10210.0
16384,1363,10403.2
16384,1364,10126.5
16384,1365,9660.7
16384,1366,9697.1
16384,1367,9939.9
16384,1368,10333.0
16384,1369,9755.2
16384,1370,9566.3
16384,1371,9647.4
16384,1372,9347.6
16384,1373,11594.5
16384,1374,9392.4
16384,1375,9346.4
16384,1376,9391.8
16384,1377,9634.7
16384,1378,9522.1
16384,1379,9324.6
16384,1380,9556.6
16384,1381,9442.7
16384,1382,9353.7
16384,1383,9347.6
16384,1384,9326.4
16384,1385,9671.0
16384,1386,9328.9
16384,1387,9284.7
16384,1388,9439.1
16384,1389,9325.8
16384,1390,9629.2
16384,1391,9301.6
16384,1392,9302.8
16384,1393,9614.7
16384,1394,9371.9
16384,1395,9516.6
16384,1396,9308.9
16384,1397,9766.1
16384,1398,9161.1
16384,1399,9342.8
16384,1400,9333.1
16384,1401,9371.3
16384,1402,9329.5
16384,1403,9425.2
16384,1404,9371.9
16384,1405,9236.2
16384,1406,9357.3
16384,1407,9257.4
16384,1408,9876.9
16384,1409,9992.0
16384,1410,9333.1
16384,1411,9381.5
16384,1412,9322.2
16384,1413,9500.9
16384,1414,9513.6
16384,1415,9388.8
16384,1416,9288.9
16384,1417,9474.2
16384,1418,9686.8
16384,1419,9255.6
16384,1420,9414.9
16384,1421,9311.3
16384,1422,14117.4
16384,1423,22284.1
16384,1424,44386.0
16384,1425,9417.9
16384,1426,9629.8
16384,1427,9424.5
16384,1428,9369.4
16384,1429,9695.9
16384,1430,9460.9
16384,1431,9497.8
16384,1432,9390.0
16384,1433,9372.5
16384,1434,9336.1
16384,1435,9368.2
16384,1436,9391.2
16384,1437,9255.6
16384,1438,9385.2
16384,1439,9836.4
16384,1440,9471.8
16384,1441,9290.7
16384,1442,9380.9
16384,1443,9391.8
16384,1444,9593.5
16384,1445,9304.0
16384,1446,9303.4
16384,1447,9323.4
16384,1448,9609.3
16384,1449,9360.4
16384,1450,9483.3
16384,1451,9551.1
16384,1452,9381.5
16384,1453,9539.0
16384,1454,9354.9
16384,1455,9502.1
16384,1456,9829.7
16384,1457,9708.6
16384,1458,9398.5
16384,1459,9367.6
16384,1460,9275.0
16384,1461,9361.0
16384,1462,9610.5
16384,1463,9315.5
16384,1464,9603.2
16384,1465,9360.4
16384,1466,9402.1
16384,1467,9549.9
16384,1468,9368.8
16384,1469,9411.8
16384,1470,12652.5
16384,1471,9332.5
16384,1472,9669.2
16384,1473,9795.8
16384,1474,9300.4
16384,1475,9388.2
16384,1476,9575.9
16384,1477,9411.2
16384,1478,9347.0
16384,1479,9512.4
16384,1480,9575.3
16384,1481,9454.8
16384,1482,9296.8
16384,1483,9315.5
16384,1484,9668.0
16384,1485,9387.6
16384,1486,9274.4
16384,1487,9516.6
16384,1488,9464.5
16384,1489,9377.9
16384,1490,9242.9
16384,1491,9203.5
16384,1492,9330.7
16384,1493,9362.8
16384,1494,9264.7
16384,1495,9585.0
16384,1496,9873.9
16384,1497,9424.5
16384,1498,9303.4
16384,1499,9569.9
16384,1500,9346.4
16384,1501,9705.6
16384,1502,9460.3
16384,1503,9472.4
16384,1504,9343.4
16384,1505,9274.4
16384,1506,9250.7
16384,1507,9386.4
16384,1508,9408.8
16384,1509,9439.7
16384,1510,9293.7
16384,1511,9385.8
16384,1512,9400.3
16384,1513,9830.9
16384,1514,9435.4
16384,1515,9365.8
16384,1516,9317.4
16384,1517,9294.9
16384,1518,9337.3
16384,1519,9461.5
16384,1520,9265.3
16384,1521,9436.1
16384,1522,9362.2
16384,1523,9323.4
16384,1524,9285.9
16384,1525,9347.6
16384,1526,9387.6
16384,1527,9501.5
16384,1528,9604.4
16384,1529,9374.3
16384,1530,9295.6
16384,1531,9445.1
16384,1532,9525.7
16384,1533,9331.9
16384,1534,9430.0
16384,1535,9475.4
16384,1536,9352.5
16384,1537,9287.1
16384,1538,9293.7
16384,1539,9311.9
16384,1540,9291.3
16384,1541,9334.9
16384,1542,9235.6
16384,1543,9330.7
16384,1544,9425.2
16384,1545,9676.5
16384,1546,9558.4
16384,1547,9356.1
16384,1548,9768.5
16384,1549,9374.9
16384,1550,9196.8
16384,1551,9347.0
16384,1552,9334.9
16384,1553,9699.5
16384,1554,9638.9
16384,1555,9302.8
16384,1556,9567.5
16384,1557,9348.2
16384,1558,9326.4
16384,1559,9288.9
16384,1560,9507.5
16384,1561,9389.4
16384,1562,9273.1
16384,1563,9425.2
16384,1564,9404.6
16384,1565,9662.6
16384,1566,9376.1
16384,1567,9403.4
16384,1568,9531.1
16384,1569,9407.6
16384,1570,9278.0
16384,1571,9421.5
16384,1572,9294.3
16384,1573,11285.0
16384,1574,9449.4
16384,1575,9370.6
16384,1576,9324.6
16384,1577,9875.1
16384,1578,9450.0
16384,1579,9368.2
16384,1580,9642.0
16384,1581,9366.4
16384,1582,9444.5
16384,1583,9962.3
16384,1584,9334.9
16384,1585,9596.5
16384,1586,9200.5
16384,1587,9665.6
16384,1588,9809.7
16384,1589,9482.7
16384,1590,9345.8
16384,1591,9390.6
16384,1592,9453.6
16384,1593,9343.4
16384,1594,9338.5
16384,1595,9325.2
16384,1596,9493.6
16384,1597,9427.0
16384,1598,9413.6
16384,1599,9379.7
16384,1600,9422.1
16384,1601,9667.4
16384,1602,9343.4
16384,1603,9487.5
16384,1604,9326.4
16384,1605,9735.8
16384,1606,9539.6
16384,1607,9291.9
16384,1608,9585.0
16384,1609,9485.1
16384,1610,9230.8
16384,1611,9370.6
16384,1612,9282.8
16384,1613,9405.2
16384,1614,9317.4
16384,1615,9555.4
16384,1616,9324.6
16384,1617,9365.8
16384,1618,9300.4
16384,1619,9316.7
16384,1620,9324.6
16384,1621,9380.9
16384,1622,9310.7
16384,1623,9408.8
16384,1624,9448.2
16384,1625,9593.5
16384,1626,9246.5
16384,1627,9709.8
16384,1628,9529.9
16384,1629,9449.4
16384,1630,9442.1
16384,1631,9897.5
16384,1632,9872.1
16384,1633,9623.8
16384,1634,9281.6
16384,1635,9413.0
16384,1636,9421.5
16384,1637,9559.0
16384,1638,9433.0
16384,1639,9550.5
16384,1640,9433.6
16384,1641,9393.7
16384,1642,9295.6
16384,1643,9289.5
16384,1644,9583.8
16384,1645,9451.2
16384,1646,9643.2
16384,1647,9377.3
16384,1648,9565.0
16384,1649,9320.4
16384,1650,9734.0
16384,1651,9394.3
16384,1652,9409.4
16384,1653,9632.3
16384,1654,9620.2
16384,1655,9560.8
16384,1656,9526.9
16384,1657,9320.4
16384,1658,9241.7
16384,1659,9374.9
16384,1660,9390.0
16384,1661,9493.0
16384,1662,9318.6
16384,1663,9657.1
16384,1664,9536.0
16384,1665,9504.5
16384,1666,9698.3
16384,1667,9522.7
16384,1668,9511.1
16384,1669,9325.8
16384,1670,9353.7
16384,1671,9455.4
16384,1672,9476.0
16384,1673,9503.3
16384,1674,9342.8
16384,1675,11688.3
16384,1676,9520.2
16384,1677,9377.9
16384,1678,9448.2
16384,1679,9461.5
16384,1680,9554.1
16384,1681,9624.4
16384,1682,9455.4
16384,1683,9247.1
16384,1684,9364.6
16384,1685,9270.7
16384,1686,9485.1
16384,1687,9503.3
16384,1688,9483.9
16384,1689,9394.9
16384,1690,9433.6
16384,1691,9506.3
16384,1692,9376.7
16384,1693,9678.3
16384,1694,9355.5
16384,1695,9426.4
16384,1696,9393.7
16384,1697,9296.2
16384,1698,9823.6
16384,1699,9579.6
16384,1700,9480.9
16384,1701,9361.6
16384,1702,9305.2
16384,1703,9386.4
16384,1704,9592.9
16384,1705,9370.6
16384,1706,9221.1
16384,1707,9447.0
16384,1708,9300.4
16384,1709,9631.1
16384,1710,9409.4
16384,1711,9556.6
16384,1712,9382.2
16384,1713,9371.9
16384,1714,9723.1
16384,1715,9313.1
16384,1716,9379.1
16384,1717,9362.2
16384,1718,9337.3
16384,1719,9669.8
16384,1720,9483.3
16384,1721,9405.8
16384,1722,9440.3
16384,1723,9399.1
16384,1724,9552.3
16384,1725,9329.5
16384,1726,9250.7
16384,1727,9407.6
16384,1728,9406.4
16384,1729,9406.4
16384,1730,9339.8
16384,1731,9506.9
16384,1732,9357.3
16384,1733,9655.9
16384,1734,9827.3
16384,1735,9442.7
16384,1736,9429.4
16384,1737,9336.7
16384,1738,9325.2
16384,1739,9289.5
16384,1740,9413.6
16384,1741,9413.6
16384,1742,9387.6
16384,1743,9379.7
16384,1744,9447.6
16384,1745,9396.7
16384,1746,9566.3
16384,1747,9551.1
16384,1748,9491.2
16384,1749,9625.0
16384,1750,9503.9
16384,1751,9368.8
16384,1752,9488.7
16384,1753,9413.6
16384,1754,9337.9
16384,1755,9393.7
16384,1756,9440.9
16384,1757,9691.0
16384,1758,9574.1
16384,1759,9640.1
16384,1760,9556.6
16384,1761,9812.1
16384,1762,9486.3
16384,1763,9396.1
16384,1764,9252.6
16384,1765,9529.9
16384,1766,9548.1
16384,1767,9380.9
16384,1768,9605.0
16384,1769,9321.6
16384,1770,9506.3
16384,1771,9457.9
16384,1772,9681.3
16384,1773,9560.2
16384,1774,9292.5
16384,1775,9397.9
16384,1776,9936.3
16384,1777,9406.4
16384,1778,10126.5
16384,1779,9361.6
16384,1780,9384.6
16384,1781,9415.5
16384,1782,9689.8
16384,1783,9335.5
16384,1784,9739.5
16384,1785,9358.5
16384,1786,9333.1
16384,1787,9716.5
16384,1788,9373.1
16384,1789,9628.6
16384,1790,9719.5
16384,1791,9608.7
16384,1792,10025.3
16384,1793,10012.6
16384,1794,10020.5
16384,1795,10204.0
16384,1796,9786.7
16384,1797,10095.6
16384,1798,10280.9
16384,1799,10109.5
16384,1800,9909.6
16384,1801,9933.3
16384,1802,9826.1
16384,1803,9763.1
16384,1804,10181.6
16384,1805,9837.0
16384,1806,9889.7
16384,1807,9945.4
16384,1808,9918.1
16384,1809,10180.4
16384,1810,9760.7
16384,1811,9795.8
16384,1812,9881.2
16384,1813,9998.7
16384,1814,9792.8
16384,1815,10081.6
16384,1816,10053.2
16384,1817,9776.4
16384,1818,10250.0
16384,1819,9555.4
16384,1820,9362.2
16384,1821,9579.0
16384,1822,9302.2
16384,1823,9753.4
16384,1824,9899.3
16384,1825,10018.7
16384,1826,9737.0
16384,1827,9937.5
16384,1828,10111.3
16384,1829,10344.5
16384,1830,9865.4
16384,1831,9874.5
16384,1832,9995.0
16384,1833,9731.0
16384,1834,9810.9
16384,1835,9906.6
16384,1836,9842.4
16384,1837,9901.8
16384,1838,9781.3
16384,1839,10038.6
16384,1840,9951.4
16384,1841,10012.6
16384,1842,9735.2
16384,1843,10182.8
16384,1844,10210.6
16384,1845,10078.0
16384,1846,9371.3
16384,1847,9681.9
16384,1848,9396.1
16384,1849,9416.7
16384,1850,10009.6
16384,1851,9465.7
16384,1852,9572.3
16384,1853,9531.1
16384,1854,9361.6
16384,1855,9840.0
16384,1856,9946.6
16384,1857,9348.2
16384,1858,9316.1
16384,1859,9380.9
16384,1860,9677.1
16384,1861,9414.3
16384,1862,9313.7
16384,1863,9350.7
16384,1864,9354.9
16384,1865,9900.0
16384,1866,9370.6
16384,1867,9795.8
16384,1868,9411.8
16384,1869,9439.1
16384,1870,9204.1
16384,1871,9367.0
16384,1872,9620.8
16384,1873,9331.3
16384,1874,9314.3
16384,1875,9611.1
16384,1876,9347.0
16384,1877,9437.9
16384,1878,9387.0
16384,1879,9508.1
16384,1880,9373.1
16384,1881,9615.3
16384,1882,9585.6
16384,1883,9437.9
16384,1884,9640.8
16384,1885,9654.7
16384,1886,9305.2
16384,1887,9436.1
16384,1888,9335.5
16384,1889,9460.3
16384,1890,9410.0
16384,1891,9582.6
16384,1892,10004.1
16384,1893,9829.7
16384,1894,9841.2
16384,1895,9918.7
16384,1896,9786.7
16384,1897,9929.0
16384,1898,9867.9
16384,1899,10175.5
16384,1900,10171.9
16384,1901,10017.4
16384,1902,9804.9
16384,1903,10020.5
16384,1904,9798.2
16384,1905,9815.8
16384,1906,10078.0
16384,1907,10227.0
16384,1908,10053.8
16384,1909,9855.7
16384,1910,9834.5
16384,1911,9898.7
16384,1912,10093.7
16384,1913,9965.4
16384,1914,9230.1
16384,1915,9455.4
16384,1916,9307.1
16384,1917,9436.1
16384,1918,9453.6
16384,1919,9457.2
16384,1920,9698.9
16384,1921,9405.2
16384,1922,9298.0
16384,1923,9489.3
16384,1924,9405.2
16384,1925,9408.8
16384,1926,9340.4
16384,1927,9680.7
16384,1928,9588.7
16384,1929,9615.3
16384,1930,9256.2
16384,1931,9355.5
16384,1932,9490.6
16384,1933,9473.0
16384,1934,9404.6
16384,1935,9391.8
16384,1936,267364.7
16384,1937,74472.8
16384,1938,10911.9
16384,1939,11153.6
16384,1940,10789.6
16384,1941,11278.9
16384,1942,10013.8
16384,1943,8462.8
16384,1944,9112.1
16384,1945,11286.2
16384,1946,9425.2
16384,1947,9467.5
16384,1948,9790.3
16384,1949,9431.8
16384,1950,9331.9
16384,1951,9591.7
16384,1952,10007.8
16384,1953,9333.1
16384,1954,9328.3
16384,1955,9465.7
16384,1956,9620.2
16384,1957,9447.0
16384,1958,9386.4
16384,1959,9447.0
16384,1960,9363.4
16384,1961,9461.5
16384,1962,9377.9
16384,1963,9350.7
16384,1964,9382.8
16384,1965,9556.0
16384,1966,9304.6
16384,1967,9350.7
16384,1968,9698.9
16384,1969,9557.2
16384,1970,9327.6
16384,1971,9397.9
16384,1972,9701.3
16384,1973,9381.5
16384,1974,9602.0
16384,1975,9400.9
16384,1976,9512.4
16384,1977,9382.8
16384,1978,9455.4
16384,1979,9367.0
16384,1980,9480.9
16384,1981,9406.4
16384,1982,9213.8
16384,1983,9628.6
16384,1984,9517.2
16384,1985,9425.2
16384,1986,9423.9
16384,1987,9525.1
16384,1988,9614.1
16384,1989,9394.3
16384,1990,9445.1
16384,1991,9438.5
16384,1992,9508.7
16384,1993,9717.7
16384,1994,9598.4
16384,1995,9291.3
16384,1996,9289.5
16384,1997,9407.0
16384,1998,9202.3
16384,1999,9614.1
65536,0,26141.9
65536,1,54284.7
65536,2,26725.1
65536,3,26428.9
65536,4,26071.0
65536,5,26068.0
65536,6,26140.7
65536,7,26388.4
65536,8,26103.7
65536,9,26074.1
65536,10,26177.6
65536,11,26283.0
65536,12,26590.0
65536,13,26018.3
65536,14,26180.0
65536,15,26387.8
65536,16,27831.5
65536,17,27597.2
65536,18,27695.3
65536,19,28167.7
65536,20,29333.5
65536,21,29600.5
65536,22,29202.0
65536,23,27871.5
65536,24,27797.0
65536,25,27694.1
65536,26,27239.3
65536,27,26175.2
65536,28,26284.8
65536,29,26142.5
65536,30,30518.6
65536,31,26521.0
65536,32,26293.3
65536,33,25945.7
65536,34,26057.1
65536,35,26432.0
65536,36,25999.6
65536,37,26126.1
65536,38,26377.5
65536,39,26495.0
65536,40,27590.5
65536,41,27677.1
65536,42,27612.9
65536,43,27594.7
65536,44,27836.4
65536,45,27820.0
65536,46,27722.5
65536,47,27749.8
65536,48,27682.6
65536,49,27888.5
65536,50,26279.4
65536,51,26407.1
65536,52,27685.6
65536,53,28033.8
65536,54,27785.5
65536,55,26757.8
65536,56,26212.1
65536,57,25994.7
65536,58,26207.9
65536,59,26029.2
65536,60,26298.1
65536,61,26138.2
65536,62,26643.3
65536,63,26190.9
65536,64,26088.6
65536,65,26533.7
65536,66,26490.1
65536,67,29768.9
65536,68,27636.5
65536,69,27647.4
65536,70,27649.3
65536,71,27860.0
65536,72,27738.3
65536,73,27380.4
65536,74,26355.1
65536,75,26008.0
65536,76,26245.4
65536,77,26256.9
65536,78,26155.2
65536,79,26095.9
65536,80,26158.2
65536,81,26180.6
65536,82,26136.4
65536,83,26346.6
65536,84,26097.7
65536,85,26487.7
65536,86,26433.8
65536,87,26469.5
65536,88,27668.0
65536,89,27705.0
65536,90,27680.7
65536,91,27746.2
65536,92,27672.3
65536,93,27615.3
65536,94,27779.5
65536,95,27664.4
65536,96,25934.2
65536,97,26035.3
65536,98,26343.6
65536,99,26322.4
65536,100,26333.9
65536,101,26181.9
65536,102,26187.3
65536,103,28397.2
65536,104,27261.1
65536,105,26561.6
65536,106,26210.3
65536,107,26029.8
65536,108,26463.5
65536,109,26111.6
65536,110,26276.3
65536,111,26293.3
65536,112,26304.8
65536,113,26197.6
65536,114,26098.9
65536,115,26088.0
65536,116,26217.0
65536,117,26267.9
65536,118,26029.2
65536,119,26171.0
65536,120,26083.7
65536,121,26436.2
65536,122,26393.8
65536,123,27599.6
65536,124,27751.6
65536,125,27709.8
65536,126,27707.4
65536,127,27550.5
65536,128,27838.8
65536,129,27830.9
65536,130,27826.7
65536,131,27769.2
65536,132,26714.8
65536,133,26761.4
65536,134,27588.7
65536,135,27721.3
65536,136,27683.8
65536,137,26266.6
65536,138,26030.5
65536,139,26207.3
65536,140,27883.0
65536,141,26444.1
65536,142,26197.0
65536,143,26447.1
65536,144,26433.2
65536,145,26166.7
65536,146,26103.7
65536,147,26181.2
65536,148,26378.1
65536,149,26330.8
65536,150,26121.3
65536,151,26157.6
65536,152,26107.4
65536,153,26100.7
65536,154,26188.5
65536,155,26233.9
65536,156,26030.5
65536,157,26221.2
65536,158,26205.5
65536,159,26054.1
65536,160,26157.0
65536,161,26260.0
65536,162,26067.4
65536,163,26214.6
65536,164,26081.3
65536,165,26333.3
65536,166,26249.7
65536,167,26497.4
65536,168,26074.7
65536,169,26241.2
65536,170,26008.6
65536,171,26326.6
65536,172,26461.0
65536,173,27662.0
65536,174,27698.9
65536,175,27750.4
65536,176,27612.9
65536,177,27882.4
65536,178,28576.4
65536,179,27609.3
65536,180,26458.0
65536,181,26210.9
65536,182,26221.8
65536,183,26188.5
65536,184,26421.1
65536,185,26227.3
65536,186,26243.6
65536,187,26088.6
65536,188,26158.2
65536,189,26184.3
65536,190,26269.7
65536,191,26035.9
65536,192,26613.7
65536,193,26192.1
65536,194,26332.7
65536,195,26347.8
65536,196,26227.3
65536,197,26127.3
65536,198,26158.2
65536,199,240140.0
65536,200,28270.0
65536,201,27755.8
65536,202,27643.8
65536,203,26415.0
65536,204,26296.3
65536,205,26150.4
65536,206,26092.2
65536,207,27099.4
65536,208,26968.5
65536,209,26349.0
65536,210,26224.2
65536,211,26227.9
65536,212,26337.5
65536,213,26298.1
65536,214,26054.1
65536,215,26224.9
65536,216,26203.7
65536,217,26011.1
65536,218,26455.0
65536,219,26314.5
65536,220,26101.3
65536,221,26308.4
65536,222,26358.1
65536,223,26489.5
65536,224,26363.5
65536,225,26115.2
65536,226,26200.6
65536,227,26249.7
65536,228,26006.8
65536,229,26108.6
65536,230,26261.2
65536,231,26386.6
65536,232,26085.6
65536,233,26088.0
65536,234,26076.5
65536,235,26089.2
65536,236,26314.5
65536,237,25996.5
65536,238,25982.6
65536,239,26173.4
65536,240,26157.0
65536,241,26295.1
65536,242,26234.5
65536,243,26119.5
65536,244,26179.4
65536,245,30349.1
65536,246,26266.0
65536,247,26157.0
65536,248,26235.1
65536,249,30373.9
65536,250,61291.7
65536,251,27030.9
65536,252,26369.6
65536,253,27118.7
65536,254,27886.0
65536,255,27914.5
65536,256,27669.8
65536,257,27666.8
65536,258,27635.9
65536,259,28047.7
65536,260,27708.6
65536,261,27701.3
65536,262,27038.8
65536,263,26260.0
65536,264,26459.8
65536,265,27736.5
65536,266,27537.2
65536,267,27826.1
65536,268,27344.6
65536,269,26145.5
65536,270,26277.5
65536,271,26209.7
65536,272,26392.0
65536,273,26326.6
65536,274,26139.5
65536,275,26224.2
65536,276,26230.3
65536,277,26355.7
65536,278,25991.1
65536,279,26070.4
65536,280,28092.0
65536,281,26367.2
65536,282,26424.1
65536,283,25995.3
65536,284,26097.7
65536,285,26093.4
65536,286,26292.7
65536,287,26258.2
65536,288,26180.0
65536,289,26123.1
65536,290,26372.0
65536,291,26273.9
65536,292,26281.8
65536,293,26124.9
65536,294,26186.1
65536,295,26292.1
65536,296,26194.0
65536,297,26264.2
65536,298,26400.5
65536,299,26270.9
65536,300,26318.7
65536,301,26269.7
65536,302,26048.6
65536,303,26068.6
65536,304,26418.0
65536,305,26086.8
65536,306,26206.1
65536,307,26169.1
65536,308,26228.5
65536,309,26536.1
65536,310,26237.0
65536,311,26328.4
65536,312,26109.2
65536,313,26100.1
65536,314,26338.1
65536,315,26203.7
65536,316,26328.4
65536,317,32385.1
65536,318,28053.8
65536,319,27893.9
65536,320,27910.3
65536,321,27981.1
65536,322,27918.1
65536,323,27866.7
65536,324,27347.1
65536,325,26243.0
65536,326,26402.9
65536,327,26352.0
65536,328,26347.2
65536,329,26131.6
65536,330,26154.6
65536,331,26157.0
65536,332,26273.9
65536,333,26082.5
65536,334,26071.0
65536,335,26155.8
65536,336,26273.3
65536,337,26173.4
65536,338,26032.9
65536,339,26353.8
65536,340,25897.2
65536,341,26459.8
65536,342,26184.3
65536,343,26232.7
65536,344,26359.9
65536,345,26134.0
65536,346,26273.3
65536,347,26026.2
65536,348,26025.6
65536,349,26097.7
65536,350,26484.1
65536,351,26157.0
65536,352,26226.1
65536,353,26081.3
65536,354,26060.1
65536,355,30717.3
65536,356,26872.3
65536,357,26455.0
65536,358,26227.3
65536,359,26280.0
65536,360,26251.5
65536,361,26134.0
65536,362,26250.3
65536,363,26218.2
65536,364,26185.5
65536,365,25842.7
65536,366,25992.9
65536,367,26309.6
65536,368,26332.7
65536,369,26293.3
65536,370,26114.0
65536,371,26071.6
65536,372,26180.0
65536,373,26338.7
65536,374,26044.4
65536,375,26051.6
65536,376,26080.1
65536,377,26063.8
65536,378,26271.5
65536,379,26265.4
65536,380,26163.7
65536,381,26131.6
65536,382,26135.2
65536,383,25951.7
65536,384,26197.6
65536,385,26344.8
65536,386,26363.5
65536,387,26275.1
65536,388,26178.8
65536,389,26313.9
65536,390,26176.4
65536,391,26100.7
65536,392,28952.5
65536,393,26314.5
65536,394,26114.0
65536,395,26198.8
65536,396,26490.1
65536,397,26582.8
65536,398,27645.6
65536,399,27933.3
65536,400,27838.8
65536,401,27757.1
65536,402,27849.1
65536,403,27836.4
65536,404,27654.7
65536,405,26359.9
65536,406,26192.8
65536,407,26312.1
65536,408,25995.9
65536,409,26292.7
65536,410,26163.1
65536,411,25936.0
65536,412,26174.0
65536,413,26165.5
65536,414,26273.9
65536,415,26491.3
65536,416,26321.8
65536,417,26297.5
65536,418,26370.8
65536,419,26261.2
65536,420,26218.8
65536,421,26222.4
65536,422,25982.0
65536,423,26173.4
65536,424,26266.6
65536,425,26079.5
65536,426,26000.2
65536,427,26269.1
65536,428,26190.9
65536,429,28973.1
65536,430,26419.3
65536,431,26289.7
65536,432,27626.2
65536,433,28090.7
65536,434,27795.8
65536,435,27613.5
65536,436,27671.7
65536,437,27944.2
65536,438,27672.9
65536,439,26496.8
65536,440,26075.3
65536,441,26136.4
65536,442,26366.6
65536,443,26185.5
65536,444,26314.5
65536,445,26229.1
65536,446,26478.0
65536,447,26094.0
65536,448,231566.4
65536,449,26649.4
65536,450,26200.6
65536,451,27778.2
65536,452,27650.5
65536,453,27537.8
65536,454,27752.8
65536,455,27937.5
65536,456,27757.7
65536,457,27568.7
65536,458,29475.2
65536,459,27923.0
65536,460,26748.1
65536,461,26478.0
65536,462,27466.4
65536,463,27566.3
65536,464,27760.1
65536,465,27611.7
65536,466,27554.2
65536,467,27654.1
65536,468,27434.3
65536,469,27792.8
65536,470,27774.0
65536,471,26590.6
65536,472,26160.7
65536,473,27562.0
65536,474,27837.0
65536,475,28162.8
65536,476,27551.7
65536,477,26028.6
65536,478,26393.2
65536,479,26112.8
65536,480,26147.9
65536,481,26015.9
65536,482,26425.3
65536,483,26630.0
65536,484,26252.7
65536,485,26136.4
65536,486,26078.9
65536,487,26170.3
65536,488,26321.1
65536,489,26350.2
65536,490,26190.3
65536,491,26283.0
65536,492,26401.7
65536,493,26322.4
65536,494,26788.1
65536,495,28720.0
65536,496,28371.1
65536,497,28049.0
65536,498,29445.5
65536,499,33688.4
65536,500,27900.6
65536,501,27925.4
65536,502,27552.4
65536,503,26456.8
65536,504,26087.4
65536,505,26144.9
65536,506,26387.2
65536,507,26964.3
65536,508,26737.8
65536,509,26755.4
65536,510,26261.8
65536,511,26284.2
65536,512,26217.0
65536,513,26088.6
65536,514,25978.4
65536,515,26230.9
65536,516,26166.1
65536,517,26311.5
65536,518,26223.6
65536,519,26378.7
65536,520,26103.1
65536,521,25955.4
65536,522,25882.1
65536,523,25995.9
65536,524,26551.9
65536,525,26104.3
65536,526,26067.4
65536,527,26115.8
65536,528,26176.4
65536,529,26391.4
65536,530,26346.0
65536,531,26134.6
65536,532,29125.7
65536,533,26378.7
65536,534,26078.9
65536,535,26278.8
65536,536,26061.9
65536,537,26106.8
65536,538,26296.3
65536,539,25953.5
65536,540,26256.3
65536,541,26218.2
65536,542,26358.7
65536,543,26055.9
65536,544,26263.0
65536,545,26259.4
65536,546,26006.8
65536,547,26396.8
65536,548,26065.0
65536,549,25965.0
65536,550,29079.7
65536,551,28943.4
65536,552,30583.4
65536,553,28125.9
65536,554,26795.3
65536,555,26169.7
65536,556,26494.3
65536,557,26123.1
65536,558,26228.5
65536,559,26170.3
65536,560,26232.7
65536,561,26166.7
65536,562,26210.9
65536,563,26538.6
65536,564,26518.6
65536,565,26563.4
65536,566,26306.6
65536,567,26160.1
65536,568,26143.1
65536,569,27513.0
65536,570,26393.2
65536,571,26043.2
65536,572,26098.9
65536,573,26007.4
65536,574,26329.0
65536,575,26176.4
65536,576,26278.8
65536,577,26605.2
65536,578,27855.2
65536,579,27909.1
65536,580,27759.5
65536,581,27847.3
65536,582,27777.0
65536,583,28034.4
65536,584,27812.2
65536,585,27654.1
65536,586,27582.0
65536,587,26174.6
65536,588,26596.7
65536,589,27756.4
65536,590,27912.7
65536,591,26129.8
65536,592,26379.9
65536,593,26240.6
65536,594,26161.9
65536,595,26041.4
65536,596,26128.6
65536,597,26469.5
65536,598,26248.5
65536,599,26284.8
65536,600,26152.8
65536,601,26215.2
65536,602,26474.4
65536,603,26042.0
65536,604,26126.7
65536,605,26164.9
65536,606,27924.8
65536,607,26149.2
65536,608,26348.4
65536,609,26295.7
65536,610,26264.2
65536,611,26448.3
65536,612,26126.1
65536,613,26333.9
65536,614,26332.0
65536,615,26339.3
65536,616,26108.0
65536,617,26180.6
65536,618,26016.5
65536,619,26232.1
65536,620,26297.5
65536,621,26293.9
65536,622,26321.8
65536,623,26124.9
65536,624,26191.5
65536,625,26339.3
65536,626,26105.5
65536,627,26159.4
65536,628,26037.1
65536,629,26382.9
65536,630,26052.9
65536,631,25916.6
65536,632,26199.4
65536,633,26280.0
65536,634,26145.5
65536,635,26088.0
65536,636,26364.1
65536,637,26232.7
65536,638,26385.9
65536,639,26100.7
65536,640,26137.6
65536,641,25999.6
65536,642,26102.5
65536,643,26392.6
65536,644,28080.4
65536,645,26565.2
65536,646,26035.9
65536,647,26276.3
65536,648,26393.8
65536,649,26180.0
65536,650,25960.8
65536,651,26130.4
65536,652,26414.4
65536,653,26304.2
65536,654,26192.1
65536,655,26110.4
65536,656,26466.5
65536,657,26154.6
65536,658,26937.7
65536,659,27651.1
65536,660,27688.6
65536,661,28085.3
65536,662,27873.9
65536,663,27649.9
65536,664,27668.6
65536,665,27543.9
65536,666,27881.2
65536,667,27067.3
65536,668,26358.7
65536,669,26266.0
65536,670,27296.8
65536,671,27600.8
65536,672,27349.5
65536,673,26399.3
65536,674,26261.8
65536,675,26545.2
65536,676,26499.2
65536,677,27771.6
65536,678,27493.6
65536,679,27698.3
65536,680,30879.0
65536,681,28046.5
65536,682,26589.4
65536,683,26194.0
65536,684,26262.4
65536,685,26252.7
65536,686,26351.4
65536,687,26286.0
65536,688,26335.7
65536,689,26347.2
65536,690,26068.0
65536,691,26364.1
65536,692,26267.2
65536,693,26375.0
65536,694,26180.0
65536,695,26043.8
65536,696,25969.3
65536,697,25968.1
65536,698,235704.5
65536,699,27949.0
65536,700,27770.4
65536,701,27614.7
65536,702,27834.0
65536,703,27668.6
65536,704,27592.9
65536,705,27283.5
65536,706,26296.9
65536,707,26467.7
65536,708,27476.7
65536,709,29854.9
65536,710,28085.9
65536,711,27885.4
65536,712,27714.7
65536,713,27883.6
65536,714,26966.7
65536,715,26066.2
65536,716,26385.3
65536,717,26233.3
65536,718,26006.8
65536,719,26172.2
65536,720,26269.1
65536,721,26182.5
65536,722,26278.1
65536,723,26112.8
65536,724,26175.8
65536,725,26163.1
65536,726,26076.5
65536,727,26194.6
65536,728,26428.9
65536,729,26052.3
65536,730,26347.8
65536,731,26597.9
65536,732,26103.1
65536,733,26168.5
65536,734,26570.7
65536,735,26166.7
65536,736,25963.2
65536,737,26119.5
65536,738,26089.8
65536,739,26316.3
65536,740,26057.1
65536,741,26379.9
65536,742,26060.7
65536,743,26308.4
65536,744,26007.4
65536,745,26143.1
65536,746,26338.7
65536,747,28940.4
65536,748,27883.0
65536,749,39302.5
65536,750,37829.0
65536,751,28043.5
65536,752,27902.4
65536,753,26746.9
65536,754,26148.5
65536,755,26268.5
65536,756,26374.4
65536,757,26412.6
65536,758,25995.3
65536,759,26318.7
65536,760,26290.3
65536,761,26164.3
65536,762,26276.3
65536,763,26452.0
65536,764,26069.2
65536,765,26133.4
65536,766,26369.0
65536,767,26232.1
65536,768,26198.8
65536,769,26017.1
65536,770,25956.0
65536,771,26209.1
65536,772,25949.9
65536,773,25965.6
65536,774,26202.4
65536,775,26325.4
65536,776,26157.6
65536,777,26203.7
65536,778,26111.0
65536,779,26225.5
65536,780,26250.3
65536,781,26062.5
65536,782,26017.7
65536,783,33635.1
65536,784,26362.9
65536,785,26363.5
65536,786,26157.6
65536,787,26046.8
65536,788,25990.5
65536,789,26524.6
65536,790,26258.2
65536,791,26181.9
65536,792,26116.4
65536,793,26094.6
65536,794,26110.4
65536,795,25988.7
65536,796,26148.5
65536,797,26002.0
65536,798,26305.4
65536,799,26156.4
65536,800,26086.8
65536,801,26050.4
65536,802,26216.4
65536,803,26270.9
65536,804,26202.4
65536,805,26122.5
65536,806,26114.6
65536,807,26159.4
65536,808,26166.7
65536,809,26243.6
65536,810,26058.9
65536,811,27056.4
65536,812,27807.3
65536,813,27620.2
65536,814,27845.5
65536,815,27495.4
65536,816,27709.2
65536,817,27539.0
65536,818,27457.3
65536,819,26480.4
65536,820,28459.6
65536,821,27204.1
65536,822,26134.0
65536,823,26552.5
65536,824,26256.3
65536,825,26187.9
65536,826,26229.7
65536,827,26252.7
65536,828,26177.6
65536,829,25980.8
65536,830,26234.5
65536,831,26084.3
65536,832,26283.0
65536,833,26203.7
65536,834,26281.8
65536,835,26221.2
65536,836,26276.3
65536,837,26117.1
65536,838,26276.9
65536,839,26470.1
65536,840,25936.6
65536,841,26124.3
65536,842,26391.4
65536,843,26132.8
65536,844,26301.8
65536,845,26344.2
65536,846,26142.5
65536,847,26096.5
65536,848,26324.8
65536,849,26361.1
65536,850,27500.9
65536,851,29122.1
65536,852,28076.8
65536,853,29193.0
65536,854,28275.5
65536,855,26351.4
65536,856,26310.2
65536,857,28481.4
65536,858,26465.9
65536,859,26177.6
65536,860,26186.1
65536,861,26275.1
65536,862,26384.1
65536,863,26137.0
65536,864,26212.1
65536,865,26143.7
65536,866,26217.6
65536,867,26361.7
65536,868,26253.9
65536,869,27718.9
65536,870,27801.9
65536,871,27864.9
65536,872,27584.5
65536,873,27698.3
65536,874,27574.8
65536,875,27784.9
65536,876,27567.5
65536,877,27700.1
65536,878,26574.3
65536,879,26647.6
65536,880,27958.1
65536,881,27752.8
65536,882,27695.3
65536,883,28059.9
65536,884,27687.4
65536,885,28047.7
65536,886,27830.3
65536,887,27559.0
65536,888,27749.2
65536,889,27759.5
65536,890,27908.5
65536,891,27716.5
65536,892,27453.6
65536,893,26126.1
65536,894,29953.6
65536,895,27948.4
65536,896,27669.2
65536,897,27459.1
65536,898,26525.2
65536,899,26179.4
65536,900,26522.2
65536,901,26357.5
65536,902,26118.3
65536,903,26361.7
65536,904,26210.9
65536,905,26220.0
65536,906,26344.2
65536,907,26018.3
65536,908,26149.2
65536,909,26041.4
65536,910,26118.3
65536,911,26063.8
65536,912,26229.1
65536,913,26243.6
65536,914,25844.5
65536,915,25936.6
65536,916,25965.6
65536,917,26229.7
65536,918,26201.2
65536,919,26315.1
65536,920,26175.8
65536,921,25987.5
65536,922,26249.7
65536,923,26230.3
65536,924,26268.5
65536,925,26232.7
65536,926,26344.2
65536,927,26203.7
65536,928,26197.6
65536,929,26128.6
65536,930,25817.3
65536,931,31389.5
65536,932,26131.0
65536,933,26231.5
65536,934,26286.6
65536,935,26650.6
65536,936,26261.8
65536,937,26002.0
65536,938,26127.3
65536,939,26054.7
65536,940,26518.0
65536,941,26080.7
65536,942,26071.0
65536,943,26269.7
65536,944,26197.0
65536,945,26502.2
65536,946,26122.5
65536,947,246202.2
65536,948,26596.7
65536,949,26396.8
65536,950,26101.9
65536,951,26118.9
65536,952,26065.0
65536,953,26149.8
65536,954,26302.4
65536,955,26361.1
65536,956,26261.2
65536,957,26107.4
65536,958,26608.2
65536,959,26100.1
65536,960,29715.0
65536,961,26147.3
65536,962,25980.2
65536,963,26296.3
65536,964,26024.4
65536,965,25940.2
65536,966,26089.2
65536,967,26201.8
65536,968,26055.3
65536,969,26106.2
65536,970,25897.2
65536,971,26190.3
65536,972,26200.0
65536,973,26209.7
65536,974,26084.3
65536,975,26100.7
65536,976,26365.4
65536,977,26362.9
65536,978,26341.1
65536,979,26181.2
65536,980,26181.9
65536,981,26292.7
65536,982,26128.0
65536,983,26205.5
65536,984,26251.5
65536,985,26128.6
65536,986,26545.2
65536,987,26128.6
65536,988,26003.2
65536,989,26285.4
65536,990,26307.8
65536,991,27030.3
65536,992,27722.5
65536,993,27496.6
65536,994,27672.9
65536,995,27926.0
65536,996,27598.4
65536,997,31864.9
65536,998,29687.1
65536,999,40201.8
65536,1000,28274.2
65536,1001,27915.7
65536,1002,27506.3
65536,1003,27492.4
65536,1004,27865.5
65536,1005,27823.7
65536,1006,27318.0
65536,1007,26328.4
65536,1008,27864.2
65536,1009,27549.3
65536,1010,27691.6
65536,1011,27875.8
65536,1012,26150.4
65536,1013,26350.8
65536,1014,26268.5
65536,1015,26043.8
65536,1016,26225.5
65536,1017,25986.8
65536,1018,26249.7
65536,1019,26241.8
65536,1020,26202.4
65536,1021,26116.4
65536,1022,26263.0
65536,1023,26248.5
65536,1024,26074.1
65536,1025,26100.1
65536,1026,26216.4
65536,1027,26249.1
65536,1028,26199.4
65536,1029,26033.5
65536,1030,26117.1
65536,1031,26263.6
65536,1032,26226.7
65536,1033,26046.2
65536,1034,28314.8
65536,1035,26380.5
65536,1036,26420.5
65536,1037,26119.5
65536,1038,26051.0
65536,1039,26197.6
65536,1040,26337.5
65536,1041,26247.3
65536,1042,26063.2
65536,1043,26161.3
65536,1044,26128.6
65536,1045,26159.4
65536,1046,26044.4
65536,1047,26332.0
65536,1048,26435.6
65536,1049,26012.3
65536,1050,26385.9
65536,1051,26074.7
65536,1052,26131.6
65536,1053,26144.3
65536,1054,26395.0
65536,1055,26183.1
65536,1056,26149.2
65536,1057,26088.0
65536,1058,26199.4
65536,1059,26569.4
65536,1060,26161.9
65536,1061,26221.2
65536,1062,25964.4
65536,1063,26313.3
65536,1064,26071.6
65536,1065,26194.6
65536,1066,26172.2
65536,1067,26155.8
65536,1068,26461.0
65536,1069,26176.4
65536,1070,26179.4
65536,1071,28316.0
65536,1072,26680.9
65536,1073,26089.2
65536,1074,26168.5
65536,1075,26095.3
65536,1076,26097.7
65536,1077,26321.1
65536,1078,26300.6
65536,1079,26137.6
65536,1080,26052.3
65536,1081,26054.7
65536,1082,26401.1
65536,1083,26098.3
65536,1084,26279.4
65536,1085,26161.3
65536,1086,26313.9
65536,1087,26021.4
65536,1088,26207.9
65536,1089,26449.5
65536,1090,26268.5
65536,1091,26181.2
65536,1092,26102.5
65536,1093,26092.8
65536,1094,26049.8
65536,1095,26390.8
65536,1096,26245.4
65536,1097,25872.4
65536,1098,26026.8
65536,1099,26075.9
65536,1100,26445.3
65536,1101,26221.8
65536,1102,26109.2
65536,1103,26002.0
65536,1104,26252.7
65536,1105,26329.0
65536,1106,26075.9
65536,1107,26238.2
65536,1108,26269.7
65536,1109,26777.2
65536,1110,26088.6
65536,1111,26451.4
65536,1112,26600.3
65536,1113,26590.6
65536,1114,27898.8
65536,1115,27875.1
65536,1116,27775.8
65536,1117,27671.7
65536,1118,27835.2
65536,1119,27778.9
65536,1120,27691.6
65536,1121,25871.8
65536,1122,26365.4
65536,1123,26363.5
65536,1124,26212.7
65536,1125,26319.3
65536,1126,26194.6
65536,1127,26336.9
65536,1128,26260.6
65536,1129,26022.6
65536,1130,26100.7
65536,1131,26337.5
65536,1132,26349.0
65536,1133,26217.0
65536,1134,26140.1
65536,1135,26364.1
65536,1136,26251.5
65536,1137,26303.6
65536,1138,26250.3
65536,1139,26122.5
65536,1140,26086.8
65536,1141,26089.8
65536,1142,26088.6
65536,1143,26188.5
65536,1144,26080.7
65536,1145,26157.6
65536,1146,31737.1
65536,1147,26234.5
65536,1148,26175.8
65536,1149,26432.0
65536,1150,26301.2
65536,1151,27696.5
65536,1152,26918.3
65536,1153,26089.8
65536,1154,26149.8
65536,1155,26329.6
65536,1156,26039.5
65536,1157,26126.1
65536,1158,26105.5
65536,1159,26352.0
65536,1160,26212.7
65536,1161,26249.1
65536,1162,26189.1
65536,1163,26160.7
65536,1164,26438.0
65536,1165,26145.5
65536,1166,26314.5
65536,1167,26366.6
65536,1168,27268.3
65536,1169,27556.0
65536,1170,27798.8
65536,1171,27606.9
65536,1172,27591.1
65536,1173,27956.3
65536,1174,27692.3
65536,1175,27770.4
65536,1176,27625.6
65536,1177,27663.8
65536,1178,26746.3
65536,1179,26338.1
65536,1180,27548.1
65536,1181,27673.5
65536,1182,27427.0
65536,1183,27846.1
65536,1184,26111.6
65536,1185,26057.7
65536,1186,25946.9
65536,1187,26180.6
65536,1188,25977.2
65536,1189,26195.2
65536,1190,26224.2
65536,1191,26447.7
65536,1192,26120.7
65536,1193,26154.6
65536,1194,26243.6
65536,1195,26240.0
65536,1196,26230.3
65536,1197,26088.6
65536,1198,268688.6
65536,1199,26724.5
65536,1200,27801.9
65536,1201,27817.6
65536,1202,27811.0
65536,1203,27678.9
65536,1204,27700.1
65536,1205,27921.2
65536,1206,27724.3
65536,1207,27772.8
65536,1208,27580.8
65536,1209,26466.5
65536,1210,26522.2
65536,1211,28236.1
65536,1212,27841.8
65536,1213,27671.7
65536,1214,26587.0
65536,1215,26054.1
65536,1216,26072.8
65536,1217,26098.3
65536,1218,26115.8
65536,1219,26464.1
65536,1220,25963.8
65536,1221,26204.3
65536,1222,26253.3
65536,1223,26756.0
65536,1224,27596.6
65536,1225,27671.1
65536,1226,27840.0
65536,1227,27751.6
65536,1228,28140.4
65536,1229,27685.6
65536,1230,27564.5
65536,1231,27486.3
65536,1232,27870.9
65536,1233,26373.8
65536,1234,26369.0
65536,1235,27595.4
65536,1236,27506.3
65536,1237,27656.5
65536,1238,26140.7
65536,1239,25885.1
65536,1240,26072.2
65536,1241,26313.9
65536,1242,26197.6
65536,1243,26253.9
65536,1244,26482.2
65536,1245,26334.5
65536,1246,26233.9
65536,1247,31398.6
65536,1248,54043.7
65536,1249,26462.3
65536,1250,26205.5
65536,1251,26340.5
65536,1252,26376.3
65536,1253,26215.2
65536,1254,71462.3
65536,1255,26442.3
65536,1256,26215.8
65536,1257,26484.1
65536,1258,26123.1
65536,1259,26080.1
65536,1260,26623.3
65536,1261,26048.0
65536,1262,26162.5
65536,1263,26284.2
65536,1264,26193.4
65536,1265,26139.5
65536,1266,26098.9
65536,1267,26157.6
65536,1268,26006.8
65536,1269,26314.5
65536,1270,26134.6
65536,1271,26069.2
65536,1272,26280.0
65536,1273,26096.5
65536,1274,26100.1
65536,1275,26361.1
65536,1276,26096.5
65536,1277,27249.5
65536,1278,28002.9
65536,1279,27982.9
65536,1280,27575.4
65536,1281,27635.9
65536,1282,30147.4
65536,1283,27935.1
65536,1284,27784.3
65536,1285,27644.4
65536,1286,26767.5
65536,1287,26443.5
65536,1288,26553.1
65536,1289,27797.6
65536,1290,28216.1
65536,1291,29008.9
65536,1292,28237.3
65536,1293,27588.7
65536,1294,27821.2
65536,1295,27542.7
65536,1296,27824.9
65536,1297,27485.1
65536,1298,27502.1
65536,1299,27673.5
65536,1300,26358.1
65536,1301,26425.3
65536,1302,27615.3
65536,1303,27697.1
65536,1304,27516.6
65536,1305,27484.5
65536,1306,26452.6
65536,1307,26095.3
65536,1308,26227.9
65536,1309,26066.2
65536,1310,26261.2
65536,1311,26303.6
65536,1312,26502.8
65536,1313,26179.4
65536,1314,26022.6
65536,1315,26299.9
65536,1316,26037.1
65536,1317,26081.3
65536,1318,26106.8
65536,1319,27366.4
65536,1320,26189.1
65536,1321,26206.1
65536,1322,26132.8
65536,1323,26147.9
65536,1324,27393.1
65536,1325,27600.8
65536,1326,27674.7
65536,1327,27602.6
65536,1328,27688.0
65536,1329,27592.9
65536,1330,27783.7
65536,1331,27648.0
65536,1332,27598.4
65536,1333,26690.0
65536,1334,26204.3
65536,1335,26438.6
65536,1336,26151.6
65536,1337,25982.0
65536,1338,26264.8
65536,1339,26203.7
65536,1340,26106.8
65536,1341,26098.9
65536,1342,26359.9
65536,1343,26187.3
65536,1344,26218.2
65536,1345,26098.9
65536,1346,26187.9
65536,1347,26703.9
65536,1348,27656.5
65536,1349,27534.8
65536,1350,27809.1
65536,1351,27854.0
65536,1352,27624.4
65536,1353,27549.3
65536,1354,27676.5
65536,1355,29128.2
65536,1356,27915.1
65536,1357,26384.7
65536,1358,26269.7
65536,1359,27581.4
65536,1360,27950.8
65536,1361,27589.3
65536,1362,26518.0
65536,1363,25943.2
65536,1364,26084.3
65536,1365,26070.4
65536,1366,26077.7
65536,1367,26164.3
65536,1368,26226.1
65536,1369,26170.3
65536,1370,26398.7
65536,1371,26157.0
65536,1372,26388.4
65536,1373,25975.3
65536,1374,26422.9
65536,1375,26038.3
65536,1376,26278.8
65536,1377,26121.3
65536,1378,26111.6
65536,1379,26205.5
65536,1380,26172.2
65536,1381,26299.3
65536,1382,26228.5
65536,1383,26327.8
65536,1384,26201.8
65536,1385,26034.7
65536,1386,26031.1
65536,1387,26177.0
65536,1388,26244.8
65536,1389,25972.9
65536,1390,26007.4
65536,1391,26020.8
65536,1392,26418.0
65536,1393,28032.6
65536,1394,26253.3
65536,1395,26295.1
65536,1396,26108.0
65536,1397,26362.9
65536,1398,25914.2
65536,1399,26000.2
65536,1400,26045.0
65536,1401,26116.4
65536,1402,26086.2
65536,1403,25928.1
65536,1404,26359.9
65536,1405,26263.0
65536,1406,26369.0
65536,1407,26174.6
65536,1408,25990.5
65536,1409,26065.0
65536,1410,26192.1
65536,1411,26120.7
65536,1412,26176.4
65536,1413,26092.2
65536,1414,26152.2
65536,1415,26323.6
65536,1416,26203.1
65536,1417,26281.8
65536,1418,26048.6
65536,1419,26100.7
65536,1420,26322.4
65536,1421,26192.1
65536,1422,26276.9
65536,1423,26085.6
65536,1424,26299.9
65536,1425,25939.0
65536,1426,26135.2
65536,1427,25862.7
65536,1428,26466.5
65536,1429,26413.2
65536,1430,28770.8
65536,1431,26522.2
65536,1432,27819.4
65536,1433,27642.0
65536,1434,27678.9
65536,1435,27629.9
65536,1436,27636.5
65536,1437,27648.0
65536,1438,27948.4
65536,1439,26880.1
65536,1440,26180.6
65536,1441,26094.0
65536,1442,26366.6
65536,1443,26309.6
65536,1444,26128.0
65536,1445,272834.0
65536,1446,29487.9
65536,1447,26837.7
65536,1448,26834.1
65536,1449,27753.4
65536,1450,27965.4
65536,1451,27908.5
65536,1452,27936.3
65536,1453,27830.3
65536,1454,26089.8
65536,1455,26094.0
65536,1456,26819.0
65536,1457,26243.0
65536,1458,27219.3
65536,1459,26458.6
65536,1460,26258.2
65536,1461,26303.0
65536,1462,26237.6
65536,1463,26140.1
65536,1464,26067.4
65536,1465,26382.3
65536,1466,26071.0
65536,1467,26127.3
65536,1468,26033.5
65536,1469,25903.9
65536,1470,26602.1
65536,1471,26147.3
65536,1472,27267.7
65536,1473,27602.0
65536,1474,27671.7
65536,1475,27783.1
65536,1476,27699.5
65536,1477,27626.8
65536,1478,27622.0
65536,1479,27951.5
65536,1480,27723.7
65536,1481,27488.8
65536,1482,26445.3
65536,1483,26321.8
65536,1484,27781.3
65536,1485,27910.3
65536,1486,26956.4
65536,1487,26221.2
65536,1488,26220.6
65536,1489,26349.0
65536,1490,26153.4
65536,1491,26041.4
65536,1492,26195.2
65536,1493,26591.9
65536,1494,26046.2
65536,1495,27615.9
65536,1496,26552.5
65536,1497,26241.2
65536,1498,26307.2
65536,1499,26244.2
65536,1500,29042.2
65536,1501,43840.9
65536,1502,26470.1
65536,1503,26218.2
65536,1504,26336.3
65536,1505,27723.7
65536,1506,27608.1
65536,1507,27846.7
65536,1508,27642.0
65536,1509,27586.9
65536,1510,27984.8
65536,1511,27823.1
65536,1512,27692.9
65536,1513,27485.7
65536,1514,26436.8
65536,1515,26258.8
65536,1516,27891.5
65536,1517,27902.4
65536,1518,28027.2
65536,1519,28318.5
65536,1520,27955.7
65536,1521,27615.3
65536,1522,27712.8
65536,1523,27649.9
65536,1524,27561.4
65536,1525,28149.5
65536,1526,26375.6
65536,1527,26001.4
65536,1528,26023.8
65536,1529,26151.0
65536,1530,26235.8
65536,1531,30553.2
65536,1532,26210.3
65536,1533,26295.1
65536,1534,26263.6
65536,1535,26119.5
65536,1536,26323.0
65536,1537,26166.1
65536,1538,26240.0
65536,1539,26296.9
65536,1540,26129.2
65536,1541,26070.4
65536,1542,26223.0
65536,1543,26152.2
65536,1544,26020.8
65536,1545,26029.8
65536,1546,26035.3
65536,1547,26087.4
65536,1548,26488.9
65536,1549,26206.1
65536,1550,26177.0
65536,1551,26075.9
65536,1552,26144.9
65536,1553,26239.4
65536,1554,26177.0
65536,1555,26168.5
65536,1556,26164.3
65536,1557,26362.3
65536,1558,26182.5
65536,1559,26091.6
65536,1560,26208.5
65536,1561,26501.0
65536,1562,26270.3
65536,1563,26147.9
65536,1564,26307.2
65536,1565,26006.8
65536,1566,26452.0
65536,1567,26154.0
65536,1568,27787.3
65536,1569,26181.2
65536,1570,26132.8
65536,1571,26321.8
65536,1572,26343.6
65536,1573,26229.7
65536,1574,26338.7
65536,1575,26378.1
65536,1576,26322.4
65536,1577,26246.0
65536,1578,26117.1
65536,1579,26257.6
65536,1580,26111.6
65536,1581,26218.2
65536,1582,25999.6
65536,1583,26068.0
65536,1584,26473.2
65536,1585,26300.6
65536,1586,26164.9
65536,1587,26117.7
65536,1588,26390.8
65536,1589,26128.6
65536,1590,25968.7
65536,1591,25814.9
65536,1592,26020.2
65536,1593,26206.7
65536,1594,26130.4
65536,1595,26307.8
65536,1596,25969.3
65536,1597,26390.2
65536,1598,26282.4
65536,1599,26253.9
65536,1600,26354.5
65536,1601,26270.9
65536,1602,26105.5
65536,1603,26441.1
65536,1604,26043.8
65536,1605,26086.8
65536,1606,28575.8
65536,1607,26290.3
65536,1608,26375.6
65536,1609,25991.1
65536,1610,26194.6
65536,1611,26156.4
65536,1612,26420.5
65536,1613,26022.0
65536,1614,26107.4
65536,1615,26722.7
65536,1616,26562.2
65536,1617,26043.8
65536,1618,26080.1
65536,1619,26014.7
65536,1620,26339.9
65536,1621,26382.9
65536,1622,26223.0
65536,1623,26200.6
65536,1624,26170.3
65536,1625,26190.9
65536,1626,26178.2
65536,1627,26101.9
65536,1628,26122.5
65536,1629,26192.8
65536,1630,26230.3
65536,1631,26418.6
65536,1632,26326.0
65536,1633,26178.8
65536,1634,27907.9
65536,1635,28130.7
65536,1636,27853.3
65536,1637,27510.6
65536,1638,27542.1
65536,1639,27697.1
65536,1640,27716.5
65536,1641,26964.9
65536,1642,25995.9
65536,1643,27927.2
65536,1644,26336.9
65536,1645,26211.5
65536,1646,25938.4
65536,1647,26025.6
65536,1648,26339.9
65536,1649,26269.1
65536,1650,26232.7
65536,1651,26083.1
65536,1652,26223.6
65536,1653,26163.1
65536,1654,25986.8
65536,1655,26157.6
65536,1656,26035.3
65536,1657,26120.7
65536,1658,26193.4
65536,1659,26291.5
65536,1660,26156.4
65536,1661,26046.8
65536,1662,26350.2
65536,1663,26192.1
65536,1664,25997.7
65536,1665,25917.8
65536,1666,25961.4
65536,1667,26512.5
65536,1668,26180.0
65536,1669,26033.5
65536,1670,26068.6
65536,1671,26252.1
65536,1672,26327.8
65536,1673,26141.3
65536,1674,25960.8
65536,1675,25985.6
65536,1676,26212.1
65536,1677,26231.5
65536,1678,26049.2
65536,1679,26237.0
65536,1680,26176.4
65536,1681,27454.2
65536,1682,26257.6
65536,1683,26386.6
65536,1684,26197.0
65536,1685,26293.3
65536,1686,26306.6
65536,1687,26022.0
65536,1688,26198.2
65536,1689,26393.2
65536,1690,26348.4
65536,1691,26261.2
65536,1692,26111.6
65536,1693,294388.4
65536,1694,36319.2
65536,1695,42742.9
65536,1696,28006.6
65536,1697,27669.2
65536,1698,27528.1
65536,1699,27921.2
65536,1700,27709.8
65536,1701,27775.8
65536,1702,27689.2
65536,1703,27797.0
65536,1704,27845.5
65536,1705,27774.0
65536,1706,30818.4
65536,1707,26483.4
65536,1708,26958.9
65536,1709,27789.8
65536,1710,26326.0
65536,1711,26202.4
65536,1712,26288.4
65536,1713,26181.2
65536,1714,26221.8
65536,1715,26190.9
65536,1716,26383.5
65536,1717,26484.1
65536,1718,26240.6
65536,1719,26246.0
65536,1720,26333.3
65536,1721,26118.3
65536,1722,26074.1
65536,1723,26212.7
65536,1724,26102.5
65536,1725,26007.4
65536,1726,26413.2
65536,1727,26255.7
65536,1728,26564.0
65536,1729,26203.7
65536,1730,26439.2
65536,1731,26338.1
65536,1732,26195.2
65536,1733,26299.3
65536,1734,26082.5
65536,1735,26422.9
65536,1736,26117.1
65536,1737,26230.9
65536,1738,26129.2
65536,1739,26012.3
65536,1740,26266.6
65536,1741,26261.2
65536,1742,26097.1
65536,1743,26378.1
65536,1744,28876.2
65536,1745,27744.9
65536,1746,27772.2
65536,1747,27778.9
65536,1748,27718.9
65536,1749,42921.6
65536,1750,37771.5
65536,1751,26329.6
65536,1752,26869.2
65536,1753,26318.7
65536,1754,26602.1
65536,1755,119283.9
65536,1756,26160.1
65536,1757,26433.2
65536,1758,26392.6
65536,1759,26161.3
65536,1760,27855.2
65536,1761,26115.8
65536,1762,26175.2
65536,1763,26473.2
65536,1764,26180.0
65536,1765,26125.5
65536,1766,26159.4
65536,1767,26209.7
65536,1768,25988.7
65536,1769,26281.2
65536,1770,26005.6
65536,1771,26162.5
65536,1772,26486.5
65536,1773,26237.6
65536,1774,26151.0
65536,1775,26253.9
65536,1776,26345.4
65536,1777,28508.0
65536,1778,26528.9
65536,1779,26246.0
65536,1780,26114.0
65536,1781,26498.6
65536,1782,26413.8
65536,1783,26336.3
65536,1784,26119.5
65536,1785,26271.5
65536,1786,26259.4
65536,1787,26183.7
65536,1788,26141.3
65536,1789,26060.1
65536,1790,26275.1
65536,1791,26135.8
65536,1792,26245.4
65536,1793,26264.2
65536,1794,26294.5
65536,1795,26462.9
65536,1796,26158.2
65536,1797,26238.2
65536,1798,25986.2
65536,1799,26329.6
65536,1800,26138.2
65536,1801,26198.2
65536,1802,26053.5
65536,1803,26056.5
65536,1804,26217.6
65536,1805,26163.1
65536,1806,26348.4
65536,1807,26250.3
65536,1808,26439.2
65536,1809,26180.0
65536,1810,26172.2
65536,1811,26015.9
65536,1812,26147.9
65536,1813,26450.7
65536,1814,29112.4
65536,1815,26269.7
65536,1816,26159.4
65536,1817,26414.4
65536,1818,26401.7
65536,1819,27502.7
65536,1820,27751.0
65536,1821,27790.4
65536,1822,27783.1
65536,1823,27574.2
65536,1824,27712.2
65536,1825,27580.2
65536,1826,26444.1
65536,1827,26115.8
65536,1828,26204.3
65536,1829,26311.5
65536,1830,26167.9
65536,1831,26189.1
65536,1832,26287.2
65536,1833,26162.5
65536,1834,25926.9
65536,1835,26066.8
65536,1836,26243.6
65536,1837,26025.0
65536,1838,26055.9
65536,1839,26233.3
65536,1840,26344.8
65536,1841,26227.3
65536,1842,26227.3
65536,1843,26341.7
65536,1844,26017.1
65536,1845,26550.1
65536,1846,26206.1
65536,1847,26061.9
65536,1848,26038.3
65536,1849,26045.0
65536,1850,26104.9
65536,1851,28320.3
65536,1852,26482.8
65536,1853,26323.6
65536,1854,26399.9
65536,1855,26226.7
65536,1856,26061.9
65536,1857,26061.9
65536,1858,26304.8
65536,1859,26082.5
65536,1860,26065.6
65536,1861,26235.1
65536,1862,26183.7
65536,1863,26298.7
65536,1864,26215.2
65536,1865,26142.5
65536,1866,26308.4
65536,1867,26115.8
65536,1868,26180.0
65536,1869,26095.3
65536,1870,26209.7
65536,1871,26102.5
65536,1872,26350.8
65536,1873,26044.4
65536,1874,26248.5
65536,1875,26223.0
65536,1876,28854.4
65536,1877,26528.9
65536,1878,26779.0
65536,1879,28225.8
65536,1880,28299.1
65536,1881,28989.5
65536,1882,28253.7
65536,1883,28108.9
65536,1884,29042.2
65536,1885,27430.0
65536,1886,26393.8
65536,1887,26754.2
65536,1888,28822.9
65536,1889,26808.7
65536,1890,26270.9
65536,1891,26309.0
65536,1892,26094.6
65536,1893,26238.8
65536,1894,26335.7
65536,1895,26684.5
65536,1896,26171.6
65536,1897,26030.5
65536,1898,26491.3
65536,1899,26272.1
65536,1900,26607.0
65536,1901,26225.5
65536,1902,25907.5
65536,1903,26071.6
65536,1904,26236.4
65536,1905,26222.4
65536,1906,26343.6
65536,1907,26206.7
65536,1908,26177.6
65536,1909,26273.9
65536,1910,26250.3
65536,1911,26530.1
65536,1912,26415.6
65536,1913,26443.5
65536,1914,26455.6
65536,1915,26221.8
65536,1916,26269.7
65536,1917,26287.2
65536,1918,26256.9
65536,1919,26082.5
65536,1920,26097.1
65536,1921,26120.1
65536,1922,26171.0
65536,1923,26363.5
65536,1924,26175.8
65536,1925,26243.0
65536,1926,29096.1
65536,1927,26406.5
65536,1928,26380.5
65536,1929,26354.5
65536,1930,26100.7
65536,1931,25986.2
65536,1932,26191.5
65536,1933,26256.3
65536,1934,26286.0
65536,1935,26307.2
65536,1936,26355.1
65536,1937,315073.7
65536,1938,28356.0
65536,1939,26267.2
65536,1940,26266.6
65536,1941,26410.8
65536,1942,26127.3
65536,1943,26217.6
65536,1944,26273.3
65536,1945,26243.0
65536,1946,26472.5
65536,1947,27019.4
65536,1948,27574.2
65536,1949,27639.6
65536,1950,27728.0
65536,1951,27511.2
65536,1952,28995.5
65536,1953,27712.2
65536,1954,27766.7
65536,1955,26224.9
65536,1956,25987.5
65536,1957,26260.0
65536,1958,26009.3
65536,1959,26794.7
65536,1960,26226.1
65536,1961,26014.1
65536,1962,26092.8
65536,1963,26150.4
65536,1964,26362.3
65536,1965,25985.0
65536,1966,26247.3
65536,1967,26078.3
65536,1968,26355.1
65536,1969,26203.1
65536,1970,26164.9
65536,1971,26173.4
65536,1972,26293.9
65536,1973,26554.3
65536,1974,26149.8
65536,1975,26132.2
65536,1976,26111.0
65536,1977,26157.0
65536,1978,26305.4
65536,1979,26151.0
65536,1980,26293.9
65536,1981,26164.9
65536,1982,26267.9
65536,1983,26237.0
65536,1984,26328.4
65536,1985,26065.0
65536,1986,26190.3
65536,1987,26192.8
65536,1988,26165.5
65536,1989,26203.1
65536,1990,27218.1
65536,1991,26516.2
65536,1992,33517.0
65536,1993,50414.8
65536,1994,26205.5
65536,1995,26180.6
65536,1996,26230.3
65536,1997,26307.8
65536,1998,26155.2
65536,1999,26075.3
262144,0,118643.2
262144,1,118207.1
262144,2,118192.6
262144,3,118483.9
262144,4,118298.6
262144,5,118302.8
262144,6,121023.2
262144,7,123558.3
262144,8,121043.8
262144,9,118402.8
262144,10,118138.7
262144,11,118705.6
262144,12,118419.7
262144,13,118098.1
262144,14,118820.6
262144,15,117896.5
262144,16,119833.2
262144,17,119416.6
262144,18,340194.5
262144,19,120264.4
262144,20,121737.3
262144,21,118252.0
262144,22,119896.8
262144,23,118095.7
262144,24,118292.5
262144,25,118270.7
262144,26,118043.0
262144,27,118308.9
262144,28,123027.2
262144,29,147938.5
262144,30,123056.3
262144,31,124540.0
262144,32,118367.6
262144,33,118037.0
262144,34,118147.2
262144,35,118842.4
262144,36,118476.0
262144,37,118649.8
262144,38,118634.7
262144,39,120271.7
262144,40,117984.3
262144,41,117908.0
262144,42,118737.1
262144,43,118352.5
262144,44,118021.2
262144,45,123110.8
262144,46,125394.0
262144,47,126407.7
262144,48,121399.3
262144,49,124592.1
262144,50,122851.0
262144,51,118550.5
262144,52,118594.1
262144,53,118197.5
262144,54,124568.5
262144,55,126799.6
262144,56,119007.2
262144,57,119187.6
262144,58,120132.4
262144,59,126842.0
262144,60,123563.2
262144,61,121761.5
262144,62,119443.8
262144,63,116393.9
262144,64,118479.1
262144,65,115961.5
262144,66,115440.7
262144,67,115810.7
262144,68,115808.9
262144,69,115260.8
262144,70,116007.6
262144,71,115870.1
262144,72,119833.8
262144,73,116153.5
262144,74,461747.7
262144,75,116065.7
262144,76,114991.9
262144,77,122481.6
262144,78,125538.1
262144,79,117235.7
262144,80,115759.9
262144,81,115553.3
262144,82,115567.9
262144,83,115756.2
262144,84,116058.4
262144,85,115765.3
262144,86,117989.1
262144,87,155405.7
262144,88,115692.6
262144,89,116034.2
262144,90,115695.7
262144,91,115341.4
262144,92,115630.9
262144,93,116146.2
262144,94,124993.0
262144,95,117768.1
262144,96,115553.3
262144,97,120699.8
262144,98,122408.9
262144,99,119716.3
262144,100,123953.2
262144,101,123499.0
262144,102,123295.5
262144,103,118909.0
262144,104,117365.3
262144,105,117478.6
262144,106,117055.3
262144,107,118050.9
262144,108,117967.9
262144,109,117542.8
262144,110,117741.4
262144,111,120715.6
262144,112,123856.3
262144,113,122626.3
262144,114,122405.3
262144,115,117884.4
262144,116,117630.6
262144,117,117448.3
262144,118,117611.8
262144,119,119512.8
262144,120,118518.4
262144,121,117598.5
262144,122,120190.5
262144,123,124831.9
262144,124,122132.7
262144,125,120759.2
262144,126,118646.2
262144,127,117619.7
262144,128,120905.1
262144,129,364021.8
262144,130,122401.0
262144,131,124388.0
262144,132,124044.6
262144,133,121457.5
262144,134,119045.3
262144,135,118213.2
262144,136,117805.0
262144,137,117630.0
262144,138,118368.2
262144,139,124122.8
262144,140,160484.4
262144,141,120902.7
262144,142,122043.7
262144,143,118009.1
262144,144,118292.5
262144,145,118101.2
262144,146,117743.2
262144,147,118494.2
262144,148,118532.4
262144,149,118418.5
262144,150,120771.3
262144,151,117757.2
262144,152,117854.1
262144,153,122503.4
262144,154,124073.1
262144,155,123267.0
262144,156,119199.7
262144,157,124986.4
262144,158,122312.6
262144,159,119087.7
262144,160,117866.8
262144,161,117862.6
262144,162,118301.0
262144,163,118840.6
262144,164,118674.1
262144,165,118433.6
262144,166,118316.8
262144,167,119775.7
262144,168,118175.0
262144,169,117776.6
262144,170,118790.3
262144,171,122416.2
262144,172,124921.0
262144,173,118694.7
262144,174,118145.4
262144,175,119918.0
262144,176,118839.4
262144,177,118201.7
262144,178,118433.6
262144,179,118645.6
262144,180,118495.4
262144,181,118986.6
262144,182,118877.0
262144,183,118334.9
262144,184,124393.5
262144,185,417427.1
262144,186,118479.1
262144,187,118347.6
262144,188,118961.1
262144,189,118609.9
262144,190,120724.7
262144,191,118179.3
262144,192,117994.6
262144,193,118119.9
262144,194,118543.3
262144,195,118549.3
262144,196,119340.2
262144,197,118433.0
262144,198,157241.3
262144,199,119683.0
262144,200,124568.5
262144,201,125114.2
262144,202,128537.7
262144,203,127121.8
262144,204,121189.2
262144,205,119084.7
262144,206,120444.9
262144,207,119028.4
262144,208,118388.2
262144,209,118403.4
262144,210,118631.7
262144,211,118063.6
262144,212,118778.8
262144,213,118445.8
262144,214,119598.8
262144,215,118076.9
262144,216,118116.3
262144,217,119101.6
262144,218,118230.2
262144,219,118596.6
262144,220,122195.1
262144,221,124380.2
262144,222,119627.9
262144,223,124120.3
262144,224,123262.8
262144,225,118706.2
262144,226,118263.5
262144,227,118342.8
262144,228,119136.8
262144,229,118050.3
262144,230,118520.2
262144,231,119541.9
262144,232,118224.7
262144,233,120501.2
262144,234,127618.4
262144,235,127709.2
262144,236,122808.0
262144,237,126530.7
262144,238,124276.6
262144,239,124131.9
262144,240,339911.7
262144,241,125295.8
262144,242,123432.4
262144,243,123789.7
262144,244,119056.8
262144,245,121456.3
262144,246,119112.5
262144,247,118166.0
262144,248,118840.0
262144,249,118070.3
262144,250,117961.3
262144,251,141336.7
262144,252,125130.5
262144,253,120725.9
262144,254,118339.2
262144,255,118067.2
262144,256,118776.4
262144,257,124925.8
262144,258,120265.6
262144,259,118756.4
262144,260,119139.8
262144,261,118222.9
262144,262,122758.3
262144,263,124973.7
262144,264,118376.1
262144,265,119213.7
262144,266,118296.8
262144,267,118256.8
262144,268,118685.0
262144,269,118292.5
262144,270,119326.9
262144,271,118547.5
262144,272,118475.4
262144,273,118819.4
262144,274,118082.4
262144,275,118398.5
262144,276,118679.5
262144,277,118397.3
262144,278,119418.4
262144,279,118923.0
262144,280,118507.5
262144,281,118587.5
262144,282,118613.5
262144,283,118577.2
262144,284,119259.7
262144,285,118633.5
262144,286,118397.3
262144,287,120395.8
262144,288,124466.8
262144,289,122829.2
262144,290,118216.2
262144,291,118390.6
262144,292,119106.5
262144,293,118542.7
262144,294,118398.5
262144,295,120275.3
262144,296,482400.9
262144,297,118331.9
262144,298,118231.4
262144,299,118327.1
262144,300,120245.6
262144,301,121731.8
262144,302,123733.4
262144,303,118081.2
262144,304,118202.9
262144,305,118130.8
262144,306,118526.9
262144,307,118159.3
262144,308,118735.2
262144,309,149697.8
262144,310,118634.7
262144,311,118600.2
262144,312,118029.7
262144,313,119167.6
262144,314,118405.2
262144,315,124617.0
262144,316,125159.0
262144,317,127540.8
262144,318,125475.1
262144,319,118392.5
262144,320,118861.2
262144,321,117863.2
262144,322,118029.7
262144,323,119173.1
262144,324,118117.5
262144,325,119665.5
262144,326,119022.9
262144,327,118414.3
262144,328,121865.7
262144,329,124729.0
262144,330,123210.1
262144,331,124170.6
262144,332,117924.3
262144,333,121760.3
262144,334,119053.2
262144,335,118644.4
262144,336,118141.7
262144,337,118073.9
262144,338,118022.4
262144,339,118311.9
262144,340,118831.5
262144,341,118855.8
262144,342,117978.2
262144,343,118574.1
262144,344,121946.8
262144,345,124558.2
262144,346,123141.7
262144,347,123510.5
262144,348,117969.1
262144,349,121485.9
262144,350,374504.3
262144,351,127735.9
262144,352,127703.8
262144,353,121461.1
262144,354,121631.9
262144,355,125343.7
262144,356,124563.1
262144,357,123734.6
262144,358,118476.0
262144,359,118556.6
262144,360,118345.8
262144,361,146098.0
262144,362,118854.5
262144,363,117711.8
262144,364,120058.5
262144,365,121512.6
262144,366,121926.8
262144,367,119427.5
262144,368,119354.2
262144,369,115168.2
262144,370,115640.0
262144,371,115126.4
262144,372,117261.8
262144,373,115425.6
262144,374,115036.2
262144,375,115671.4
262144,376,115233.0
262144,377,114893.8
262144,378,115205.1
262144,379,114984.7
262144,380,115296.6
262144,381,117812.3
262144,382,122141.2
262144,383,117470.7
262144,384,115097.3
262144,385,114936.2
262144,386,115441.9
262144,387,115216.0
262144,388,115120.3
262144,389,115612.1
262144,390,116154.1
262144,391,115231.2
262144,392,116794.9
262144,393,128545.6
262144,394,121662.8
262144,395,115898.5
262144,396,115029.5
262144,397,115046.5
262144,398,123555.3
262144,399,127928.4
262144,400,121326.1
262144,401,122800.1
262144,402,117542.2
262144,403,117678.4
262144,404,117614.9
262144,405,117458.0
262144,406,353984.9
262144,407,122982.4
262144,408,129495.2
262144,409,121706.4
262144,410,120681.7
262144,411,123859.9
262144,412,123336.7
262144,413,131909.7
262144,414,123821.8
262144,415,120417.6
262144,416,117759.6
262144,417,137935.6
262144,418,118395.5
262144,419,117320.5
262144,420,118252.6
262144,421,122385.3
262144,422,121368.4
262144,423,117524.0
262144,424,117848.6
262144,425,117421.7
262144,426,117356.9
262144,427,118330.1
262144,428,117353.8
262144,429,119291.2
262144,430,120911.8
262144,431,124527.3
262144,432,123006.0
262144,433,120160.2
262144,434,117425.3
262144,435,117783.2
262144,436,118462.1
262144,437,118679.5
262144,438,117912.8
262144,439,118181.7
262144,440,117851.6
262144,441,118048.5
262144,442,118091.5
262144,443,117821.4
262144,444,118443.3
262144,445,118256.8
262144,446,118533.6
262144,447,123310.6
262144,448,122154.5
262144,449,117804.4
262144,450,117983.1
262144,451,117867.4
262144,452,118145.4
262144,453,119326.3
262144,454,125565.3
262144,455,120580.5
262144,456,123999.8
262144,457,122315.6
262144,458,118376.1
262144,459,117770.5
262144,460,118057.0
262144,461,118547.5
262144,462,332299.2
262144,463,119423.8
262144,464,117832.9
262144,465,119879.8
262144,466,124906.4
262144,467,123304.0
262144,468,122467.6
262144,469,121226.1
262144,470,118745.5
262144,471,118912.1
262144,472,124793.8
262144,473,122341.1
262144,474,141982.3
262144,475,118615.9
262144,476,124223.9
262144,477,123837.5
262144,478,118259.8
262144,479,118560.8
262144,480,118221.1
262144,481,119738.1
262144,482,124897.3
262144,483,118903.6
262144,484,118269.5
262144,485,119637.6
262144,486,121998.9
262144,487,123522.6
262144,488,118580.2
262144,489,118393.1
262144,490,122047.3
262144,491,124927.6
262144,492,119220.3
262144,493,119436.5
262144,494,118635.3
262144,495,124087.6
262144,496,130095.9
262144,497,120915.4
262144,498,118764.9
262144,499,118458.5
262144,500,118361.6
262144,501,118735.8
262144,502,125479.9
262144,503,124592.1
262144,504,121464.7
262144,505,118645.0
262144,506,118247.1
262144,507,118497.2
262144,508,118413.7
262144,509,118397.9
262144,510,118785.5
262144,511,118110.9
262144,512,119407.5
262144,513,124498.3
262144,514,119449.3
262144,515,118969.0
262144,516,118150.8
262144,517,118437.3
262144,518,329475.2
262144,519,118675.3
262144,520,118528.7
262144,521,118757.6
262144,522,117923.7
262144,523,118461.5
262144,524,123730.3
262144,525,127086.0
262144,526,118893.3
262144,527,119884.1
262144,528,124993.6
262144,529,148932.9
262144,530,122197.5
262144,531,118875.1
262144,532,118465.1
262144,533,120767.7
262144,534,118460.3
262144,535,118615.3
262144,536,118391.3
262144,537,118126.0
262144,538,118264.7
262144,539,118322.2
262144,540,118633.5
262144,541,120449.7
262144,542,118231.4
262144,543,118608.1
262144,544,118075.1
262144,545,118301.0
262144,546,118292.5
262144,547,118029.7
262144,548,118448.2
262144,549,118328.9
262144,550,121582.8
262144,551,118648.6
262144,552,118956.9
262144,553,124776.2
262144,554,122997.5
262144,555,118439.7
262144,556,119804.8
262144,557,124891.9
262144,558,122454.3
262144,559,118542.0
262144,560,118363.4
262144,561,118367.0
262144,562,121717.3
262144,563,125329.2
262144,564,119827.2
262144,565,118273.8
262144,566,120269.9
262144,567,117877.7
262144,568,118589.3
262144,569,118414.9
262144,570,118230.2
262144,571,119429.9
262144,572,118282.2
262144,573,120187.5
262144,574,409630.5
262144,575,118703.1
262144,576,118477.9
262144,577,118162.3
262144,578,117828.0
262144,579,120976.0
262144,580,124508.5
262144,581,119569.8
262144,582,120218.4
262144,583,118933.9
262144,584,118543.9
262144,585,119141.6
262144,586,117329.6
262144,587,148819.7
262144,588,121489.6
262144,589,126756.0
262144,590,122832.2
262144,591,120403.1
262144,592,124910.1
262144,593,118311.3
262144,594,118179.3
262144,595,118305.3
262144,596,118860.0
262144,597,123755.8
262144,598,123201.0
262144,599,118236.2
262144,600,120173.6
262144,601,121100.2
262144,602,118239.2
262144,603,118331.3
262144,604,118361.0
262144,605,122516.1
262144,606,118565.7
262144,607,119145.2
262144,608,118275.6
262144,609,117800.8
262144,610,118168.4
262144,611,118520.9
262144,612,118934.5
262144,613,123420.9
262144,614,127650.5
262144,615,118331.9
262144,616,118273.2
262144,617,118857.6
262144,618,121160.1
262144,619,124870.1
262144,620,121512.6
262144,621,119188.2
262144,622,124497.0
262144,623,123740.0
262144,624,117936.4
262144,625,119325.1
262144,626,119586.1
262144,627,117885.6
262144,628,118076.3
262144,629,508802.0
262144,630,137352.4
262144,631,120569.0
262144,632,124983.3
262144,633,123388.8
262144,634,121740.3
262144,635,120850.0
262144,636,118474.2
262144,637,118511.8
262144,638,118219.3
262144,639,144597.3
262144,640,116159.6
262144,641,120959.7
262144,642,119152.5
262144,643,118574.8
262144,644,115420.7
262144,645,117336.3
262144,646,122316.2
262144,647,118856.4
262144,648,115426.2
262144,649,115606.6
262144,650,115684.8
262144,651,115674.5
262144,652,117229.7
262144,653,115501.3
262144,654,115426.8
262144,655,115890.1
262144,656,115201.5
262144,657,115526.7
262144,658,115469.8
262144,659,116049.3
262144,660,119999.8
262144,661,122200.6
262144,662,120980.9
262144,663,118216.2
262144,664,115340.8
262144,665,115799.8
262144,666,115513.4
262144,667,115816.8
262144,668,115478.3
262144,669,116555.6
262144,670,115647.8
262144,671,115392.9
262144,672,115735.6
262144,673,115245.7
262144,674,115680.5
262144,675,115708.4
262144,676,115438.3
262144,677,118510.6
262144,678,116285.5
262144,679,115762.9
262144,680,117143.1
262144,681,117776.6
262144,682,117516.7
262144,683,117519.2
262144,684,508161.8
262144,685,131878.2
262144,686,130648.2
262144,687,126739.0
262144,688,124131.9
262144,689,117811.1
262144,690,117508.9
262144,691,117840.1
262144,692,117385.3
262144,693,117874.7
262144,694,131911.0
262144,695,117531.9
262144,696,117706.9
262144,697,116815.4
262144,698,117697.2
262144,699,126548.9
262144,700,122124.9
262144,701,119365.1
262144,702,123905.4
262144,703,119644.3
262144,704,117886.2
262144,705,117035.9
262144,706,117570.6
262144,707,119695.1
262144,708,117521.6
262144,709,117752.9
262144,710,117732.9
262144,711,117551.9
262144,712,118407.6
262144,713,123660.7
262144,714,124181.5
262144,715,119983.4
262144,716,120101.5
262144,717,118003.1
262144,718,118057.6
262144,719,117774.1
262144,720,118014.6
262144,721,117430.1
262144,722,117780.8
262144,723,117607.0
262144,724,118348.9
262144,725,118926.0
262144,726,124644.8
262144,727,123056.3
262144,728,117875.9
262144,729,117427.7
262144,730,117560.4
262144,731,117865.6
262144,732,123901.1
262144,733,124718.1
262144,734,122791.0
262144,735,118231.4
262144,736,118095.1
262144,737,117886.2
262144,738,118448.8
262144,739,533422.0
262144,740,118233.2
262144,741,118730.4
262144,742,118527.5
262144,743,118625.0
262144,744,118784.9
262144,745,118026.1
262144,746,119324.5
262144,747,118531.8
262144,748,118318.6
262144,749,118356.1
262144,750,118760.1
262144,751,118190.8
262144,752,148737.9
262144,753,117928.0
262144,754,120131.8
262144,755,119014.4
262144,756,119048.3
262144,757,118895.7
262144,758,118192.0
262144,759,118339.8
262144,760,119081.0
262144,761,117665.7
262144,762,121607.1
262144,763,118699.5
262144,764,118305.9
262144,765,118204.1
262144,766,118293.1
262144,767,118443.3
262144,768,119396.0
262144,769,126694.2
262144,770,126703.9
262144,771,119849.0
262144,772,118712.2
262144,773,118079.4
262144,774,118402.8
262144,775,119876.8
262144,776,124675.1
262144,777,118212.6
262144,778,118554.8
262144,779,123167.1
262144,780,118924.8
262144,781,118251.4
262144,782,118696.5
262144,783,118402.8
262144,784,118338.6
262144,785,118133.9
262144,786,118243.5
262144,787,121516.8
262144,788,118511.8
262144,789,118473.0
262144,790,121790.6
262144,791,123541.4
262144,792,118572.9
262144,793,350516.0
262144,794,118235.0
262144,795,118155.1
262144,796,118681.3
262144,797,117875.3
262144,798,118129.6
262144,799,118798.2
262144,800,118150.8
262144,801,118003.1
262144,802,119548.0
262144,803,118597.8
262144,804,122799.5
262144,805,159583.8
262144,806,125884.5
262144,807,127576.6
262144,808,118013.3
262144,809,118761.9
262144,810,120561.2
262144,811,118733.4
262144,812,119155.5
262144,813,117972.2
262144,814,118050.9
262144,815,121562.8
262144,816,124692.7
262144,817,120890.0
262144,818,121911.7
262144,819,118650.5
262144,820,118894.5
262144,821,118416.1
262144,822,118150.2
262144,823,120572.7
262144,824,124538.8
262144,825,123139.9
262144,826,126585.2
262144,827,120319.5
262144,828,118542.0
262144,829,118493.6
262144,830,118655.3
262144,831,118886.0
262144,832,118219.3
262144,833,118028.5
262144,834,118647.4
262144,835,119405.0
262144,836,118781.3
262144,837,117975.8
262144,838,117921.9
262144,839,117820.2
262144,840,118092.7
262144,841,118181.1
262144,842,118117.5
262144,843,118829.7
262144,844,118216.8
262144,845,118471.2
262144,846,118585.7
262144,847,118452.4
262144,848,118322.2
262144,849,317985.5
262144,850,130064.4
262144,851,129833.1
262144,852,125014.8
262144,853,121318.2
262144,854,117980.6
262144,855,118142.3
262144,856,118209.6
262144,857,119077.4
262144,858,119430.5
262144,859,118084.2
262144,860,124156.7
262144,861,142885.3
262144,862,121833.6
262144,863,120231.7
262144,864,118096.3
262144,865,118340.4
262144,866,120272.3
262144,867,118503.9
262144,868,119275.4
262144,869,118542.0
262144,870,118390.6
262144,871,118632.9
262144,872,118140.5
262144,873,117613.6
262144,874,119012.0
262144,875,129437.0
262144,876,125058.4
262144,877,121276.4
262144,878,118901.8
262144,879,118519.0
262144,880,118243.5
262144,881,118009.7
262144,882,118052.1
262144,883,120431.0
262144,884,122767.4
262144,885,123803.0
262144,886,118539.0
262144,887,118485.1
262144,888,118206.5
262144,889,118402.2
262144,890,120224.4
262144,891,128593.4
262144,892,124158.5
262144,893,124286.9
262144,894,118485.1
262144,895,118700.7
262144,896,118089.1
262144,897,118361.6
262144,898,118202.9
262144,899,122013.4
262144,900,118425.8
262144,901,118923.0
262144,902,118574.8
262144,903,118899.4
262144,904,118342.2
262144,905,530139.5
262144,906,117960.1
262144,907,118648.0
262144,908,118303.4
262144,909,118027.9
262144,910,119039.9
262144,911,118425.8
262144,912,118328.9
262144,913,119154.3
262144,914,118255.6
262144,915,118199.9
262144,916,118774.6
262144,917,118118.7
262144,918,147863.4
262144,919,125161.4
262144,920,123387.6
262144,921,126487.7
262144,922,118859.4
262144,923,119037.4
262144,924,118285.3
262144,925,118631.7
262144,926,118981.1
262144,927,118276.2
262144,928,118470.0
262144,929,122634.8
262144,930,118200.5
262144,931,118537.2
262144,932,118994.4
262144,933,118128.4
262144,934,118527.5
262144,935,118519.6
262144,936,118231.4
262144,937,119876.8
262144,938,118256.8
262144,939,118433.0
262144,940,123051.4
262144,941,125726.4
262144,942,118096.3
262144,943,119118.6
262144,944,124041.6
262144,945,122064.9
262144,946,126270.3
262144,947,118551.1
262144,948,118502.7
262144,949,118355.5
262144,950,117963.7
262144,951,123391.2
262144,952,123839.3
262144,953,118233.8
262144,954,121177.1
262144,955,118247.7
262144,956,118637.7
262144,957,118528.1
262144,958,124313.5
262144,959,340985.5
262144,960,123478.4
262144,961,124713.8
262144,962,123262.2
262144,963,120884.6
262144,964,117920.7
262144,965,118408.8
262144,966,118022.4
262144,967,118014.6
262144,968,118545.7
262144,969,118396.7
262144,970,127699.5
262144,971,152818.5
262144,972,125060.9
262144,973,123243.4
262144,974,125004.5
262144,975,119097.4
262144,976,118275.0
262144,977,120612.6
262144,978,119506.2
262144,979,124489.8
262144,980,124652.1
262144,981,121341.8
262144,982,118652.9
262144,983,118075.1
262144,984,120047.0
262144,985,125409.7
262144,986,121306.7
262144,987,119182.8
262144,988,119320.3
262144,989,119148.9
262144,990,118764.3
262144,991,117892.8
262144,992,118324.0
262144,993,121831.7
262144,994,118120.5
262144,995,118951.4
262144,996,125063.9
262144,997,124570.3
262144,998,122609.3
262144,999,119747.2
262144,1000,118558.4
262144,1001,120206.9
262144,1002,118114.5
262144,1003,118319.2
262144,1004,118620.2
262144,1005,118155.1
262144,1006,120364.9
262144,1007,125447.9
262144,1008,122312.6
262144,1009,118852.7
262144,1010,121522.3
262144,1011,118499.0
262144,1012,118601.4
262144,1013,118277.4
262144,1014,118437.9
262144,1015,542507.4
262144,1016,121594.3
262144,1017,118619.6
262144,1018,114843.0
262144,1019,115134.9
262144,1020,115564.3
262144,1021,115451.0
262144,1022,115110.0
262144,1023,117522.8
262144,1024,115086.4
262144,1025,115153.6
262144,1026,115571.5
262144,1027,116562.3
262144,1028,136580.2
262144,1029,115669.6
262144,1030,115238.4
262144,1031,115343.2
262144,1032,117411.4
262144,1033,115302.0
262144,1034,115391.0
262144,1035,115240.9
262144,1036,115400.7
262144,1037,115233.0
262144,1038,115368.0
262144,1039,114951.4
262144,1040,117031.7
262144,1041,115235.4
262144,1042,115259.6
262144,1043,115200.9
262144,1044,115365.6
262144,1045,115125.2
262144,1046,115053.1
262144,1047,115663.0
262144,1048,115007.7
262144,1049,115919.7
262144,1050,115221.5
262144,1051,116932.3
262144,1052,117636.1
262144,1053,123418.4
262144,1054,122318.0
262144,1055,117585.2
262144,1056,117422.9
262144,1057,120258.4
262144,1058,118367.6
262144,1059,124025.9
262144,1060,124117.9
262144,1061,119427.5
262144,1062,118396.7
262144,1063,117482.8
262144,1064,117439.8
262144,1065,117105.5
262144,1066,119635.8
262144,1067,117250.3
262144,1068,117582.2
262144,1069,120713.2
262144,1070,354422.8
262144,1071,127129.6
262144,1072,128466.2
262144,1073,117883.1
262144,1074,117096.5
262144,1075,117334.5
262144,1076,117752.3
262144,1077,117678.4
262144,1078,117570.0
262144,1079,117695.4
262144,1080,125052.4
262144,1081,129108.2
262144,1082,136412.5
262144,1083,119649.1
262144,1084,118764.3
262144,1085,118278.6
262144,1086,118040.6
262144,1087,118098.7
262144,1088,119085.9
262144,1089,116708.9
262144,1090,115467.4
262144,1091,115931.3
262144,1092,115999.7
262144,1093,115363.8
262144,1094,115944.6
262144,1095,115722.9
262144,1096,115412.2
262144,1097,116258.3
262144,1098,115561.8
262144,1099,115248.1
262144,1100,115876.1
262144,1101,115800.4
262144,1102,115508.5
262144,1103,115894.3
262144,1104,115152.4
262144,1105,115152.4
262144,1106,120341.9
262144,1107,121258.8
262144,1108,115718.7
262144,1109,115641.2
262144,1110,115517.0
262144,1111,116690.1
262144,1112,118961.7
262144,1113,121943.8
262144,1114,118634.7
262144,1115,115452.2
262144,1116,115890.1
262144,1117,115754.4
262144,1118,115196.0
262144,1119,115712.6
262144,1120,115661.1
262144,1121,115435.3
262144,1122,116914.8
262144,1123,123073.8
262144,1124,116902.0
262144,1125,118307.1
262144,1126,120585.4
262144,1127,376060.1
262144,1128,125191.7
262144,1129,130370.9
262144,1130,125538.7
262144,1131,124104.6
262144,1132,121298.8
262144,1133,118987.2
262144,1134,119503.8
262144,1135,117716.0
262144,1136,117847.4
262144,1137,118852.7
262144,1138,152629.6
262144,1139,117814.7
262144,1140,223640.7
262144,1141,122505.8
262144,1142,124463.1
262144,1143,122047.9
262144,1144,126705.7
262144,1145,121378.7
262144,1146,123956.8
262144,1147,119899.8
262144,1148,120217.8
262144,1149,116096.6
262144,1150,116111.7
262144,1151,116509.0
262144,1152,117590.0
262144,1153,116446.0
262144,1154,116907.5
262144,1155,123025.4
262144,1156,120415.8
262144,1157,116621.0
262144,1158,117043.8
262144,1159,117089.2
262144,1160,117025.6
262144,1161,118228.3
262144,1162,116731.3
262144,1163,116900.2
262144,1164,116773.7
262144,1165,117029.2
262144,1166,122797.7
262144,1167,119821.7
262144,1168,116375.8
262144,1169,119130.7
262144,1170,116364.3
262144,1171,116533.8
262144,1172,116475.1
262144,1173,116234.1
262144,1174,117040.1
262144,1175,119555.8
262144,1176,121290.3
262144,1177,116160.2
262144,1178,119117.4
262144,1179,116808.2
262144,1180,117389.0
262144,1181,118195.6
262144,1182,354245.3
262144,1183,123810.9
262144,1184,126987.3
262144,1185,120558.1
262144,1186,118344.6
262144,1187,118094.5
262144,1188,118448.2
262144,1189,117674.8
262144,1190,118595.3
262144,1191,118019.4
262144,1192,118234.4
262144,1193,151941.6
262144,1194,118333.7
262144,1195,118219.3
262144,1196,118718.3
262144,1197,118419.7
262144,1198,118354.9
262144,1199,118672.9
262144,1200,117620.9
262144,1201,119937.4
262144,1202,117881.9
262144,1203,118066.6
262144,1204,118528.1
262144,1205,118443.3
262144,1206,118229.6
262144,1207,118236.2
262144,1208,118351.9
262144,1209,123892.6
262144,1210,124865.3
262144,1211,118960.5
262144,1212,118603.8
262144,1213,118695.3
262144,1214,118828.5
262144,1215,129926.4
262144,1216,121094.7
262144,1217,121028.1
262144,1218,117721.4
262144,1219,118232.0
262144,1220,118579.0
262144,1221,118192.6
262144,1222,118029.7
262144,1223,118927.2
262144,1224,117791.7
262144,1225,117972.2
262144,1226,121125.6
262144,1227,114743.6
262144,1228,116218.9
262144,1229,122104.3
262144,1230,119786.0
262144,1231,115216.0
262144,1232,115352.3
262144,1233,114956.2
262144,1234,117756.6
262144,1235,116253.4
262144,1236,114956.8
262144,1237,114909.6
262144,1238,500188.3
262144,1239,122453.1
262144,1240,116774.9
262144,1241,115205.7
262144,1242,115297.8
262144,1243,115065.8
262144,1244,115048.3
262144,1245,115039.2
262144,1246,119247.6
262144,1247,121387.8
262144,1248,117818.9
262144,1249,114592.8
262144,1250,115024.0
262144,1251,146454.1
262144,1252,115775.6
262144,1253,115375.9
262144,1254,115093.1
262144,1255,115286.9
262144,1256,116687.7
262144,1257,115024.6
262144,1258,116046.9
262144,1259,117326.0
262144,1260,117837.7
262144,1261,117208.5
262144,1262,116986.8
262144,1263,117158.8
262144,1264,116721.0
262144,1265,119594.0
262144,1266,117071.0
262144,1267,116952.3
262144,1268,119121.0
262144,1269,123479.0
262144,1270,118112.7
262144,1271,117485.3
262144,1272,117091.0
262144,1273,119234.9
262144,1274,122668.1
262144,1275,122744.4
262144,1276,117427.7
262144,1277,117278.7
262144,1278,117191.5
262144,1279,118015.8
262144,1280,117006.8
262144,1281,117461.6
262144,1282,121907.4
262144,1283,122860.7
262144,1284,117178.2
262144,1285,122475.5
262144,1286,123794.5
262144,1287,117585.8
262144,1288,117143.7
262144,1289,117092.2
262144,1290,120217.8
262144,1291,123382.1
262144,1292,119999.8
262144,1293,341926.6
262144,1294,119752.7
262144,1295,123990.7
262144,1296,124591.5
262144,1297,123745.5
262144,1298,117422.3
262144,1299,117516.1
262144,1300,117968.5
262144,1301,117828.0
262144,1302,117696.0
262144,1303,120044.6
262144,1304,123958.6
262144,1305,160296.6
262144,1306,120839.7
262144,1307,117633.6
262144,1308,117973.4
262144,1309,117657.9
262144,1310,119875.6
262144,1311,124179.1
262144,1312,123273.7
262144,1313,120516.3
262144,1314,118276.8
262144,1315,117898.3
262144,1316,118015.8
262144,1317,117356.3
262144,1318,117670.6
262144,1319,118019.4
262144,1320,117531.3
262144,1321,119650.9
262144,1322,117766.3
262144,1323,117608.8
262144,1324,118594.1
262144,1325,117965.5
262144,1326,118015.8
262144,1327,117820.8
262144,1328,118155.7
262144,1329,121236.4
262144,1330,118253.8
262144,1331,117909.2
262144,1332,118451.8
262144,1333,118433.0
262144,1334,117984.3
262144,1335,117897.7
262144,1336,118306.5
262144,1337,119494.1
262144,1338,136089.7
262144,1339,121025.1
262144,1340,124732.6
262144,1341,122047.9
262144,1342,125506.6
262144,1343,122607.5
262144,1344,123805.4
262144,1345,117763.2
262144,1346,123034.5
262144,1347,118797.6
262144,1348,118366.4
262144,1349,324643.6
262144,1350,118896.3
262144,1351,124426.2
262144,1352,127886.0
262144,1353,120146.9
262144,1354,118210.8
262144,1355,118436.7
262144,1356,118841.8
262144,1357,118035.8
262144,1358,118695.3
262144,1359,119854.4
262144,1360,133670.3
262144,1361,143619.3
262144,1362,118219.3
262144,1363,118451.8
262144,1364,118384.6
262144,1365,118279.8
262144,1366,118468.2
262144,1367,118416.7
262144,1368,118021.8
262144,1369,120278.3
262144,1370,123056.3
262144,1371,123448.7
262144,1372,118405.2
262144,1373,119115.0
262144,1374,117926.7
262144,1375,118287.7
262144,1376,118463.3
262144,1377,119488.0
262144,1378,118020.6
262144,1379,121140.7
262144,1380,125329.2
262144,1381,122483.4
262144,1382,122658.4
262144,1383,118237.4
262144,1384,120461.2
262144,1385,125939.6
262144,1386,121653.1
262144,1387,118438.5
262144,1388,117935.2
262144,1389,118791.6
262144,1390,118697.7
262144,1391,118432.4
262144,1392,118090.9
262144,1393,118268.3
262144,1394,120312.9
262144,1395,118394.9
262144,1396,118918.1
262144,1397,117954.0
262144,1398,117920.7
262144,1399,118344.6
262144,1400,118394.3
262144,1401,118131.4
262144,1402,121315.1
262144,1403,118051.5
262144,1404,120007.0
262144,1405,463452.5
262144,1406,118351.3
262144,1407,118245.3
262144,1408,119310.0
262144,1409,119735.1
262144,1410,124231.2
262144,1411,118438.5
262144,1412,118571.7
262144,1413,118809.7
262144,1414,118866.7
262144,1415,118410.6
262144,1416,120069.4
262144,1417,118830.3
262144,1418,144264.8
262144,1419,118598.4
262144,1420,118556.6
262144,1421,118357.3
262144,1422,118172.0
262144,1423,118503.9
262144,1424,122304.1
262144,1425,125099.6
262144,1426,117946.1
262144,1427,118659.5
262144,1428,118439.1
262144,1429,117996.4
262144,1430,118371.3
262144,1431,121186.2
262144,1432,122854.6
262144,1433,121872.9
262144,1434,125050.6
262144,1435,124220.3
262144,1436,120179.6
262144,1437,125289.8
262144,1438,123552.3
262144,1439,122685.0
262144,1440,118850.3
262144,1441,120611.4
262144,1442,118423.3
262144,1443,118136.3
262144,1444,118617.1
262144,1445,118438.5
262144,1446,118405.8
262144,1447,120884.0
262144,1448,124733.8
262144,1449,123910.8
262144,1450,123216.2
262144,1451,118243.5
262144,1452,118491.8
262144,1453,118431.2
262144,1454,118798.2
262144,1455,118910.9
262144,1456,118683.2
262144,1457,118892.7
262144,1458,118549.9
262144,1459,118710.4
262144,1460,336788.6
262144,1461,125186.2
262144,1462,118486.9
262144,1463,118698.9
262144,1464,121540.4
262144,1465,117699.0
262144,1466,118554.8
262144,1467,121823.3
262144,1468,123482.6
262144,1469,118078.8
262144,1470,118618.4
262144,1471,144715.4
262144,1472,120503.6
262144,1473,205039.3
262144,1474,122861.9
262144,1475,121833.6
262144,1476,118531.8
262144,1477,116104.5
262144,1478,114909.0
262144,1479,115768.9
262144,1480,119265.8
262144,1481,115340.8
262144,1482,115109.4
262144,1483,115243.3
262144,1484,114948.9
262144,1485,115498.8
262144,1486,114598.3
262144,1487,115087.6
262144,1488,122341.1
262144,1489,121613.1
262144,1490,118955.7
262144,1491,118939.3
262144,1492,115263.3
262144,1493,115143.3
262144,1494,114893.2
262144,1495,115243.3
262144,1496,114718.8
262144,1497,116707.0
262144,1498,114963.5
262144,1499,114847.8
262144,1500,115428.0
262144,1501,115033.1
262144,1502,115015.6
262144,1503,116627.7
262144,1504,120882.1
262144,1505,118279.8
262144,1506,114935.6
262144,1507,114930.2
262144,1508,115178.5
262144,1509,114938.0
262144,1510,115100.4
262144,1511,115141.5
262144,1512,115074.3
262144,1513,114855.7
262144,1514,119807.2
262144,1515,115291.1
262144,1516,379234.7
262144,1517,120298.9
262144,1518,117266.6
262144,1519,117588.8
262144,1520,119528.6
262144,1521,117198.8
262144,1522,117739.0
262144,1523,116844.5
262144,1524,117527.6
262144,1525,122168.5
262144,1526,129206.3
262144,1527,161045.8
262144,1528,122089.7
262144,1529,116806.4
262144,1530,117724.5
262144,1531,116807.6
262144,1532,117643.9
262144,1533,117611.8
262144,1534,117094.6
262144,1535,117683.3
262144,1536,126136.4
262144,1537,134459.4
262144,1538,122341.1
262144,1539,119881.7
262144,1540,117735.4
262144,1541,117636.7
262144,1542,117181.2
262144,1543,117675.4
262144,1544,117576.7
262144,1545,120193.6
262144,1546,118247.7
262144,1547,124544.9
262144,1548,124086.4
262144,1549,120667.1
262144,1550,118547.5
262144,1551,117828.6
262144,1552,117897.7
262144,1553,121252.2
262144,1554,117774.1
262144,1555,118575.4
262144,1556,118965.4
262144,1557,117578.5
262144,1558,118625.0
262144,1559,120853.1
262144,1560,124127.6
262144,1561,123860.5
262144,1562,121069.9
262144,1563,118583.2
262144,1564,144187.9
262144,1565,134659.2
262144,1566,136158.7
262144,1567,129279.6
262144,1568,129188.7
262144,1569,128574.0
262144,1570,126758.4
262144,1571,336656.5
262144,1572,121362.4
262144,1573,124073.7
262144,1574,127709.2
262144,1575,137370.6
262144,1576,124463.1
262144,1577,125791.2
262144,1578,120774.9
262144,1579,117683.9
262144,1580,117144.9
262144,1581,116550.2
262144,1582,145333.1
262144,1583,116205.0
262144,1584,114582.6
262144,1585,114448.1
262144,1586,114472.9
262144,1587,114970.1
262144,1588,114445.7
262144,1589,114434.8
262144,1590,114544.4
262144,1591,114456.0
262144,1592,115416.5
262144,1593,114191.3
262144,1594,114166.5
262144,1595,113625.1
262144,1596,113672.9
262144,1597,113662.0
262144,1598,113724.4
262144,1599,113943.0
262144,1600,113821.9
262144,1601,114620.1
262144,1602,113439.8
262144,1603,113579.7
262144,1604,116769.4
262144,1605,119386.9
262144,1606,113829.8
262144,1607,113606.9
262144,1608,113786.2
262144,1609,115942.8
262144,1610,113708.0
262144,1611,113783.7
262144,1612,114038.1
262144,1613,113681.4
262144,1614,114166.5
262144,1615,119230.6
262144,1616,119651.5
262144,1617,116958.4
262144,1618,123821.2
262144,1619,118973.2
262144,1620,121797.2
262144,1621,123253.7
262144,1622,121618.6
262144,1623,116074.2
262144,1624,115654.5
262144,1625,115749.0
262144,1626,124349.3
262144,1627,122739.6
262144,1628,528472.3
262144,1629,118209.6
262144,1630,117557.9
262144,1631,119687.9
262144,1632,117791.7
262144,1633,117622.1
262144,1634,119394.8
262144,1635,119541.9
262144,1636,127341.6
262144,1637,122880.7
262144,1638,118327.1
262144,1639,117455.0
262144,1640,121112.9
262144,1641,148043.3
262144,1642,117975.2
262144,1643,117833.5
262144,1644,118565.7
262144,1645,117399.9
262144,1646,117364.1
262144,1647,118123.6
262144,1648,118735.8
262144,1649,117313.3
262144,1650,117930.4
262144,1651,118010.9
262144,1652,117892.8
262144,1653,118181.7
262144,1654,118120.5
262144,1655,118081.2
262144,1656,120991.8
262144,1657,117725.7
262144,1658,117661.5
262144,1659,117926.7
262144,1660,118804.3
262144,1661,118228.9
262144,1662,118414.9
262144,1663,118207.8
262144,1664,117474.4
262144,1665,118554.8
262144,1666,119612.2
262144,1667,117640.3
262144,1668,118290.7
262144,1669,118195.0
262144,1670,117703.3
262144,1671,120002.2
262144,1672,123999.8
262144,1673,128157.4
262144,1674,123363.3
262144,1675,117731.1
262144,1676,117677.8
262144,1677,117862.6
262144,1678,118125.4
262144,1679,117952.8
262144,1680,117703.9
262144,1681,119761.8
262144,1682,372657.8
262144,1683,120074.9
262144,1684,124974.9
262144,1685,124069.5
262144,1686,127723.7
262144,1687,127716.5
262144,1688,118682.6
262144,1689,118188.4
262144,1690,117787.5
262144,1691,118890.9
262144,1692,118100.6
262144,1693,124006.5
262144,1694,149030.4
262144,1695,130185.6
262144,1696,129328.6
262144,1697,121306.1
262144,1698,124563.1
262144,1699,123611.6
262144,1700,124845.9
262144,1701,118628.7
262144,1702,118877.6
262144,1703,122464.6
262144,1704,121355.7
262144,1705,122055.2
262144,1706,124540.6
262144,1707,118162.9
262144,1708,118632.3
262144,1709,118554.8
262144,1710,119059.2
262144,1711,124500.1
262144,1712,125723.4
262144,1713,118391.9
262144,1714,118986.6
262144,1715,118444.5
262144,1716,118820.6
262144,1717,119177.3
262144,1718,118632.3
262144,1719,119139.8
262144,1720,120245.6
262144,1721,118313.1
262144,1722,118428.8
262144,1723,118342.8
262144,1724,118436.7
262144,1725,118924.8
262144,1726,118904.2
262144,1727,121577.4
262144,1728,126749.9
262144,1729,117991.5
262144,1730,118235.6
262144,1731,118151.4
262144,1732,118290.1
262144,1733,119383.2
262144,1734,124899.2
262144,1735,124665.4
262144,1736,125131.1
262144,1737,411609.0
262144,1738,121214.6
262144,1739,124423.2
262144,1740,124636.3
262144,1741,123772.7
262144,1742,127792.2
262144,1743,118166.0
262144,1744,117932.2
262144,1745,117608.8
262144,1746,118539.0
262144,1747,118341.0
262144,1748,118090.9
262144,1749,118727.4
262144,1750,163726.8
262144,1751,120670.8
262144,1752,118571.1
262144,1753,117980.6
262144,1754,117974.0
262144,1755,121448.4
262144,1756,124976.1
262144,1757,123512.9
262144,1758,132206.5
262144,1759,122735.9
262144,1760,118806.1
262144,1761,118135.7
262144,1762,118087.8
262144,1763,119497.7
262144,1764,124696.9
262144,1765,119274.2
262144,1766,118737.1
262144,1767,118794.6
262144,1768,118460.3
262144,1769,118228.3
262144,1770,118066.0
262144,1771,118726.8
262144,1772,118720.1
262144,1773,118279.2
262144,1774,118651.7
262144,1775,118849.1
262144,1776,118026.1
262144,1777,118784.3
262144,1778,118109.6
262144,1779,117921.9
262144,1780,119055.6
262144,1781,118586.9
262144,1782,118450.6
262144,1783,118467.6
262144,1784,119154.9
262144,1785,118131.4
262144,1786,118548.1
262144,1787,118199.3
262144,1788,118265.9
262144,1789,118692.2
262144,1790,118510.6
262144,1791,119804.1
262144,1792,128540.7
262144,1793,362127.4
262144,1794,118079.4
262144,1795,118364.0
262144,1796,118505.1
262144,1797,118419.7
262144,1798,120341.3
262144,1799,118617.1
262144,1800,118621.4
262144,1801,118141.7
262144,1802,118073.9
262144,1803,118279.8
262144,1804,147842.8
262144,1805,118275.0
262144,1806,184162.6
262144,1807,123916.3
262144,1808,122941.2
262144,1809,117636.1
262144,1810,116558.7
262144,1811,115228.1
262144,1812,119798.1
262144,1813,116014.2
262144,1814,117820.8
262144,1815,117434.4
262144,1816,114922.9
262144,1817,115216.6
262144,1818,115178.5
262144,1819,114814.5
262144,1820,115683.6
262144,1821,115506.7
262144,1822,114990.7
262144,1823,116380.6
262144,1824,115348.0
262144,1825,115731.4
262144,1826,115260.2
262144,1827,115492.2
262144,1828,115296.6
262144,1829,115231.2
262144,1830,118188.4
262144,1831,121614.9
262144,1832,122301.7
262144,1833,119538.3
262144,1834,116976.5
262144,1835,122047.3
262144,1836,118269.5
262144,1837,115735.6
262144,1838,115714.4
262144,1839,115301.4
262144,1840,117276.9
262144,1841,115207.5
262144,1842,116647.1
262144,1843,117533.7
262144,1844,117385.3
262144,1845,117355.0
262144,1846,117193.3
262144,1847,122599.7
262144,1848,124730.8
262144,1849,364605.0
262144,1850,117149.7
262144,1851,117093.4
262144,1852,123839.3
262144,1853,130246.7
262144,1854,130799.0
262144,1855,123499.6
262144,1856,117272.1
262144,1857,117204.9
262144,1858,116937.2
262144,1859,116977.1
262144,1860,153796.0
262144,1861,117152.8
262144,1862,117671.2
262144,1863,120768.3
262144,1864,117338.7
262144,1865,116917.2
262144,1866,116960.2
262144,1867,117153.4
262144,1868,118048.5
262144,1869,117031.0
262144,1870,117147.3
262144,1871,119751.5
262144,1872,117174.0
262144,1873,117385.3
262144,1874,118087.8
262144,1875,117625.8
262144,1876,117642.1
262144,1877,121427.8
262144,1878,124874.9
262144,1879,122707.5
262144,1880,120742.8
262144,1881,117488.3
262144,1882,117914.6
262144,1883,117400.5
262144,1884,117436.8
262144,1885,118050.9
262144,1886,118080.0
262144,1887,117863.2
262144,1888,119710.3
262144,1889,117352.6
262144,1890,116926.9
262144,1891,117897.7
262144,1892,117690.0
262144,1893,117668.8
262144,1894,118486.9
262144,1895,117278.7
262144,1896,119133.1
262144,1897,117592.4
262144,1898,117572.5
262144,1899,122061.3
262144,1900,124579.4
262144,1901,122032.2
262144,1902,123417.2
262144,1903,117785.6
262144,1904,117416.8
262144,1905,310689.1
262144,1906,117608.8
262144,1907,117914.6
262144,1908,119741.2
262144,1909,124360.2
262144,1910,124784.7
262144,1911,120298.9
262144,1912,119284.5
262144,1913,117990.9
262144,1914,118491.2
262144,1915,118675.3
262144,1916,162889.9
262144,1917,121335.1
262144,1918,118674.1
262144,1919,120652.0
262144,1920,124147.6
262144,1921,121214.0
262144,1922,123349.4
262144,1923,117997.6
262144,1924,118692.8
262144,1925,117992.8
262144,1926,118202.9
262144,1927,118345.8
262144,1928,119408.7
262144,1929,117979.4
262144,1930,118382.2
262144,1931,117984.3
262144,1932,118686.8
262144,1933,119002.3
262144,1934,118269.5
262144,1935,118691.0
262144,1936,119035.6
262144,1937,117734.8
262144,1938,118359.8
262144,1939,124208.2
262144,1940,121082.6
262144,1941,118055.1
262144,1942,118421.5
262144,1943,117812.3
262144,1944,120917.3
262144,1945,124240.3
262144,1946,118025.5
262144,1947,118112.7
262144,1948,120346.2
262144,1949,118362.2
262144,1950,119236.7
262144,1951,118778.2
262144,1952,118218.0
262144,1953,119393.5
262144,1954,118159.9
262144,1955,123814.5
262144,1956,123062.3
262144,1957,118620.2
262144,1958,118253.8
262144,1959,118644.4
262144,1960,118390.6
262144,1961,461285.6
262144,1962,119233.1
262144,1963,120867.0
262144,1964,124570.3
262144,1965,125294.0
262144,1966,123444.5
262144,1967,119006.6
262144,1968,118390.6
262144,1969,118233.8
262144,1970,117688.1
262144,1971,119039.9
262144,1972,118736.5
262144,1973,145092.1
262144,1974,119112.5
262144,1975,122072.8
262144,1976,124980.9
262144,1977,123659.5
262144,1978,120115.4
262144,1979,118360.4
262144,1980,118922.4
262144,1981,118079.4
262144,1982,118697.7
262144,1983,119710.3
262144,1984,118314.3
262144,1985,118193.2
262144,1986,123468.7
262144,1987,123349.4
262144,1988,119584.9
262144,1989,118368.8
262144,1990,118597.2
262144,1991,120678.7
262144,1992,118465.7
262144,1993,118345.2
262144,1994,118672.3
262144,1995,118431.8
262144,1996,118531.1
262144,1997,118224.7
262144,1998,118715.9
262144,1999,117975.2
524288,0,247963.3
524288,1,243480.6
524288,2,238057.3
524288,3,238414.6
524288,4,238397.1
524288,5,245549.4
524288,6,242558.8
524288,7,250293.1
524288,8,238578.7
524288,9,240224.8
524288,10,239423.0
524288,11,239562.3
524288,12,464875.7
524288,13,239363.6
524288,14,240017.1
524288,15,238947.0
524288,16,240448.9
524288,17,239892.3
524288,18,285442.3
524288,19,304010.4
524288,20,242667.2
524288,21,249361.1
524288,22,246456.0
524288,23,239521.1
524288,24,239455.7
524288,25,239820.3
524288,26,239962.6
524288,27,245930.9
524288,28,239172.9
524288,29,244786.3
524288,30,243636.2
524288,31,240647.5
524288,32,241582.0
524288,33,238327.4
524288,34,245969.0
524288,35,239948.6
524288,36,241879.9
524288,37,239253.4
524288,38,238936.1
524288,39,441929.0
524288,40,238632.6
524288,41,238921.5
524288,42,239851.7
524288,43,237874.4
524288,44,239527.1
524288,45,257026.9
524288,46,234438.8
524288,47,233699.3
524288,48,235726.3
524288,49,248697.3
524288,50,235277.6
524288,51,233329.9
524288,52,235438.6
524288,53,243362.5
524288,54,234383.1
524288,55,233443.8
524288,56,237093.2
524288,57,233211.2
524288,58,234539.3
524288,59,232887.8
524288,60,237961.0
524288,61,243458.8
524288,62,237756.3
524288,63,237075.6
524288,64,244930.4
524288,65,240782.6
524288,66,236916.3
524288,67,237167.7
524288,68,609996.9
524288,69,249123.7
524288,70,240918.2
524288,71,245436.1
524288,72,245606.9
524288,73,250582.0
524288,74,283252.4
524288,75,241210.1
524288,76,238016.1
524288,77,237084.1
524288,78,237728.5
524288,79,241149.6
524288,80,241030.9
524288,81,251201.5
524288,82,236823.7
524288,83,236680.2
524288,84,238988.1
524288,85,236024.9
524288,86,245811.0
524288,87,236049.1
524288,88,238567.8
524288,89,236150.8
524288,90,240651.8
524288,91,244041.4
524288,92,237389.9
524288,93,235776.0
524288,94,237548.6
524288,95,570684.7
524288,96,251364.4
524288,97,247150.6
524288,98,247934.9
524288,99,241905.4
524288,100,241326.4
524288,101,278535.3
524288,102,240704.5
524288,103,241660.7
524288,104,240083.7
524288,105,247405.0
524288,106,244172.8
524288,107,242535.2
524288,108,243227.4
524288,109,249763.8
524288,110,248546.5
524288,111,250959.9
524288,112,251874.4
524288,113,240270.2
524288,114,241344.6
524288,115,240664.5
524288,116,245942.4
524288,117,240049.8
524288,118,246639.5
524288,119,239344.8
524288,120,239789.4
524288,121,241502.0
524288,122,447886.4
524288,123,247206.9
524288,124,234731.3
524288,125,232199.2
524288,126,241337.9
524288,127,235214.6
524288,128,265288.1
524288,129,232375.5
524288,130,232363.3
524288,131,233728.4
524288,132,231815.9
524288,133,231628.7
524288,134,231923.7
524288,135,233802.3
524288,136,234593.8
524288,137,235848.6
524288,138,236408.8
524288,139,247373.5
524288,140,235765.7
524288,141,236753.4
524288,142,235685.7
524288,143,239095.3
524288,144,237733.9
524288,145,244845.6
524288,146,237715.1
524288,147,237580.7
524288,148,240603.3
524288,149,237890.2
524288,150,477422.2
524288,151,245915.7
524288,152,241579.6
524288,153,247874.9
524288,154,242684.2
524288,155,240952.1
524288,156,281990.3
524288,157,297427.4
524288,158,241778.2
524288,159,242156.7
524288,160,238015.5
524288,161,245018.2
524288,162,248668.9
524288,163,243490.9
524288,164,247065.2
524288,165,245938.8
524288,166,238214.2
524288,167,240642.1
524288,168,242394.7
524288,169,246386.9
524288,170,238963.9
524288,171,240011.0
524288,172,238650.2
524288,173,245210.2
524288,174,259445.7
524288,175,241413.6
524288,176,239888.1
524288,177,242064.1
524288,178,467081.9
524288,179,239709.4
524288,180,246525.0
524288,181,241684.9
524288,182,247667.2
524288,183,294848.1
524288,184,243953.0
524288,185,250327.0
524288,186,241778.2
524288,187,240476.1
524288,188,246192.5
524288,189,238497.6
524288,190,241691.0
524288,191,240148.5
524288,192,239523.5
524288,193,238515.2
524288,194,249265.4
524288,195,257961.4
524288,196,239934.7
524288,197,238298.4
524288,198,241253.1
524288,199,239412.7
524288,200,238801.0
524288,201,238781.0
524288,202,248285.5
524288,203,247827.1
524288,204,243090.6
524288,205,453668.2
524288,206,241550.5
524288,207,239375.1
524288,208,239367.9
524288,209,239010.6
524288,210,242620.0
524288,211,278557.1
524288,212,237610.4
524288,213,246105.9
524288,214,256599.4
524288,215,239046.9
524288,216,237475.3
524288,217,237244.0
524288,218,239041.4
524288,219,237873.8
524288,220,237818.7
524288,221,236923.0
524288,222,238503.0
524288,223,237479.6
524288,224,243878.5
524288,225,246523.2
524288,226,239624.6
524288,227,238214.8
524288,228,244293.3
524288,229,238116.7
524288,230,237947.7
524288,231,239760.9
524288,232,244954.6
524288,233,444183.1
524288,234,241969.0
524288,235,239182.5
524288,236,239206.2
524288,237,238748.9
524288,238,240781.4
524288,239,286497.3
524288,240,247583.6
524288,241,239311.5
524288,242,247834.9
524288,243,249149.7
524288,244,242883.4
524288,245,240017.1
524288,246,251428.6
524288,247,247538.2
524288,248,238735.6
524288,249,241479.6
524288,250,242792.0
524288,251,239653.1
524288,252,240121.2
524288,253,248828.7
524288,254,252739.8
524288,255,239166.2
524288,256,238773.2
524288,257,238503.0
524288,258,246232.5
524288,259,245659.0
524288,260,462621.6
524288,261,253174.6
524288,262,249470.1
524288,263,247570.3
524288,264,239271.6
524288,265,244301.8
524288,266,285057.7
524288,267,243665.3
524288,268,242566.1
524288,269,257725.2
524288,270,248071.1
524288,271,239573.2
524288,272,239885.7
524288,273,239816.6
524288,274,248969.2
524288,275,243242.6
524288,276,251030.8
524288,277,239630.7
524288,278,242283.9
524288,279,246996.8
524288,280,239400.0
524288,281,239619.2
524288,282,241423.9
524288,283,246696.4
524288,284,246214.9
524288,285,239615.0
524288,286,241723.1
524288,287,246185.9
524288,288,663784.4
524288,289,243411.5
524288,290,239320.6
524288,291,239195.9
524288,292,258359.3
524288,293,251076.8
524288,294,273754.0
524288,295,252785.8
524288,296,247254.8
524288,297,238387.4
524288,298,238809.5
524288,299,239486.0
524288,300,243448.5
524288,301,250575.9
524288,302,239693.7
524288,303,250358.5
524288,304,255099.3
524288,305,239700.3
524288,306,251012.6
524288,307,247064.6
524288,308,242217.9
524288,309,239852.4
524288,310,239830.6
524288,311,239378.8
524288,312,239190.4
524288,313,245888.5
524288,314,586457.3
524288,315,261247.4
524288,316,249014.1
524288,317,244271.5
524288,318,247488.5
524288,319,242383.2
524288,320,253748.1
524288,321,267095.2
524288,322,246444.4
524288,323,243733.7
524288,324,239812.4
524288,325,239206.8
524288,326,240167.9
524288,327,242465.0
524288,328,240788.6
524288,329,239128.6
524288,330,239324.9
524288,331,240249.6
524288,332,239498.7
524288,333,239501.7
524288,334,239896.0
524288,335,239519.3
524288,336,240934.6
524288,337,238798.0
524288,338,241898.1
524288,339,247498.8
524288,340,241013.9
524288,341,522309.0
524288,342,252216.5
524288,343,248317.0
524288,344,238908.2
524288,345,239084.4
524288,346,247452.8
524288,347,263802.5
524288,348,264235.5
524288,349,239290.9
524288,350,239423.0
524288,351,242259.1
524288,352,249138.2
524288,353,239307.9
524288,354,248904.4
524288,355,242717.5
524288,356,238962.7
524288,357,238188.7
524288,358,240641.5
524288,359,247973.0
524288,360,238951.8
524288,361,240420.4
524288,362,239092.9
524288,363,249230.3
524288,364,242831.4
524288,365,245187.2
524288,366,248194.1
524288,367,242205.2
524288,368,238946.4
524288,369,510400.8
524288,370,247843.4
524288,371,239110.5
524288,372,239536.2
524288,373,245399.2
524288,374,294521.0
524288,375,242224.5
524288,376,233717.5
524288,377,238676.3
524288,378,245819.5
524288,379,237440.8
524288,380,233608.5
524288,381,232925.4
524288,382,233979.7
524288,383,240066.1
524288,384,233830.7
524288,385,233289.3
524288,386,234197.1
524288,387,240170.3
524288,388,241081.1
524288,389,234123.9
524288,390,233510.4
524288,391,234766.4
524288,392,245718.3
524288,393,238859.1
524288,394,237529.2
524288,395,248354.6
524288,396,490131.5
524288,397,249556.1
524288,398,250758.2
524288,399,243570.2
524288,400,244968.0
524288,401,246276.1
524288,402,283329.3
524288,403,238411.6
524288,404,238633.9
524288,405,242621.2
524288,406,244131.0
524288,407,238449.8
524288,408,246670.9
524288,409,248684.6
524288,410,240144.3
524288,411,238270.5
524288,412,238934.8
524288,413,241093.3
524288,414,247905.8
524288,415,239444.2
524288,416,238677.5
524288,417,239197.1
524288,418,239298.2
524288,419,240115.8
524288,420,245230.2
524288,421,245829.1
524288,422,248341.2
524288,423,250712.2
524288,424,444056.5
524288,425,238512.7
524288,426,241297.3
524288,427,239681.0
524288,428,246554.7
524288,429,238438.9
524288,430,272777.1
524288,431,239519.3
524288,432,239650.7
524288,433,239054.2
524288,434,241505.7
524288,435,239561.7
524288,436,239818.4
524288,437,238963.9
524288,438,253487.7
524288,439,240203.0
524288,440,239918.4
524288,441,238443.7
524288,442,240945.5
524288,443,244656.7
524288,444,251685.4
524288,445,252260.1
524288,446,241617.7
524288,447,239684.0
524288,448,239955.3
524288,449,238653.2
524288,450,240063.1
524288,451,241819.4
524288,452,481929.7
524288,453,234273.4
524288,454,240340.5
524288,455,244059.5
524288,456,233387.4
524288,457,259729.2
524288,458,235627.0
524288,459,233355.9
524288,460,233780.5
524288,461,233883.4
524288,462,234909.9
524288,463,243738.6
524288,464,235739.6
524288,465,238610.8
524288,466,241699.5
524288,467,235249.1
524288,468,238348.0
524288,469,242949.5
524288,470,247733.8
524288,471,240274.5
524288,472,239568.3
524288,473,238575.1
524288,474,237569.8
524288,475,239003.9
524288,476,248341.2
524288,477,247679.3
524288,478,238331.7
524288,479,239380.0
524288,480,665764.1
524288,481,240930.9
524288,482,237879.3
524288,483,238431.0
524288,484,238617.5
524288,485,240024.3
524288,486,272235.1
524288,487,248922.0
524288,488,253704.5
524288,489,240723.2
524288,490,237826.0
524288,491,239266.7
524288,492,241509.3
524288,493,245320.4
524288,494,238177.2
524288,495,239518.7
524288,496,238716.2
524288,497,238509.7
524288,498,251300.9
524288,499,246886.5
524288,500,240130.9
524288,501,239297.6
524288,502,239985.0
524288,503,249922.5
524288,504,248745.8
524288,505,238669.6
524288,506,444899.5
524288,507,238667.2
524288,508,239330.3
524288,509,240549.4
524288,510,239109.9
524288,511,240203.0
524288,512,279642.9
524288,513,250781.2
524288,514,239975.9
524288,515,249526.4
524288,516,250035.7
524288,517,241118.7
524288,518,238612.7
524288,519,239841.5
524288,520,239261.3
524288,521,240309.6
524288,522,239661.6
524288,523,239135.9
524288,524,238944.5
524288,525,241773.4
524288,526,238294.7
524288,527,248713.7
524288,528,259798.8
524288,529,269443.8
524288,530,264453.6
524288,531,262633.1
524288,532,258744.4
524288,533,266495.7
524288,534,690802.0
524288,535,263969.7
524288,536,251770.8
524288,537,247021.6
524288,538,237453.5
524288,539,249434.4
524288,540,250185.9
524288,541,237941.0
524288,542,250542.0
524288,543,277143.0
524288,544,327725.0
524288,545,250030.3
524288,546,242367.5
524288,547,247223.3
524288,548,237125.9
524288,549,234109.9
524288,550,242431.1
524288,551,232788.5
524288,552,230545.3
524288,553,230796.0
524288,554,230608.3
524288,555,236933.3
524288,556,235117.7
524288,557,230036.6
524288,558,239261.3
524288,559,230894.1
524288,560,467738.4
524288,561,240225.4
524288,562,234129.3
524288,563,241105.4
524288,564,229908.2
524288,565,230383.0
524288,566,274774.4
524288,567,232872.7
524288,568,245006.7
524288,569,238145.7
524288,570,237780.6
524288,571,238657.5
524288,572,237387.5
524288,573,238526.7
524288,574,237767.8
524288,575,241787.9
524288,576,245485.8
524288,577,247038.6
524288,578,238360.1
524288,579,237153.1
524288,580,239178.9
524288,581,237720.6
524288,582,250709.8
524288,583,238383.1
524288,584,240507.6
524288,585,244585.8
524288,586,239105.6
524288,587,238321.4
524288,588,476894.7
524288,589,252885.1
524288,590,246245.2
524288,591,239947.4
524288,592,238624.2
524288,593,240189.7
524288,594,294402.3
524288,595,252006.4
524288,596,248029.3
524288,597,238165.7
524288,598,237876.8
524288,599,241733.4
524288,600,238911.2
524288,601,239613.1
524288,602,239763.9
524288,603,241548.7
524288,604,240052.2
524288,605,238865.2
524288,606,239431.5
524288,607,241135.6
524288,608,238999.0
524288,609,238633.9
524288,610,244455.6
524288,611,246037.5
524288,612,241999.3
524288,613,247228.7
524288,614,239205.6
524288,615,245072.1
524288,616,459201.1
524288,617,238581.8
524288,618,239887.5
524288,619,251632.1
524288,620,239290.9
524288,621,277744.9
524288,622,239431.5
524288,623,242270.0
524288,624,239404.2
524288,625,239168.6
524288,626,239137.7
524288,627,241408.8
524288,628,238872.5
524288,629,239632.5
524288,630,244749.9
524288,631,253493.2
524288,632,239725.8
524288,633,239115.3
524288,634,239593.8
524288,635,248931.7
524288,636,264449.3
524288,637,241955.6
524288,638,245864.3
524288,639,253621.0
524288,640,240765.0
524288,641,318341.0
524288,642,257184.4
524288,643,674085.8
524288,644,249237.5
524288,645,249610.6
524288,646,244217.6
524288,647,240468.9
524288,648,239871.1
524288,649,274554.6
524288,650,239569.5
524288,651,241617.1
524288,652,248674.3
524288,653,241064.8
524288,654,239930.5
524288,655,239806.3
524288,656,240541.5
524288,657,240468.3
524288,658,239851.1
524288,659,240473.7
524288,660,239770.6
524288,661,244920.1
524288,662,243413.4
524288,663,239911.7
524288,664,248273.4
524288,665,239825.7
524288,666,250354.3
524288,667,239069.3
524288,668,238927.0
524288,669,451729.0
524288,670,239863.9
524288,671,240008.0
524288,672,238887.6
524288,673,239771.2
524288,674,239211.0
524288,675,281734.7
524288,676,298274.6
524288,677,255352.4
524288,678,250051.5
524288,679,244515.0
524288,680,233521.9
524288,681,235627.0
524288,682,233953.1
524288,683,244464.1
524288,684,233296.6
524288,685,237714.5
524288,686,242219.7
524288,687,232928.4
524288,688,232290.1
524288,689,233168.8
524288,690,233168.8
524288,691,233485.5
524288,692,233238.5
524288,693,232463.3
524288,694,234632.6
524288,695,236055.8
524288,696,237704.2
524288,697,456592.7
524288,698,237317.3
524288,699,237479.6
524288,700,246465.6
524288,701,247689.6
524288,702,237620.1
524288,703,280031.1
524288,704,237660.6
524288,705,239222.5
524288,706,237206.4
524288,707,237473.5
524288,708,247438.9
524288,709,247605.4
524288,710,238176.6
524288,711,238586.6
524288,712,238091.8
524288,713,251379.0
524288,714,240192.7
524288,715,237923.5
524288,716,251153.1
524288,717,239995.9
524288,718,238403.7
524288,719,237232.5
524288,720,238796.8
524288,721,238110.6
524288,722,238334.7
524288,723,238414.6
524288,724,238162.7
524288,725,673826.6
524288,726,234282.5
524288,727,242134.3
524288,728,244892.9
524288,729,233495.2
524288,730,232201.0
524288,731,232944.1
524288,732,286722.5
524288,733,257028.7
524288,734,261626.6
524288,735,275154.7
524288,736,268667.4
524288,737,265501.9
524288,738,279690.8
524288,739,261226.9
524288,740,254857.6
524288,741,251540.1
524288,742,247702.9
524288,743,244932.8
524288,744,233851.3
524288,745,234097.2
524288,746,243879.7
524288,747,232780.0
524288,748,237786.6
524288,749,240780.2
524288,750,233585.5
524288,751,465464.3
524288,752,244806.9
524288,753,230487.2
524288,754,229968.8
524288,755,231520.9
524288,756,230483.5
524288,757,260816.9
524288,758,241337.9
524288,759,239258.2
524288,760,233133.7
524288,761,241114.5
524288,762,234364.9
524288,763,238651.4
524288,764,232031.5
524288,765,230991.0
524288,766,231730.5
524288,767,231452.5
524288,768,232169.5
524288,769,239224.3
524288,770,237302.1
524288,771,237449.3
524288,772,239826.9
524288,773,237378.4
524288,774,237130.7
524288,775,244656.1
524288,776,248298.2
524288,777,242371.7
524288,778,249057.7
524288,779,239795.4
524288,780,660969.5
524288,781,237344.5
524288,782,236511.2
524288,783,238341.3
524288,784,244570.7
524288,785,251476.5
524288,786,267564.0
524288,787,242340.2
524288,788,238938.5
524288,789,237491.7
524288,790,250281.6
524288,791,248214.0
524288,792,238286.8
524288,793,238825.2
524288,794,237820.5
524288,795,281037.1
524288,796,242220.9
524288,797,238303.2
524288,798,238005.2
524288,799,242090.1
524288,800,237969.5
524288,801,238430.4
524288,802,237615.2
524288,803,239584.7
524288,804,242078.0
524288,805,245609.9
524288,806,467776.6
524288,807,247810.1
524288,808,248817.8
524288,809,240173.3
524288,810,239330.9
524288,811,239856.0
524288,812,277542.7
524288,813,284665.3
524288,814,243597.5
524288,815,239490.8
524288,816,238870.7
524288,817,239942.0
524288,818,243303.1
524288,819,258484.0
524288,820,248998.9
524288,821,240395.0
524288,822,239165.6
524288,823,241440.9
524288,824,238778.6
524288,825,239602.8
524288,826,239833.0
524288,827,241508.7
524288,828,239326.1
524288,829,239112.3
524288,830,239321.8
524288,831,242103.4
524288,832,238373.4
524288,833,239042.0
524288,834,627072.1
524288,835,248527.8
524288,836,239039.0
524288,837,239744.6
524288,838,242825.9
524288,839,239639.2
524288,840,263769.2
524288,841,239160.1
524288,842,242932.5
524288,843,247572.7
524288,844,240165.5
524288,845,237999.2
524288,846,241061.8
524288,847,245058.8
524288,848,249066.1
524288,849,241661.9
524288,850,239845.1
524288,851,247121.5
524288,852,240948.5
524288,853,241386.4
524288,854,246975.0
524288,855,243740.4
524288,856,247033.7
524288,857,240596.0
524288,858,244499.8
524288,859,240440.4
524288,860,241897.5
524288,861,465976.1
524288,862,247801.0
524288,863,248294.6
524288,864,239026.3
524288,865,241505.1
524288,866,279968.8
524288,867,239018.4
524288,868,238802.8
524288,869,244261.8
524288,870,238963.3
524288,871,238909.4
524288,872,245482.1
524288,873,246399.6
524288,874,238294.1
524288,875,239061.4
524288,876,238656.9
524288,877,238650.2
524288,878,241150.8
524288,879,239308.5
524288,880,239886.9
524288,881,238626.6
524288,882,240696.6
524288,883,246490.5
524288,884,240464.6
524288,885,239171.6
524288,886,248110.5
524288,887,249865.6
524288,888,239552.6
524288,889,637898.6
524288,890,255508.7
524288,891,239868.7
524288,892,240032.2
524288,893,249896.4
524288,894,253049.3
524288,895,280898.4
524288,896,242160.9
524288,897,239347.9
524288,898,239205.6
524288,899,239410.9
524288,900,239056.6
524288,901,240462.2
524288,902,239094.1
524288,903,239410.3
524288,904,239104.4
524288,905,241863.0
524288,906,239344.2
524288,907,246280.9
524288,908,239011.2
524288,909,248102.6
524288,910,257279.5
524288,911,240831.0
524288,912,239203.1
524288,913,242809.6
524288,914,238963.9
524288,915,448260.7
524288,916,252184.4
524288,917,243117.8
524288,918,239224.3
524288,919,238599.9
524288,920,240038.9
524288,921,279461.9
524288,922,283392.3
524288,923,234912.4
524288,924,236331.3
524288,925,232700.1
524288,926,233199.1
524288,927,232456.0
524288,928,233986.4
524288,929,233408.0
524288,930,233169.4
524288,931,232788.5
524288,932,233150.0
524288,933,235485.9
524288,934,232718.2
524288,935,232496.6
524288,936,233109.5
524288,937,240103.7
524288,938,239343.0
524288,939,232747.3
524288,940,233343.2
524288,941,234545.4
524288,942,234630.8
524288,943,474435.9
524288,944,239349.1
524288,945,237623.1
524288,946,237822.9
524288,947,237069.0
524288,948,237548.6
524288,949,267169.7
524288,950,237004.2
524288,951,237298.5
524288,952,237768.4
524288,953,239739.1
524288,954,237035.0
524288,955,245568.7
524288,956,237260.3
524288,957,246133.2
524288,958,248811.8
524288,959,237877.4
524288,960,247745.3
524288,961,242132.5
524288,962,242976.1
524288,963,243451.5
524288,964,239663.4
524288,965,260692.7
524288,966,245976.3
524288,967,237314.2
524288,968,238111.2
524288,969,243115.4
524288,970,241721.9
524288,971,462181.3
524288,972,242606.7
524288,973,238581.8
524288,974,238802.8
524288,975,239651.9
524288,976,240831.6
524288,977,265947.6
524288,978,241480.8
524288,979,233900.4
524288,980,233234.8
524288,981,234579.3
524288,982,233994.9
524288,983,233824.1
524288,984,233564.3
524288,985,245672.3
524288,986,233837.4
524288,987,233303.9
524288,988,233921.6
524288,989,237417.2
524288,990,233721.1
524288,991,234470.3
524288,992,233194.2
524288,993,241146.5
524288,994,239502.3
524288,995,236909.1
524288,996,237655.2
524288,997,240539.1
524288,998,237108.3
524288,999,468171.4
524288,1000,247363.2
524288,1001,245297.4
524288,1002,244025.6
524288,1003,237115.0
524288,1004,237560.1
524288,1005,261782.2
524288,1006,295491.2
524288,1007,234115.4
524288,1008,233612.1
524288,1009,239976.5
524288,1010,235683.3
524288,1011,241791.5
524288,1012,233698.1
524288,1013,234313.4
524288,1014,233062.2
524288,1015,232809.1
524288,1016,233058.6
524288,1017,237875.0
524288,1018,234140.8
524288,1019,255134.4
524288,1020,239433.3
524288,1021,234983.2
524288,1022,234301.9
524288,1023,233554.6
524288,1024,239205.0
524288,1025,236015.2
524288,1026,235643.9
524288,1027,579605.4
524288,1028,262994.0
524288,1029,255293.1
524288,1030,248876.6
524288,1031,238382.5
524288,1032,242300.8
524288,1033,248472.0
524288,1034,245874.0
524288,1035,246423.3
524288,1036,243443.6
524288,1037,244602.2
524288,1038,247415.9
524288,1039,238061.6
524288,1040,240626.3
524288,1041,240294.5
524288,1042,247636.3
524288,1043,237884.7
524288,1044,239186.8
524288,1045,239762.1
524288,1046,238697.4
524288,1047,237912.0
524288,1048,238683.5
524288,1049,238810.1
524288,1050,238620.5
524288,1051,238267.5
524288,1052,239390.9
524288,1053,241163.5
524288,1054,238994.2
524288,1055,659906.6
524288,1056,250718.9
524288,1057,248450.2
524288,1058,239056.6
524288,1059,243384.3
524288,1060,238974.2
524288,1061,272826.8
524288,1062,297389.8
524288,1063,239391.5
524288,1064,256302.0
524288,1065,238870.7
524288,1066,233515.8
524288,1067,235583.4
524288,1068,232254.3
524288,1069,232762.4
524288,1070,233017.4
524288,1071,233640.0
524288,1072,241792.1
524288,1073,232963.5
524288,1074,237076.8
524288,1075,234417.6
524288,1076,234301.3
524288,1077,244969.2
524288,1078,241681.9
524288,1079,232932.0
524288,1080,237617.6
524288,1081,234776.1
524288,1082,466880.2
524288,1083,240890.4
524288,1084,237500.2
524288,1085,237031.4
524288,1086,237915.6
524288,1087,266733.1
524288,1088,287594.0
524288,1089,237300.3
524288,1090,247124.6
524288,1091,249951.6
524288,1092,238147.6
524288,1093,237070.8
524288,1094,236743.7
524288,1095,239224.9
524288,1096,237960.4
524288,1097,237374.2
524288,1098,237624.3
524288,1099,238338.3
524288,1100,238952.4
524288,1101,247300.2
524288,1102,246859.3
524288,1103,237763.6
524288,1104,240478.6
524288,1105,238233.5
524288,1106,243771.9
524288,1107,249072.8
524288,1108,256082.2
524288,1109,502787.6
524288,1110,245898.8
524288,1111,240020.1
524288,1112,232865.4
524288,1113,232494.2
524288,1114,233365.0
524288,1115,377125.4
524288,1116,234355.2
524288,1117,232165.9
524288,1118,233802.9
524288,1119,238742.9
524288,1120,233916.1
524288,1121,244271.5
524288,1122,241774.0
524288,1123,238517.0
524288,1124,232475.4
524288,1125,241336.7
524288,1126,241792.7
524288,1127,235606.4
524288,1128,234309.2
524288,1129,236880.0
524288,1130,237772.7
524288,1131,249119.4
524288,1132,236941.2
524288,1133,237069.6
524288,1134,237555.9
524288,1135,236740.1
524288,1136,253758.4
524288,1137,472100.0
524288,1138,237119.2
524288,1139,239649.5
524288,1140,251108.9
524288,1141,245215.7
524288,1142,266803.9
524288,1143,239664.0
524288,1144,247453.4
524288,1145,235899.5
524288,1146,242345.7
524288,1147,234701.0
524288,1148,232972.6
524288,1149,232914.5
524288,1150,238498.2
524288,1151,243936.0
524288,1152,237129.5
524288,1153,233812.0
524288,1154,233087.1
524288,1155,236213.2
524288,1156,243414.6
524288,1157,244258.8
524288,1158,233340.8
524288,1159,237804.8
524288,1160,243455.7
524288,1161,232993.8
524288,1162,236410.0
524288,1163,245021.3
524288,1164,462189.2
524288,1165,236906.7
524288,1166,236536.6
524288,1167,240637.2
524288,1168,237090.8
524288,1169,236749.8
524288,1170,267498.6
524288,1171,247701.1
524288,1172,241236.2
524288,1173,238892.5
524288,1174,263323.5
524288,1175,250637.7
524288,1176,233892.5
524288,1177,232070.2
524288,1178,238675.0
524288,1179,235298.8
524288,1180,232674.6
524288,1181,242196.7
524288,1182,230912.9
524288,1183,235099.5
524288,1184,247126.4
524288,1185,231387.1
524288,1186,232124.1
524288,1187,234842.7
524288,1188,230547.7
524288,1189,230694.9
524288,1190,239996.5
524288,1191,231388.3
524288,1192,233443.2
524288,1193,451680.0
524288,1194,235140.1
524288,1195,237832.0
524288,1196,235568.9
524288,1197,235226.7
524288,1198,235329.0
524288,1199,267551.9
524288,1200,236655.3
524288,1201,237021.1
524288,1202,237198.6
524288,1203,239002.7
524288,1204,243054.8
524288,1205,241728.5
524288,1206,236960.6
524288,1207,237421.4
524288,1208,257644.7
524288,1209,245671.7
524288,1210,239280.7
524288,1211,233334.1
524288,1212,242478.9
524288,1213,234006.4
524288,1214,233563.7
524288,1215,234041.5
524288,1216,237868.4
524288,1217,240352.6
524288,1218,233480.7
524288,1219,247529.7
524288,1220,246918.0
524288,1221,473001.2
524288,1222,235557.3
524288,1223,236457.9
524288,1224,239235.2
524288,1225,247532.7
524288,1226,277521.5
524288,1227,240680.8
524288,1228,236755.9
524288,1229,238092.4
524288,1230,237283.9
524288,1231,240880.1
524288,1232,236074.5
524288,1233,241473.0
524288,1234,244618.5
524288,1235,237090.8
524288,1236,247455.8
524288,1237,240345.9
524288,1238,236988.4
524288,1239,247934.3
524288,1240,239852.4
524288,1241,252113.0
524288,1242,257195.3
524288,1243,246892.6
524288,1244,242275.4
524288,1245,238748.3
524288,1246,238469.7
524288,1247,238197.8
524288,1248,441751.6
524288,1249,246834.5
524288,1250,237983.4
524288,1251,239636.8
524288,1252,238292.3
524288,1253,237886.5
524288,1254,263416.7
524288,1255,242715.1
524288,1256,248091.7
524288,1257,254691.1
524288,1258,243068.8
524288,1259,241125.4
524288,1260,238645.4
524288,1261,239136.5
524288,1262,239047.5
524288,1263,241069.0
524288,1264,246611.0
524288,1265,247904.6
524288,1266,238913.0
524288,1267,241756.4
524288,1268,245583.9
524288,1269,242720.5
524288,1270,238922.7
524288,1271,238402.5
524288,1272,242885.9
524288,1273,238698.1
524288,1274,248261.9
524288,1275,247646.6
524288,1276,487624.9
524288,1277,238547.3
524288,1278,239238.3
524288,1279,244114.7
524288,1280,238609.0
524288,1281,238408.6
524288,1282,287131.9
524288,1283,252535.1
524288,1284,239352.1
524288,1285,238630.8
524288,1286,239084.4
524288,1287,250655.9
524288,1288,247858.6
524288,1289,240807.4
524288,1290,238432.8
524288,1291,240161.8
524288,1292,238592.1
524288,1293,245643.2
524288,1294,238729.5
524288,1295,240175.8
524288,1296,238999.7
524288,1297,243277.1
524288,1298,245075.2
524288,1299,243048.2
524288,1300,238581.2
524288,1301,239404.2
524288,1302,239254.0
524288,1303,244073.5
524288,1304,665284.5
524288,1305,245737.1
524288,1306,265687.2
524288,1307,241299.2
524288,1308,253794.8
524288,1309,239945.0
524288,1310,273088.4
524288,1311,248538.1
524288,1312,239392.1
524288,1313,238456.4
524288,1314,241226.5
524288,1315,256982.1
524288,1316,256847.1
524288,1317,239335.2
524288,1318,242954.3
524288,1319,239062.6
524288,1320,238656.3
524288,1321,238438.9
524288,1322,249031.6
524288,1323,242795.0
524288,1324,238816.8
524288,1325,238445.5
524288,1326,239707.6
524288,1327,239466.6
524288,1328,239105.6
524288,1329,238411.6
524288,1330,482903.6
524288,1331,239152.9
524288,1332,239105.6
524288,1333,246268.8
524288,1334,248396.9
524288,1335,240165.5
524288,1336,266777.3
524288,1337,240854.6
524288,1338,240813.5
524288,1339,252879.1
524288,1340,239919.6
524288,1341,242504.9
524288,1342,239741.5
524288,1343,239253.4
524288,1344,239406.6
524288,1345,240406.5
524288,1346,251035.0
524288,1347,238993.6
524288,1348,244757.8
524288,1349,249425.9
524288,1350,246574.7
524288,1351,239439.3
524288,1352,247610.3
524288,1353,256636.9
524288,1354,248833.0
524288,1355,239105.0
524288,1356,239105.0
524288,1357,238306.8
524288,1358,445418.5
524288,1359,243842.1
524288,1360,239909.9
524288,1361,243289.8
524288,1362,239212.8
524288,1363,239360.0
524288,1364,271825.1
524288,1365,242688.4
524288,1366,238629.0
524288,1367,241631.0
524288,1368,245522.1
524288,1369,249878.9
524288,1370,248929.9
524288,1371,238849.5
524288,1372,257070.5
524288,1373,250036.3
524288,1374,244860.8
524288,1375,242254.8
524288,1376,239001.5
524288,1377,241879.9
524288,1378,239313.4
524288,1379,240365.3
524288,1380,248453.9
524288,1381,238874.3
524288,1382,241492.4
524288,1383,247529.1
524288,1384,247533.9
524288,1385,461099.7
524288,1386,238162.1
524288,1387,238579.4
524288,1388,238661.7
524288,1389,247749.5
524288,1390,238943.9
524288,1391,279982.1
524288,1392,239074.7
524288,1393,240635.4
524288,1394,250771.6
524288,1395,247301.4
524288,1396,238890.6
524288,1397,240889.2
524288,1398,238830.7
524288,1399,242835.6
524288,1400,245465.8
524288,1401,240954.0
524288,1402,239791.8
524288,1403,239115.3
524288,1404,239232.2
524288,1405,263034.6
524288,1406,248542.9
524288,1407,233326.3
524288,1408,238748.3
524288,1409,239987.4
524288,1410,233053.1
524288,1411,233288.1
524288,1412,233563.1
524288,1413,606361.4
524288,1414,243152.9
524288,1415,240472.5
524288,1416,247024.6
524288,1417,233002.9
524288,1418,233345.0
524288,1419,240894.0
524288,1420,267967.9
524288,1421,232998.0
524288,1422,237445.6
524288,1423,236590.5
524288,1424,249119.4
524288,1425,240025.6
524288,1426,236841.9
524288,1427,247335.9
524288,1428,239168.0
524288,1429,239548.3
524288,1430,237022.9
524288,1431,236497.3
524288,1432,245516.6
524288,1433,239443.0
524288,1434,236410.0
524288,1435,237169.5
524288,1436,237005.4
524288,1437,250828.5
524288,1438,258705.7
524288,1439,244564.0
524288,1440,438578.1
524288,1441,238828.9
524288,1442,238368.0
524288,1443,238211.7
524288,1444,241075.7
524288,1445,244957.7
524288,1446,280576.2
524288,1447,239649.5
524288,1448,248534.4
524288,1449,237815.7
524288,1450,238756.2
524288,1451,245695.9
524288,1452,242921.0
524288,1453,237445.0
524288,1454,239122.0
524288,1455,238723.5
524288,1456,238673.2
524288,1457,241334.9
524288,1458,240128.5
524288,1459,238684.7
524288,1460,238928.2
524288,1461,243324.3
524288,1462,238865.2
524288,1463,243301.9
524288,1464,245249.0
524288,1465,239633.1
524288,1466,238313.5
524288,1467,238911.2
524288,1468,479128.8
524288,1469,249533.1
524288,1470,244945.0
524288,1471,255489.3
524288,1472,236877.6
524288,1473,233286.9
524288,1474,263751.0
524288,1475,233333.5
524288,1476,236891.5
524288,1477,233481.3
524288,1478,232886.6
524288,1479,233134.3
524288,1480,236023.7
524288,1481,237332.4
524288,1482,239332.1
524288,1483,232989.5
524288,1484,233491.6
524288,1485,235331.5
524288,1486,233778.7
524288,1487,232936.9
524288,1488,232449.3
524288,1489,234544.8
524288,1490,242237.3
524288,1491,243401.8
524288,1492,237239.7
524288,1493,240384.1
524288,1494,238133.0
524288,1495,237015.1
524288,1496,487040.5
524288,1497,247093.1
524288,1498,246372.4
524288,1499,236910.3
524288,1500,236187.2
524288,1501,237199.8
524288,1502,272471.9
524288,1503,247057.9
524288,1504,251333.0
524288,1505,243605.3
524288,1506,232888.4
524288,1507,233207.0
524288,1508,232101.1
524288,1509,235396.9
524288,1510,238103.9
524288,1511,238280.2
524288,1512,231845.5
524288,1513,235696.6
524288,1514,232700.7
524288,1515,232195.0
524288,1516,241921.1
524288,1517,245266.5
524288,1518,232668.6
524288,1519,232391.8
524288,1520,233048.9
524288,1521,235958.3
524288,1522,245571.8
524288,1523,237188.3
524288,1524,237630.4
524288,1525,501247.0
524288,1526,236675.9
524288,1527,237380.8
524288,1528,244607.0
524288,1529,237978.0
524288,1530,267157.0
524288,1531,238406.8
524288,1532,236883.6
524288,1533,238555.1
524288,1534,236970.8
524288,1535,237646.7
524288,1536,237681.2
524288,1537,242514.6
524288,1538,308839.5
524288,1539,237833.2
524288,1540,238131.8
524288,1541,240176.4
524288,1542,237557.7
524288,1543,238651.4
524288,1544,243968.1
524288,1545,252426.7
524288,1546,246237.3
524288,1547,238037.3
524288,1548,238148.8
524288,1549,241978.7
524288,1550,245303.5
524288,1551,237517.7
524288,1552,657118.4
524288,1553,237978.0
524288,1554,250490.5
524288,1555,242817.4
524288,1556,239764.5
524288,1557,238441.9
524288,1558,263048.5
524288,1559,249358.1
524288,1560,242702.4
524288,1561,239489.0
524288,1562,238398.3
524288,1563,246798.1
524288,1564,255205.2
524288,1565,239100.2
524288,1566,240220.0
524288,1567,247924.0
524288,1568,241819.4
524288,1569,238995.4
524288,1570,243923.3
524288,1571,255782.4
524288,1572,238359.5
524288,1573,233319.0
524288,1574,247087.6
524288,1575,239727.6
524288,1576,234091.8
524288,1577,232775.8
524288,1578,232744.9
524288,1579,663394.9
524288,1580,240472.5
524288,1581,232772.7
524288,1582,233604.9
524288,1583,235996.4
524288,1584,233075.5
524288,1585,265891.9
524288,1586,233554.6
524288,1587,235723.9
524288,1588,235940.1
524288,1589,245728.0
524288,1590,252845.8
524288,1591,241538.4
524288,1592,237076.8
524288,1593,237098.0
524288,1594,236964.8
524288,1595,239771.8
524288,1596,246603.7
524288,1597,240613.0
524288,1598,246030.8
524288,1599,239482.9
524288,1600,237566.2
524288,1601,236797.0
524288,1602,246187.7
524288,1603,257804.5
524288,1604,326312.7
524288,1605,241970.8
524288,1606,457674.3
524288,1607,234954.2
524288,1608,232664.9
524288,1609,233592.7
524288,1610,237591.6
524288,1611,242652.7
524288,1612,257686.4
524288,1613,232475.4
524288,1614,232180.4
524288,1615,236586.3
524288,1616,232539.6
524288,1617,242015.6
524288,1618,234203.2
524288,1619,235524.0
524288,1620,231866.7
524288,1621,232256.8
524288,1622,233537.0
524288,1623,234963.2
524288,1624,244969.2
524288,1625,238600.6
524288,1626,231875.8
524288,1627,243131.1
524288,1628,237285.2
524288,1629,236414.3
524288,1630,232271.9
524288,1631,247986.9
524288,1632,241605.0
524288,1633,236384.6
524288,1634,489432.1
524288,1635,254343.5
524288,1636,253175.2
524288,1637,233015.6
524288,1638,233061.6
524288,1639,234122.0
524288,1640,270048.2
524288,1641,232503.2
524288,1642,232833.3
524288,1643,233543.7
524288,1644,237890.2
524288,1645,241809.1
524288,1646,234169.3
524288,1647,234871.2
524288,1648,232680.7
524288,1649,232937.5
524288,1650,244687.0
524288,1651,235440.5
524288,1652,244840.2
524288,1653,238146.3
524288,1654,232268.9
524288,1655,243149.3
524288,1656,241687.4
524288,1657,239049.3
524288,1658,238159.1
524288,1659,237432.3
524288,1660,247616.3
524288,1661,246452.9
524288,1662,457942.0
524288,1663,248595.6
524288,1664,237172.5
524288,1665,236593.6
524288,1666,237091.4
524288,1667,240089.8
524288,1668,270458.2
524288,1669,236819.4
524288,1670,295122.4
524288,1671,241736.4
524288,1672,237722.4
524288,1673,237968.9
524288,1674,237227.6
524288,1675,240203.6
524288,1676,238117.9
524288,1677,237935.0
524288,1678,238274.1
524288,1679,239158.3
524288,1680,238458.2
524288,1681,237932.6
524288,1682,238205.7
524288,1683,247712.6
524288,1684,248223.7
524288,1685,238082.8
524288,1686,238133.0
524288,1687,239700.9
524288,1688,239274.0
524288,1689,248211.6
524288,1690,453704.5
524288,1691,248114.7
524288,1692,239240.7
524288,1693,238518.2
524288,1694,246089.6
524288,1695,294399.3
524288,1696,239088.7
524288,1697,238579.4
524288,1698,239784.5
524288,1699,241944.7
524288,1700,250745.5
524288,1701,243585.4
524288,1702,238557.6
524288,1703,256839.8
524288,1704,239786.3
524288,1705,238392.8
524288,1706,239356.4
524288,1707,239762.1
524288,1708,239060.8
524288,1709,247539.4
524288,1710,238556.3
524288,1711,240476.1
524288,1712,238771.3
524288,1713,238719.3
524288,1714,238778.6
524288,1715,242251.2
524288,1716,251313.0
524288,1717,510495.9
524288,1718,251690.3
524288,1719,238662.9
524288,1720,238397.7
524288,1721,238684.1
524288,1722,240474.3
524288,1723,285831.1
524288,1724,248211.6
524288,1725,238661.1
524288,1726,241113.2
524288,1727,232454.8
524288,1728,233263.9
524288,1729,232691.0
524288,1730,237769.7
524288,1731,234861.5
524288,1732,232333.7
524288,1733,233261.5
524288,1734,233382.0
524288,1735,235913.4
524288,1736,236043.0
524288,1737,243426.7
524288,1738,232696.4
524288,1739,242389.3
524288,1740,251618.2
524288,1741,233253.0
524288,1742,235062.0
524288,1743,243091.8
524288,1744,255080.5
524288,1745,601582.5
524288,1746,249364.7
524288,1747,243206.2
524288,1748,237687.9
524288,1749,236656.5
524288,1750,240478.0
524288,1751,279503.6
524288,1752,299989.7
524288,1753,237349.4
524288,1754,240241.2
524288,1755,237297.3
524288,1756,236662.6
524288,1757,236852.1
524288,1758,238995.4
524288,1759,237928.3
524288,1760,246952.0
524288,1761,236864.3
524288,1762,238868.2
524288,1763,239204.3
524288,1764,246735.7
524288,1765,238371.0
524288,1766,239954.1
524288,1767,247366.2
524288,1768,246346.3
524288,1769,240767.4
524288,1770,240762.0
524288,1771,237769.7
524288,1772,588292.3
524288,1773,252036.7
524288,1774,246068.4
524288,1775,239424.2
524288,1776,238840.4
524288,1777,253671.2
524288,1778,270454.6
524288,1779,284635.0
524288,1780,239745.8
524288,1781,242976.1
524288,1782,238107.6
524288,1783,251911.9
524288,1784,245270.2
524288,1785,241536.0
524288,1786,238507.9
524288,1787,239433.9
524288,1788,239166.8
524288,1789,241322.8
524288,1790,239082.6
524288,1791,237922.3
524288,1792,238491.5
524288,1793,241071.5
524288,1794,238055.5
524288,1795,238462.5
524288,1796,238979.1
524288,1797,241397.9
524288,1798,244213.4
524288,1799,523462.0
524288,1800,257808.2
524288,1801,238284.4
524288,1802,239621.6
524288,1803,249025.0
524288,1804,266363.7
524288,1805,233834.4
524288,1806,233008.3
524288,1807,233363.2
524288,1808,242732.0
524288,1809,233458.9
524288,1810,233875.0
524288,1811,238084.6
524288,1812,232489.9
524288,1813,236504.5
524288,1814,236437.9
524288,1815,236815.8
524288,1816,233366.8
524288,1817,236917.6
524288,1818,233934.3
524288,1819,232192.0
524288,1820,244597.3
524288,1821,243630.2
524288,1822,239908.1
524288,1823,237251.9
524288,1824,237076.2
524288,1825,243465.4
524288,1826,244633.7
524288,1827,653898.3
524288,1828,249779.0
524288,1829,239986.2
524288,1830,236780.1
524288,1831,236684.4
524288,1832,240791.7
524288,1833,264500.8
524288,1834,285068.0
524288,1835,237380.8
524288,1836,240450.7
524288,1837,238093.7
524288,1838,237843.5
524288,1839,237584.3
524288,1840,241989.6
524288,1841,237500.8
524288,1842,237658.8
524288,1843,237986.5
524288,1844,247990.6
524288,1845,238056.1
524288,1846,237871.4
524288,1847,237945.3
524288,1848,250580.2
524288,1849,238133.6
524288,1850,237193.1
524288,1851,238289.3
524288,1852,241474.2
524288,1853,237801.1
524288,1854,451032.6
524288,1855,239288.5
524288,1856,249984.3
524288,1857,246968.9
524288,1858,238346.2
524288,1859,244376.9
524288,1860,287429.3
524288,1861,255465.7
524288,1862,239094.1
524288,1863,239480.5
524288,1864,236638.4
524288,1865,232763.7
524288,1866,233287.5
524288,1867,246409.9
524288,1868,233414.7
524288,1869,232795.8
524288,1870,240613.6
524288,1871,233098.6
524288,1872,236049.1
524288,1873,232357.3
524288,1874,232920.5
524288,1875,232761.8
524288,1876,256267.5
524288,1877,241609.8
524288,1878,232396.7
524288,1879,232185.3
524288,1880,231510.6
524288,1881,234166.3
524288,1882,655000.5
524288,1883,248486.0
524288,1884,246801.8
524288,1885,247303.2
524288,1886,246337.9
524288,1887,238633.9
524288,1888,260199.1
524288,1889,285171.0
524288,1890,248078.4
524288,1891,242896.2
524288,1892,237393.0
524288,1893,236449.4
524288,1894,237162.2
524288,1895,240275.1
524288,1896,236969.0
524288,1897,237861.1
524288,1898,238188.7
524288,1899,244043.8
524288,1900,237661.2
524288,1901,237793.9
524288,1902,243448.5
524288,1903,259198.0
524288,1904,245489.4
524288,1905,237360.9
524288,1906,237961.0
524288,1907,237924.7
524288,1908,244879.5
524288,1909,461799.2
524288,1910,249020.7
524288,1911,243217.1
524288,1912,238312.3
524288,1913,238335.9
524288,1914,273436.0
524288,1915,242692.1
524288,1916,238570.9
524288,1917,239200.7
524288,1918,249117.6
524288,1919,260920.4
524288,1920,243304.3
524288,1921,238549.7
524288,1922,238368.6
524288,1923,240388.9
524288,1924,239906.9
524288,1925,238469.7
524288,1926,248864.5
524288,1927,245195.1
524288,1928,239499.3
524288,1929,247824.6
524288,1930,239200.1
524288,1931,241675.2
524288,1932,239487.8
524288,1933,238647.8
524288,1934,239547.7
524288,1935,241395.5
524288,1936,463906.7
524288,1937,240517.9
524288,1938,238923.9
524288,1939,240864.9
524288,1940,239786.9
524288,1941,239692.5
524288,1942,273809.7
524288,1943,251167.6
524288,1944,239460.5
524288,1945,252051.2
524288,1946,246348.2
524288,1947,241051.5
524288,1948,238965.7
524288,1949,239605.9
524288,1950,249063.1
524288,1951,241919.3
524288,1952,251425.6
524288,1953,239168.0
524288,1954,239690.7
524288,1955,240324.1
524288,1956,238706.5
524288,1957,239900.2
524288,1958,238891.9
524288,1959,241345.8
524288,1960,238592.1
524288,1961,257229.2
524288,1962,245158.7
524288,1963,241293.7
524288,1964,440350.2
524288,1965,247541.8
524288,1966,241003.0
524288,1967,245588.1
524288,1968,241414.8
524288,1969,238372.2
524288,1970,282084.8
524288,1971,284380.0
524288,1972,233901.0
524288,1973,232535.3
524288,1974,247348.6
524288,1975,248600.4
524288,1976,233735.1
524288,1977,232562.6
524288,1978,233478.3
524288,1979,234261.3
524288,1980,232583.2
524288,1981,232992.0
524288,1982,232787.3
524288,1983,246672.2
524288,1984,237693.9
524288,1985,233000.4
524288,1986,232941.1
524288,1987,235392.6
524288,1988,234311.6
524288,1989,236753.4
524288,1990,236893.9
524288,1991,238730.8
524288,1992,478479.6
524288,1993,236449.4
524288,1994,238296.5
524288,1995,237351.8
524288,1996,247251.1
524288,1997,266032.4
524288,1998,254966.6
524288,1999,238673.2
